solid OpenSCAD_Model
  facet normal -0.7068471941677915 -0.28936135725371953 -0.6454742822339289
    outer loop
      vertex -1 -1.4420894730676177 0.0874619398765688
      vertex -1.0155072000777112 -1.209108627356999 0
      vertex -1 -1.246989362256641 0
    endloop
  endfacet
  facet normal -0.7068471941677908 -0.3379228875319754 -0.6214299366615463
    outer loop
      vertex -1.2 -1.3533455054942258 0.2666950512687798
      vertex -1 -1.4420894730676177 0.0874619398765688
      vertex -1 -1.6608107082031096 0.20639877729159695
    endloop
  endfacet
  facet normal -0.7068471941677907 -0.2893613572537189 -0.6454742822339301
    outer loop
      vertex -1.2 -1.3533455054942258 0.2666950512687798
      vertex -1.2 -1.1401420691143442 0.17111752413861137
      vertex -1 -1.4420894730676177 0.0874619398765688
    endloop
  endfacet
  facet normal -0.7068471941677908 -0.38450135193706436 -0.5937387931200816
    outer loop
      vertex -1.2 -1.5586069723136875 0.37831269868903705
      vertex -1 -1.6608107082031096 0.20639877729159695
      vertex -1 -1.869785645710517 0.3417295775081679
    endloop
  endfacet
  facet normal -0.706847194167791 -0.33792288753197547 -0.6214299366615461
    outer loop
      vertex -1.2 -1.3533455054942258 0.2666950512687798
      vertex -1 -1.6608107082031096 0.20639877729159695
      vertex -1.2 -1.5586069723136875 0.37831269868903705
    endloop
  endfacet
  facet normal -0.7068471941677914 -0.42882340951874426 -0.5625633542507369
    outer loop
      vertex -1.2 -1.7547219136667929 0.5053154496615115
      vertex -1 -1.869785645710517 0.3417295775081679
      vertex -1 -2.067787937561319 0.49266016557868486
    endloop
  endfacet
  facet normal -0.7068471941677915 -0.4288234095187444 -0.5625633542507364
    outer loop
      vertex -1.2 -1.7547219136667929 0.5053154496615115
      vertex -1 -2.067787937561319 0.49266016557868486
      vertex -1.2 -1.9405394490960068 0.6469580015430738
    endloop
  endfacet
  facet normal -0.7068471941677915 -0.5096726742402629 -0.4905107636228784
    outer loop
      vertex -1.2 -2.1149691274163365 0.8024091395175992
      vertex -1 -2.2536556275747848 0.6583048207974413
      vertex -1 -2.4262979702388794 0.8376914744619133
    endloop
  endfacet
  facet normal -0.7068471941677914 -0.47062896081923705 -0.5280865699251642
    outer loop
      vertex -1 -2.067787937561319 0.49266016557868486
      vertex -1 -2.2536556275747848 0.6583048207974413
      vertex -1.2 -1.9405394490960068 0.6469580015430738
    endloop
  endfacet
  facet normal -0.7068471941677915 -0.47062896081923705 -0.5280865699251642
    outer loop
      vertex -1.2 -1.9405394490960068 0.6469580015430738
      vertex -1 -2.2536556275747848 0.6583048207974413
      vertex -1.2 -2.1149691274163365 0.8024091395175992
    endloop
  endfacet
  facet normal -0.7068471941677912 -0.3845013519370648 -0.5937387931200809
    outer loop
      vertex -1.2 -1.5586069723136875 0.37831269868903705
      vertex -1 -1.869785645710517 0.3417295775081679
      vertex -1.2 -1.7547219136667929 0.5053154496615115
    endloop
  endfacet
  facet normal -1 0 0
    outer loop
      vertex -1.2 -2.276987325916487 0.9707566144950266
      vertex -1.2 -2.3815311373554753 1.097523415916816
      vertex -1.2 -2.381531137355475 1.9198375618411798
    endloop
  endfacet
  facet normal -0.7068471941677915 -0.5457254257464178 -0.4500564451166225
    outer loop
      vertex -1.2 -2.3815311373554753 1.097523415916816
      vertex -1 -2.4262979702388794 0.8376914744619133
      vertex -1 -2.474792668986475 0.8964947432688251
    endloop
  endfacet
  facet normal -0.7068471941677914 -0.5096726742402629 -0.4905107636228785
    outer loop
      vertex -1.2 -2.1149691274163365 0.8024091395175992
      vertex -1 -2.4262979702388794 0.8376914744619133
      vertex -1.2 -2.276987325916487 0.9707566144950266
    endloop
  endfacet
  facet normal -0.7068471941677914 -0.5457254257464182 -0.45005644511662224
    outer loop
      vertex -1.2 -2.276987325916487 0.9707566144950266
      vertex -1 -2.4262979702388794 0.8376914744619133
      vertex -1.2 -2.3815311373554753 1.097523415916816
    endloop
  endfacet
  facet normal -0.7068471941677744 -0.6744004524851143 -0.2134269752983857
    outer loop
      vertex -1.2 -2.878209792873329 1.993482640839462
      vertex -1.1945771463693964 -2.884802386214912 1.9963544383645058
      vertex -1.2 -2.9409731611320797 2.1918064183001813
    endloop
  endfacet
  facet normal -0.7068471941677913 -0.674400452485098 -0.21342697529838145
    outer loop
      vertex -1.1496303241881096 -2.9330653970399942 2
      vertex -1.2 -2.9409731611320797 2.1918064183001813
      vertex -1.1945771463693964 -2.884802386214912 1.9963544383645058
    endloop
  endfacet
  facet normal -0.7068471941677921 -0.6744004524850975 -0.21342697529838042
    outer loop
      vertex -1.1496303241881096 -2.9330653970399942 2
      vertex -1 -3.089894732526123 2
      vertex -1 -3.133823860222708 2.138810117860849
    endloop
  endfacet
  facet normal -0.7068471941677914 -0.6744004524850977 -0.21342697529838145
    outer loop
      vertex -1.1496303241881096 -2.9330653970399942 2
      vertex -1 -3.133823860222708 2.138810117860849
      vertex -1.2 -2.9409731611320797 2.1918064183001813
    endloop
  endfacet
  facet normal -0.7068471941677913 -0.6887593029699759 -0.1611758873697716
    outer loop
      vertex -1 -3.133823860222708 2.138810117860849
      vertex -1 -3.190552039989778 2.381228895214827
      vertex -1.2 -2.9409731611320797 2.1918064183001813
    endloop
  endfacet
  facet normal -0.706847194167791 -0.6887593029699763 -0.16117588736977248
    outer loop
      vertex -1.2 -2.994210375990407 2.4193071170477607
      vertex -1.2 -2.9409731611320797 2.1918064183001813
      vertex -1 -3.190552039989778 2.381228895214827
    endloop
  endfacet
  facet normal -0.7068471941677911 -0.699076239991929 -0.10797895524530762
    outer loop
      vertex -1.2 -2.994210375990407 2.4193071170477607
      vertex -1 -3.190552039989778 2.381228895214827
      vertex -1 -3.2285567917189444 2.6272788674551997
    endloop
  endfacet
  facet normal -0.7068471941677914 -0.6990762399919286 -0.10797895524530683
    outer loop
      vertex -1.2 -2.994210375990407 2.4193071170477607
      vertex -1 -3.2285567917189444 2.6272788674551997
      vertex -1.2 -3.029876373767009 2.65021555253488
    endloop
  endfacet
  facet normal -0.7068471941677914 -0.7052907196621631 -0.05414835967551446
    outer loop
      vertex -1.2 -3.029876373767009 2.65021555253488
      vertex -1 -3.2285567917189444 2.6272788674551997
      vertex -1 -3.2476150884151327 2.8755161155073856
    endloop
  endfacet
  facet normal -0.7068471941677912 -0.705290719662163 -0.05414835967551477
    outer loop
      vertex -1.2 -3.029876373767009 2.65021555253488
      vertex -1 -3.2476150884151327 2.8755161155073856
      vertex -1.2 -3.0477618522049705 2.8831766622453925
    endloop
  endfacet
  facet normal -0.7068471941677913 -0.707366272942894 0
    outer loop
      vertex -1.2 -3.0477618522049705 2.8831766622453925
      vertex -1 -3.2476150884151327 2.8755161155073856
      vertex -1.2 -3.0477618522049705 3.1168233377546075
    endloop
  endfacet
  facet normal -0.7068471941677912 -0.7073662729428939 0
    outer loop
      vertex -1 -3.2476150884151327 2.8755161155073856
      vertex -1 -3.2476150884151327 3.1244838844926144
      vertex -1.2 -3.0477618522049705 3.1168233377546075
    endloop
  endfacet
  facet normal -0.7068471941677918 -0.18743897760766157 -0.6820804012508457
    outer loop
      vertex -1.2 -0.9202478257153366 0.09214100423246219
      vertex -1.2 -0.6949532021545703 0.030228957172774518
      vertex -1.1033549895926675 -0.9494076161066756 0
    endloop
  endfacet
  facet normal -0.706847194167791 -0.18743897760766107 -0.6820804012508466
    outer loop
      vertex -1.2 -0.6949532021545703 0.030228957172774518
      vertex -1.1689544015187145 -0.7020270507045292 0
      vertex -1.1033549895926675 -0.9494076161066756 0
    endloop
  endfacet
  facet normal -0.706847194167791 -0.13467624929127622 -0.6944273554332053
    outer loop
      vertex -1.2 -0.6949532021545703 0.030228957172774518
      vertex -1.2 -0.5390844807024858 0
      vertex -1.1689544015187145 -0.7020270507045292 0
    endloop
  endfacet
  facet normal -1 0 0
    outer loop
      vertex -1.2 -0.9202478257153366 0.09214100423246219
      vertex -1.2 0.6949532021545695 0.030228957172774074
      vertex -1.2 -0.6949532021545703 0.030228957172774518
    endloop
  endfacet
  facet normal -1 0 0
    outer loop
      vertex -1.2 -0.6949532021545703 0.030228957172774518
      vertex -1.2 0.6949532021545695 0.030228957172774074
      vertex -1.2 -0.5390844807024858 0
    endloop
  endfacet
  facet normal -1 0 0
    outer loop
      vertex -1.2 -0.9202478257153366 0.09214100423246219
      vertex -1.2 -1.1401420691143442 0.17111752413861137
      vertex -1.2 0.9202478257153366 0.09214100423246219
    endloop
  endfacet
  facet normal -1 0 0
    outer loop
      vertex -1.2 -1.3533455054942258 0.2666950512687798
      vertex -1.2 1.1401420691143447 0.17111752413861137
      vertex -1.2 -1.1401420691143442 0.17111752413861137
    endloop
  endfacet
  facet normal -1 0 0
    outer loop
      vertex -1.2 -1.3533455054942258 0.2666950512687798
      vertex -1.2 -1.5586069723136875 0.37831269868903705
      vertex -1.2 1.353345505494227 0.2666950512687807
    endloop
  endfacet
  facet normal -1 0 0
    outer loop
      vertex -1.2 -1.9405394490960068 0.6469580015430738
      vertex -1.2 -2.1149691274163365 0.8024091395175992
      vertex -1.2 1.9405394490960075 0.6469580015430743
    endloop
  endfacet
  facet normal -1 0 0
    outer loop
      vertex -1.2 -1.5586069723136875 0.37831269868903705
      vertex -1.2 -1.7547219136667929 0.5053154496615115
      vertex -1.2 1.5586069723136864 0.3783126986890366
    endloop
  endfacet
  facet normal -1 0 0
    outer loop
      vertex -1.2 -1.7547219136667929 0.5053154496615115
      vertex -1.2 -1.9405394490960068 0.6469580015430738
      vertex -1.2 1.7547219136667929 0.5053154496615115
    endloop
  endfacet
  facet normal -1 0 0
    outer loop
      vertex -1.2 0.6949532021545695 0.030228957172774074
      vertex -1.2 0.5390844807024857 0
      vertex -1.2 -0.5390844807024858 0
    endloop
  endfacet
  facet normal -1 0 0
    outer loop
      vertex -1.2 -0.9202478257153366 0.09214100423246219
      vertex -1.2 0.9202478257153366 0.09214100423246219
      vertex -1.2 0.6949532021545695 0.030228957172774074
    endloop
  endfacet
  facet normal -1 0 0
    outer loop
      vertex -1.2 -1.1401420691143442 0.17111752413861137
      vertex -1.2 1.1401420691143447 0.17111752413861137
      vertex -1.2 0.9202478257153366 0.09214100423246219
    endloop
  endfacet
  facet normal -1 0 0
    outer loop
      vertex -1.2 -1.3533455054942258 0.2666950512687798
      vertex -1.2 1.353345505494227 0.2666950512687807
      vertex -1.2 1.1401420691143447 0.17111752413861137
    endloop
  endfacet
  facet normal -0.7068471941677906 0.134676249291275 -0.6944273554332057
    outer loop
      vertex -1.2 0.6949532021545695 0.030228957172774074
      vertex -1.168954401518715 0.7020270507045282 0
      vertex -1.2 0.5390844807024857 0
    endloop
  endfacet
  facet normal -0.7068471941677907 0.18743897760766237 -0.6820804012508465
    outer loop
      vertex -1.2 0.6949532021545695 0.030228957172774074
      vertex -1.2 0.9202478257153366 0.09214100423246219
      vertex -1.168954401518715 0.7020270507045282 0
    endloop
  endfacet
  facet normal -0.7068471941677918 0.18743897760766187 -0.6820804012508456
    outer loop
      vertex -1.2 0.9202478257153366 0.09214100423246219
      vertex -1.1033549895926675 0.9494076161066756 0
      vertex -1.168954401518715 0.7020270507045282 0
    endloop
  endfacet
  facet normal -1 0 0
    outer loop
      vertex -1.2 -1.5586069723136875 0.37831269868903705
      vertex -1.2 1.5586069723136864 0.3783126986890366
      vertex -1.2 1.353345505494227 0.2666950512687807
    endloop
  endfacet
  facet normal -1 0 0
    outer loop
      vertex -1.2 -1.7547219136667929 0.5053154496615115
      vertex -1.2 1.7547219136667929 0.5053154496615115
      vertex -1.2 1.5586069723136864 0.3783126986890366
    endloop
  endfacet
  facet normal -1 0 0
    outer loop
      vertex -1.2 -1.9405394490960068 0.6469580015430738
      vertex -1.2 1.9405394490960075 0.6469580015430743
      vertex -1.2 1.7547219136667929 0.5053154496615115
    endloop
  endfacet
  facet normal -1 0 0
    outer loop
      vertex -1.2 -2.1149691274163365 0.8024091395175992
      vertex -1.2 2.114969127416337 0.8024091395175996
      vertex -1.2 1.9405394490960075 0.6469580015430743
    endloop
  endfacet
  facet normal -0.7068471941677914 -0.28936135725371964 -0.6454742822339291
    outer loop
      vertex -1 -1.4420894730676177 0.0874619398765688
      vertex -1.2 -1.1401420691143442 0.17111752413861137
      vertex -1.0155072000777112 -1.209108627356999 0
    endloop
  endfacet
  facet normal -0.7068471941677918 -0.2391017394716143 -0.6657307280565982
    outer loop
      vertex -1.2 -0.9202478257153366 0.09214100423246219
      vertex -1.1033549895926675 -0.9494076161066756 0
      vertex -1.0155072000777112 -1.209108627356999 0
    endloop
  endfacet
  facet normal -0.7068471941677914 -0.23910173947161387 -0.6657307280565988
    outer loop
      vertex -1.2 -0.9202478257153366 0.09214100423246219
      vertex -1.0155072000777112 -1.209108627356999 0
      vertex -1.2 -1.1401420691143442 0.17111752413861137
    endloop
  endfacet
  facet normal -1 0 0
    outer loop
      vertex -1.2 -2.1149691274163365 0.8024091395175992
      vertex -1.2 -2.276987325916487 0.9707566144950266
      vertex -1.2 2.114969127416337 0.8024091395175996
    endloop
  endfacet
  facet normal -1 0 0
    outer loop
      vertex -1.2 -2.276987325916487 0.9707566144950266
      vertex -1.2 -2.381531137355475 1.9198375618411798
      vertex -1.2 2.276987325916486 0.9707566144950257
    endloop
  endfacet
  facet normal -1 0 0
    outer loop
      vertex -1.2 -2.276987325916487 0.9707566144950266
      vertex -1.2 2.276987325916486 0.9707566144950257
      vertex -1.2 2.114969127416337 0.8024091395175996
    endloop
  endfacet
  facet normal -1 0 0
    outer loop
      vertex -1.2 -2.381531137355475 1.9198375618411798
      vertex -1.2 2.4256432573839506 1.151012496551754
      vertex -1.2 2.276987325916486 0.9707566144950257
    endloop
  endfacet
  facet normal -1 0 0
    outer loop
      vertex -1.2 -2.381531137355475 1.9198375618411798
      vertex -1.2 2.5600645497024472 1.3421189724962757
      vertex -1.2 2.4256432573839506 1.151012496551754
    endloop
  endfacet
  facet normal -0.7068471941677918 0.2391017394716132 -0.6657307280565985
    outer loop
      vertex -1.2 0.9202478257153366 0.09214100423246219
      vertex -1.2 1.1401420691143447 0.17111752413861137
      vertex -1.1033549895926675 0.9494076161066756 0
    endloop
  endfacet
  facet normal -0.7068471941677908 0.2391017394716145 -0.6657307280565994
    outer loop
      vertex -1.2 1.1401420691143447 0.17111752413861137
      vertex -1.0155072000777108 1.2091086273569998 0
      vertex -1.1033549895926675 0.9494076161066756 0
    endloop
  endfacet
  facet normal -0.7068471941677907 0.2893613572537191 -0.6454742822339301
    outer loop
      vertex -1.2 1.1401420691143447 0.17111752413861137
      vertex -1 1.442089473067619 0.08746193987656925
      vertex -1.0155072000777108 1.2091086273569998 0
    endloop
  endfacet
  facet normal -0.7068471941677923 0.2893613572537185 -0.6454742822339283
    outer loop
      vertex -1 1.442089473067619 0.08746193987656925
      vertex -1 1.2469893622566408 0
      vertex -1.0155072000777108 1.2091086273569998 0
    endloop
  endfacet
  facet normal -0.7068471941677917 0.28936135725372003 -0.6454742822339286
    outer loop
      vertex -1.2 1.1401420691143447 0.17111752413861137
      vertex -1.2 1.353345505494227 0.2666950512687807
      vertex -1 1.442089473067619 0.08746193987656925
    endloop
  endfacet
  facet normal -0.7068471941677917 0.33792288753197497 -0.6214299366615456
    outer loop
      vertex -1.2 1.353345505494227 0.2666950512687807
      vertex -1 1.6608107082031085 0.20639877729159606
      vertex -1 1.442089473067619 0.08746193987656925
    endloop
  endfacet
  facet normal -0.7068471941677916 0.33792288753197486 -0.6214299366615457
    outer loop
      vertex -1.2 1.353345505494227 0.2666950512687807
      vertex -1.2 1.5586069723136864 0.3783126986890366
      vertex -1 1.6608107082031085 0.20639877729159606
    endloop
  endfacet
  facet normal -0.7068471941677915 0.3845013519370643 -0.5937387931200809
    outer loop
      vertex -1.2 1.5586069723136864 0.3783126986890366
      vertex -1 1.869785645710517 0.3417295775081679
      vertex -1 1.6608107082031085 0.20639877729159606
    endloop
  endfacet
  facet normal -0.7068471941677913 0.38450135193706414 -0.5937387931200813
    outer loop
      vertex -1.2 1.5586069723136864 0.3783126986890366
      vertex -1.2 1.7547219136667929 0.5053154496615115
      vertex -1 1.869785645710517 0.3417295775081679
    endloop
  endfacet
  facet normal -0.7068471941677912 0.4288234095187446 -0.5625633542507367
    outer loop
      vertex -1.2 1.7547219136667929 0.5053154496615115
      vertex -1 2.0677879375613197 0.49266016557868575
      vertex -1 1.869785645710517 0.3417295775081679
    endloop
  endfacet
  facet normal -0.7068471941677912 0.4288234095187446 -0.5625633542507369
    outer loop
      vertex -1.2 1.7547219136667929 0.5053154496615115
      vertex -1.2 1.9405394490960075 0.6469580015430743
      vertex -1 2.0677879375613197 0.49266016557868575
    endloop
  endfacet
  facet normal -0.7068471941677912 0.47062896081923733 -0.5280865699251645
    outer loop
      vertex -1 2.0677879375613197 0.49266016557868575
      vertex -1.2 1.9405394490960075 0.6469580015430743
      vertex -1 2.2536556275747857 0.6583048207974422
    endloop
  endfacet
  facet normal -0.7068471941677914 0.47062896081923744 -0.5280865699251639
    outer loop
      vertex -1.2 1.9405394490960075 0.6469580015430743
      vertex -1.2 2.114969127416337 0.8024091395175996
      vertex -1 2.2536556275747857 0.6583048207974422
    endloop
  endfacet
  facet normal -0.7068471941677915 0.509672674240263 -0.49051076362287827
    outer loop
      vertex -1.2 2.114969127416337 0.8024091395175996
      vertex -1 2.4262979702388785 0.8376914744619124
      vertex -1 2.2536556275747857 0.6583048207974422
    endloop
  endfacet
  facet normal -0.7068471941677914 0.5096726742402631 -0.49051076362287854
    outer loop
      vertex -1.2 2.114969127416337 0.8024091395175996
      vertex -1.2 2.276987325916486 0.9707566144950257
      vertex -1 2.4262979702388785 0.8376914744619124
    endloop
  endfacet
  facet normal -0.7068471941677914 0.5457254257464181 -0.4500564451166224
    outer loop
      vertex -1.2 2.276987325916486 0.9707566144950257
      vertex -1 2.5847018316386356 1.0297674143584263
      vertex -1 2.4262979702388785 0.8376914744619124
    endloop
  endfacet
  facet normal -0.7068471941677908 0.545725425746418 -0.4500564451166233
    outer loop
      vertex -1.2 2.276987325916486 0.9707566144950257
      vertex -1.2 2.4256432573839506 1.151012496551754
      vertex -1 2.5847018316386356 1.0297674143584263
    endloop
  endfacet
  facet normal -0.7068471941677908 0.578575643456117 -0.4069610164333453
    outer loop
      vertex -1.2 2.4256432573839506 1.151012496551754
      vertex -1 2.7279376349288373 1.2334054624960313
      vertex -1 2.5847018316386356 1.0297674143584263
    endloop
  endfacet
  facet normal -0.7068471941677913 0.5785756434561171 -0.40696101643334454
    outer loop
      vertex -1.2 2.4256432573839506 1.151012496551754
      vertex -1.2 2.5600645497024472 1.3421189724962757
      vertex -1 2.7279376349288373 1.2334054624960313
    endloop
  endfacet
  facet normal -0.7068471941677913 0.6080305492295247 -0.36147737868470176
    outer loop
      vertex -1.2 2.5600645497024472 1.3421189724962757
      vertex -1 2.8551648154605624 1.4474105898351453
      vertex -1 2.7279376349288373 1.2334054624960313
    endloop
  endfacet
  facet normal -0.7068471941677914 0.6080305492295248 -0.36147737868470164
    outer loop
      vertex -1.2 2.5600645497024472 1.3421189724962757
      vertex -1.2 2.679462365278374 1.542954553537598
      vertex -1 2.8551648154605624 1.4474105898351453
    endloop
  endfacet
  facet normal -0.7068471941677913 0.6339172899673343 -0.31387244794277686
    outer loop
      vertex -1.2 2.679462365278374 1.542954553537598
      vertex -1 2.9656367535487878 1.6705269291931457
      vertex -1 2.8551648154605624 1.4474105898351453
    endloop
  endfacet
  facet normal -1 0 0
    outer loop
      vertex -1.2 -2.878209792873329 1.993482640839462
      vertex -1.2 2.7831360302534778 1.7523406566274138
      vertex -1.2 -2.381531137355475 1.9198375618411798
    endloop
  endfacet
  facet normal -1 0 0
    outer loop
      vertex -1.2 -2.878209792873329 1.993482640839462
      vertex -1.2 -2.9409731611320797 2.1918064183001813
      vertex -1.2 2.8704771463376626 1.969048520854067
    endloop
  endfacet
  facet normal -1 0 0
    outer loop
      vertex -1.2 -2.994210375990407 2.4193071170477607
      vertex -1.2 2.9409731611320797 2.191806418300182
      vertex -1.2 -2.9409731611320797 2.1918064183001813
    endloop
  endfacet
  facet normal -1 0 0
    outer loop
      vertex -1.2 -2.381531137355475 1.9198375618411798
      vertex -1.2 2.679462365278374 1.542954553537598
      vertex -1.2 2.5600645497024472 1.3421189724962757
    endloop
  endfacet
  facet normal -1 0 0
    outer loop
      vertex -1.2 -2.878209792873329 1.993482640839462
      vertex -1.2 2.8704771463376626 1.969048520854067
      vertex -1.2 2.7831360302534778 1.7523406566274138
    endloop
  endfacet
  facet normal -1 0 0
    outer loop
      vertex -1.2 -2.9409731611320797 2.1918064183001813
      vertex -1.2 2.9409731611320797 2.191806418300182
      vertex -1.2 2.8704771463376626 1.969048520854067
    endloop
  endfacet
  facet normal -1 0 0
    outer loop
      vertex -1.2 -2.994210375990407 2.4193071170477607
      vertex -1.2 2.9942103759904075 2.4193071170477616
      vertex -1.2 2.9409731611320797 2.191806418300182
    endloop
  endfacet
  facet normal -1 0 0
    outer loop
      vertex -1.2 -2.994210375990407 2.4193071170477607
      vertex -1.2 -3.029876373767009 2.65021555253488
      vertex -1.2 2.9942103759904075 2.4193071170477616
    endloop
  endfacet
  facet normal -1 0 0
    outer loop
      vertex -1.2 -3.029876373767009 2.65021555253488
      vertex -1.2 -3.0477618522049705 2.8831766622453925
      vertex -1.2 3.0298763737670087 2.650215552534879
    endloop
  endfacet
  facet normal -1 0 0
    outer loop
      vertex -1.2 -3.0477618522049705 2.8831766622453925
      vertex -1.2 -3.0477618522049705 3.1168233377546075
      vertex -1.2 3.0477618522049705 2.8831766622453925
    endloop
  endfacet
  facet normal -1 0 0
    outer loop
      vertex -1.2 -2.381531137355475 1.9198375618411798
      vertex -1.2 2.7831360302534778 1.7523406566274138
      vertex -1.2 2.679462365278374 1.542954553537598
    endloop
  endfacet
  facet normal -0.706847194167791 0.6339172899673344 -0.3138724479427775
    outer loop
      vertex -1.2 2.679462365278374 1.542954553537598
      vertex -1.2 2.7831360302534778 1.7523406566274138
      vertex -1 2.9656367535487878 1.6705269291931457
    endloop
  endfacet
  facet normal -0.706847194167791 0.6560839519814878 -0.26442558887043033
    outer loop
      vertex -1.2 2.7831360302534778 1.7523406566274138
      vertex -1 3.058705155933575 1.9014451451723664
      vertex -1 2.9656367535487878 1.6705269291931457
    endloop
  endfacet
  facet normal -0.7068471941677913 0.6560839519814876 -0.2644255888704296
    outer loop
      vertex -1.2 2.7831360302534778 1.7523406566274138
      vertex -1.2 2.8704771463376626 1.969048520854067
      vertex -1 3.058705155933575 1.9014451451723664
    endloop
  endfacet
  facet normal -0.7068471941677915 0.6744004524850982 -0.21342697529838006
    outer loop
      vertex -1.2 2.8704771463376626 1.969048520854067
      vertex -1 3.133823860222708 2.13881011786085
      vertex -1 3.058705155933575 1.9014451451723664
    endloop
  endfacet
  facet normal -0.7068471941677915 0.6744004524850984 -0.21342697529837992
    outer loop
      vertex -1.2 2.8704771463376626 1.969048520854067
      vertex -1.2 2.9409731611320797 2.191806418300182
      vertex -1 3.133823860222708 2.13881011786085
    endloop
  endfacet
  facet normal -0.7068471941677915 0.6887593029699759 -0.16117588736977254
    outer loop
      vertex -1 3.133823860222708 2.13881011786085
      vertex -1.2 2.9409731611320797 2.191806418300182
      vertex -1 3.1905520399897784 2.381228895214828
    endloop
  endfacet
  facet normal -0.7068471941677908 0.6887593029699761 -0.16117588736977378
    outer loop
      vertex -1.2 2.9409731611320797 2.191806418300182
      vertex -1.2 2.9942103759904075 2.4193071170477616
      vertex -1 3.1905520399897784 2.381228895214828
    endloop
  endfacet
  facet normal -1 0 0
    outer loop
      vertex -1.2 -3.029876373767009 2.65021555253488
      vertex -1.2 3.0298763737670087 2.650215552534879
      vertex -1.2 2.9942103759904075 2.4193071170477616
    endloop
  endfacet
  facet normal -1 0 0
    outer loop
      vertex -1.2 -3.0477618522049705 2.8831766622453925
      vertex -1.2 3.0477618522049705 2.8831766622453925
      vertex -1.2 3.0298763737670087 2.650215552534879
    endloop
  endfacet
  facet normal -1 0 0
    outer loop
      vertex -1.2 3.0477618522049705 2.8831766622453925
      vertex -1.2 -3.0477618522049705 3.1168233377546075
      vertex -1.2 3.0477618522049705 3.1168233377546075
    endloop
  endfacet
  facet normal -0.7068471941677908 0.6990762399919294 -0.10797895524530618
    outer loop
      vertex -1.2 2.9942103759904075 2.4193071170477616
      vertex -1 3.228556791718944 2.627278867455199
      vertex -1 3.1905520399897784 2.381228895214828
    endloop
  endfacet
  facet normal -0.7068471941677915 0.6990762399919289 -0.10797895524530503
    outer loop
      vertex -1.2 2.9942103759904075 2.4193071170477616
      vertex -1.2 3.0298763737670087 2.650215552534879
      vertex -1 3.228556791718944 2.627278867455199
    endloop
  endfacet
  facet normal -0.7068471941677914 0.7052907196621628 -0.0541483596755155
    outer loop
      vertex -1.2 3.0298763737670087 2.650215552534879
      vertex -1 3.2476150884151327 2.8755161155073856
      vertex -1 3.228556791718944 2.627278867455199
    endloop
  endfacet
  facet normal -0.7068471941677912 0.705290719662163 -0.0541483596755159
    outer loop
      vertex -1.2 3.0298763737670087 2.650215552534879
      vertex -1.2 3.0477618522049705 2.8831766622453925
      vertex -1 3.2476150884151327 2.8755161155073856
    endloop
  endfacet
  facet normal -0.7068471941677913 0.7073662729428939 3.163620331682645e-17
    outer loop
      vertex -1.2 3.0477618522049705 2.8831766622453925
      vertex -1 3.2476150884151327 3.1244838844926144
      vertex -1 3.2476150884151327 2.8755161155073856
    endloop
  endfacet
  facet normal -0.7068471941677913 0.707366272942894 0
    outer loop
      vertex -1.2 3.0477618522049705 2.8831766622453925
      vertex -1.2 3.0477618522049705 3.1168233377546075
      vertex -1 3.2476150884151327 3.1244838844926144
    endloop
  endfacet
  facet normal -0.7068471941677912 -0.705290719662163 0.05414835967551477
    outer loop
      vertex -1.2 -3.0477618522049705 3.1168233377546075
      vertex -1 -3.2476150884151327 3.1244838844926144
      vertex -1.2 -3.029876373767009 3.34978444746512
    endloop
  endfacet
  facet normal -0.7068471941677914 -0.705290719662163 0.05414835967551452
    outer loop
      vertex -1.2 -3.029876373767009 3.34978444746512
      vertex -1 -3.2476150884151327 3.1244838844926144
      vertex -1 -3.2285567917189444 3.3727211325448003
    endloop
  endfacet
  facet normal -0.7068471941677914 -0.6990762399919286 0.10797895524530683
    outer loop
      vertex -1.2 -3.029876373767009 3.34978444746512
      vertex -1 -3.2285567917189444 3.3727211325448003
      vertex -1.2 -2.994210375990407 3.5806928829522393
    endloop
  endfacet
  facet normal -0.706847194167791 -0.699076239991929 0.10797895524530762
    outer loop
      vertex -1.2 -2.994210375990407 3.5806928829522393
      vertex -1 -3.2285567917189444 3.3727211325448003
      vertex -1 -3.190552039989778 3.618771104785173
    endloop
  endfacet
  facet normal -0.706847194167791 -0.6887593029699763 0.16117588736977248
    outer loop
      vertex -1.2 -2.994210375990407 3.5806928829522393
      vertex -1 -3.190552039989778 3.618771104785173
      vertex -1.2 -2.9409731611320797 3.8081935816998187
    endloop
  endfacet
  facet normal -0.7068471941677913 -0.6887593029699759 0.16117588736977162
    outer loop
      vertex -1.2 -2.9409731611320797 3.8081935816998187
      vertex -1 -3.190552039989778 3.618771104785173
      vertex -1 -3.133823860222708 3.861189882139151
    endloop
  endfacet
  facet normal -0.7068471941677915 -0.6744004524850981 0.21342697529838028
    outer loop
      vertex -1.2 -2.9409731611320797 3.8081935816998187
      vertex -1 -3.133823860222708 3.861189882139151
      vertex -1.2 -2.8704771463376626 4.0309514791459335
    endloop
  endfacet
  facet normal -0.7068471941677913 -0.6744004524850983 0.21342697529838087
    outer loop
      vertex -1.2 -2.8704771463376626 4.0309514791459335
      vertex -1 -3.133823860222708 3.861189882139151
      vertex -1 -3.058705155933575 4.098554854827634
    endloop
  endfacet
  facet normal -0.7068471941677912 -0.6560839519814876 0.26442558887043066
    outer loop
      vertex -1.2 -2.8704771463376626 4.0309514791459335
      vertex -1 -3.058705155933575 4.098554854827634
      vertex -1.2 -2.7831360302534773 4.247659343372587
    endloop
  endfacet
  facet normal -0.706847194167791 -0.6560839519814878 0.2644255888704311
    outer loop
      vertex -1.2 -2.7831360302534773 4.247659343372587
      vertex -1 -3.058705155933575 4.098554854827634
      vertex -1 -2.9656367535487873 4.329473070806855
    endloop
  endfacet
  facet normal -0.7068471941677908 -0.6339172899673348 0.31387244794277736
    outer loop
      vertex -1.2 -2.7831360302534773 4.247659343372587
      vertex -1 -2.9656367535487873 4.329473070806855
      vertex -1.2 -2.6794623652783742 4.457045446462401
    endloop
  endfacet
  facet normal -0.7068471941677917 -0.6339172899673347 0.3138724479427757
    outer loop
      vertex -1.2 -2.6794623652783742 4.457045446462401
      vertex -1 -2.9656367535487873 4.329473070806855
      vertex -1 -2.855164815460563 4.552589410164854
    endloop
  endfacet
  facet normal -0.7068471941677917 -0.6080305492295246 0.361477378684701
    outer loop
      vertex -1.2 -2.6794623652783742 4.457045446462401
      vertex -1 -2.855164815460563 4.552589410164854
      vertex -1.2 -2.560064549702447 4.657881027503725
    endloop
  endfacet
  facet normal -0.7068471941677907 -0.6080305492295247 0.36147737868470314
    outer loop
      vertex -1 -2.855164815460563 4.552589410164854
      vertex -1 -2.727937634928837 4.766594537503969
      vertex -1.2 -2.560064549702447 4.657881027503725
    endloop
  endfacet
  facet normal -0.7068471941677906 -0.5785756434561173 0.40696101643334526
    outer loop
      vertex -1.2 -2.560064549702447 4.657881027503725
      vertex -1 -2.727937634928837 4.766594537503969
      vertex -1.2 -2.4256432573839506 4.848987503448246
    endloop
  endfacet
  facet normal -0.7068471941677915 -0.5785756434561174 0.4069610164333436
    outer loop
      vertex -1.2 -2.4256432573839506 4.848987503448246
      vertex -1 -2.727937634928837 4.766594537503969
      vertex -1 -2.584701831638636 4.970232585641574
    endloop
  endfacet
  facet normal -0.7068471941677915 -0.545725425746418 0.45005644511662224
    outer loop
      vertex -1.2 -2.4256432573839506 4.848987503448246
      vertex -1 -2.584701831638636 4.970232585641574
      vertex -1.2 -2.276987325916486 5.029243385504975
    endloop
  endfacet
  facet normal -0.7068471941677903 -0.5457254257464177 0.45005644511662435
    outer loop
      vertex -1.2 -2.276987325916486 5.029243385504975
      vertex -1 -2.584701831638636 4.970232585641574
      vertex -1 -2.4262979702388785 5.162308525538087
    endloop
  endfacet
  facet normal -0.7068471941677903 -0.5096726742402625 0.4905107636228807
    outer loop
      vertex -1.2 -2.276987325916486 5.029243385504975
      vertex -1 -2.4262979702388785 5.162308525538087
      vertex -1.2 -2.114969127416337 5.1975908604824
    endloop
  endfacet
  facet normal -0.7068471941677926 -0.5096726742402634 0.4905107636228763
    outer loop
      vertex -1.2 -2.114969127416337 5.1975908604824
      vertex -1 -2.4262979702388785 5.162308525538087
      vertex -1 -2.2536556275747857 5.341695179202558
    endloop
  endfacet
  facet normal -0.7068471941677926 -0.47062896081923716 0.5280865699251626
    outer loop
      vertex -1.2 -2.114969127416337 5.1975908604824
      vertex -1 -2.2536556275747857 5.341695179202558
      vertex -1.2 -1.9405394490960068 5.353041998456926
    endloop
  endfacet
  facet normal -0.7068471941677915 -0.47062896081923655 0.5280865699251647
    outer loop
      vertex -1.2 -1.9405394490960068 5.353041998456926
      vertex -1 -2.2536556275747857 5.341695179202558
      vertex -1 -2.067787937561319 5.507339834421315
    endloop
  endfacet
  facet normal -0.7068471941677916 -0.4288234095187453 0.5625633542507358
    outer loop
      vertex -1.2 -1.9405394490960068 5.353041998456926
      vertex -1 -2.067787937561319 5.507339834421315
      vertex -1.2 -1.7547219136667929 5.494684550338489
    endloop
  endfacet
  facet normal -0.7068471941677901 -0.42882340951874426 0.5625633542507386
    outer loop
      vertex -1.2 -1.7547219136667929 5.494684550338489
      vertex -1 -2.067787937561319 5.507339834421315
      vertex -1 -1.869785645710517 5.658270422491832
    endloop
  endfacet
  facet normal -0.7068471941677898 -0.3845013519370631 0.5937387931200837
    outer loop
      vertex -1.2 -1.7547219136667929 5.494684550338489
      vertex -1 -1.869785645710517 5.658270422491832
      vertex -1.2 -1.5586069723136857 5.621687301310963
    endloop
  endfacet
  facet normal -0.7068471941677921 -0.3845013519370649 0.5937387931200797
    outer loop
      vertex -1.2 -1.5586069723136857 5.621687301310963
      vertex -1 -1.869785645710517 5.658270422491832
      vertex -1 -1.6608107082031078 5.793601222708404
    endloop
  endfacet
  facet normal -0.7068471941677923 -0.33792288753197564 0.6214299366615446
    outer loop
      vertex -1.2 -1.5586069723136857 5.621687301310963
      vertex -1 -1.6608107082031078 5.793601222708404
      vertex -1.2 -1.3533455054942272 5.733304948731219
    endloop
  endfacet
  facet normal -0.7068471941677921 -0.33792288753197547 0.6214299366615447
    outer loop
      vertex -1.2 -1.3533455054942272 5.733304948731219
      vertex -1 -1.6608107082031078 5.793601222708404
      vertex -1 -1.442089473067619 5.912538060123431
    endloop
  endfacet
  facet normal -0.7068471941677922 -0.28936135725371903 0.6454742822339284
    outer loop
      vertex -1.2 -1.3533455054942272 5.733304948731219
      vertex -1 -1.442089473067619 5.912538060123431
      vertex -1.2 -1.1401420691143442 5.828882475861389
    endloop
  endfacet
  facet normal -0.7068471941677913 -0.2893613572537181 0.6454742822339297
    outer loop
      vertex -1 -1.442089473067619 5.912538060123431
      vertex -1 -1.214905483482498 6.014382966081808
      vertex -1.2 -1.1401420691143442 5.828882475861389
    endloop
  endfacet
  facet normal -1 0 0
    outer loop
      vertex -1.2 -3.0477618522049705 3.1168233377546075
      vertex -1.2 -3.029876373767009 3.34978444746512
      vertex -1.2 3.0477618522049705 3.1168233377546075
    endloop
  endfacet
  facet normal -1 0 0
    outer loop
      vertex -1.2 -3.029876373767009 3.34978444746512
      vertex -1.2 -2.994210375990407 3.5806928829522393
      vertex -1.2 3.0298763737670087 3.349784447465121
    endloop
  endfacet
  facet normal -1 0 0
    outer loop
      vertex -1.2 -2.994210375990407 3.5806928829522393
      vertex -1.2 -2.9409731611320797 3.8081935816998187
      vertex -1.2 2.9942103759904075 3.5806928829522384
    endloop
  endfacet
  facet normal -1 0 0
    outer loop
      vertex -1.2 -2.9409731611320797 3.8081935816998187
      vertex -1.2 -2.8704771463376626 4.0309514791459335
      vertex -1.2 2.9409731611320797 3.808193581699818
    endloop
  endfacet
  facet normal -1 0 0
    outer loop
      vertex -1.2 -2.8704771463376626 4.0309514791459335
      vertex -1.2 -2.7831360302534773 4.247659343372587
      vertex -1.2 2.8704771463376626 4.0309514791459335
    endloop
  endfacet
  facet normal -1 0 0
    outer loop
      vertex -1.2 -2.7831360302534773 4.247659343372587
      vertex -1.2 -2.6794623652783742 4.457045446462401
      vertex -1.2 2.7831360302534778 4.247659343372586
    endloop
  endfacet
  facet normal -1 0 0
    outer loop
      vertex -1.2 -2.6794623652783742 4.457045446462401
      vertex -1.2 -2.560064549702447 4.657881027503725
      vertex -1.2 2.6794623652783742 4.457045446462401
    endloop
  endfacet
  facet normal -1 0 0
    outer loop
      vertex -1.2 -2.8704771463376626 4.0309514791459335
      vertex -1.2 2.8704771463376626 4.0309514791459335
      vertex -1.2 2.9409731611320797 3.808193581699818
    endloop
  endfacet
  facet normal -1 0 0
    outer loop
      vertex -1.2 -2.7831360302534773 4.247659343372587
      vertex -1.2 2.7831360302534778 4.247659343372586
      vertex -1.2 2.8704771463376626 4.0309514791459335
    endloop
  endfacet
  facet normal -1 0 0
    outer loop
      vertex -1.2 -2.6794623652783742 4.457045446462401
      vertex -1.2 2.6794623652783742 4.457045446462401
      vertex -1.2 2.7831360302534778 4.247659343372586
    endloop
  endfacet
  facet normal -1 0 0
    outer loop
      vertex -1.2 -2.560064549702447 4.657881027503725
      vertex -1.2 2.5600645497024472 4.657881027503724
      vertex -1.2 2.6794623652783742 4.457045446462401
    endloop
  endfacet
  facet normal -1 0 0
    outer loop
      vertex -1.2 -3.029876373767009 3.34978444746512
      vertex -1.2 3.0298763737670087 3.349784447465121
      vertex -1.2 3.0477618522049705 3.1168233377546075
    endloop
  endfacet
  facet normal -1 0 0
    outer loop
      vertex -1.2 -2.994210375990407 3.5806928829522393
      vertex -1.2 2.9942103759904075 3.5806928829522384
      vertex -1.2 3.0298763737670087 3.349784447465121
    endloop
  endfacet
  facet normal -1 0 0
    outer loop
      vertex -1.2 -2.9409731611320797 3.8081935816998187
      vertex -1.2 2.9409731611320797 3.808193581699818
      vertex -1.2 2.9942103759904075 3.5806928829522384
    endloop
  endfacet
  facet normal -0.7068471941677912 0.705290719662163 0.0541483596755159
    outer loop
      vertex -1.2 3.0477618522049705 3.1168233377546075
      vertex -1.2 3.0298763737670087 3.349784447465121
      vertex -1 3.2476150884151327 3.1244838844926144
    endloop
  endfacet
  facet normal -0.7068471941677914 0.7052907196621628 0.05414835967551552
    outer loop
      vertex -1.2 3.0298763737670087 3.349784447465121
      vertex -1 3.228556791718944 3.372721132544801
      vertex -1 3.2476150884151327 3.1244838844926144
    endloop
  endfacet
  facet normal -0.7068471941677915 0.6990762399919289 0.10797895524530503
    outer loop
      vertex -1.2 3.0298763737670087 3.349784447465121
      vertex -1.2 2.9942103759904075 3.5806928829522384
      vertex -1 3.228556791718944 3.372721132544801
    endloop
  endfacet
  facet normal -0.7068471941677908 0.6990762399919294 0.10797895524530612
    outer loop
      vertex -1.2 2.9942103759904075 3.5806928829522384
      vertex -1 3.1905520399897784 3.618771104785172
      vertex -1 3.228556791718944 3.372721132544801
    endloop
  endfacet
  facet normal -0.7068471941677908 0.6887593029699763 0.1611758873697738
    outer loop
      vertex -1.2 2.9942103759904075 3.5806928829522384
      vertex -1.2 2.9409731611320797 3.808193581699818
      vertex -1 3.1905520399897784 3.618771104785172
    endloop
  endfacet
  facet normal -0.7068471941677915 0.6887593029699758 0.16117588736977256
    outer loop
      vertex -1.2 2.9409731611320797 3.808193581699818
      vertex -1 3.133823860222708 3.86118988213915
      vertex -1 3.1905520399897784 3.618771104785172
    endloop
  endfacet
  facet normal -0.7068471941677915 0.6744004524850983 0.21342697529837953
    outer loop
      vertex -1.2 2.9409731611320797 3.808193581699818
      vertex -1.2 2.8704771463376626 4.0309514791459335
      vertex -1 3.133823860222708 3.86118988213915
    endloop
  endfacet
  facet normal -0.7068471941677912 0.6744004524850985 0.2134269752983801
    outer loop
      vertex -1.2 2.8704771463376626 4.0309514791459335
      vertex -1 3.058705155933575 4.098554854827634
      vertex -1 3.133823860222708 3.86118988213915
    endloop
  endfacet
  facet normal -0.7068471941677911 0.6560839519814877 0.26442558887043044
    outer loop
      vertex -1.2 2.8704771463376626 4.0309514791459335
      vertex -1.2 2.7831360302534778 4.247659343372586
      vertex -1 3.058705155933575 4.098554854827634
    endloop
  endfacet
  facet normal -0.7068471941677908 0.6560839519814878 0.2644255888704309
    outer loop
      vertex -1.2 2.7831360302534778 4.247659343372586
      vertex -1 2.9656367535487878 4.329473070806854
      vertex -1 3.058705155933575 4.098554854827634
    endloop
  endfacet
  facet normal -0.7068471941677908 0.6339172899673347 0.31387244794277736
    outer loop
      vertex -1.2 2.6794623652783742 4.457045446462401
      vertex -1 2.9656367535487878 4.329473070806854
      vertex -1.2 2.7831360302534778 4.247659343372586
    endloop
  endfacet
  facet normal -0.7068471941677916 0.6339172899673345 0.3138724479427757
    outer loop
      vertex -1.2 2.6794623652783742 4.457045446462401
      vertex -1 2.855164815460563 4.552589410164854
      vertex -1 2.9656367535487878 4.329473070806854
    endloop
  endfacet
  facet normal -0.7068471941677918 0.6080305492295246 0.3614773786847012
    outer loop
      vertex -1.2 2.6794623652783742 4.457045446462401
      vertex -1.2 2.5600645497024472 4.657881027503724
      vertex -1 2.855164815460563 4.552589410164854
    endloop
  endfacet
  facet normal -0.7068471941677915 0.6080305492295245 0.36147737868470187
    outer loop
      vertex -1 2.855164815460563 4.552589410164854
      vertex -1.2 2.5600645497024472 4.657881027503724
      vertex -1 2.7279376349288373 4.766594537503969
    endloop
  endfacet
  facet normal -1 0 0
    outer loop
      vertex -1.2 -2.560064549702447 4.657881027503725
      vertex -1.2 -2.4256432573839506 4.848987503448246
      vertex -1.2 2.5600645497024472 4.657881027503724
    endloop
  endfacet
  facet normal -1 0 0
    outer loop
      vertex -1.2 -2.4256432573839506 4.848987503448246
      vertex -1.2 -2.276987325916486 5.029243385504975
      vertex -1.2 2.4256432573839506 4.848987503448246
    endloop
  endfacet
  facet normal -1 0 0
    outer loop
      vertex -1.2 -2.276987325916486 5.029243385504975
      vertex -1.2 -2.114969127416337 5.1975908604824
      vertex -1.2 2.276987325916486 5.029243385504975
    endloop
  endfacet
  facet normal -1 0 0
    outer loop
      vertex -1.2 -2.114969127416337 5.1975908604824
      vertex -1.2 -1.9405394490960068 5.353041998456926
      vertex -1.2 2.114969127416337 5.1975908604824
    endloop
  endfacet
  facet normal -1 0 0
    outer loop
      vertex -1.2 -1.9405394490960068 5.353041998456926
      vertex -1.2 -1.7547219136667929 5.494684550338489
      vertex -1.2 1.9405394490960068 5.353041998456926
    endloop
  endfacet
  facet normal -1 0 0
    outer loop
      vertex -1.2 -2.4256432573839506 4.848987503448246
      vertex -1.2 2.4256432573839506 4.848987503448246
      vertex -1.2 2.5600645497024472 4.657881027503724
    endloop
  endfacet
  facet normal -1 0 0
    outer loop
      vertex -1.2 -2.276987325916486 5.029243385504975
      vertex -1.2 2.276987325916486 5.029243385504975
      vertex -1.2 2.4256432573839506 4.848987503448246
    endloop
  endfacet
  facet normal -1 0 0
    outer loop
      vertex -1.2 -2.114969127416337 5.1975908604824
      vertex -1.2 2.114969127416337 5.1975908604824
      vertex -1.2 2.276987325916486 5.029243385504975
    endloop
  endfacet
  facet normal -1 0 0
    outer loop
      vertex -1.2 -1.9405394490960068 5.353041998456926
      vertex -1.2 1.9405394490960068 5.353041998456926
      vertex -1.2 2.114969127416337 5.1975908604824
    endloop
  endfacet
  facet normal -1 0 0
    outer loop
      vertex -1.2 -1.7547219136667929 5.494684550338489
      vertex -1.2 1.7547219136667929 5.494684550338489
      vertex -1.2 1.9405394490960068 5.353041998456926
    endloop
  endfacet
  facet normal -1 0 0
    outer loop
      vertex -1.2 -1.7547219136667929 5.494684550338489
      vertex -1.2 -1.5586069723136857 5.621687301310963
      vertex -1.2 1.7547219136667929 5.494684550338489
    endloop
  endfacet
  facet normal -1 0 0
    outer loop
      vertex -1.2 -1.5586069723136857 5.621687301310963
      vertex -1.2 -1.3533455054942272 5.733304948731219
      vertex -1.2 1.5586069723136857 5.621687301310963
    endloop
  endfacet
  facet normal -1 0 0
    outer loop
      vertex -1.2 -1.3533455054942272 5.733304948731219
      vertex -1.2 -1.1401420691143442 5.828882475861389
      vertex -1.2 1.3533455054942272 5.733304948731219
    endloop
  endfacet
  facet normal -1 0 0
    outer loop
      vertex -1.2 -1.1401420691143442 5.828882475861389
      vertex -1.2 -0.9202478257153366 5.907858995767538
      vertex -1.2 1.1401420691143442 5.828882475861389
    endloop
  endfacet
  facet normal -1 0 0
    outer loop
      vertex -1.2 -0.9202478257153366 5.907858995767538
      vertex -1.2 -0.6949532021545689 5.969771042827226
      vertex -1.2 0.9202478257153366 5.907858995767538
    endloop
  endfacet
  facet normal -1 0 0
    outer loop
      vertex -1.2 -0.6949532021545689 5.969771042827226
      vertex -1.2 -0.4655803168675672 6.014255292530063
      vertex -1.2 0.6949532021545689 5.969771042827226
    endloop
  endfacet
  facet normal -1 0 0
    outer loop
      vertex -1.2 -1.5586069723136857 5.621687301310963
      vertex -1.2 1.5586069723136857 5.621687301310963
      vertex -1.2 1.7547219136667929 5.494684550338489
    endloop
  endfacet
  facet normal -1 0 0
    outer loop
      vertex -1.2 -1.3533455054942272 5.733304948731219
      vertex -1.2 1.3533455054942272 5.733304948731219
      vertex -1.2 1.5586069723136857 5.621687301310963
    endloop
  endfacet
  facet normal -1 0 0
    outer loop
      vertex -1.2 -1.1401420691143442 5.828882475861389
      vertex -1.2 1.1401420691143442 5.828882475861389
      vertex -1.2 1.3533455054942272 5.733304948731219
    endloop
  endfacet
  facet normal -1 0 0
    outer loop
      vertex -1.2 -0.4655803168675672 6.014255292530063
      vertex -1.2 -0.23347522115131095 6.0410506936104085
      vertex -1.2 0.4655803168675672 6.014255292530063
    endloop
  endfacet
  facet normal -1 0 0
    outer loop
      vertex -1.2 -0.23347522115131095 6.0410506936104085
      vertex -1.2 0 6.05
      vertex -1.2 0.23347522115131095 6.0410506936104085
    endloop
  endfacet
  facet normal -1 0 0
    outer loop
      vertex -1.2 -0.9202478257153366 5.907858995767538
      vertex -1.2 0.9202478257153366 5.907858995767538
      vertex -1.2 1.1401420691143442 5.828882475861389
    endloop
  endfacet
  facet normal -1 0 0
    outer loop
      vertex -1.2 -0.6949532021545689 5.969771042827226
      vertex -1.2 0.6949532021545689 5.969771042827226
      vertex -1.2 0.9202478257153366 5.907858995767538
    endloop
  endfacet
  facet normal -1 0 0
    outer loop
      vertex -1.2 -0.4655803168675672 6.014255292530063
      vertex -1.2 0.4655803168675672 6.014255292530063
      vertex -1.2 0.6949532021545689 5.969771042827226
    endloop
  endfacet
  facet normal -1 0 0
    outer loop
      vertex -1.2 -0.23347522115131095 6.0410506936104085
      vertex -1.2 0.23347522115131095 6.0410506936104085
      vertex -1.2 0.4655803168675672 6.014255292530063
    endloop
  endfacet
  facet normal -0.7068471941677913 -0.23910173947161387 0.6657307280565989
    outer loop
      vertex -1.2 -1.1401420691143442 5.828882475861389
      vertex -1 -1.214905483482498 6.014382966081808
      vertex -1.2 -0.9202478257153366 5.907858995767538
    endloop
  endfacet
  facet normal -0.7068471941677924 -0.2391017394716152 0.6657307280565972
    outer loop
      vertex -1.2 -0.9202478257153366 5.907858995767538
      vertex -1 -1.214905483482498 6.014382966081808
      vertex -1 -0.9805919454343751 6.098538274178525
    endloop
  endfacet
  facet normal -0.7068471941677925 -0.1874389776076615 0.6820804012508449
    outer loop
      vertex -1.2 -0.9202478257153366 5.907858995767538
      vertex -1 -0.9805919454343751 6.098538274178525
      vertex -1.2 -0.6949532021545689 5.969771042827226
    endloop
  endfacet
  facet normal -0.7068471941677908 -0.1874389776076592 0.6820804012508472
    outer loop
      vertex -1.2 -0.6949532021545689 5.969771042827226
      vertex -1 -0.9805919454343751 6.098538274178525
      vertex -1 -0.7405239039351964 6.164510127602782
    endloop
  endfacet
  facet normal -0.7068471941677907 -0.1346762492912753 0.6944273554332057
    outer loop
      vertex -1.2 -0.6949532021545689 5.969771042827226
      vertex -1 -0.7405239039351964 6.164510127602782
      vertex -1.2 -0.4655803168675672 6.014255292530063
    endloop
  endfacet
  facet normal -0.7068471941677916 -0.13467624929127636 0.6944273554332047
    outer loop
      vertex -1.2 -0.4655803168675672 6.014255292530063
      vertex -1 -0.7405239039351964 6.164510127602782
      vertex -1 -0.49611017371134214 6.211911377286133
    endloop
  endfacet
  facet normal -0.7068471941677915 -0.08112318719239162 0.7026991337669832
    outer loop
      vertex -1.2 -0.4655803168675672 6.014255292530063
      vertex -1 -0.49611017371134214 6.211911377286133
      vertex -1.2 -0.23347522115131095 6.0410506936104085
    endloop
  endfacet
  facet normal -0.7068471941677912 -0.027094061973843894 0.7068471941677908
    outer loop
      vertex -1.2 -0.23347522115131095 6.0410506936104085
      vertex -1 -0.24878507171861006 6.240463853847157
      vertex -1.2 0 6.05
    endloop
  endfacet
  facet normal -0.7068471941677912 -0.081123187192391 0.7026991337669838
    outer loop
      vertex -1.2 -0.23347522115131095 6.0410506936104085
      vertex -1 -0.49611017371134214 6.211911377286133
      vertex -1 -0.24878507171861006 6.240463853847157
    endloop
  endfacet
  facet normal -0.7068471941677913 -0.027094061973844282 0.7068471941677905
    outer loop
      vertex -1.2 0 6.05
      vertex -1 -0.24878507171861006 6.240463853847157
      vertex -1 0 6.25
    endloop
  endfacet
  facet normal -0.7068471941677913 0.027094061973844293 0.7068471941677905
    outer loop
      vertex -1.2 0 6.05
      vertex -1 0 6.25
      vertex -1 0.24878507171861006 6.240463853847157
    endloop
  endfacet
  facet normal -0.7068471941677912 0.027094061973843894 0.7068471941677908
    outer loop
      vertex -1.2 0.23347522115131095 6.0410506936104085
      vertex -1.2 0 6.05
      vertex -1 0.24878507171861006 6.240463853847157
    endloop
  endfacet
  facet normal -0.7068471941677915 0.08112318719239162 0.7026991337669832
    outer loop
      vertex -1.2 0.23347522115131095 6.0410506936104085
      vertex -1 0.49611017371134214 6.211911377286133
      vertex -1.2 0.4655803168675672 6.014255292530063
    endloop
  endfacet
  facet normal -0.7068471941677912 0.08112318719239095 0.7026991337669838
    outer loop
      vertex -1.2 0.23347522115131095 6.0410506936104085
      vertex -1 0.24878507171861006 6.240463853847157
      vertex -1 0.49611017371134214 6.211911377286133
    endloop
  endfacet
  facet normal -0.7068471941677908 0.1346762492912753 0.6944273554332057
    outer loop
      vertex -1.2 0.4655803168675672 6.014255292530063
      vertex -1 0.7405239039351964 6.164510127602782
      vertex -1.2 0.6949532021545689 5.969771042827226
    endloop
  endfacet
  facet normal -0.7068471941677926 0.18743897760766154 0.682080401250845
    outer loop
      vertex -1.2 0.6949532021545689 5.969771042827226
      vertex -1 0.9805919454343751 6.098538274178525
      vertex -1.2 0.9202478257153366 5.907858995767538
    endloop
  endfacet
  facet normal -0.7068471941677916 0.13467624929127633 0.6944273554332048
    outer loop
      vertex -1.2 0.4655803168675672 6.014255292530063
      vertex -1 0.49611017371134214 6.211911377286133
      vertex -1 0.7405239039351964 6.164510127602782
    endloop
  endfacet
  facet normal -0.7068471941677908 0.1874389776076593 0.6820804012508473
    outer loop
      vertex -1.2 0.6949532021545689 5.969771042827226
      vertex -1 0.7405239039351964 6.164510127602782
      vertex -1 0.9805919454343751 6.098538274178525
    endloop
  endfacet
  facet normal -0.7068471941677926 0.47062896081923716 0.5280865699251626
    outer loop
      vertex -1.2 2.114969127416337 5.1975908604824
      vertex -1.2 1.9405394490960068 5.353041998456926
      vertex -1 2.2536556275747857 5.341695179202558
    endloop
  endfacet
  facet normal -0.7068471941677916 0.4288234095187453 0.5625633542507358
    outer loop
      vertex -1.2 1.9405394490960068 5.353041998456926
      vertex -1.2 1.7547219136667929 5.494684550338489
      vertex -1 2.067787937561319 5.507339834421315
    endloop
  endfacet
  facet normal -0.7068471941677915 0.47062896081923655 0.5280865699251647
    outer loop
      vertex -1.2 1.9405394490960068 5.353041998456926
      vertex -1 2.067787937561319 5.507339834421315
      vertex -1 2.2536556275747857 5.341695179202558
    endloop
  endfacet
  facet normal -0.7068471941677916 0.578575643456117 0.4069610164333445
    outer loop
      vertex -1.2 2.5600645497024472 4.657881027503724
      vertex -1.2 2.4256432573839506 4.848987503448246
      vertex -1 2.7279376349288373 4.766594537503969
    endloop
  endfacet
  facet normal -0.7068471941677914 0.5785756434561169 0.4069610164333444
    outer loop
      vertex -1.2 2.4256432573839506 4.848987503448246
      vertex -1 2.584701831638636 4.970232585641574
      vertex -1 2.7279376349288373 4.766594537503969
    endloop
  endfacet
  facet normal -0.7068471941677915 0.545725425746418 0.45005644511662224
    outer loop
      vertex -1.2 2.276987325916486 5.029243385504975
      vertex -1 2.584701831638636 4.970232585641574
      vertex -1.2 2.4256432573839506 4.848987503448246
    endloop
  endfacet
  facet normal -0.7068471941677904 0.5457254257464177 0.4500564451166243
    outer loop
      vertex -1.2 2.276987325916486 5.029243385504975
      vertex -1 2.4262979702388785 5.162308525538087
      vertex -1 2.584701831638636 4.970232585641574
    endloop
  endfacet
  facet normal -0.7068471941677903 0.5096726742402624 0.4905107636228806
    outer loop
      vertex -1.2 2.114969127416337 5.1975908604824
      vertex -1 2.4262979702388785 5.162308525538087
      vertex -1.2 2.276987325916486 5.029243385504975
    endloop
  endfacet
  facet normal -0.7068471941677925 0.5096726742402635 0.4905107636228763
    outer loop
      vertex -1.2 2.114969127416337 5.1975908604824
      vertex -1 2.2536556275747857 5.341695179202558
      vertex -1 2.4262979702388785 5.162308525538087
    endloop
  endfacet
  facet normal -0.7068471941677923 0.33792288753197564 0.6214299366615446
    outer loop
      vertex -1.2 1.3533455054942272 5.733304948731219
      vertex -1 1.6608107082031078 5.793601222708404
      vertex -1.2 1.5586069723136857 5.621687301310963
    endloop
  endfacet
  facet normal -0.7068471941677922 0.28936135725371903 0.6454742822339284
    outer loop
      vertex -1.2 1.1401420691143442 5.828882475861389
      vertex -1 1.442089473067619 5.912538060123431
      vertex -1.2 1.3533455054942272 5.733304948731219
    endloop
  endfacet
  facet normal -0.7068471941677921 0.33792288753197547 0.6214299366615447
    outer loop
      vertex -1.2 1.3533455054942272 5.733304948731219
      vertex -1 1.442089473067619 5.912538060123431
      vertex -1 1.6608107082031078 5.793601222708404
    endloop
  endfacet
  facet normal -0.7068471941677898 0.3845013519370631 0.5937387931200837
    outer loop
      vertex -1.2 1.7547219136667929 5.494684550338489
      vertex -1.2 1.5586069723136857 5.621687301310963
      vertex -1 1.869785645710517 5.658270422491832
    endloop
  endfacet
  facet normal -0.7068471941677901 0.42882340951874426 0.5625633542507384
    outer loop
      vertex -1.2 1.7547219136667929 5.494684550338489
      vertex -1 1.869785645710517 5.658270422491832
      vertex -1 2.067787937561319 5.507339834421315
    endloop
  endfacet
  facet normal -0.7068471941677922 0.384501351937065 0.5937387931200797
    outer loop
      vertex -1.2 1.5586069723136857 5.621687301310963
      vertex -1 1.6608107082031078 5.793601222708404
      vertex -1 1.869785645710517 5.658270422491832
    endloop
  endfacet
  facet normal -0.7068471941677913 0.2391017394716138 0.6657307280565988
    outer loop
      vertex -1.2 0.9202478257153366 5.907858995767538
      vertex -1 1.214905483482498 6.014382966081808
      vertex -1.2 1.1401420691143442 5.828882475861389
    endloop
  endfacet
  facet normal -0.7068471941677913 0.2893613572537181 0.6454742822339297
    outer loop
      vertex -1.2 1.1401420691143442 5.828882475861389
      vertex -1 1.214905483482498 6.014382966081808
      vertex -1 1.442089473067619 5.912538060123431
    endloop
  endfacet
  facet normal -0.7068471941677924 0.2391017394716152 0.6657307280565972
    outer loop
      vertex -1.2 0.9202478257153366 5.907858995767538
      vertex -1 0.9805919454343751 6.098538274178525
      vertex -1 1.214905483482498 6.014382966081808
    endloop
  endfacet
  facet normal 1.4431680432753564e-18 -0.47771981851226286 -0.8785122509109424
    outer loop
      vertex -1 -1.4420894730676177 0.0874619398765688
      vertex 0 -1.6608107082031096 0.20639877729159695
      vertex -1 -1.6608107082031096 0.20639877729159695
    endloop
  endfacet
  facet normal -4.291943530206564e-18 -0.4090686371713399 -0.91250361647655
    outer loop
      vertex -1 -1.4420894730676177 0.0874619398765688
      vertex -1 -1.246989362256641 0
      vertex 0 -1.246989362256641 0
    endloop
  endfacet
  facet normal 0 -0.5435675500012215 -0.8393654261319498
    outer loop
      vertex -1 -1.869785645710517 0.3417295775081679
      vertex -1 -1.6608107082031096 0.20639877729159695
      vertex 0 -1.869785645710517 0.3417295775081679
    endloop
  endfacet
  facet normal 0 -0.4090686371713399 -0.91250361647655
    outer loop
      vertex -1 -1.4420894730676177 0.0874619398765688
      vertex 0 -1.246989362256641 0
      vertex 0 -1.4420894730676177 0.0874619398765688
    endloop
  endfacet
  facet normal 0 -0.47771981851226286 -0.8785122509109424
    outer loop
      vertex -1 -1.4420894730676177 0.0874619398765688
      vertex 0 -1.4420894730676177 0.0874619398765688
      vertex 0 -1.6608107082031096 0.20639877729159695
    endloop
  endfacet
  facet normal 0 -0.5435675500012215 -0.8393654261319498
    outer loop
      vertex -1 -1.6608107082031096 0.20639877729159695
      vertex 0 -1.6608107082031096 0.20639877729159695
      vertex 0 -1.869785645710517 0.3417295775081679
    endloop
  endfacet
  facet normal -6.5747476153394355e-18 -0.6062254109666371 -0.7952928712734272
    outer loop
      vertex -1 -1.869785645710517 0.3417295775081679
      vertex 0 -2.067787937561319 0.49266016557868486
      vertex -1 -2.067787937561319 0.49266016557868486
    endloop
  endfacet
  facet normal 7.123955319856247e-19 -0.6653257001655654 -0.7465532216119627
    outer loop
      vertex -1 -2.067787937561319 0.49266016557868486
      vertex 0 -2.2536556275747848 0.6583048207974413
      vertex -1 -2.2536556275747848 0.6583048207974413
    endloop
  endfacet
  facet normal 2.136973304025327e-18 -0.7205215936007868 -0.693432500792242
    outer loop
      vertex -1 -2.4262979702388794 0.8376914744619133
      vertex -1 -2.2536556275747848 0.6583048207974413
      vertex 0 -2.2536556275747848 0.6583048207974413
    endloop
  endfacet
  facet normal 0 -0.6653257001655654 -0.7465532216119627
    outer loop
      vertex -1 -2.067787937561319 0.49266016557868486
      vertex 0 -2.067787937561319 0.49266016557868486
      vertex 0 -2.2536556275747848 0.6583048207974413
    endloop
  endfacet
  facet normal 0 -0.6062254109666371 -0.7952928712734272
    outer loop
      vertex -1 -1.869785645710517 0.3417295775081679
      vertex 0 -1.869785645710517 0.3417295775081679
      vertex 0 -2.067787937561319 0.49266016557868486
    endloop
  endfacet
  facet normal 0 -0.7205215936007868 -0.693432500792242
    outer loop
      vertex -1 -2.4262979702388794 0.8376914744619133
      vertex 0 -2.2536556275747848 0.6583048207974413
      vertex 0 -2.4262979702388794 0.8376914744619133
    endloop
  endfacet
  facet normal 0 -0.7714891798219432 -0.6362424423265596
    outer loop
      vertex -1 -2.4262979702388794 0.8376914744619133
      vertex 0 -2.4262979702388794 0.8376914744619133
      vertex -1 -2.474792668986475 0.8964947432688251
    endloop
  endfacet
  facet normal -3.039970745198219e-18 -0.7714891798219432 -0.6362424423265596
    outer loop
      vertex -1 -2.474792668986475 0.8964947432688251
      vertex 0 -2.4262979702388794 0.8376914744619133
      vertex -0.7642990400650298 -2.584701831638636 1.0297674143584266
    endloop
  endfacet
  facet normal 0 -0.7714891798219432 -0.6362424423265596
    outer loop
      vertex -0.7642990400650298 -2.584701831638636 1.0297674143584266
      vertex 0 -2.4262979702388794 0.8376914744619133
      vertex 0 -2.584701831638636 1.0297674143584266
    endloop
  endfacet
  facet normal 0 -0.8179293607667182 -0.5753186602186198
    outer loop
      vertex -0.7642990400650298 -2.584701831638636 1.0297674143584266
      vertex 0 -2.584701831638636 1.0297674143584266
      vertex -0.45712886864444735 -2.727937634928837 1.233405462496031
    endloop
  endfacet
  facet normal 0 -0.8179293607667182 -0.5753186602186199
    outer loop
      vertex -0.45712886864444735 -2.727937634928837 1.233405462496031
      vertex 0 -2.584701831638636 1.0297674143584266
      vertex 0 -2.727937634928837 1.233405462496031
    endloop
  endfacet
  facet normal 0 -0.8595696069872008 -0.511018679447111
    outer loop
      vertex -0.45712886864444735 -2.727937634928837 1.233405462496031
      vertex 0 -2.727937634928837 1.233405462496031
      vertex -0.18428929951724382 -2.855164815460562 1.4474105898351444
    endloop
  endfacet
  facet normal -1.2684242340353776e-17 -0.8595696069872008 -0.5110186794471109
    outer loop
      vertex 0 -2.727937634928837 1.233405462496031
      vertex 0 -2.855164815460562 1.4474105898351444
      vertex -0.18428929951724382 -2.855164815460562 1.4474105898351444
    endloop
  endfacet
  facet normal 0 -0.8961655569610558 -0.4437198378669593
    outer loop
      vertex -0.18428929951724382 -2.855164815460562 1.4474105898351444
      vertex 0 -2.855164815460562 1.4474105898351444
      vertex 0 -2.9411003271414735 1.6209715603305588
    endloop
  endfacet
  facet normal 0 -0.9533963920549303 -0.30172059859519296
    outer loop
      vertex -1 -3.089894732526123 2
      vertex -0.34764155396780827 -3.089894732526123 2
      vertex -1 -3.133823860222708 2.138810117860849
    endloop
  endfacet
  facet normal 0 -0.9736954238777794 -0.22785350890313577
    outer loop
      vertex -1 -3.133823860222708 2.138810117860849
      vertex 0 -3.133823860222708 2.138810117860849
      vertex -1 -3.190552039989778 2.381228895214827
    endloop
  endfacet
  facet normal 0 -0.9533963920549304 -0.30172059859519296
    outer loop
      vertex -1 -3.133823860222708 2.138810117860849
      vertex -0.34764155396780827 -3.089894732526123 2
      vertex 0 -3.133823860222708 2.138810117860849
    endloop
  endfacet
  facet normal 3.51246338089605e-16 -0.9533963920549302 -0.30172059859519373
    outer loop
      vertex -0.08767337771512813 -3.07176991224711 1.9427280128002167
      vertex 0 -3.133823860222708 2.138810117860849
      vertex -0.34764155396780827 -3.089894732526123 2
    endloop
  endfacet
  facet normal -1.4165631714267519e-15 -0.9533963920549303 -0.30172059859519307
    outer loop
      vertex -0.08767337771512813 -3.07176991224711 1.9427280128002167
      vertex -0.031535547764228566 -3.058705155933575 1.9014451451723664
      vertex 0 -3.133823860222708 2.138810117860849
    endloop
  endfacet
  facet normal 0 -0.9736954238777794 -0.22785350890313577
    outer loop
      vertex -1 -3.190552039989778 2.381228895214827
      vertex 0 -3.133823860222708 2.138810117860849
      vertex 0 -3.190552039989778 2.381228895214827
    endloop
  endfacet
  facet normal 0 -0.9882804237803482 -0.15264928421887708
    outer loop
      vertex -1 -3.190552039989778 2.381228895214827
      vertex 0 -3.190552039989778 2.381228895214827
      vertex -1 -3.2285567917189444 2.6272788674551997
    endloop
  endfacet
  facet normal 0 -0.9970658011837404 -0.07654925283649466
    outer loop
      vertex -1 -3.2285567917189444 2.6272788674551997
      vertex 0 -3.2285567917189444 2.6272788674551997
      vertex -1 -3.2476150884151327 2.8755161155073856
    endloop
  endfacet
  facet normal 0 -0.9882804237803482 -0.15264928421887708
    outer loop
      vertex -1 -3.2285567917189444 2.6272788674551997
      vertex 0 -3.190552039989778 2.381228895214827
      vertex 0 -3.2285567917189444 2.6272788674551997
    endloop
  endfacet
  facet normal 0 -1 0
    outer loop
      vertex -1 -3.2476150884151327 2.8755161155073856
      vertex 0 -3.2476150884151327 2.8755161155073856
      vertex -1 -3.2476150884151327 3.1244838844926144
    endloop
  endfacet
  facet normal 0 -0.9970658011837404 -0.07654925283649466
    outer loop
      vertex -1 -3.2476150884151327 2.8755161155073856
      vertex 0 -3.2285567917189444 2.6272788674551997
      vertex 0 -3.2476150884151327 2.8755161155073856
    endloop
  endfacet
  facet normal 0 -1 0
    outer loop
      vertex 0 -3.2476150884151327 2.8755161155073856
      vertex 0 -3.2476150884151327 3.1244838844926144
      vertex -1 -3.2476150884151327 3.1244838844926144
    endloop
  endfacet
  facet normal 1.5239838752116206e-17 -0.9275024511020925 -0.373817071840774
    outer loop
      vertex 0 -3.0496043698577266 1.8788645782904432
      vertex 0 -3.058705155933575 1.9014451451723664
      vertex -0.031535547764228566 -3.058705155933575 1.9014451451723664
    endloop
  endfacet
  facet normal 1 0 0
    outer loop
      vertex 0 -3.0496043698577266 1.8788645782904432
      vertex 0 -2.9411003271414735 1.916446968623992
      vertex 0 -3.058705155933575 1.9014451451723664
    endloop
  endfacet
  facet normal 0 -0.9533963920549302 -0.3017205985951932
    outer loop
      vertex -0.031535547764228566 -3.058705155933575 1.9014451451723664
      vertex 0 -3.058705155933575 1.9014451451723664
      vertex 0 -3.133823860222708 2.138810117860849
    endloop
  endfacet
  facet normal 1 0 0
    outer loop
      vertex 0 -3.058705155933575 1.9014451451723664
      vertex 0 -2.9411003271414735 1.916446968623992
      vertex 0 -3.133823860222708 2.138810117860849
    endloop
  endfacet
  facet normal 0 0.4090686371713389 -0.9125036164765504
    outer loop
      vertex -1 1.442089473067619 0.08746193987656925
      vertex 0 1.442089473067619 0.08746193987656925
      vertex -1 1.2469893622566408 0
    endloop
  endfacet
  facet normal 0 0.4777198185122628 -0.8785122509109424
    outer loop
      vertex -1 1.442089473067619 0.08746193987656925
      vertex -1 1.6608107082031085 0.20639877729159606
      vertex 0 1.442089473067619 0.08746193987656925
    endloop
  endfacet
  facet normal 0 0.5435675500012219 -0.8393654261319495
    outer loop
      vertex -1 1.6608107082031085 0.20639877729159606
      vertex -1 1.869785645710517 0.3417295775081679
      vertex 0 1.6608107082031085 0.20639877729159606
    endloop
  endfacet
  facet normal 6.819508488637807e-18 0.4090686371713389 -0.9125036164765504
    outer loop
      vertex 0 1.442089473067619 0.08746193987656925
      vertex 0 1.2469893622566408 0
      vertex -1 1.2469893622566408 0
    endloop
  endfacet
  facet normal 0 0.4777198185122628 -0.8785122509109424
    outer loop
      vertex -1 1.6608107082031085 0.20639877729159606
      vertex 0 1.6608107082031085 0.20639877729159606
      vertex 0 1.442089473067619 0.08746193987656925
    endloop
  endfacet
  facet normal 0 0.5435675500012219 -0.8393654261319495
    outer loop
      vertex -1 1.869785645710517 0.3417295775081679
      vertex 0 1.869785645710517 0.3417295775081679
      vertex 0 1.6608107082031085 0.20639877729159606
    endloop
  endfacet
  facet normal 0 0.6062254109666376 -0.7952928712734268
    outer loop
      vertex -1 1.869785645710517 0.3417295775081679
      vertex -1 2.0677879375613197 0.49266016557868575
      vertex 0 1.869785645710517 0.3417295775081679
    endloop
  endfacet
  facet normal 0 0.6062254109666376 -0.7952928712734268
    outer loop
      vertex -1 2.0677879375613197 0.49266016557868575
      vertex 0 2.0677879375613197 0.49266016557868575
      vertex 0 1.869785645710517 0.3417295775081679
    endloop
  endfacet
  facet normal 0 0.6653257001655654 -0.7465532216119627
    outer loop
      vertex -1 2.0677879375613197 0.49266016557868575
      vertex -1 2.2536556275747857 0.6583048207974422
      vertex 0 2.0677879375613197 0.49266016557868575
    endloop
  endfacet
  facet normal -5.465371783791204e-18 0.7205215936007869 -0.6934325007922418
    outer loop
      vertex -1 2.2536556275747857 0.6583048207974422
      vertex -1 2.4262979702388785 0.8376914744619124
      vertex 0 2.4262979702388785 0.8376914744619124
    endloop
  endfacet
  facet normal 0 0.6653257001655654 -0.7465532216119627
    outer loop
      vertex -1 2.2536556275747857 0.6583048207974422
      vertex 0 2.2536556275747857 0.6583048207974422
      vertex 0 2.0677879375613197 0.49266016557868575
    endloop
  endfacet
  facet normal 0 0.7205215936007869 -0.6934325007922418
    outer loop
      vertex -1 2.2536556275747857 0.6583048207974422
      vertex 0 2.4262979702388785 0.8376914744619124
      vertex 0 2.2536556275747857 0.6583048207974422
    endloop
  endfacet
  facet normal -2.820320938251431e-18 0.7714891798219434 -0.6362424423265592
    outer loop
      vertex -1 2.4262979702388785 0.8376914744619124
      vertex -1 2.5847018316386356 1.0297674143584263
      vertex 0 2.5847018316386356 1.0297674143584263
    endloop
  endfacet
  facet normal 2.8475235152158436e-18 0.8179293607667174 -0.575318660218621
    outer loop
      vertex -1 2.5847018316386356 1.0297674143584263
      vertex -1 2.7279376349288373 1.2334054624960313
      vertex 0 2.7279376349288373 1.2334054624960313
    endloop
  endfacet
  facet normal 0 0.7714891798219434 -0.6362424423265592
    outer loop
      vertex -1 2.4262979702388785 0.8376914744619124
      vertex 0 2.5847018316386356 1.0297674143584263
      vertex 0 2.4262979702388785 0.8376914744619124
    endloop
  endfacet
  facet normal 0 0.8179293607667174 -0.575318660218621
    outer loop
      vertex -1 2.5847018316386356 1.0297674143584263
      vertex 0 2.7279376349288373 1.2334054624960313
      vertex 0 2.5847018316386356 1.0297674143584263
    endloop
  endfacet
  facet normal 6.310240359585478e-18 0.8595696069872013 -0.5110186794471102
    outer loop
      vertex -1 2.7279376349288373 1.2334054624960313
      vertex -1 2.8551648154605624 1.4474105898351453
      vertex 0 2.8551648154605624 1.4474105898351453
    endloop
  endfacet
  facet normal 0 0.8595696069872013 -0.5110186794471102
    outer loop
      vertex -1 2.7279376349288373 1.2334054624960313
      vertex 0 2.8551648154605624 1.4474105898351453
      vertex 0 2.7279376349288373 1.2334054624960313
    endloop
  endfacet
  facet normal 0 0.8961655569610554 -0.4437198378669603
    outer loop
      vertex -1 2.8551648154605624 1.4474105898351453
      vertex 0 2.9656367535487878 1.6705269291931457
      vertex 0 2.8551648154605624 1.4474105898351453
    endloop
  endfacet
  facet normal 1 0 0
    outer loop
      vertex 0 -1.4420894730676177 0.0874619398765688
      vertex 0 -1.246989362256641 0
      vertex 0 1.2469893622566408 0
    endloop
  endfacet
  facet normal 1 0 0
    outer loop
      vertex 0 -1.4420894730676177 0.0874619398765688
      vertex 0 1.6608107082031085 0.20639877729159606
      vertex 0 -1.6608107082031096 0.20639877729159695
    endloop
  endfacet
  facet normal 1 0 0
    outer loop
      vertex 0 -1.869785645710517 0.3417295775081679
      vertex 0 -1.6608107082031096 0.20639877729159695
      vertex 0 1.869785645710517 0.3417295775081679
    endloop
  endfacet
  facet normal 1 0 0
    outer loop
      vertex 0 -2.4262979702388794 0.8376914744619133
      vertex 0 -2.2536556275747848 0.6583048207974413
      vertex 0 2.4262979702388785 0.8376914744619124
    endloop
  endfacet
  facet normal 1 0 0
    outer loop
      vertex 0 -1.869785645710517 0.3417295775081679
      vertex 0 2.0677879375613197 0.49266016557868575
      vertex 0 -2.067787937561319 0.49266016557868486
    endloop
  endfacet
  facet normal 1 0 0
    outer loop
      vertex 0 -2.067787937561319 0.49266016557868486
      vertex 0 2.2536556275747857 0.6583048207974422
      vertex 0 -2.2536556275747848 0.6583048207974413
    endloop
  endfacet
  facet normal 1 0 0
    outer loop
      vertex 0 -1.4420894730676177 0.0874619398765688
      vertex 0 1.2469893622566408 0
      vertex 0 1.442089473067619 0.08746193987656925
    endloop
  endfacet
  facet normal 1 0 0
    outer loop
      vertex 0 -1.4420894730676177 0.0874619398765688
      vertex 0 1.442089473067619 0.08746193987656925
      vertex 0 1.6608107082031085 0.20639877729159606
    endloop
  endfacet
  facet normal 1 0 0
    outer loop
      vertex 0 -1.6608107082031096 0.20639877729159695
      vertex 0 1.6608107082031085 0.20639877729159606
      vertex 0 1.869785645710517 0.3417295775081679
    endloop
  endfacet
  facet normal 1 0 0
    outer loop
      vertex 0 -1.869785645710517 0.3417295775081679
      vertex 0 1.869785645710517 0.3417295775081679
      vertex 0 2.0677879375613197 0.49266016557868575
    endloop
  endfacet
  facet normal 1 0 0
    outer loop
      vertex 0 -2.067787937561319 0.49266016557868486
      vertex 0 2.0677879375613197 0.49266016557868575
      vertex 0 2.2536556275747857 0.6583048207974422
    endloop
  endfacet
  facet normal 1 0 0
    outer loop
      vertex 0 -2.2536556275747848 0.6583048207974413
      vertex 0 2.2536556275747857 0.6583048207974422
      vertex 0 2.4262979702388785 0.8376914744619124
    endloop
  endfacet
  facet normal 1 0 0
    outer loop
      vertex 0 -2.4262979702388794 0.8376914744619133
      vertex 0 2.5847018316386356 1.0297674143584263
      vertex 0 -2.584701831638636 1.0297674143584266
    endloop
  endfacet
  facet normal 1 0 0
    outer loop
      vertex 0 -2.584701831638636 1.0297674143584266
      vertex 0 2.7279376349288373 1.2334054624960313
      vertex 0 -2.727937634928837 1.233405462496031
    endloop
  endfacet
  facet normal 1 0 0
    outer loop
      vertex 0 -2.727937634928837 1.233405462496031
      vertex 0 2.8551648154605624 1.4474105898351453
      vertex 0 -2.855164815460562 1.4474105898351444
    endloop
  endfacet
  facet normal 1 0 0
    outer loop
      vertex 0 -2.4262979702388794 0.8376914744619133
      vertex 0 2.4262979702388785 0.8376914744619124
      vertex 0 2.5847018316386356 1.0297674143584263
    endloop
  endfacet
  facet normal 1 0 0
    outer loop
      vertex 0 -2.584701831638636 1.0297674143584266
      vertex 0 2.5847018316386356 1.0297674143584263
      vertex 0 2.7279376349288373 1.2334054624960313
    endloop
  endfacet
  facet normal 1 0 0
    outer loop
      vertex 0 -2.727937634928837 1.233405462496031
      vertex 0 2.7279376349288373 1.2334054624960313
      vertex 0 2.8551648154605624 1.4474105898351453
    endloop
  endfacet
  facet normal 1 0 0
    outer loop
      vertex 0 -2.855164815460562 1.4474105898351444
      vertex 0 2.8551648154605624 1.4474105898351453
      vertex 0 2.9656367535487878 1.6705269291931457
    endloop
  endfacet
  facet normal 3.198466339502371e-18 0.8961655569610554 -0.4437198378669603
    outer loop
      vertex -1 2.8551648154605624 1.4474105898351453
      vertex -1 2.9656367535487878 1.6705269291931457
      vertex 0 2.9656367535487878 1.6705269291931457
    endloop
  endfacet
  facet normal -2.2717900569550166e-18 0.9275024511020948 -0.37381707184076823
    outer loop
      vertex -1 2.9656367535487878 1.6705269291931457
      vertex -1 3.058705155933575 1.9014451451723664
      vertex 0 3.058705155933575 1.9014451451723664
    endloop
  endfacet
  facet normal 0 0.9275024511020948 -0.37381707184076823
    outer loop
      vertex -1 2.9656367535487878 1.6705269291931457
      vertex 0 3.058705155933575 1.9014451451723664
      vertex 0 2.9656367535487878 1.6705269291931457
    endloop
  endfacet
  facet normal 3.2558342422664864e-18 0.9533963920549305 -0.3017205985951922
    outer loop
      vertex -1 3.058705155933575 1.9014451451723664
      vertex -1 3.133823860222708 2.13881011786085
      vertex 0 3.133823860222708 2.13881011786085
    endloop
  endfacet
  facet normal -5.63794412297318e-19 0.9736954238777792 -0.22785350890313708
    outer loop
      vertex -1 3.133823860222708 2.13881011786085
      vertex -1 3.1905520399897784 2.381228895214828
      vertex 0 3.1905520399897784 2.381228895214828
    endloop
  endfacet
  facet normal 0 0.9533963920549305 -0.3017205985951922
    outer loop
      vertex -1 3.058705155933575 1.9014451451723664
      vertex 0 3.133823860222708 2.13881011786085
      vertex 0 3.058705155933575 1.9014451451723664
    endloop
  endfacet
  facet normal 0 0.9736954238777792 -0.22785350890313708
    outer loop
      vertex -1 3.133823860222708 2.13881011786085
      vertex 0 3.1905520399897784 2.381228895214828
      vertex 0 3.133823860222708 2.13881011786085
    endloop
  endfacet
  facet normal 4.047032545031881e-19 0.9882804237803484 -0.15264928421887491
    outer loop
      vertex -1 3.1905520399897784 2.381228895214828
      vertex -1 3.228556791718944 2.627278867455199
      vertex 0 3.228556791718944 2.627278867455199
    endloop
  endfacet
  facet normal 0 0.9882804237803484 -0.15264928421887491
    outer loop
      vertex -1 3.1905520399897784 2.381228895214828
      vertex 0 3.228556791718944 2.627278867455199
      vertex 0 3.1905520399897784 2.381228895214828
    endloop
  endfacet
  facet normal 0 0.9970658011837404 -0.07654925283649618
    outer loop
      vertex -1 3.228556791718944 2.627278867455199
      vertex 0 3.2476150884151327 2.8755161155073856
      vertex 0 3.228556791718944 2.627278867455199
    endloop
  endfacet
  facet normal 1.2732477135560915e-18 0.9970658011837404 -0.07654925283649618
    outer loop
      vertex -1 3.228556791718944 2.627278867455199
      vertex -1 3.2476150884151327 2.8755161155073856
      vertex 0 3.2476150884151327 2.8755161155073856
    endloop
  endfacet
  facet normal 0 1 0
    outer loop
      vertex -1 3.2476150884151327 2.8755161155073856
      vertex -1 3.2476150884151327 3.1244838844926144
      vertex 0 3.2476150884151327 3.1244838844926144
    endloop
  endfacet
  facet normal 0 1 0
    outer loop
      vertex -1 3.2476150884151327 2.8755161155073856
      vertex 0 3.2476150884151327 3.1244838844926144
      vertex 0 3.2476150884151327 2.8755161155073856
    endloop
  endfacet
  facet normal 1 0 0
    outer loop
      vertex 0 -2.855164815460562 1.4474105898351444
      vertex 0 2.9656367535487878 1.6705269291931457
      vertex 0 -2.9411003271414735 1.6209715603305588
    endloop
  endfacet
  facet normal 1 0 0
    outer loop
      vertex 0 -2.9411003271414735 1.6209715603305588
      vertex 0 3.133823860222708 2.13881011786085
      vertex 0 -2.9411003271414735 1.916446968623992
    endloop
  endfacet
  facet normal 1 0 0
    outer loop
      vertex 0 -3.133823860222708 2.138810117860849
      vertex 0 -2.9411003271414735 1.916446968623992
      vertex 0 3.133823860222708 2.13881011786085
    endloop
  endfacet
  facet normal 1 0 0
    outer loop
      vertex 0 -3.133823860222708 2.138810117860849
      vertex 0 3.1905520399897784 2.381228895214828
      vertex 0 -3.190552039989778 2.381228895214827
    endloop
  endfacet
  facet normal 1 0 0
    outer loop
      vertex 0 -3.190552039989778 2.381228895214827
      vertex 0 3.228556791718944 2.627278867455199
      vertex 0 -3.2285567917189444 2.6272788674551997
    endloop
  endfacet
  facet normal 1 0 0
    outer loop
      vertex 0 -3.2285567917189444 2.6272788674551997
      vertex 0 3.2476150884151327 2.8755161155073856
      vertex 0 -3.2476150884151327 2.8755161155073856
    endloop
  endfacet
  facet normal 1 0 0
    outer loop
      vertex 0 -3.2476150884151327 2.8755161155073856
      vertex 0 3.2476150884151327 3.1244838844926144
      vertex 0 -3.2476150884151327 3.1244838844926144
    endloop
  endfacet
  facet normal 1 0 0
    outer loop
      vertex 0 -2.9411003271414735 1.6209715603305588
      vertex 0 2.9656367535487878 1.6705269291931457
      vertex 0 3.058705155933575 1.9014451451723664
    endloop
  endfacet
  facet normal 1 0 0
    outer loop
      vertex 0 -2.9411003271414735 1.6209715603305588
      vertex 0 3.058705155933575 1.9014451451723664
      vertex 0 3.133823860222708 2.13881011786085
    endloop
  endfacet
  facet normal 1 0 0
    outer loop
      vertex 0 -3.133823860222708 2.138810117860849
      vertex 0 3.133823860222708 2.13881011786085
      vertex 0 3.1905520399897784 2.381228895214828
    endloop
  endfacet
  facet normal 1 0 0
    outer loop
      vertex 0 -3.190552039989778 2.381228895214827
      vertex 0 3.1905520399897784 2.381228895214828
      vertex 0 3.228556791718944 2.627278867455199
    endloop
  endfacet
  facet normal 1 0 0
    outer loop
      vertex 0 -3.2285567917189444 2.6272788674551997
      vertex 0 3.228556791718944 2.627278867455199
      vertex 0 3.2476150884151327 2.8755161155073856
    endloop
  endfacet
  facet normal 1 0 0
    outer loop
      vertex 0 -3.2476150884151327 2.8755161155073856
      vertex 0 3.2476150884151327 2.8755161155073856
      vertex 0 3.2476150884151327 3.1244838844926144
    endloop
  endfacet
  facet normal 0 -0.9970658011837404 0.07654925283649466
    outer loop
      vertex -1 -3.2476150884151327 3.1244838844926144
      vertex 0 -3.2476150884151327 3.1244838844926144
      vertex -1 -3.2285567917189444 3.3727211325448003
    endloop
  endfacet
  facet normal 0 -0.9882804237803482 0.15264928421887708
    outer loop
      vertex -1 -3.2285567917189444 3.3727211325448003
      vertex 0 -3.2285567917189444 3.3727211325448003
      vertex -1 -3.190552039989778 3.618771104785173
    endloop
  endfacet
  facet normal 0 -0.9970658011837404 0.07654925283649466
    outer loop
      vertex -1 -3.2285567917189444 3.3727211325448003
      vertex 0 -3.2476150884151327 3.1244838844926144
      vertex 0 -3.2285567917189444 3.3727211325448003
    endloop
  endfacet
  facet normal 0 -0.9736954238777794 0.22785350890313577
    outer loop
      vertex -1 -3.190552039989778 3.618771104785173
      vertex 0 -3.190552039989778 3.618771104785173
      vertex -1 -3.133823860222708 3.861189882139151
    endloop
  endfacet
  facet normal 0 -0.9882804237803482 0.15264928421887708
    outer loop
      vertex -1 -3.190552039989778 3.618771104785173
      vertex 0 -3.2285567917189444 3.3727211325448003
      vertex 0 -3.190552039989778 3.618771104785173
    endloop
  endfacet
  facet normal 0 -0.9736954238777794 0.22785350890313577
    outer loop
      vertex -1 -3.133823860222708 3.861189882139151
      vertex 0 -3.190552039989778 3.618771104785173
      vertex 0 -3.133823860222708 3.861189882139151
    endloop
  endfacet
  facet normal 0 -0.9533963920549302 0.3017205985951932
    outer loop
      vertex -1 -3.133823860222708 3.861189882139151
      vertex 0 -3.133823860222708 3.861189882139151
      vertex -1 -3.058705155933575 4.098554854827634
    endloop
  endfacet
  facet normal 0 -0.9275024511020945 0.3738170718407692
    outer loop
      vertex -1 -3.058705155933575 4.098554854827634
      vertex 0 -3.058705155933575 4.098554854827634
      vertex -1 -2.9656367535487873 4.329473070806855
    endloop
  endfacet
  facet normal 0 -0.9533963920549302 0.3017205985951932
    outer loop
      vertex -1 -3.058705155933575 4.098554854827634
      vertex 0 -3.133823860222708 3.861189882139151
      vertex 0 -3.058705155933575 4.098554854827634
    endloop
  endfacet
  facet normal 0 -0.9275024511020945 0.3738170718407692
    outer loop
      vertex -1 -2.9656367535487873 4.329473070806855
      vertex 0 -3.058705155933575 4.098554854827634
      vertex 0 -2.9656367535487873 4.329473070806855
    endloop
  endfacet
  facet normal 0 -0.896165556961056 0.44371983786695884
    outer loop
      vertex -1 -2.9656367535487873 4.329473070806855
      vertex 0 -2.9656367535487873 4.329473070806855
      vertex -1 -2.855164815460563 4.552589410164854
    endloop
  endfacet
  facet normal 0 -0.8595696069872004 0.5110186794471117
    outer loop
      vertex -1 -2.855164815460563 4.552589410164854
      vertex 0 -2.855164815460563 4.552589410164854
      vertex -1 -2.727937634928837 4.766594537503969
    endloop
  endfacet
  facet normal 0 -0.896165556961056 0.44371983786695884
    outer loop
      vertex -1 -2.855164815460563 4.552589410164854
      vertex 0 -2.9656367535487873 4.329473070806855
      vertex 0 -2.855164815460563 4.552589410164854
    endloop
  endfacet
  facet normal 0 -0.8179293607667187 0.575318660218619
    outer loop
      vertex -1 -2.727937634928837 4.766594537503969
      vertex 0 -2.727937634928837 4.766594537503969
      vertex -1 -2.584701831638636 4.970232585641574
    endloop
  endfacet
  facet normal 0 -0.7714891798219418 0.6362424423265612
    outer loop
      vertex -1 -2.584701831638636 4.970232585641574
      vertex 0 -2.584701831638636 4.970232585641574
      vertex -1 -2.4262979702388785 5.162308525538087
    endloop
  endfacet
  facet normal -4.6578188754019614e-18 -0.8595696069872004 0.5110186794471117
    outer loop
      vertex 0 -2.855164815460563 4.552589410164854
      vertex 0 -2.727937634928837 4.766594537503969
      vertex -1 -2.727937634928837 4.766594537503969
    endloop
  endfacet
  facet normal 0 -0.8179293607667187 0.575318660218619
    outer loop
      vertex -1 -2.584701831638636 4.970232585641574
      vertex 0 -2.727937634928837 4.766594537503969
      vertex 0 -2.584701831638636 4.970232585641574
    endloop
  endfacet
  facet normal 0 -0.7714891798219418 0.6362424423265612
    outer loop
      vertex -1 -2.4262979702388785 5.162308525538087
      vertex 0 -2.584701831638636 4.970232585641574
      vertex 0 -2.4262979702388785 5.162308525538087
    endloop
  endfacet
  facet normal 0 -0.7205215936007887 0.6934325007922401
    outer loop
      vertex -1 -2.4262979702388785 5.162308525538087
      vertex 0 -2.4262979702388785 5.162308525538087
      vertex -1 -2.2536556275747857 5.341695179202558
    endloop
  endfacet
  facet normal 2.020266902748705e-18 -0.6653257001655646 0.7465532216119635
    outer loop
      vertex -1 -2.2536556275747857 5.341695179202558
      vertex 0 -2.067787937561319 5.507339834421315
      vertex -1 -2.067787937561319 5.507339834421315
    endloop
  endfacet
  facet normal 0 -0.7205215936007887 0.6934325007922401
    outer loop
      vertex -1 -2.2536556275747857 5.341695179202558
      vertex 0 -2.4262979702388785 5.162308525538087
      vertex 0 -2.2536556275747857 5.341695179202558
    endloop
  endfacet
  facet normal 0 -0.6653257001655646 0.7465532216119635
    outer loop
      vertex -1 -2.2536556275747857 5.341695179202558
      vertex 0 -2.2536556275747857 5.341695179202558
      vertex 0 -2.067787937561319 5.507339834421315
    endloop
  endfacet
  facet normal 1.776907547316168e-18 -0.606225410966636 0.7952928712734281
    outer loop
      vertex -1 -2.067787937561319 5.507339834421315
      vertex 0 -1.869785645710517 5.658270422491832
      vertex -1 -1.869785645710517 5.658270422491832
    endloop
  endfacet
  facet normal 2.2940198428805695e-18 -0.5435675500012233 0.8393654261319486
    outer loop
      vertex -1 -1.869785645710517 5.658270422491832
      vertex 0 -1.6608107082031078 5.793601222708404
      vertex -1 -1.6608107082031078 5.793601222708404
    endloop
  endfacet
  facet normal 0 -0.606225410966636 0.7952928712734281
    outer loop
      vertex -1 -2.067787937561319 5.507339834421315
      vertex 0 -2.067787937561319 5.507339834421315
      vertex 0 -1.869785645710517 5.658270422491832
    endloop
  endfacet
  facet normal 0 -0.5435675500012233 0.8393654261319486
    outer loop
      vertex -1 -1.869785645710517 5.658270422491832
      vertex 0 -1.869785645710517 5.658270422491832
      vertex 0 -1.6608107082031078 5.793601222708404
    endloop
  endfacet
  facet normal 0 -0.4777198185122639 0.8785122509109418
    outer loop
      vertex -1 -1.6608107082031078 5.793601222708404
      vertex 0 -1.6608107082031078 5.793601222708404
      vertex 0 -1.442089473067619 5.912538060123431
    endloop
  endfacet
  facet normal 4.7390912717776875e-18 -0.4777198185122639 0.8785122509109418
    outer loop
      vertex -1 -1.6608107082031078 5.793601222708404
      vertex 0 -1.442089473067619 5.912538060123431
      vertex -1 -1.442089473067619 5.912538060123431
    endloop
  endfacet
  facet normal -3.003333552992038e-18 -0.40906863717133773 0.912503616476551
    outer loop
      vertex -1 -1.442089473067619 5.912538060123431
      vertex 0 -1.214905483482498 6.014382966081808
      vertex -1 -1.214905483482498 6.014382966081808
    endloop
  endfacet
  facet normal 0 -0.40906863717133773 0.912503616476551
    outer loop
      vertex -1 -1.442089473067619 5.912538060123431
      vertex 0 -1.442089473067619 5.912538060123431
      vertex 0 -1.214905483482498 6.014382966081808
    endloop
  endfacet
  facet normal -1.2732477135560915e-18 0.9970658011837404 0.07654925283649618
    outer loop
      vertex -1 3.2476150884151327 3.1244838844926144
      vertex -1 3.228556791718944 3.372721132544801
      vertex 0 3.228556791718944 3.372721132544801
    endloop
  endfacet
  facet normal 0 0.9970658011837404 0.07654925283649618
    outer loop
      vertex -1 3.2476150884151327 3.1244838844926144
      vertex 0 3.228556791718944 3.372721132544801
      vertex 0 3.2476150884151327 3.1244838844926144
    endloop
  endfacet
  facet normal 0 0.9882804237803484 0.15264928421887491
    outer loop
      vertex -1 3.228556791718944 3.372721132544801
      vertex 0 3.1905520399897784 3.618771104785172
      vertex 0 3.228556791718944 3.372721132544801
    endloop
  endfacet
  facet normal -4.047032545031881e-19 0.9882804237803484 0.15264928421887491
    outer loop
      vertex -1 3.228556791718944 3.372721132544801
      vertex -1 3.1905520399897784 3.618771104785172
      vertex 0 3.1905520399897784 3.618771104785172
    endloop
  endfacet
  facet normal 5.63794412297318e-19 0.9736954238777792 0.22785350890313708
    outer loop
      vertex -1 3.1905520399897784 3.618771104785172
      vertex -1 3.133823860222708 3.86118988213915
      vertex 0 3.133823860222708 3.86118988213915
    endloop
  endfacet
  facet normal 0 0.9736954238777792 0.22785350890313708
    outer loop
      vertex -1 3.1905520399897784 3.618771104785172
      vertex 0 3.133823860222708 3.86118988213915
      vertex 0 3.1905520399897784 3.618771104785172
    endloop
  endfacet
  facet normal -3.2558342422664864e-18 0.9533963920549305 0.3017205985951922
    outer loop
      vertex -1 3.133823860222708 3.86118988213915
      vertex -1 3.058705155933575 4.098554854827634
      vertex 0 3.058705155933575 4.098554854827634
    endloop
  endfacet
  facet normal 1.0560096062999794e-18 0.9275024511020946 0.3738170718407689
    outer loop
      vertex -1 3.058705155933575 4.098554854827634
      vertex -1 2.9656367535487878 4.329473070806854
      vertex 0 2.9656367535487878 4.329473070806854
    endloop
  endfacet
  facet normal 0 0.9533963920549305 0.3017205985951922
    outer loop
      vertex -1 3.133823860222708 3.86118988213915
      vertex 0 3.058705155933575 4.098554854827634
      vertex 0 3.133823860222708 3.86118988213915
    endloop
  endfacet
  facet normal 0 0.9275024511020946 0.3738170718407689
    outer loop
      vertex -1 3.058705155933575 4.098554854827634
      vertex 0 2.9656367535487878 4.329473070806854
      vertex 0 3.058705155933575 4.098554854827634
    endloop
  endfacet
  facet normal 4.589867882774748e-18 0.896165556961056 0.44371983786695884
    outer loop
      vertex -1 2.9656367535487878 4.329473070806854
      vertex -1 2.855164815460563 4.552589410164854
      vertex 0 2.855164815460563 4.552589410164854
    endloop
  endfacet
  facet normal 0 0.896165556961056 0.44371983786695884
    outer loop
      vertex -1 2.9656367535487878 4.329473070806854
      vertex 0 2.855164815460563 4.552589410164854
      vertex 0 2.9656367535487878 4.329473070806854
    endloop
  endfacet
  facet normal 0 0.8595696069872012 0.5110186794471103
    outer loop
      vertex -1 2.855164815460563 4.552589410164854
      vertex 0 2.7279376349288373 4.766594537503969
      vertex 0 2.855164815460563 4.552589410164854
    endloop
  endfacet
  facet normal 1 0 0
    outer loop
      vertex 0 -3.2476150884151327 3.1244838844926144
      vertex 0 3.228556791718944 3.372721132544801
      vertex 0 -3.2285567917189444 3.3727211325448003
    endloop
  endfacet
  facet normal 1 0 0
    outer loop
      vertex 0 -3.2285567917189444 3.3727211325448003
      vertex 0 3.1905520399897784 3.618771104785172
      vertex 0 -3.190552039989778 3.618771104785173
    endloop
  endfacet
  facet normal 1 0 0
    outer loop
      vertex 0 -3.190552039989778 3.618771104785173
      vertex 0 3.133823860222708 3.86118988213915
      vertex 0 -3.133823860222708 3.861189882139151
    endloop
  endfacet
  facet normal 1 0 0
    outer loop
      vertex 0 -3.133823860222708 3.861189882139151
      vertex 0 3.058705155933575 4.098554854827634
      vertex 0 -3.058705155933575 4.098554854827634
    endloop
  endfacet
  facet normal 1 0 0
    outer loop
      vertex 0 -3.058705155933575 4.098554854827634
      vertex 0 2.9656367535487878 4.329473070806854
      vertex 0 -2.9656367535487873 4.329473070806855
    endloop
  endfacet
  facet normal 1 0 0
    outer loop
      vertex 0 -2.9656367535487873 4.329473070806855
      vertex 0 2.855164815460563 4.552589410164854
      vertex 0 -2.855164815460563 4.552589410164854
    endloop
  endfacet
  facet normal 1 0 0
    outer loop
      vertex 0 -3.058705155933575 4.098554854827634
      vertex 0 3.058705155933575 4.098554854827634
      vertex 0 2.9656367535487878 4.329473070806854
    endloop
  endfacet
  facet normal 1 0 0
    outer loop
      vertex 0 -2.9656367535487873 4.329473070806855
      vertex 0 2.9656367535487878 4.329473070806854
      vertex 0 2.855164815460563 4.552589410164854
    endloop
  endfacet
  facet normal 1 0 0
    outer loop
      vertex 0 -2.855164815460563 4.552589410164854
      vertex 0 2.855164815460563 4.552589410164854
      vertex 0 2.7279376349288373 4.766594537503969
    endloop
  endfacet
  facet normal 1 0 0
    outer loop
      vertex 0 -3.2476150884151327 3.1244838844926144
      vertex 0 3.2476150884151327 3.1244838844926144
      vertex 0 3.228556791718944 3.372721132544801
    endloop
  endfacet
  facet normal 1 0 0
    outer loop
      vertex 0 -3.2285567917189444 3.3727211325448003
      vertex 0 3.228556791718944 3.372721132544801
      vertex 0 3.1905520399897784 3.618771104785172
    endloop
  endfacet
  facet normal 1 0 0
    outer loop
      vertex 0 -3.190552039989778 3.618771104785173
      vertex 0 3.1905520399897784 3.618771104785172
      vertex 0 3.133823860222708 3.86118988213915
    endloop
  endfacet
  facet normal 1 0 0
    outer loop
      vertex 0 -3.133823860222708 3.861189882139151
      vertex 0 3.133823860222708 3.86118988213915
      vertex 0 3.058705155933575 4.098554854827634
    endloop
  endfacet
  facet normal 5.027881518077526e-18 -0.3380168784085051 0.9411400479795607
    outer loop
      vertex -1 -1.214905483482498 6.014382966081808
      vertex 0 -0.9805919454343751 6.098538274178525
      vertex -1 -0.9805919454343751 6.098538274178525
    endloop
  endfacet
  facet normal 2.07844447379948e-18 -0.2649815021966579 0.9642534954531421
    outer loop
      vertex -1 -0.9805919454343751 6.098538274178525
      vertex 0 -0.7405239039351964 6.164510127602782
      vertex -1 -0.7405239039351964 6.164510127602782
    endloop
  endfacet
  facet normal -2.7815101684720353e-18 -0.19039110916467014 0.9817083199968546
    outer loop
      vertex -1 -0.7405239039351964 6.164510127602782
      vertex 0 -0.49611017371134214 6.211911377286133
      vertex -1 -0.49611017371134214 6.211911377286133
    endloop
  endfacet
  facet normal 1.4105427263566443e-19 -0.11468342539840044 0.993402089759675
    outer loop
      vertex -1 -0.49611017371134214 6.211911377286133
      vertex 0 -0.24878507171861006 6.240463853847157
      vertex -1 -0.24878507171861006 6.240463853847157
    endloop
  endfacet
  facet normal 0 -0.3380168784085051 0.9411400479795607
    outer loop
      vertex -1 -1.214905483482498 6.014382966081808
      vertex 0 -1.214905483482498 6.014382966081808
      vertex 0 -0.9805919454343751 6.098538274178525
    endloop
  endfacet
  facet normal 0 -0.2649815021966579 0.9642534954531421
    outer loop
      vertex -1 -0.9805919454343751 6.098538274178525
      vertex 0 -0.9805919454343751 6.098538274178525
      vertex 0 -0.7405239039351964 6.164510127602782
    endloop
  endfacet
  facet normal 0 -0.19039110916467014 0.9817083199968546
    outer loop
      vertex -1 -0.7405239039351964 6.164510127602782
      vertex 0 -0.7405239039351964 6.164510127602782
      vertex 0 -0.49611017371134214 6.211911377286133
    endloop
  endfacet
  facet normal 0 -0.11468342539840044 0.993402089759675
    outer loop
      vertex -1 -0.49611017371134214 6.211911377286133
      vertex 0 -0.49611017371134214 6.211911377286133
      vertex 0 -0.24878507171861006 6.240463853847157
    endloop
  endfacet
  facet normal 0 -0.038302733690034965 0.99926618105081
    outer loop
      vertex -1 -0.24878507171861006 6.240463853847157
      vertex 0 -0.24878507171861006 6.240463853847157
      vertex 0 0 6.25
    endloop
  endfacet
  facet normal -8.633622284099877e-19 -0.038302733690034965 0.99926618105081
    outer loop
      vertex -1 -0.24878507171861006 6.240463853847157
      vertex 0 0 6.25
      vertex -1 0 6.25
    endloop
  endfacet
  facet normal 8.633622284099877e-19 0.038302733690034965 0.99926618105081
    outer loop
      vertex -1 0 6.25
      vertex 0 0.24878507171861006 6.240463853847157
      vertex -1 0.24878507171861006 6.240463853847157
    endloop
  endfacet
  facet normal -1.4105427263566443e-19 0.11468342539840044 0.993402089759675
    outer loop
      vertex -1 0.24878507171861006 6.240463853847157
      vertex 0 0.49611017371134214 6.211911377286133
      vertex -1 0.49611017371134214 6.211911377286133
    endloop
  endfacet
  facet normal 2.7815101684720353e-18 0.19039110916467014 0.9817083199968546
    outer loop
      vertex -1 0.49611017371134214 6.211911377286133
      vertex 0 0.7405239039351964 6.164510127602782
      vertex -1 0.7405239039351964 6.164510127602782
    endloop
  endfacet
  facet normal 0 0.2649815021966579 0.9642534954531421
    outer loop
      vertex -1 0.9805919454343751 6.098538274178525
      vertex -1 0.7405239039351964 6.164510127602782
      vertex 0 0.9805919454343751 6.098538274178525
    endloop
  endfacet
  facet normal 0 0.038302733690034965 0.99926618105081
    outer loop
      vertex -1 0 6.25
      vertex 0 0 6.25
      vertex 0 0.24878507171861006 6.240463853847157
    endloop
  endfacet
  facet normal 0 0.11468342539840044 0.993402089759675
    outer loop
      vertex -1 0.24878507171861006 6.240463853847157
      vertex 0 0.24878507171861006 6.240463853847157
      vertex 0 0.49611017371134214 6.211911377286133
    endloop
  endfacet
  facet normal 0 0.19039110916467014 0.9817083199968546
    outer loop
      vertex -1 0.49611017371134214 6.211911377286133
      vertex 0 0.49611017371134214 6.211911377286133
      vertex 0 0.7405239039351964 6.164510127602782
    endloop
  endfacet
  facet normal 0 0.2649815021966579 0.9642534954531421
    outer loop
      vertex -1 0.7405239039351964 6.164510127602782
      vertex 0 0.7405239039351964 6.164510127602782
      vertex 0 0.9805919454343751 6.098538274178525
    endloop
  endfacet
  facet normal 0 0.817929360766718 0.5753186602186202
    outer loop
      vertex -1 2.584701831638636 4.970232585641574
      vertex 0 2.584701831638636 4.970232585641574
      vertex -1 2.7279376349288373 4.766594537503969
    endloop
  endfacet
  facet normal -3.805713409922776e-18 0.8595696069872012 0.5110186794471103
    outer loop
      vertex -1 2.855164815460563 4.552589410164854
      vertex -1 2.7279376349288373 4.766594537503969
      vertex 0 2.7279376349288373 4.766594537503969
    endloop
  endfacet
  facet normal 0 0.817929360766718 0.5753186602186202
    outer loop
      vertex -1 2.7279376349288373 4.766594537503969
      vertex 0 2.584701831638636 4.970232585641574
      vertex 0 2.7279376349288373 4.766594537503969
    endloop
  endfacet
  facet normal 0 0.7714891798219418 0.6362424423265612
    outer loop
      vertex -1 2.584701831638636 4.970232585641574
      vertex 0 2.4262979702388785 5.162308525538087
      vertex 0 2.584701831638636 4.970232585641574
    endloop
  endfacet
  facet normal -1.4999930132431032e-18 0.7714891798219418 0.6362424423265612
    outer loop
      vertex -1 2.584701831638636 4.970232585641574
      vertex -1 2.4262979702388785 5.162308525538087
      vertex 0 2.4262979702388785 5.162308525538087
    endloop
  endfacet
  facet normal 2.7279202753475616e-18 0.7205215936007887 0.6934325007922401
    outer loop
      vertex -1 2.4262979702388785 5.162308525538087
      vertex -1 2.2536556275747857 5.341695179202558
      vertex 0 2.2536556275747857 5.341695179202558
    endloop
  endfacet
  facet normal 0 0.6653257001655646 0.7465532216119635
    outer loop
      vertex -1 2.2536556275747857 5.341695179202558
      vertex -1 2.067787937561319 5.507339834421315
      vertex 0 2.2536556275747857 5.341695179202558
    endloop
  endfacet
  facet normal 0 0.7205215936007887 0.6934325007922401
    outer loop
      vertex -1 2.4262979702388785 5.162308525538087
      vertex 0 2.2536556275747857 5.341695179202558
      vertex 0 2.4262979702388785 5.162308525538087
    endloop
  endfacet
  facet normal 0 0.6653257001655646 0.7465532216119635
    outer loop
      vertex -1 2.067787937561319 5.507339834421315
      vertex 0 2.067787937561319 5.507339834421315
      vertex 0 2.2536556275747857 5.341695179202558
    endloop
  endfacet
  facet normal 0 0.606225410966636 0.7952928712734281
    outer loop
      vertex -1 2.067787937561319 5.507339834421315
      vertex -1 1.869785645710517 5.658270422491832
      vertex 0 2.067787937561319 5.507339834421315
    endloop
  endfacet
  facet normal -2.2940198428805695e-18 0.5435675500012233 0.8393654261319486
    outer loop
      vertex -1 1.6608107082031078 5.793601222708404
      vertex 0 1.869785645710517 5.658270422491832
      vertex -1 1.869785645710517 5.658270422491832
    endloop
  endfacet
  facet normal 0 0.4777198185122639 0.8785122509109418
    outer loop
      vertex -1 1.6608107082031078 5.793601222708404
      vertex -1 1.442089473067619 5.912538060123431
      vertex 0 1.6608107082031078 5.793601222708404
    endloop
  endfacet
  facet normal 0 0.606225410966636 0.7952928712734281
    outer loop
      vertex -1 1.869785645710517 5.658270422491832
      vertex 0 1.869785645710517 5.658270422491832
      vertex 0 2.067787937561319 5.507339834421315
    endloop
  endfacet
  facet normal 0 0.5435675500012233 0.8393654261319486
    outer loop
      vertex -1 1.6608107082031078 5.793601222708404
      vertex 0 1.6608107082031078 5.793601222708404
      vertex 0 1.869785645710517 5.658270422491832
    endloop
  endfacet
  facet normal -5.027881518077526e-18 0.3380168784085051 0.9411400479795607
    outer loop
      vertex -1 0.9805919454343751 6.098538274178525
      vertex 0 1.214905483482498 6.014382966081808
      vertex -1 1.214905483482498 6.014382966081808
    endloop
  endfacet
  facet normal 3.003333552992038e-18 0.40906863717133773 0.912503616476551
    outer loop
      vertex -1 1.214905483482498 6.014382966081808
      vertex 0 1.442089473067619 5.912538060123431
      vertex -1 1.442089473067619 5.912538060123431
    endloop
  endfacet
  facet normal 0 0.4777198185122639 0.8785122509109418
    outer loop
      vertex -1 1.442089473067619 5.912538060123431
      vertex 0 1.442089473067619 5.912538060123431
      vertex 0 1.6608107082031078 5.793601222708404
    endloop
  endfacet
  facet normal 0 0.40906863717133773 0.912503616476551
    outer loop
      vertex -1 1.214905483482498 6.014382966081808
      vertex 0 1.214905483482498 6.014382966081808
      vertex 0 1.442089473067619 5.912538060123431
    endloop
  endfacet
  facet normal 0 0.3380168784085051 0.9411400479795607
    outer loop
      vertex -1 0.9805919454343751 6.098538274178525
      vertex 0 0.9805919454343751 6.098538274178525
      vertex 0 1.214905483482498 6.014382966081808
    endloop
  endfacet
  facet normal 1 0 0
    outer loop
      vertex 0 -2.855164815460563 4.552589410164854
      vertex 0 2.7279376349288373 4.766594537503969
      vertex 0 -2.727937634928837 4.766594537503969
    endloop
  endfacet
  facet normal 1 0 0
    outer loop
      vertex 0 -2.727937634928837 4.766594537503969
      vertex 0 2.584701831638636 4.970232585641574
      vertex 0 -2.584701831638636 4.970232585641574
    endloop
  endfacet
  facet normal 1 0 0
    outer loop
      vertex 0 -2.584701831638636 4.970232585641574
      vertex 0 2.4262979702388785 5.162308525538087
      vertex 0 -2.4262979702388785 5.162308525538087
    endloop
  endfacet
  facet normal 1 0 0
    outer loop
      vertex 0 -2.4262979702388785 5.162308525538087
      vertex 0 2.2536556275747857 5.341695179202558
      vertex 0 -2.2536556275747857 5.341695179202558
    endloop
  endfacet
  facet normal 1 0 0
    outer loop
      vertex 0 -2.2536556275747857 5.341695179202558
      vertex 0 2.067787937561319 5.507339834421315
      vertex 0 -2.067787937561319 5.507339834421315
    endloop
  endfacet
  facet normal 1 0 0
    outer loop
      vertex 0 -2.727937634928837 4.766594537503969
      vertex 0 2.7279376349288373 4.766594537503969
      vertex 0 2.584701831638636 4.970232585641574
    endloop
  endfacet
  facet normal 1 0 0
    outer loop
      vertex 0 -2.584701831638636 4.970232585641574
      vertex 0 2.584701831638636 4.970232585641574
      vertex 0 2.4262979702388785 5.162308525538087
    endloop
  endfacet
  facet normal 1 0 0
    outer loop
      vertex 0 -2.4262979702388785 5.162308525538087
      vertex 0 2.4262979702388785 5.162308525538087
      vertex 0 2.2536556275747857 5.341695179202558
    endloop
  endfacet
  facet normal 1 0 0
    outer loop
      vertex 0 -2.2536556275747857 5.341695179202558
      vertex 0 2.2536556275747857 5.341695179202558
      vertex 0 2.067787937561319 5.507339834421315
    endloop
  endfacet
  facet normal 1 0 0
    outer loop
      vertex 0 -2.067787937561319 5.507339834421315
      vertex 0 1.869785645710517 5.658270422491832
      vertex 0 -1.869785645710517 5.658270422491832
    endloop
  endfacet
  facet normal 1 0 0
    outer loop
      vertex 0 -1.869785645710517 5.658270422491832
      vertex 0 1.6608107082031078 5.793601222708404
      vertex 0 -1.6608107082031078 5.793601222708404
    endloop
  endfacet
  facet normal 1 0 0
    outer loop
      vertex 0 -1.6608107082031078 5.793601222708404
      vertex 0 1.442089473067619 5.912538060123431
      vertex 0 -1.442089473067619 5.912538060123431
    endloop
  endfacet
  facet normal 1 0 0
    outer loop
      vertex 0 -1.442089473067619 5.912538060123431
      vertex 0 1.214905483482498 6.014382966081808
      vertex 0 -1.214905483482498 6.014382966081808
    endloop
  endfacet
  facet normal 1 0 0
    outer loop
      vertex 0 -1.214905483482498 6.014382966081808
      vertex 0 0.9805919454343751 6.098538274178525
      vertex 0 -0.9805919454343751 6.098538274178525
    endloop
  endfacet
  facet normal 1 0 0
    outer loop
      vertex 0 -0.9805919454343751 6.098538274178525
      vertex 0 0.7405239039351964 6.164510127602782
      vertex 0 -0.7405239039351964 6.164510127602782
    endloop
  endfacet
  facet normal 1 0 0
    outer loop
      vertex 0 -0.7405239039351964 6.164510127602782
      vertex 0 0.49611017371134214 6.211911377286133
      vertex 0 -0.49611017371134214 6.211911377286133
    endloop
  endfacet
  facet normal 1 0 0
    outer loop
      vertex 0 -0.49611017371134214 6.211911377286133
      vertex 0 0.24878507171861006 6.240463853847157
      vertex 0 -0.24878507171861006 6.240463853847157
    endloop
  endfacet
  facet normal 1 0 0
    outer loop
      vertex 0 -2.067787937561319 5.507339834421315
      vertex 0 2.067787937561319 5.507339834421315
      vertex 0 1.869785645710517 5.658270422491832
    endloop
  endfacet
  facet normal 1 0 0
    outer loop
      vertex 0 -1.869785645710517 5.658270422491832
      vertex 0 1.869785645710517 5.658270422491832
      vertex 0 1.6608107082031078 5.793601222708404
    endloop
  endfacet
  facet normal 1 0 0
    outer loop
      vertex 0 -1.6608107082031078 5.793601222708404
      vertex 0 1.6608107082031078 5.793601222708404
      vertex 0 1.442089473067619 5.912538060123431
    endloop
  endfacet
  facet normal 1 0 0
    outer loop
      vertex 0 -1.442089473067619 5.912538060123431
      vertex 0 1.442089473067619 5.912538060123431
      vertex 0 1.214905483482498 6.014382966081808
    endloop
  endfacet
  facet normal 1 0 0
    outer loop
      vertex 0 -1.214905483482498 6.014382966081808
      vertex 0 1.214905483482498 6.014382966081808
      vertex 0 0.9805919454343751 6.098538274178525
    endloop
  endfacet
  facet normal 1 0 0
    outer loop
      vertex 0 -0.24878507171861006 6.240463853847157
      vertex 0 0.24878507171861006 6.240463853847157
      vertex 0 0 6.25
    endloop
  endfacet
  facet normal 1 0 0
    outer loop
      vertex 0 -0.49611017371134214 6.211911377286133
      vertex 0 0.49611017371134214 6.211911377286133
      vertex 0 0.24878507171861006 6.240463853847157
    endloop
  endfacet
  facet normal 1 0 0
    outer loop
      vertex 0 -0.9805919454343751 6.098538274178525
      vertex 0 0.9805919454343751 6.098538274178525
      vertex 0 0.7405239039351964 6.164510127602782
    endloop
  endfacet
  facet normal 1 0 0
    outer loop
      vertex 0 -0.7405239039351964 6.164510127602782
      vertex 0 0.7405239039351964 6.164510127602782
      vertex 0 0.49611017371134214 6.211911377286133
    endloop
  endfacet
  facet normal -0.7057197555307769 -0.6134728240978142 -0.35441602777954745
    outer loop
      vertex -0.21026925213562198 -11.482319506444659 0.21596762537956238
      vertex 0.1265851405170384 -11.99909929946056 0.4397316575050354
      vertex -0.27621980741346697 -11.535725213089004 0.4397316575050354
    endloop
  endfacet
  facet normal -0.753334327094973 -0.6548635396853705 -0.060341826381966626
    outer loop
      vertex -0.27621980741346697 -11.535725213089004 0.4397316575050354
      vertex 0.12391894552043858 -12.001585566517473 0.5
      vertex -0.27905294091573385 -11.538019439363048 0.5
    endloop
  endfacet
  facet normal -0.5563313068443866 -0.36128577499823966 -0.7483101401215531
    outer loop
      vertex -0.7538298282005895 -10.394491083589394 0.057271987199783325
      vertex -0.576204903632858 -10.996706495078959 0.21596762537956238
      vertex -0.9073745029977731 -10.486750031936415 0.21596762537956238
    endloop
  endfacet
  facet normal -0.8178462577917985 -0.4533395833907664 -0.35441602777955394
    outer loop
      vertex -0.9073745029977731 -10.486750031936415 0.21596762537956238
      vertex -0.9801158698078574 -10.530457454626834 0.4397316575050354
      vertex -1.2021646252313092 -9.954934573644813 0.21596762537956238
    endloop
  endfacet
  facet normal -0.7842306546666569 -0.5092853419587828 -0.35441602777954717
    outer loop
      vertex -0.645720200446033 -11.045381629928428 0.4397316575050354
      vertex -0.9073745029977731 -10.486750031936415 0.21596762537956238
      vertex -0.576204903632858 -10.996706495078959 0.21596762537956238
    endloop
  endfacet
  facet normal -0.7842306546666529 -0.5092853419587837 -0.3544160277795541
    outer loop
      vertex -0.645720200446033 -11.045381629928428 0.4397316575050354
      vertex -0.9801158698078574 -10.530457454626834 0.4397316575050354
      vertex -0.9073745029977731 -10.486750031936415 0.21596762537956238
    endloop
  endfacet
  facet normal -0.5297740900642386 -0.39921341120742776 -0.7483101401215523
    outer loop
      vertex -0.21026925213562198 -11.482319506444659 0.21596762537956238
      vertex -0.576204903632858 -10.996706495078959 0.21596762537956238
      vertex -0.4294699148543817 -10.893961549817153 0.057271987199783325
    endloop
  endfacet
  facet normal -0.5297740900642344 -0.3992134112074271 -0.7483101401215556
    outer loop
      vertex -0.21026925213562198 -11.482319506444659 0.21596762537956238
      vertex -0.4294699148543817 -10.893961549817153 0.057271987199783325
      vertex -0.07105882749143078 -11.369589127313496 0.057271987199783325
    endloop
  endfacet
  facet normal -0.19123581039427984 -0.1441065194472999 -0.970907913180044
    outer loop
      vertex -0.4294699148543817 -10.893961549817153 0.057271987199783325
      vertex -0.23913044756783375 -10.760684420004292 0
      vertex -0.07105882749143078 -11.369589127313496 0.057271987199783325
    endloop
  endfacet
  facet normal -0.19123581039428106 -0.1441065194473002 -0.9709079131800437
    outer loop
      vertex -0.07105882749143078 -11.369589127313496 0.057271987199783325
      vertex -0.23913044756783375 -10.760684420004292 0
      vertex 0.10952003981275116 -11.22335924383813 0
    endloop
  endfacet
  facet normal -0.7467943586225696 -0.5627499135339534 -0.3544160277795471
    outer loop
      vertex -0.21026925213562198 -11.482319506444659 0.21596762537956238
      vertex -0.27621980741346697 -11.535725213089004 0.4397316575050354
      vertex -0.576204903632858 -10.996706495078959 0.21596762537956238
    endloop
  endfacet
  facet normal -0.7467943586225697 -0.5627499135339533 -0.354416027779547
    outer loop
      vertex -0.27621980741346697 -11.535725213089004 0.4397316575050354
      vertex -0.645720200446033 -11.045381629928428 0.4397316575050354
      vertex -0.576204903632858 -10.996706495078959 0.21596762537956238
    endloop
  endfacet
  facet normal -0.20082233221182055 -0.13041554742198935 -0.9709079131800441
    outer loop
      vertex -0.4294699148543817 -10.893961549817153 0.057271987199783325
      vertex -0.5546570756834406 -10.274816020218516 0
      vertex -0.23913044756783375 -10.760684420004292 0
    endloop
  endfacet
  facet normal -0.5563313068443876 -0.3612857749982397 -0.7483101401215523
    outer loop
      vertex -0.7538298282005895 -10.394491083589394 0.057271987199783325
      vertex -0.4294699148543817 -10.893961549817153 0.057271987199783325
      vertex -0.576204903632858 -10.996706495078959 0.21596762537956238
    endloop
  endfacet
  facet normal -0.20082233221182053 -0.13041554742198938 -0.9709079131800442
    outer loop
      vertex -0.7538298282005895 -10.394491083589394 0.057271987199783325
      vertex -0.5546570756834406 -10.274816020218516 0
      vertex -0.4294699148543817 -10.893961549817153 0.057271987199783325
    endloop
  endfacet
  facet normal -0.8371423187327638 -0.5436465783720323 -0.06034182638198307
    outer loop
      vertex -0.645720200446033 -11.045381629928428 0.4397316575050354
      vertex -0.6487064697123293 -11.047472638179814 0.5
      vertex -0.9801158698078574 -10.530457454626834 0.4397316575050354
    endloop
  endfacet
  facet normal -0.8371423187327666 -0.5436465783720311 -0.06034182638195657
    outer loop
      vertex -0.6487064697123293 -11.047472638179814 0.5
      vertex -0.983240726034496 -10.532335057673544 0.5
      vertex -0.9801158698078574 -10.530457454626834 0.4397316575050354
    endloop
  endfacet
  facet normal -0.8730259503892539 -0.48392618645391555 -0.06034182638195703
    outer loop
      vertex -0.9801158698078574 -10.530457454626834 0.4397316575050354
      vertex -0.983240726034496 -10.532335057673544 0.5
      vertex -1.2777776734111397 -9.993461346006285 0.4397316575050354
    endloop
  endfacet
  facet normal -0.7971802138486672 -0.6007183788074739 -0.06034182638198363
    outer loop
      vertex -0.27905294091573385 -11.538019439363048 0.5
      vertex -0.6487064697123293 -11.047472638179814 0.5
      vertex -0.645720200446033 -11.045381629928428 0.4397316575050354
    endloop
  endfacet
  facet normal -0.7971802138486689 -0.6007183788074733 -0.06034182638196806
    outer loop
      vertex -0.27621980741346697 -11.535725213089004 0.4397316575050354
      vertex -0.27905294091573385 -11.538019439363048 0.5
      vertex -0.645720200446033 -11.045381629928428 0.4397316575050354
    endloop
  endfacet
  facet normal -0.7547095802227723 -0.6560590289905068 0
    outer loop
      vertex -0.27905294091573385 -11.538019439363048 0.5
      vertex 0.12391894552043858 -12.001585566517473 1.5
      vertex -0.27905294091573385 -11.538019439363048 1.5
    endloop
  endfacet
  facet normal -0.8386705679454232 -0.5446390350150284 0
    outer loop
      vertex -0.6487064697123293 -11.047472638179814 0.5
      vertex -0.6487064697123293 -11.047472638179814 1.5
      vertex -0.983240726034496 -10.532335057673544 0.5
    endloop
  endfacet
  facet normal -0.8746197071393965 -0.48480962024633545 0
    outer loop
      vertex -0.983240726034496 -10.532335057673544 0.5
      vertex -0.983240726034496 -10.532335057673544 1.5
      vertex -1.2810258926126954 -9.995116396355014 0.5
    endloop
  endfacet
  facet normal -0.8386705679454232 -0.5446390350150284 0
    outer loop
      vertex -0.983240726034496 -10.532335057673544 0.5
      vertex -0.6487064697123293 -11.047472638179814 1.5
      vertex -0.983240726034496 -10.532335057673544 1.5
    endloop
  endfacet
  facet normal -0.7986355100472932 -0.6018150231520477 0
    outer loop
      vertex -0.27905294091573385 -11.538019439363048 0.5
      vertex -0.27905294091573385 -11.538019439363048 1.5
      vertex -0.6487064697123293 -11.047472638179814 0.5
    endloop
  endfacet
  facet normal -0.7986355100472932 -0.6018150231520477 0
    outer loop
      vertex -0.6487064697123293 -11.047472638179814 0.5
      vertex -0.27905294091573385 -11.538019439363048 1.5
      vertex -0.6487064697123293 -11.047472638179814 1.5
    endloop
  endfacet
  facet normal -0.4351961198060087 -0.5006358671700012 -0.7483101401215508
    outer loop
      vertex 1.1902423902760377 -12.630890345080966 0.057271987199783325
      vertex 1.0775120111448757 -12.770100769725154 0.21596762537956238
      vertex 0.7407749112587538 -12.240174226491547 0.057271987199783325
    endloop
  endfacet
  facet normal -0.6134728240978148 -0.7057197555307747 -0.35441602777955117
    outer loop
      vertex 1.0241063045005312 -12.836051325003002 0.4397316575050354
      vertex 0.560732218128976 -12.433246377072496 0.4397316575050354
      vertex 0.6186083093337453 -12.371181867805966 0.21596762537956238
    endloop
  endfacet
  facet normal -0.6134728240978126 -0.7057197555307745 -0.3544160277795548
    outer loop
      vertex 1.0241063045005312 -12.836051325003002 0.4397316575050354
      vertex 0.6186083093337453 -12.371181867805966 0.21596762537956238
      vertex 1.0775120111448757 -12.770100769725154 0.21596762537956238
    endloop
  endfacet
  facet normal -0.6548635396853717 -0.7533343270949698 -0.06034182638199389
    outer loop
      vertex 1.0218120782264855 -12.83888445850527 0.5
      vertex 0.5582459510720614 -12.435912572069096 0.5
      vertex 0.560732218128976 -12.433246377072496 0.4397316575050354
    endloop
  endfacet
  facet normal -0.6548635396853714 -0.75333432709497 -0.060341826381996914
    outer loop
      vertex 1.0241063045005312 -12.836051325003002 0.4397316575050354
      vertex 1.0218120782264855 -12.83888445850527 0.5
      vertex 0.560732218128976 -12.433246377072496 0.4397316575050354
    endloop
  endfacet
  facet normal -0.3992134112074311 -0.5297740900642383 -0.7483101401215507
    outer loop
      vertex 1.1902423902760377 -12.630890345080966 0.057271987199783325
      vertex 1.563125022510575 -13.136036421222393 0.21596762537956238
      vertex 1.0775120111448757 -12.770100769725154 0.21596762537956238
    endloop
  endfacet
  facet normal -0.39921341120742826 -0.5297740900642369 -0.7483101401215532
    outer loop
      vertex 1.1902423902760377 -12.630890345080966 0.057271987199783325
      vertex 1.665869967772382 -12.989301432443916 0.057271987199783325
      vertex 1.563125022510575 -13.136036421222393 0.21596762537956238
    endloop
  endfacet
  facet normal -0.14410651944729938 -0.19123581039427953 -0.9709079131800442
    outer loop
      vertex 1.1902423902760377 -12.630890345080966 0.057271987199783325
      vertex 1.3364722737514052 -12.450311477776783 0
      vertex 1.665869967772382 -12.989301432443916 0.057271987199783325
    endloop
  endfacet
  facet normal -0.1441065194472988 -0.19123581039427917 -0.9709079131800443
    outer loop
      vertex 1.665869967772382 -12.989301432443916 0.057271987199783325
      vertex 1.3364722737514052 -12.450311477776783 0
      vertex 1.7991470975852435 -12.798961965157368 0
    endloop
  endfacet
  facet normal -0.5627499135339514 -0.7467943586225675 -0.354416027779555
    outer loop
      vertex 1.0241063045005312 -12.836051325003002 0.4397316575050354
      vertex 1.0775120111448757 -12.770100769725154 0.21596762537956238
      vertex 1.5144498876611054 -13.205551718035567 0.4397316575050354
    endloop
  endfacet
  facet normal -0.5627499135339574 -0.746794358622568 -0.3544160277795443
    outer loop
      vertex 1.563125022510575 -13.136036421222393 0.21596762537956238
      vertex 1.5144498876611054 -13.205551718035567 0.4397316575050354
      vertex 1.0775120111448757 -12.770100769725154 0.21596762537956238
    endloop
  endfacet
  facet normal -0.3612857749982389 -0.5563313068443869 -0.7483101401215533
    outer loop
      vertex 1.665869967772382 -12.989301432443916 0.057271987199783325
      vertex 2.073081485653119 -13.467206020587307 0.21596762537956238
      vertex 1.563125022510575 -13.136036421222393 0.21596762537956238
    endloop
  endfacet
  facet normal -0.36128577499823905 -0.556331306844387 -0.7483101401215528
    outer loop
      vertex 1.665869967772382 -12.989301432443916 0.057271987199783325
      vertex 2.1653404340001403 -13.313661345790123 0.057271987199783325
      vertex 2.073081485653119 -13.467206020587307 0.21596762537956238
    endloop
  endfacet
  facet normal -0.5092853419587829 -0.7842306546666578 -0.35441602777954434
    outer loop
      vertex 1.563125022510575 -13.136036421222393 0.21596762537956238
      vertex 2.0293740629627024 -13.53994738739739 0.4397316575050354
      vertex 1.5144498876611054 -13.205551718035567 0.4397316575050354
    endloop
  endfacet
  facet normal -0.509285341958782 -0.7842306546666578 -0.35441602777954617
    outer loop
      vertex 1.563125022510575 -13.136036421222393 0.21596762537956238
      vertex 2.073081485653119 -13.467206020587307 0.21596762537956238
      vertex 2.0293740629627024 -13.53994738739739 0.4397316575050354
    endloop
  endfacet
  facet normal -0.13041554742198866 -0.2008223322118196 -0.9709079131800445
    outer loop
      vertex 1.665869967772382 -12.989301432443916 0.057271987199783325
      vertex 1.7991470975852435 -12.798961965157368 0
      vertex 2.1653404340001403 -13.313661345790123 0.057271987199783325
    endloop
  endfacet
  facet normal -0.13041554742198858 -0.20082233221181953 -0.9709079131800443
    outer loop
      vertex 2.1653404340001403 -13.313661345790123 0.057271987199783325
      vertex 1.7991470975852435 -12.798961965157368 0
      vertex 2.2850154973710186 -13.114488593272974 0
    endloop
  endfacet
  facet normal -0.6007183788074709 -0.7971802138486684 -0.060341826381997414
    outer loop
      vertex 1.0241063045005312 -12.836051325003002 0.4397316575050354
      vertex 1.51235887940972 -13.208537987301863 0.5
      vertex 1.0218120782264855 -12.83888445850527 0.5
    endloop
  endfacet
  facet normal -0.6007183788074726 -0.7971802138486684 -0.06034182638198399
    outer loop
      vertex 1.0241063045005312 -12.836051325003002 0.4397316575050354
      vertex 1.5144498876611054 -13.205551718035567 0.4397316575050354
      vertex 1.51235887940972 -13.208537987301863 0.5
    endloop
  endfacet
  facet normal -0.5436465783720285 -0.8371423187327645 -0.06034182638200954
    outer loop
      vertex 1.5144498876611054 -13.205551718035567 0.4397316575050354
      vertex 2.0293740629627024 -13.53994738739739 0.4397316575050354
      vertex 2.027496459915991 -13.543072243624032 0.5
    endloop
  endfacet
  facet normal -0.5436465783720315 -0.8371423187327643 -0.06034182638198307
    outer loop
      vertex 1.5144498876611054 -13.205551718035567 0.4397316575050354
      vertex 2.027496459915991 -13.543072243624032 0.5
      vertex 1.51235887940972 -13.208537987301863 0.5
    endloop
  endfacet
  facet normal -0.656059028990509 -0.7547095802227705 0
    outer loop
      vertex 1.0218120782264855 -12.83888445850527 0.5
      vertex 1.0218120782264855 -12.83888445850527 1.5
      vertex 0.5582459510720614 -12.435912572069096 0.5
    endloop
  endfacet
  facet normal -0.656059028990509 -0.7547095802227705 0
    outer loop
      vertex 0.5582459510720614 -12.435912572069096 0.5
      vertex 1.0218120782264855 -12.83888445850527 1.5
      vertex 0.5582459510720614 -12.435912572069096 1.5
    endloop
  endfacet
  facet normal -0.6018150231520453 -0.7986355100472952 7.9621813355109e-18
    outer loop
      vertex 1.0218120782264855 -12.83888445850527 0.5
      vertex 1.51235887940972 -13.208537987301863 0.5
      vertex 1.51235887940972 -13.208537987301863 1.5
    endloop
  endfacet
  facet normal -0.6018150231520453 -0.7986355100472952 0
    outer loop
      vertex 1.0218120782264855 -12.83888445850527 0.5
      vertex 1.51235887940972 -13.208537987301863 1.5
      vertex 1.0218120782264855 -12.83888445850527 1.5
    endloop
  endfacet
  facet normal -0.5446390350150297 -0.8386705679454224 2.242514929129557e-17
    outer loop
      vertex 1.51235887940972 -13.208537987301863 0.5
      vertex 2.027496459915991 -13.543072243624032 0.5
      vertex 2.027496459915991 -13.543072243624032 1.5
    endloop
  endfacet
  facet normal -0.5446390350150297 -0.8386705679454224 0
    outer loop
      vertex 1.51235887940972 -13.208537987301863 0.5
      vertex 2.027496459915991 -13.543072243624032 1.5
      vertex 1.51235887940972 -13.208537987301863 1.5
    endloop
  endfacet
  facet normal -0.4690585966546523 -0.46905859665465327 -0.7483101401215513
    outer loop
      vertex 0.3196572910979887 -11.819056606330783 0.057271987199783325
      vertex 0.6186083093337453 -12.371181867805966 0.21596762537956238
      vertex 0.18864964978356724 -11.941223208255789 0.21596762537956238
    endloop
  endfacet
  facet normal -0.6612069567287395 -0.6612069567287409 -0.3544160277795509
    outer loop
      vertex 0.18864964978356724 -11.941223208255789 0.21596762537956238
      vertex 0.6186083093337453 -12.371181867805966 0.21596762537956238
      vertex 0.560732218128976 -12.433246377072496 0.4397316575050354
    endloop
  endfacet
  facet normal -0.6612069567287384 -0.6612069567287411 -0.3544160277795531
    outer loop
      vertex 0.1265851405170384 -11.99909929946056 0.4397316575050354
      vertex 0.18864964978356724 -11.941223208255789 0.21596762537956238
      vertex 0.560732218128976 -12.433246377072496 0.4397316575050354
    endloop
  endfacet
  facet normal -0.5006358671700013 -0.43519611980600725 -0.7483101401215515
    outer loop
      vertex -0.07105882749143078 -11.369589127313496 0.057271987199783325
      vertex 0.3196572910979887 -11.819056606330783 0.057271987199783325
      vertex 0.18864964978356724 -11.941223208255789 0.21596762537956238
    endloop
  endfacet
  facet normal -0.18071760693145597 -0.1570954189954001 -0.9709079131800438
    outer loop
      vertex -0.07105882749143078 -11.369589127313496 0.057271987199783325
      vertex 0.10952003981275116 -11.22335924383813 0
      vertex 0.3196572910979887 -11.819056606330783 0.057271987199783325
    endloop
  endfacet
  facet normal -0.5006358671699963 -0.43519611980600614 -0.7483101401215555
    outer loop
      vertex -0.21026925213562198 -11.482319506444659 0.21596762537956238
      vertex -0.07105882749143078 -11.369589127313496 0.057271987199783325
      vertex 0.18864964978356724 -11.941223208255789 0.21596762537956238
    endloop
  endfacet
  facet normal -0.18071760693145478 -0.15709541899539972 -0.970907913180044
    outer loop
      vertex 0.3196572910979887 -11.819056606330783 0.057271987199783325
      vertex 0.10952003981275116 -11.22335924383813 0
      vertex 0.4895957963300237 -11.660586386486225 0
    endloop
  endfacet
  facet normal -0.7057197555307738 -0.6134728240978145 -0.35441602777955267
    outer loop
      vertex -0.21026925213562198 -11.482319506444659 0.21596762537956238
      vertex 0.18864964978356724 -11.941223208255789 0.21596762537956238
      vertex 0.1265851405170384 -11.99909929946056 0.4397316575050354
    endloop
  endfacet
  facet normal -0.16931896545332986 -0.1693189654533302 -0.970907913180044
    outer loop
      vertex 0.7407749112587538 -12.240174226491547 0.057271987199783325
      vertex 0.4895957963300237 -11.660586386486225 0
      vertex 0.899245131103311 -12.070235721259511 0
    endloop
  endfacet
  facet normal -0.46905859665465216 -0.46905859665465316 -0.7483101401215512
    outer loop
      vertex 0.3196572910979887 -11.819056606330783 0.057271987199783325
      vertex 0.7407749112587538 -12.240174226491547 0.057271987199783325
      vertex 0.6186083093337453 -12.371181867805966 0.21596762537956238
    endloop
  endfacet
  facet normal -0.1570954189953996 -0.18071760693145475 -0.9709079131800442
    outer loop
      vertex 1.1902423902760377 -12.630890345080966 0.057271987199783325
      vertex 0.7407749112587538 -12.240174226491547 0.057271987199783325
      vertex 0.899245131103311 -12.070235721259511 0
    endloop
  endfacet
  facet normal -0.4351961198060083 -0.5006358671700011 -0.748310140121551
    outer loop
      vertex 1.0775120111448757 -12.770100769725154 0.21596762537956238
      vertex 0.6186083093337453 -12.371181867805966 0.21596762537956238
      vertex 0.7407749112587538 -12.240174226491547 0.057271987199783325
    endloop
  endfacet
  facet normal -0.16931896545332992 -0.16931896545333028 -0.9709079131800441
    outer loop
      vertex 0.3196572910979887 -11.819056606330783 0.057271987199783325
      vertex 0.4895957963300237 -11.660586386486225 0
      vertex 0.7407749112587538 -12.240174226491547 0.057271987199783325
    endloop
  endfacet
  facet normal -0.70581827122457 -0.7058182712245727 -0.060341826381994056
    outer loop
      vertex 0.1265851405170384 -11.99909929946056 0.4397316575050354
      vertex 0.560732218128976 -12.433246377072496 0.4397316575050354
      vertex 0.5582459510720614 -12.435912572069096 0.5
    endloop
  endfacet
  facet normal -0.7058182712245722 -0.7058182712245722 -0.06034182638197365
    outer loop
      vertex 0.1265851405170384 -11.99909929946056 0.4397316575050354
      vertex 0.5582459510720614 -12.435912572069096 0.5
      vertex 0.12391894552043858 -12.001585566517473 0.5
    endloop
  endfacet
  facet normal -0.7533343270949721 -0.6548635396853707 -0.06034182638197459
    outer loop
      vertex -0.27621980741346697 -11.535725213089004 0.4397316575050354
      vertex 0.1265851405170384 -11.99909929946056 0.4397316575050354
      vertex 0.12391894552043858 -12.001585566517473 0.5
    endloop
  endfacet
  facet normal 0.04559588677085149 0.039635899668871336 -0.9981733369345319
    outer loop
      vertex 0.7780741056359206 -10.681974836006923 0.003645561635494232
      vertex 1.1187562308199004 -11.073884789723488 0.003645561635494232
      vertex 1.0746787554457562 -11.114987700468738 0
    endloop
  endfacet
  facet normal 0.048249678076894745 0.03635874033099998 -0.9981733369345321
    outer loop
      vertex 0.46556012138275626 -10.267254771519799 0.003645561635494232
      vertex 0.7312368066622525 -10.71990293287378 0
      vertex 0.41619118542209677 -10.301823272632845 0
    endloop
  endfacet
  facet normal 0.2833509662998065 0.21352026825575957 -0.9349445571481522
    outer loop
      vertex 0.7780741056359206 -10.681974836006923 0.003645561635494232
      vertex 0.46556012138275626 -10.267254771519799 0.003645561635494232
      vertex 0.6488568857366852 -10.13890899538973 0.08850806951522827
    endloop
  endfacet
  facet normal 0.04824967807689437 0.03635874033099975 -0.998173336934532
    outer loop
      vertex 0.7780741056359206 -10.681974836006923 0.003645561635494232
      vertex 0.7312368066622525 -10.71990293287378 0
      vertex 0.46556012138275626 -10.267254771519799 0.003645561635494232
    endloop
  endfacet
  facet normal 0.04559588677085059 0.039635899668870725 -0.9981733369345323
    outer loop
      vertex 0.7780741056359206 -10.681974836006923 0.003645561635494232
      vertex 1.0746787554457562 -11.114987700468738 0
      vertex 0.7312368066622525 -10.71990293287378 0
    endloop
  endfacet
  facet normal 0.2677663166006492 0.23276570785484416 -0.9349445571481521
    outer loop
      vertex 0.7780741056359206 -10.681974836006923 0.003645561635494232
      vertex 0.9519714195215592 -10.541155567806832 0.08850806951522827
      vertex 1.1187562308199004 -11.073884789723488 0.003645561635494232
    endloop
  endfacet
  facet normal 0.2833509662998068 0.21352026825575962 -0.9349445571481521
    outer loop
      vertex 0.7780741056359206 -10.681974836006923 0.003645561635494232
      vertex 0.6488568857366852 -10.13890899538973 0.08850806951522827
      vertex 0.9519714195215592 -10.541155567806832 0.08850806951522827
    endloop
  endfacet
  facet normal 0.5979474097082164 0.4505856923340993 -0.6628962430780815
    outer loop
      vertex 0.9519714195215592 -10.541155567806832 0.08850806951522827
      vertex 0.7788527421713969 -10.047884916778116 0.2676384150981903
      vertex 1.0753010938338114 -10.441285166729632 0.2676384150981903
    endloop
  endfacet
  facet normal 0.7754556601046263 0.5843477533469744 -0.23917822302634856
    outer loop
      vertex 1.0753010938338114 -10.441285166729632 0.2676384150981903
      vertex 0.8257672075665923 -10.015035054457321 0.5
      vertex 1.1198097873907384 -10.405242737348862 0.5
    endloop
  endfacet
  facet normal -0.1570954189953991 -0.1807176069314545 -0.9709079131800443
    outer loop
      vertex 1.1902423902760377 -12.630890345080966 0.057271987199783325
      vertex 0.899245131103311 -12.070235721259511 0
      vertex 1.3364722737514052 -12.450311477776783 0
    endloop
  endfacet
  facet normal 0.03963589966887146 0.045595886770851475 -0.9981733369345319
    outer loop
      vertex 1.4859467278660476 -11.441075286769635 0.003645561635494232
      vertex 1.8399285847157536 -11.82859471092728 0
      vertex 1.4448438171207965 -11.485152762143779 0
    endloop
  endfacet
  facet normal 0.036358740331000027 0.0482496780768947 -0.9981733369345319
    outer loop
      vertex 1.8778566815826103 -11.781757411953613 0.003645561635494232
      vertex 2.2925767460697353 -12.094271396206778 0.003645561635494232
      vertex 2.258008244956689 -12.143640332167438 0
    endloop
  endfacet
  facet normal 0.039635899668871086 0.04559588677085113 -0.9981733369345319
    outer loop
      vertex 1.4859467278660476 -11.441075286769635 0.003645561635494232
      vertex 1.8778566815826103 -11.781757411953613 0.003645561635494232
      vertex 1.8399285847157536 -11.82859471092728 0
    endloop
  endfacet
  facet normal 0.23276570785484268 0.26776631660064715 -0.934944557148153
    outer loop
      vertex 1.4859467278660476 -11.441075286769635 0.003645561635494232
      vertex 1.638553430816592 -11.277424633585438 0.08850806951522827
      vertex 1.8778566815826103 -11.781757411953613 0.003645561635494232
    endloop
  endfacet
  facet normal 0.23276570785484357 0.2677663166006475 -0.9349445571481527
    outer loop
      vertex 1.8778566815826103 -11.781757411953613 0.003645561635494232
      vertex 1.638553430816592 -11.277424633585438 0.08850806951522827
      vertex 2.0186759497827014 -11.607860098067974 0.08850806951522827
    endloop
  endfacet
  facet normal 0.03635874033100022 0.04824967807689491 -0.9981733369345321
    outer loop
      vertex 1.8778566815826103 -11.781757411953613 0.003645561635494232
      vertex 2.258008244956689 -12.143640332167438 0
      vertex 1.8399285847157536 -11.82859471092728 0
    endloop
  endfacet
  facet normal 0.21352026825575876 0.2833509662998053 -0.9349445571481527
    outer loop
      vertex 1.8778566815826103 -11.781757411953613 0.003645561635494232
      vertex 2.0186759497827014 -11.607860098067974 0.08850806951522827
      vertex 2.2925767460697353 -12.094271396206778 0.003645561635494232
    endloop
  endfacet
  facet normal 0.4911987910196083 0.5650595708541152 -0.662896243078084
    outer loop
      vertex 2.0186759497827014 -11.607860098067974 0.08850806951522827
      vertex 1.7467835958042732 -11.161361991171841 0.2676384150981903
      vertex 2.118546350859904 -11.484530423755722 0.2676384150981903
    endloop
  endfacet
  facet normal 0.04271995688774245 0.04271995688774245 -0.9981733369345319
    outer loop
      vertex 1.1187562308199004 -11.073884789723488 0.003645561635494232
      vertex 1.4448438171207965 -11.485152762143779 0
      vertex 1.0746787554457562 -11.114987700468738 0
    endloop
  endfacet
  facet normal 0.2508771363227872 0.2508771363227872 -0.9349445571481527
    outer loop
      vertex 1.4859467278660476 -11.441075286769635 0.003645561635494232
      vertex 1.1187562308199004 -11.073884789723488 0.003645561635494232
      vertex 1.2824068840040965 -10.921278086772944 0.08850806951522827
    endloop
  endfacet
  facet normal 0.042719956887742445 0.042719956887742445 -0.9981733369345319
    outer loop
      vertex 1.4859467278660476 -11.441075286769635 0.003645561635494232
      vertex 1.4448438171207965 -11.485152762143779 0
      vertex 1.1187562308199004 -11.073884789723488 0.003645561635494232
    endloop
  endfacet
  facet normal 0.2508771363227862 0.2508771363227868 -0.934944557148153
    outer loop
      vertex 1.4859467278660476 -11.441075286769635 0.003645561635494232
      vertex 1.2824068840040965 -10.921278086772944 0.08850806951522827
      vertex 1.638553430816592 -11.277424633585438 0.08850806951522827
    endloop
  endfacet
  facet normal 0.5294188185704034 0.5294188185704046 -0.6628962430780818
    outer loop
      vertex 1.2824068840040965 -10.921278086772944 0.08850806951522827
      vertex 1.3984695264176938 -10.813047921785262 0.2676384150981903
      vertex 1.638553430816592 -11.277424633585438 0.08850806951522827
    endloop
  endfacet
  facet normal 0.5294188185704033 0.5294188185704046 -0.6628962430780818
    outer loop
      vertex 1.638553430816592 -11.277424633585438 0.08850806951522827
      vertex 1.3984695264176938 -10.813047921785262 0.2676384150981903
      vertex 1.7467835958042732 -11.161361991171841 0.2676384150981903
    endloop
  endfacet
  facet normal 0.6865834900541798 0.6865834900541815 -0.2391782230263484
    outer loop
      vertex 1.3984695264176938 -10.813047921785262 0.2676384150981903
      vertex 1.4403556062553413 -10.77398852043749 0.5
      vertex 1.7467835958042732 -11.161361991171841 0.2676384150981903
    endloop
  endfacet
  facet normal 0.2677663166006474 0.23276570785484368 -0.9349445571481527
    outer loop
      vertex 0.9519714195215592 -10.541155567806832 0.08850806951522827
      vertex 1.2824068840040965 -10.921278086772944 0.08850806951522827
      vertex 1.1187562308199004 -11.073884789723488 0.003645561635494232
    endloop
  endfacet
  facet normal 0.5650595708541158 0.4911987910196112 -0.6628962430780813
    outer loop
      vertex 0.9519714195215592 -10.541155567806832 0.08850806951522827
      vertex 1.0753010938338114 -10.441285166729632 0.2676384150981903
      vertex 1.2824068840040965 -10.921278086772944 0.08850806951522827
    endloop
  endfacet
  facet normal 0.5650595708541155 0.49119879101961117 -0.6628962430780818
    outer loop
      vertex 1.2824068840040965 -10.921278086772944 0.08850806951522827
      vertex 1.0753010938338114 -10.441285166729632 0.2676384150981903
      vertex 1.3984695264176938 -10.813047921785262 0.2676384150981903
    endloop
  endfacet
  facet normal 0.7328046503770883 0.6370173639828599 -0.23917822302634864
    outer loop
      vertex 1.0753010938338114 -10.441285166729632 0.2676384150981903
      vertex 1.1198097873907384 -10.405242737348862 0.5
      vertex 1.3984695264176938 -10.813047921785262 0.2676384150981903
    endloop
  endfacet
  facet normal 0.49119879101961084 0.5650595708541158 -0.6628962430780817
    outer loop
      vertex 2.0186759497827014 -11.607860098067974 0.08850806951522827
      vertex 1.638553430816592 -11.277424633585438 0.08850806951522827
      vertex 1.7467835958042732 -11.161361991171841 0.2676384150981903
    endloop
  endfacet
  facet normal 0.6370173639828571 0.7328046503770892 -0.2391782230263537
    outer loop
      vertex 2.118546350859904 -11.484530423755722 0.2676384150981903
      vertex 1.7467835958042732 -11.161361991171841 0.2676384150981903
      vertex 1.785842997152046 -11.119475911334192 0.5
    endloop
  endfacet
  facet normal 0.7328046503770885 0.6370173639828598 -0.23917822302634842
    outer loop
      vertex 1.3984695264176938 -10.813047921785262 0.2676384150981903
      vertex 1.1198097873907384 -10.405242737348862 0.5
      vertex 1.4403556062553413 -10.77398852043749 0.5
    endloop
  endfacet
  facet normal 0.6865834900541772 0.6865834900541824 -0.2391782230263534
    outer loop
      vertex 1.4403556062553413 -10.77398852043749 0.5
      vertex 1.785842997152046 -11.119475911334192 0.5
      vertex 1.7467835958042732 -11.161361991171841 0.2676384150981903
    endloop
  endfacet
  facet normal 0.6370173639828625 0.7328046503770878 -0.2391782230263437
    outer loop
      vertex 2.118546350859904 -11.484530423755722 0.2676384150981903
      vertex 1.785842997152046 -11.119475911334192 0.5
      vertex 2.1545887802406725 -11.440021730198795 0.5
    endloop
  endfacet
  facet normal -0.7071067811865476 -0.7071067811865476 -1.6539656126917453e-17
    outer loop
      vertex 0.12391894552043858 -12.001585566517473 0.5
      vertex 0.5582459510720614 -12.435912572069096 0.5
      vertex 0.5582459510720614 -12.435912572069096 1.5
    endloop
  endfacet
  facet normal -0.7071067811865476 -0.7071067811865476 0
    outer loop
      vertex 0.12391894552043858 -12.001585566517473 0.5
      vertex 0.5582459510720614 -12.435912572069096 1.5
      vertex 0.12391894552043858 -12.001585566517473 1.5
    endloop
  endfacet
  facet normal -0.7547095802227723 -0.6560590289905068 1.3499412471849531e-17
    outer loop
      vertex -0.27905294091573385 -11.538019439363048 0.5
      vertex 0.12391894552043858 -12.001585566517473 0.5
      vertex 0.12391894552043858 -12.001585566517473 1.5
    endloop
  endfacet
  facet normal 0.7071067811865448 0.7071067811865502 0
    outer loop
      vertex 1.4403556062553413 -10.77398852043749 0.5
      vertex 1.4403556062553413 -10.77398852043749 1.5
      vertex 1.785842997152046 -11.119475911334192 0.5
    endloop
  endfacet
  facet normal 0.754709580222772 0.6560590289905074 0
    outer loop
      vertex 1.1198097873907384 -10.405242737348862 0.5
      vertex 1.1198097873907384 -10.405242737348862 1.5
      vertex 1.4403556062553413 -10.77398852043749 0.5
    endloop
  endfacet
  facet normal 0.754709580222772 0.6560590289905074 0
    outer loop
      vertex 1.4403556062553413 -10.77398852043749 0.5
      vertex 1.1198097873907384 -10.405242737348862 1.5
      vertex 1.4403556062553413 -10.77398852043749 1.5
    endloop
  endfacet
  facet normal 0.6560590289905093 0.7547095802227702 9.153524685507735e-18
    outer loop
      vertex 2.1545887802406725 -11.440021730198795 0.5
      vertex 1.785842997152046 -11.119475911334192 0.5
      vertex 1.785842997152046 -11.119475911334192 1.5
    endloop
  endfacet
  facet normal 0.7071067811865448 0.7071067811865502 0
    outer loop
      vertex 1.785842997152046 -11.119475911334192 0.5
      vertex 1.4403556062553413 -10.77398852043749 1.5
      vertex 1.785842997152046 -11.119475911334192 1.5
    endloop
  endfacet
  facet normal 0.6560590289905093 0.7547095802227702 0
    outer loop
      vertex 2.1545887802406725 -11.440021730198795 0.5
      vertex 1.785842997152046 -11.119475911334192 1.5
      vertex 2.1545887802406725 -11.440021730198795 1.5
    endloop
  endfacet
  facet normal 0.7058182712245687 0.7058182712245741 0.06034182638199437
    outer loop
      vertex 1.4403556062553413 -10.77398852043749 1.5
      vertex 1.4376894112587415 -10.776474787494404 1.5602683424949646
      vertex 1.785842997152046 -11.119475911334192 1.5
    endloop
  endfacet
  facet normal 0.7533343270949735 0.6548635396853674 0.060341826381993834
    outer loop
      vertex 1.1169766538884716 -10.407536963622906 1.5602683424949646
      vertex 1.4376894112587415 -10.776474787494404 1.5602683424949646
      vertex 1.4403556062553413 -10.77398852043749 1.5
    endloop
  endfacet
  facet normal 0.7533343270949726 0.654863539685371 0.06034182638196663
    outer loop
      vertex 1.1198097873907384 -10.405242737348862 1.5
      vertex 1.1169766538884716 -10.407536963622906 1.5602683424949646
      vertex 1.4403556062553413 -10.77398852043749 1.5
    endloop
  endfacet
  facet normal 0.7058182712245683 0.7058182712245754 0.0603418263819838
    outer loop
      vertex 1.4376894112587415 -10.776474787494404 1.5602683424949646
      vertex 1.7833567300951323 -11.122142106330791 1.5602683424949646
      vertex 1.785842997152046 -11.119475911334192 1.5
    endloop
  endfacet
  facet normal 0.6548635396853723 0.7533343270949701 0.06034182638198439
    outer loop
      vertex 2.1545887802406725 -11.440021730198795 1.5
      vertex 1.785842997152046 -11.119475911334192 1.5
      vertex 1.7833567300951323 -11.122142106330791 1.5602683424949646
    endloop
  endfacet
  facet normal 0.6548635396853728 0.7533343270949684 0.060341826381996914
    outer loop
      vertex 2.1545887802406725 -11.440021730198795 1.5
      vertex 1.7833567300951323 -11.122142106330791 1.5602683424949646
      vertex 2.1522945539666267 -11.442854863701063 1.5602683424949646
    endloop
  endfacet
  facet normal -0.7328046503770884 -0.6370173639828626 0.2391782230263414
    outer loop
      vertex -0.27905294091573385 -11.538019439363048 1.5
      vertex 0.16580502535808606 -11.9625261651697 1.7323615849018097
      vertex -0.23454424735880774 -11.50197700998228 1.7323615849018097
    endloop
  endfacet
  facet normal -0.8143287278046624 -0.5288312591952183 0.23917822302634445
    outer loop
      vertex -0.6487064697123293 -11.047472638179814 1.5
      vertex -0.6017920043171339 -11.01462277585902 1.7323615849018097
      vertex -0.983240726034496 -10.532335057673544 1.5
    endloop
  endfacet
  facet normal -0.8492344677988749 -0.4707383523065895 0.2391782230263433
    outer loop
      vertex -0.983240726034496 -10.532335057673544 1.5
      vertex -0.9341490513606123 -10.502837803639895 1.7323615849018097
      vertex -1.2810258926126954 -9.995116396355014 1.5
    endloop
  endfacet
  facet normal -0.8143287278046625 -0.5288312591952189 0.23917822302634317
    outer loop
      vertex -0.6017920043171339 -11.01462277585902 1.7323615849018097
      vertex -0.9341490513606123 -10.502837803639895 1.7323615849018097
      vertex -0.983240726034496 -10.532335057673544 1.5
    endloop
  endfacet
  facet normal -0.6548376346711523 -0.3629824281301383 0.6628962430780849
    outer loop
      vertex -0.9341490513606123 -10.502837803639895 1.7323615849018097
      vertex -0.7981203395488521 -10.421103507655157 1.9114919304847717
      vertex -1.2299961783644555 -9.969115458265108 1.7323615849018097
    endloop
  endfacet
  facet normal -0.627922108887677 -0.4077773854482523 0.6628962430780853
    outer loop
      vertex -0.9341490513606123 -10.502837803639895 1.7323615849018097
      vertex -0.4717961478824222 -10.923598697247407 1.9114919304847717
      vertex -0.7981203395488521 -10.421103507655157 1.9114919304847717
    endloop
  endfacet
  facet normal -0.6279221088876777 -0.40777738544825387 0.6628962430780834
    outer loop
      vertex -0.6017920043171339 -11.01462277585902 1.7323615849018097
      vertex -0.4717961478824222 -10.923598697247407 1.9114919304847717
      vertex -0.9341490513606123 -10.502837803639895 1.7323615849018097
    endloop
  endfacet
  facet normal -0.775455660104627 -0.5843477533469753 0.23917822302634417
    outer loop
      vertex -0.23454424735880774 -11.50197700998228 1.7323615849018097
      vertex -0.6017920043171339 -11.01462277585902 1.7323615849018097
      vertex -0.6487064697123293 -11.047472638179814 1.5
    endloop
  endfacet
  facet normal -0.775455660104627 -0.5843477533469766 0.2391782230263416
    outer loop
      vertex -0.27905294091573385 -11.538019439363048 1.5
      vertex -0.23454424735880774 -11.50197700998228 1.7323615849018097
      vertex -0.6487064697123293 -11.047472638179814 1.5
    endloop
  endfacet
  facet normal -0.5979474097082144 -0.4505856923340982 0.662896243078084
    outer loop
      vertex -0.23454424735880774 -11.50197700998228 1.7323615849018097
      vertex -0.11121457304655546 -11.402106608905077 1.9114919304847717
      vertex -0.6017920043171339 -11.01462277585902 1.7323615849018097
    endloop
  endfacet
  facet normal -0.5979474097082146 -0.45058569233409856 0.6628962430780837
    outer loop
      vertex -0.6017920043171339 -11.01462277585902 1.7323615849018097
      vertex -0.11121457304655546 -11.402106608905077 1.9114919304847717
      vertex -0.4717961478824222 -10.923598697247407 1.9114919304847717
    endloop
  endfacet
  facet normal -0.2833509662998063 -0.2135202682557587 0.9349445571481526
    outer loop
      vertex -0.4717961478824222 -10.923598697247407 1.9114919304847717
      vertex -0.11121457304655546 -11.402106608905077 1.9114919304847717
      vertex 0.06268274083908398 -11.261287340704987 1.9963544383645058
    endloop
  endfacet
  facet normal -0.2975551585734912 -0.19323457937271488 0.9349445571481523
    outer loop
      vertex -0.7981203395488521 -10.421103507655157 1.9114919304847717
      vertex -0.4717961478824222 -10.923598697247407 1.9114919304847717
      vertex -0.28849938352849325 -10.795252921117338 1.9963544383645058
    endloop
  endfacet
  facet normal -0.2833509662998067 -0.21352026825575945 0.9349445571481522
    outer loop
      vertex -0.4717961478824222 -10.923598697247407 1.9114919304847717
      vertex 0.06268274083908398 -11.261287340704987 1.9963544383645058
      vertex -0.28849938352849325 -10.795252921117338 1.9963544383645058
    endloop
  endfacet
  facet normal -0.04824967807689475 -0.036358740330999964 0.9981733369345321
    outer loop
      vertex -0.28849938352849325 -10.795252921117338 1.9963544383645058
      vertex 0.10952003981275116 -11.22335924383813 2
      vertex -0.23913044756783375 -10.760684420004292 2
    endloop
  endfacet
  facet normal -0.0506684018013886 -0.03290444486500423 0.9981733369345321
    outer loop
      vertex -0.6063171281376398 -10.305856511315143 1.9963544383645058
      vertex -0.28849938352849325 -10.795252921117338 1.9963544383645058
      vertex -0.23913044756783375 -10.760684420004292 2
    endloop
  endfacet
  facet normal -0.2975551585734912 -0.19323457937271482 0.9349445571481523
    outer loop
      vertex -0.7981203395488521 -10.421103507655157 1.9114919304847717
      vertex -0.28849938352849325 -10.795252921117338 1.9963544383645058
      vertex -0.6063171281376398 -10.305856511315143 1.9963544383645058
    endloop
  endfacet
  facet normal -0.05066840180138835 -0.03290444486500404 0.9981733369345321
    outer loop
      vertex -0.6063171281376398 -10.305856511315143 1.9963544383645058
      vertex -0.23913044756783375 -10.760684420004292 2
      vertex -0.5546570756834406 -10.274816020218516 2
    endloop
  endfacet
  facet normal 0 0 1
    outer loop
      vertex -0.23913044756783375 -10.760684420004292 2
      vertex 0.41619118542209677 -10.301823272632845 2
      vertex -0.5546570756834406 -10.274816020218516 2
    endloop
  endfacet
  facet normal -0.6370173639828608 -0.7328046503770862 0.23917822302635358
    outer loop
      vertex 1.0218120782264855 -12.83888445850527 1.5
      vertex 1.0578545076072556 -12.794375764948342 1.7323615849018097
      vertex 0.5582459510720614 -12.435912572069096 1.5
    endloop
  endfacet
  facet normal -0.4911987910196102 -0.5650595708541167 0.6628962430780814
    outer loop
      vertex 1.0578545076072556 -12.794375764948342 1.7323615849018097
      vertex 1.1577249086844565 -12.67104609063609 1.9114919304847717
      vertex 0.5973053524198342 -12.39402649223145 1.7323615849018097
    endloop
  endfacet
  facet normal -0.5843477533469759 -0.7754556601046237 0.23917822302635347
    outer loop
      vertex 1.0218120782264855 -12.83888445850527 1.5
      vertex 1.545208741730515 -13.16162352190667 1.7323615849018097
      vertex 1.0578545076072556 -12.794375764948342 1.7323615849018097
    endloop
  endfacet
  facet normal -0.584347753346974 -0.7754556601046285 0.23917822302634273
    outer loop
      vertex 1.0218120782264855 -12.83888445850527 1.5
      vertex 1.51235887940972 -13.208537987301863 1.5
      vertex 1.545208741730515 -13.16162352190667 1.7323615849018097
    endloop
  endfacet
  facet normal -0.45058569233409845 -0.5979474097082169 0.6628962430780814
    outer loop
      vertex 1.0578545076072556 -12.794375764948342 1.7323615849018097
      vertex 1.6362328203421281 -13.031627665471955 1.9114919304847717
      vertex 1.1577249086844565 -12.67104609063609 1.9114919304847717
    endloop
  endfacet
  facet normal -0.4505856923340978 -0.597947409708211 0.6628962430780873
    outer loop
      vertex 1.0578545076072556 -12.794375764948342 1.7323615849018097
      vertex 1.545208741730515 -13.16162352190667 1.7323615849018097
      vertex 1.6362328203421281 -13.031627665471955 1.9114919304847717
    endloop
  endfacet
  facet normal -0.2135202682557587 -0.28335096629980744 0.9349445571481521
    outer loop
      vertex 1.1577249086844565 -12.67104609063609 1.9114919304847717
      vertex 1.6362328203421281 -13.031627665471955 1.9114919304847717
      vertex 1.7645785964721972 -12.848330901118027 1.9963544383645058
    endloop
  endfacet
  facet normal -0.5288312591952188 -0.8143287278046601 0.23917822302635092
    outer loop
      vertex 1.51235887940972 -13.208537987301863 1.5
      vertex 2.027496459915991 -13.543072243624032 1.5
      vertex 2.05699371394964 -13.493980568950146 1.7323615849018097
    endloop
  endfacet
  facet normal -0.5288312591952171 -0.8143287278046638 0.23917822302634237
    outer loop
      vertex 1.51235887940972 -13.208537987301863 1.5
      vertex 2.05699371394964 -13.493980568950146 1.7323615849018097
      vertex 1.545208741730515 -13.16162352190667 1.7323615849018097
    endloop
  endfacet
  facet normal -0.4077773854482516 -0.627922108887675 0.6628962430780875
    outer loop
      vertex 1.545208741730515 -13.16162352190667 1.7323615849018097
      vertex 2.1387280099343764 -13.357951857138385 1.9114919304847717
      vertex 1.6362328203421281 -13.031627665471955 1.9114919304847717
    endloop
  endfacet
  facet normal -0.40777738544825176 -0.6279221088876779 0.6628962430780847
    outer loop
      vertex 1.545208741730515 -13.16162352190667 1.7323615849018097
      vertex 2.05699371394964 -13.493980568950146 1.7323615849018097
      vertex 2.1387280099343764 -13.357951857138385 1.9114919304847717
    endloop
  endfacet
  facet normal -0.19323457937271438 -0.2975551585734899 0.9349445571481528
    outer loop
      vertex 2.1387280099343764 -13.357951857138385 1.9114919304847717
      vertex 2.253975006274392 -13.166148645727173 1.9963544383645058
      vertex 1.6362328203421281 -13.031627665471955 1.9114919304847717
    endloop
  endfacet
  facet normal -0.21352026825575823 -0.2833509662998056 0.9349445571481527
    outer loop
      vertex 1.1577249086844565 -12.67104609063609 1.9114919304847717
      vertex 1.7645785964721972 -12.848330901118027 1.9963544383645058
      vertex 1.2985441768845476 -12.49714877675045 1.9963544383645058
    endloop
  endfacet
  facet normal -0.0363587403309998 -0.04824967807689453 0.9981733369345319
    outer loop
      vertex 1.7991470975852435 -12.798961965157368 2
      vertex 1.3364722737514052 -12.450311477776783 2
      vertex 1.2985441768845476 -12.49714877675045 1.9963544383645058
    endloop
  endfacet
  facet normal -0.19323457937271468 -0.29755515857349174 0.934944557148152
    outer loop
      vertex 1.6362328203421281 -13.031627665471955 1.9114919304847717
      vertex 2.253975006274392 -13.166148645727173 1.9963544383645058
      vertex 1.7645785964721972 -12.848330901118027 1.9963544383645058
    endloop
  endfacet
  facet normal -0.03635874033099994 -0.04824967807689477 0.9981733369345321
    outer loop
      vertex 1.7645785964721972 -12.848330901118027 1.9963544383645058
      vertex 1.7991470975852435 -12.798961965157368 2
      vertex 1.2985441768845476 -12.49714877675045 1.9963544383645058
    endloop
  endfacet
  facet normal -0.032904444865004184 -0.050668401801388624 0.9981733369345321
    outer loop
      vertex 1.7645785964721972 -12.848330901118027 1.9963544383645058
      vertex 2.2850154973710186 -13.114488593272974 2
      vertex 1.7991470975852435 -12.798961965157368 2
    endloop
  endfacet
  facet normal -0.032904444865004254 -0.05066840180138877 0.9981733369345319
    outer loop
      vertex 1.7645785964721972 -12.848330901118027 1.9963544383645058
      vertex 2.253975006274392 -13.166148645727173 1.9963544383645058
      vertex 2.2850154973710186 -13.114488593272974 2
    endloop
  endfacet
  facet normal -0.6865834900541815 -0.6865834900541815 0.23917822302634345
    outer loop
      vertex 0.12391894552043858 -12.001585566517473 1.5
      vertex 0.5582459510720614 -12.435912572069096 1.5
      vertex 0.5973053524198342 -12.39402649223145 1.7323615849018097
    endloop
  endfacet
  facet normal -0.6865834900541821 -0.6865834900541793 0.23917822302634845
    outer loop
      vertex 0.12391894552043858 -12.001585566517473 1.5
      vertex 0.5973053524198342 -12.39402649223145 1.7323615849018097
      vertex 0.16580502535808606 -11.9625261651697 1.7323615849018097
    endloop
  endfacet
  facet normal -0.5294188185704023 -0.5294188185704002 0.6628962430780861
    outer loop
      vertex 0.16580502535808606 -11.9625261651697 1.7323615849018097
      vertex 0.5973053524198342 -12.39402649223145 1.7323615849018097
      vertex 0.7055355174075162 -12.277963849817851 1.9114919304847717
    endloop
  endfacet
  facet normal -0.5294188185704031 -0.5294188185704031 0.6628962430780833
    outer loop
      vertex 0.16580502535808606 -11.9625261651697 1.7323615849018097
      vertex 0.7055355174075162 -12.277963849817851 1.9114919304847717
      vertex 0.28186766777168426 -11.85429600018202 1.9114919304847717
    endloop
  endfacet
  facet normal -0.732804650377089 -0.6370173639828594 0.2391782230263485
    outer loop
      vertex -0.27905294091573385 -11.538019439363048 1.5
      vertex 0.12391894552043858 -12.001585566517473 1.5
      vertex 0.16580502535808606 -11.9625261651697 1.7323615849018097
    endloop
  endfacet
  facet normal -0.5650595708541134 -0.4911987910196115 0.6628962430780833
    outer loop
      vertex -0.23454424735880774 -11.50197700998228 1.7323615849018097
      vertex 0.16580502535808606 -11.9625261651697 1.7323615849018097
      vertex 0.28186766777168426 -11.85429600018202 1.9114919304847717
    endloop
  endfacet
  facet normal -0.5650595708541132 -0.4911987910196108 0.662896243078084
    outer loop
      vertex -0.23454424735880774 -11.50197700998228 1.7323615849018097
      vertex 0.28186766777168426 -11.85429600018202 1.9114919304847717
      vertex -0.11121457304655546 -11.402106608905077 1.9114919304847717
    endloop
  endfacet
  facet normal -0.26776631660064765 -0.23276570785484474 0.9349445571481523
    outer loop
      vertex -0.11121457304655546 -11.402106608905077 1.9114919304847717
      vertex 0.28186766777168426 -11.85429600018202 1.9114919304847717
      vertex 0.4455183209558795 -11.701689297231475 1.9963544383645058
    endloop
  endfacet
  facet normal -0.6370173639828592 -0.7328046503770907 0.23917822302634317
    outer loop
      vertex 1.0578545076072556 -12.794375764948342 1.7323615849018097
      vertex 0.5973053524198342 -12.39402649223145 1.7323615849018097
      vertex 0.5582459510720614 -12.435912572069096 1.5
    endloop
  endfacet
  facet normal -0.2508771363227866 -0.2508771363227866 0.934944557148153
    outer loop
      vertex 0.28186766777168426 -11.85429600018202 1.9114919304847717
      vertex 0.7055355174075162 -12.277963849817851 1.9114919304847717
      vertex 0.8581422203580606 -12.114313196633654 1.9963544383645058
    endloop
  endfacet
  facet normal -0.49119879101960934 -0.5650595708541118 0.6628962430780863
    outer loop
      vertex 1.1577249086844565 -12.67104609063609 1.9114919304847717
      vertex 0.7055355174075162 -12.277963849817851 1.9114919304847717
      vertex 0.5973053524198342 -12.39402649223145 1.7323615849018097
    endloop
  endfacet
  facet normal -0.2327657078548441 -0.2677663166006471 0.9349445571481527
    outer loop
      vertex 1.1577249086844565 -12.67104609063609 1.9114919304847717
      vertex 1.2985441768845476 -12.49714877675045 1.9963544383645058
      vertex 0.7055355174075162 -12.277963849817851 1.9114919304847717
    endloop
  endfacet
  facet normal -0.26776631660064765 -0.2327657078548447 0.9349445571481525
    outer loop
      vertex -0.11121457304655546 -11.402106608905077 1.9114919304847717
      vertex 0.4455183209558795 -11.701689297231475 1.9963544383645058
      vertex 0.06268274083908398 -11.261287340704987 1.9963544383645058
    endloop
  endfacet
  facet normal -0.045595886770851315 -0.039635899668871516 0.9981733369345319
    outer loop
      vertex 0.4455183209558795 -11.701689297231475 1.9963544383645058
      vertex 0.4895957963300237 -11.660586386486225 2
      vertex 0.06268274083908398 -11.261287340704987 1.9963544383645058
    endloop
  endfacet
  facet normal -0.23276570785484382 -0.2677663166006461 0.9349445571481532
    outer loop
      vertex 0.7055355174075162 -12.277963849817851 1.9114919304847717
      vertex 1.2985441768845476 -12.49714877675045 1.9963544383645058
      vertex 0.8581422203580606 -12.114313196633654 1.9963544383645058
    endloop
  endfacet
  facet normal -0.03963589966887188 -0.045595886770851905 0.9981733369345319
    outer loop
      vertex 0.8581422203580606 -12.114313196633654 1.9963544383645058
      vertex 1.3364722737514052 -12.450311477776783 2
      vertex 0.899245131103311 -12.070235721259511 2
    endloop
  endfacet
  facet normal -0.25087713632278724 -0.25087713632278835 0.9349445571481524
    outer loop
      vertex 0.28186766777168426 -11.85429600018202 1.9114919304847717
      vertex 0.8581422203580606 -12.114313196633654 1.9963544383645058
      vertex 0.4455183209558795 -11.701689297231475 1.9963544383645058
    endloop
  endfacet
  facet normal -0.042719956887742404 -0.042719956887742494 0.9981733369345319
    outer loop
      vertex 0.4455183209558795 -11.701689297231475 1.9963544383645058
      vertex 0.899245131103311 -12.070235721259511 2
      vertex 0.4895957963300237 -11.660586386486225 2
    endloop
  endfacet
  facet normal -0.04271995688774281 -0.042719956887742994 0.9981733369345321
    outer loop
      vertex 0.4455183209558795 -11.701689297231475 1.9963544383645058
      vertex 0.8581422203580606 -12.114313196633654 1.9963544383645058
      vertex 0.899245131103311 -12.070235721259511 2
    endloop
  endfacet
  facet normal 0 0 1
    outer loop
      vertex 0.4895957963300237 -11.660586386486225 2
      vertex 0.899245131103311 -12.070235721259511 2
      vertex 1.4448438171207965 -11.485152762143779 2
    endloop
  endfacet
  facet normal 0 0 1
    outer loop
      vertex 0.4895957963300237 -11.660586386486225 2
      vertex 1.4448438171207965 -11.485152762143779 2
      vertex 1.0746787554457562 -11.114987700468738 2
    endloop
  endfacet
  facet normal 0.7467943586225686 0.5627499135339531 0.3544160277795498
    outer loop
      vertex 1.0510260986106257 -10.46094267026725 1.7840323746204376
      vertex 1.1169766538884716 -10.407536963622906 1.5602683424949646
      vertex 0.753265641487121 -10.065801197558176 1.7840323746204376
    endloop
  endfacet
  facet normal 0.5297740900642366 0.39921341120742654 0.7483101401215543
    outer loop
      vertex 0.9118156739664354 -10.573673049398414 1.9427280128002167
      vertex 1.0510260986106257 -10.46094267026725 1.7840323746204376
      vertex 0.6065306527086447 -10.168546142819984 1.9427280128002167
    endloop
  endfacet
  facet normal -0.045595886770851024 -0.039635899668871204 0.9981733369345319
    outer loop
      vertex 0.4895957963300237 -11.660586386486225 2
      vertex 0.10952003981275116 -11.22335924383813 2
      vertex 0.06268274083908398 -11.261287340704987 1.9963544383645058
    endloop
  endfacet
  facet normal -0.048249678076894974 -0.036358740331000165 0.9981733369345321
    outer loop
      vertex -0.28849938352849325 -10.795252921117338 1.9963544383645058
      vertex 0.06268274083908398 -11.261287340704987 1.9963544383645058
      vertex 0.10952003981275116 -11.22335924383813 2
    endloop
  endfacet
  facet normal 0 0 1
    outer loop
      vertex -0.23913044756783375 -10.760684420004292 2
      vertex 0.10952003981275116 -11.22335924383813 2
      vertex 0.7312368066622525 -10.71990293287378 2
    endloop
  endfacet
  facet normal 0 0 1
    outer loop
      vertex -0.23913044756783375 -10.760684420004292 2
      vertex 0.7312368066622525 -10.71990293287378 2
      vertex 0.41619118542209677 -10.301823272632845 2
    endloop
  endfacet
  facet normal 0 0 1
    outer loop
      vertex 0.4895957963300237 -11.660586386486225 2
      vertex 1.0746787554457562 -11.114987700468738 2
      vertex 0.10952003981275116 -11.22335924383813 2
    endloop
  endfacet
  facet normal 0 0 1
    outer loop
      vertex 0.10952003981275116 -11.22335924383813 2
      vertex 1.0746787554457562 -11.114987700468738 2
      vertex 0.7312368066622525 -10.71990293287378 2
    endloop
  endfacet
  facet normal 0.18071760693145536 0.1570954189953998 0.9709079131800439
    outer loop
      vertex 0.7312368066622525 -10.71990293287378 2
      vertex 1.0746787554457562 -11.114987700468738 2
      vertex 1.244617260677792 -10.956517480624182 1.9427280128002167
    endloop
  endfacet
  facet normal 0.19123581039428023 0.1441065194472994 0.9709079131800441
    outer loop
      vertex 0.41619118542209677 -10.301823272632845 2
      vertex 0.9118156739664354 -10.573673049398414 1.9427280128002167
      vertex 0.6065306527086447 -10.168546142819984 1.9427280128002167
    endloop
  endfacet
  facet normal 0.19123581039428048 0.14410651944729982 0.970907913180044
    outer loop
      vertex 0.41619118542209677 -10.301823272632845 2
      vertex 0.7312368066622525 -10.71990293287378 2
      vertex 0.9118156739664354 -10.573673049398414 1.9427280128002167
    endloop
  endfacet
  facet normal 0.1807176069314554 0.15709541899539983 0.970907913180044
    outer loop
      vertex 0.9118156739664354 -10.573673049398414 1.9427280128002167
      vertex 0.7312368066622525 -10.71990293287378 2
      vertex 1.244617260677792 -10.956517480624182 1.9427280128002167
    endloop
  endfacet
  facet normal 0.435196119806007 0.500635867169999 0.7483101401215533
    outer loop
      vertex 2.098888847322283 -11.508805418978909 1.7840323746204376
      vertex 1.6033140369653536 -11.315214256911743 1.9427280128002167
      vertex 1.986158468191121 -11.6480158436231 1.9427280128002167
    endloop
  endfacet
  facet normal -0.039635899668870905 -0.045595886770850524 0.9981733369345321
    outer loop
      vertex 0.8581422203580606 -12.114313196633654 1.9963544383645058
      vertex 1.2985441768845476 -12.49714877675045 1.9963544383645058
      vertex 1.3364722737514052 -12.450311477776783 2
    endloop
  endfacet
  facet normal 0 0 1
    outer loop
      vertex 0.899245131103311 -12.070235721259511 2
      vertex 1.3364722737514052 -12.450311477776783 2
      vertex 1.8399285847157536 -11.82859471092728 2
    endloop
  endfacet
  facet normal 0 0 1
    outer loop
      vertex 0.899245131103311 -12.070235721259511 2
      vertex 1.8399285847157536 -11.82859471092728 2
      vertex 1.4448438171207965 -11.485152762143779 2
    endloop
  endfacet
  facet normal 0 0 1
    outer loop
      vertex 1.7991470975852435 -12.798961965157368 2
      vertex 2.258008244956689 -12.143640332167438 2
      vertex 1.3364722737514052 -12.450311477776783 2
    endloop
  endfacet
  facet normal 0 0 1
    outer loop
      vertex 1.3364722737514052 -12.450311477776783 2
      vertex 2.258008244956689 -12.143640332167438 2
      vertex 1.8399285847157536 -11.82859471092728 2
    endloop
  endfacet
  facet normal 0.15709541899539964 0.18071760693145475 0.970907913180044
    outer loop
      vertex 1.4448438171207965 -11.485152762143779 2
      vertex 1.986158468191121 -11.6480158436231 1.9427280128002167
      vertex 1.6033140369653536 -11.315214256911743 1.9427280128002167
    endloop
  endfacet
  facet normal 0.1570954189953999 0.18071760693145553 0.970907913180044
    outer loop
      vertex 1.4448438171207965 -11.485152762143779 2
      vertex 1.8399285847157536 -11.82859471092728 2
      vertex 1.986158468191121 -11.6480158436231 1.9427280128002167
    endloop
  endfacet
  facet normal 0.14410651944730013 0.19123581039428067 0.9709079131800439
    outer loop
      vertex 1.986158468191121 -11.6480158436231 1.9427280128002167
      vertex 1.8399285847157536 -11.82859471092728 2
      vertex 2.3912853747695504 -11.953300864880891 1.9427280128002167
    endloop
  endfacet
  facet normal 0.6612069567287387 0.6612069567287455 0.3544160277795439
    outer loop
      vertex 1.4376894112587415 -10.776474787494404 1.5602683424949646
      vertex 1.3756249019922127 -10.834350878699173 1.7840323746204376
      vertex 1.7833567300951323 -11.122142106330791 1.5602683424949646
    endloop
  endfacet
  facet normal 0.4690585966546502 0.46905859665465144 0.7483101401215536
    outer loop
      vertex 1.244617260677792 -10.956517480624182 1.9427280128002167
      vertex 1.6033140369653536 -11.315214256911743 1.9427280128002167
      vertex 1.725480638890362 -11.184206615597322 1.7840323746204376
    endloop
  endfacet
  facet normal 0.46905859665464994 0.46905859665464994 0.7483101401215547
    outer loop
      vertex 1.244617260677792 -10.956517480624182 1.9427280128002167
      vertex 1.725480638890362 -11.184206615597322 1.7840323746204376
      vertex 1.3756249019922127 -10.834350878699173 1.7840323746204376
    endloop
  endfacet
  facet normal 0.7057197555307779 0.6134728240978149 0.354416027779544
    outer loop
      vertex 1.0510260986106257 -10.46094267026725 1.7840323746204376
      vertex 1.3756249019922127 -10.834350878699173 1.7840323746204376
      vertex 1.4376894112587415 -10.776474787494404 1.5602683424949646
    endloop
  endfacet
  facet normal 0.7057197555307781 0.6134728240978111 0.35441602777954984
    outer loop
      vertex 1.0510260986106257 -10.46094267026725 1.7840323746204376
      vertex 1.4376894112587415 -10.776474787494404 1.5602683424949646
      vertex 1.1169766538884716 -10.407536963622906 1.5602683424949646
    endloop
  endfacet
  facet normal 0.5006358671699985 0.4351961198060057 0.7483101401215543
    outer loop
      vertex 0.9118156739664354 -10.573673049398414 1.9427280128002167
      vertex 1.3756249019922127 -10.834350878699173 1.7840323746204376
      vertex 1.0510260986106257 -10.46094267026725 1.7840323746204376
    endloop
  endfacet
  facet normal 0.5006358671699985 0.4351961198060055 0.7483101401215546
    outer loop
      vertex 0.9118156739664354 -10.573673049398414 1.9427280128002167
      vertex 1.244617260677792 -10.956517480624182 1.9427280128002167
      vertex 1.3756249019922127 -10.834350878699173 1.7840323746204376
    endloop
  endfacet
  facet normal 0.6612069567287397 0.6612069567287397 0.35441602777955317
    outer loop
      vertex 1.7833567300951323 -11.122142106330791 1.5602683424949646
      vertex 1.3756249019922127 -10.834350878699173 1.7840323746204376
      vertex 1.725480638890362 -11.184206615597322 1.7840323746204376
    endloop
  endfacet
  facet normal 0.6134728240978156 0.7057197555307726 0.3544160277795533
    outer loop
      vertex 2.1522945539666267 -11.442854863701063 1.5602683424949646
      vertex 1.7833567300951323 -11.122142106330791 1.5602683424949646
      vertex 1.725480638890362 -11.184206615597322 1.7840323746204376
    endloop
  endfacet
  facet normal 0.6134728240978148 0.7057197555307761 0.35441602777954767
    outer loop
      vertex 2.1522945539666267 -11.442854863701063 1.5602683424949646
      vertex 1.725480638890362 -11.184206615597322 1.7840323746204376
      vertex 2.098888847322283 -11.508805418978909 1.7840323746204376
    endloop
  endfacet
  facet normal 0.4351961198060069 0.5006358671699986 0.7483101401215536
    outer loop
      vertex 2.098888847322283 -11.508805418978909 1.7840323746204376
      vertex 1.725480638890362 -11.184206615597322 1.7840323746204376
      vertex 1.6033140369653536 -11.315214256911743 1.9427280128002167
    endloop
  endfacet
  facet normal 0.1693189654533303 0.1693189654533307 0.9709079131800439
    outer loop
      vertex 1.244617260677792 -10.956517480624182 1.9427280128002167
      vertex 1.0746787554457562 -11.114987700468738 2
      vertex 1.6033140369653536 -11.315214256911743 1.9427280128002167
    endloop
  endfacet
  facet normal 0.16931896545333006 0.16931896545333006 0.970907913180044
    outer loop
      vertex 1.4448438171207965 -11.485152762143779 2
      vertex 1.6033140369653536 -11.315214256911743 1.9427280128002167
      vertex 1.0746787554457562 -11.114987700468738 2
    endloop
  endfacet
  facet normal -0.8178462577918001 -0.4533395833907658 -0.35441602777955067
    outer loop
      vertex -0.9801158698078574 -10.530457454626834 0.4397316575050354
      vertex -1.2777776734111397 -9.993461346006285 0.4397316575050354
      vertex -1.2021646252313092 -9.954934573644813 0.21596762537956238
    endloop
  endfacet
  facet normal -0.8474773961585969 -0.3951851999420138 -0.3544160277795507
    outer loop
      vertex -1.2021646252313092 -9.954934573644813 0.21596762537956238
      vertex -1.2777776734111397 -9.993461346006285 0.4397316575050354
      vertex -1.4591390824901485 -9.403851071659048 0.21596762537956238
    endloop
  endfacet
  facet normal -0.619289669351226 -0.23772303133291056 -0.7483101401215548
    outer loop
      vertex -1.2942487299804188 -9.333859269582742 0.057271987199783325
      vertex -1.4591390824901485 -9.403851071659048 0.21596762537956238
      vertex -1.5076748518472893 -8.777865213387352 0.057271987199783325
    endloop
  endfacet
  facet normal -0.21701827922770114 -0.10119728556349707 -0.9709079131800439
    outer loop
      vertex -1.2942487299804188 -9.333859269582742 0.057271987199783325
      vertex -1.080358763322402 -9.243068365296503 0
      vertex -1.0425583186367735 -9.873611098535086 0.057271987199783325
    endloop
  endfacet
  facet normal -0.6011983904485277 -0.28034341353660913 -0.7483101401215551
    outer loop
      vertex -1.2942487299804188 -9.333859269582742 0.057271987199783325
      vertex -1.2021646252313092 -9.954934573644813 0.21596762537956238
      vertex -1.4591390824901485 -9.403851071659048 0.21596762537956238
    endloop
  endfacet
  facet normal -0.60119839044853 -0.280343413536609 -0.7483101401215532
    outer loop
      vertex -1.2942487299804188 -9.333859269582742 0.057271987199783325
      vertex -1.0425583186367735 -9.873611098535086 0.057271987199783325
      vertex -1.2021646252313092 -9.954934573644813 0.21596762537956238
    endloop
  endfacet
  facet normal -0.8474773961585995 -0.3951851999420127 -0.35441602777954584
    outer loop
      vertex -1.2777776734111397 -9.993461346006285 0.4397316575050354
      vertex -1.537255432869589 -9.437009495129326 0.4397316575050354
      vertex -1.4591390824901485 -9.403851071659048 0.21596762537956238
    endloop
  endfacet
  facet normal -0.872979709839444 -0.3351055139230155 -0.35441602777954584
    outer loop
      vertex -1.4591390824901485 -9.403851071659048 0.21596762537956238
      vertex -1.537255432869589 -9.437009495129326 0.4397316575050354
      vertex -1.6770459210495048 -8.836184349406071 0.21596762537956238
    endloop
  endfacet
  facet normal -0.8730259503892521 -0.4839261864539165 -0.06034182638197447
    outer loop
      vertex -0.983240726034496 -10.532335057673544 0.5
      vertex -1.2810258926126954 -9.995116396355014 0.5
      vertex -1.2777776734111397 -9.993461346006285 0.4397316575050354
    endloop
  endfacet
  facet normal -0.9046562873717013 -0.42184815479949356 -0.06034182638197422
    outer loop
      vertex -1.2777776734111397 -9.993461346006285 0.4397316575050354
      vertex -1.2810258926126954 -9.995116396355014 0.5
      vertex -1.537255432869589 -9.437009495129326 0.4397316575050354
    endloop
  endfacet
  facet normal -0.9046562873716998 -0.4218481547994946 -0.06034182638198997
    outer loop
      vertex -1.2810258926126954 -9.995116396355014 0.5
      vertex -1.5406111900486223 -9.438433929541139 0.5
      vertex -1.537255432869589 -9.437009495129326 0.4397316575050354
    endloop
  endfacet
  facet normal -0.9318792298578072 -0.3577149213389141 -0.060341826381991266
    outer loop
      vertex -1.537255432869589 -9.437009495129326 0.4397316575050354
      vertex -1.5406111900486223 -9.438433929541139 0.5
      vertex -1.7572849986217367 -8.863812879479081 0.4397316575050354
    endloop
  endfacet
  facet normal -0.8942289541255648 -0.273393227524871 -0.3544160277795468
    outer loop
      vertex -1.7572849986217367 -8.863812879479081 0.4397316575050354
      vertex -1.8548235206958346 -8.254700022095042 0.21596762537956238
      vertex -1.6770459210495048 -8.836184349406071 0.21596762537956238
    endloop
  endfacet
  facet normal -0.6343638312356297 -0.1939444864163935 -0.7483101401215506
    outer loop
      vertex -1.681796893625167 -8.208337677102376 0.057271987199783325
      vertex -1.6770459210495048 -8.836184349406071 0.21596762537956238
      vertex -1.8548235206958346 -8.254700022095042 0.21596762537956238
    endloop
  endfacet
  facet normal -0.8942289541255625 -0.27339322752487255 -0.35441602777955195
    outer loop
      vertex -1.7572849986217367 -8.863812879479081 0.4397316575050354
      vertex -1.9367944087405302 -8.27666405534948 0.4397316575050354
      vertex -1.8548235206958346 -8.254700022095042 0.21596762537956238
    endloop
  endfacet
  facet normal -0.9111216048347627 -0.21034899680362323 -0.35441602777955195
    outer loop
      vertex -1.8548235206958346 -8.254700022095042 0.21596762537956238
      vertex -1.9367944087405302 -8.27666405534948 0.4397316575050354
      vertex -1.991605766833807 -7.6622310229180215 0.21596762537956238
    endloop
  endfacet
  facet normal -0.6192896693512268 -0.23772303133291048 -0.7483101401215543
    outer loop
      vertex -1.4591390824901485 -9.403851071659048 0.21596762537956238
      vertex -1.6770459210495048 -8.836184349406071 0.21596762537956238
      vertex -1.5076748518472893 -8.777865213387352 0.057271987199783325
    endloop
  endfacet
  facet normal -0.6343638312356253 -0.19394448641639433 -0.7483101401215542
    outer loop
      vertex -1.5076748518472893 -8.777865213387352 0.057271987199783325
      vertex -1.6770459210495048 -8.836184349406071 0.21596762537956238
      vertex -1.681796893625167 -8.208337677102376 0.057271987199783325
    endloop
  endfacet
  facet normal -0.223548799400189 -0.08581234416507946 -0.970907913180044
    outer loop
      vertex -1.2942487299804188 -9.333859269582742 0.057271987199783325
      vertex -1.5076748518472893 -8.777865213387352 0.057271987199783325
      vertex -1.2879726570669305 -8.70221568102413 0
    endloop
  endfacet
  facet normal -0.2235487994001899 -0.08581234416507943 -0.9709079131800438
    outer loop
      vertex -1.2942487299804188 -9.333859269582742 0.057271987199783325
      vertex -1.2879726570669305 -8.70221568102413 0
      vertex -1.080358763322402 -9.243068365296503 0
    endloop
  endfacet
  facet normal -0.8729797098394437 -0.3351055139230158 -0.3544160277795464
    outer loop
      vertex -1.537255432869589 -9.437009495129326 0.4397316575050354
      vertex -1.7572849986217367 -8.863812879479081 0.4397316575050354
      vertex -1.6770459210495048 -8.836184349406071 0.21596762537956238
    endloop
  endfacet
  facet normal -0.22899021229304678 -0.07000933365171644 -0.9709079131800442
    outer loop
      vertex -1.5076748518472893 -8.777865213387352 0.057271987199783325
      vertex -1.4573528377310492 -8.14819807357958 0
      vertex -1.2879726570669305 -8.70221568102413 0
    endloop
  endfacet
  facet normal -0.2289902122930466 -0.07000933365171644 -0.9709079131800441
    outer loop
      vertex -1.5076748518472893 -8.777865213387352 0.057271987199783325
      vertex -1.681796893625167 -8.208337677102376 0.057271987199783325
      vertex -1.4573528377310492 -8.14819807357958 0
    endloop
  endfacet
  facet normal -0.9545621504082225 -0.29183893673894923 -0.06034182638195335
    outer loop
      vertex -1.7572849986217367 -8.863812879479081 0.4397316575050354
      vertex -1.7607319448665866 -8.86499975825271 0.5
      vertex -1.9367944087405302 -8.27666405534948 0.4397316575050354
    endloop
  endfacet
  facet normal -0.9725945401140959 -0.22454114217474147 -0.06034182638197857
    outer loop
      vertex -1.9367944087405302 -8.27666405534948 0.4397316575050354
      vertex -1.9403157508755822 -8.277607596130842 0.5
      vertex -2.0749091114240965 -7.678423552791687 0.4397316575050354
    endloop
  endfacet
  facet normal -0.9545621504082201 -0.2918389367389513 -0.06034182638198015
    outer loop
      vertex -1.7607319448665866 -8.86499975825271 0.5
      vertex -1.9403157508755822 -8.277607596130842 0.5
      vertex -1.9367944087405302 -8.27666405534948 0.4397316575050354
    endloop
  endfacet
  facet normal -0.9318792298578107 -0.3577149213389116 -0.06034182638195519
    outer loop
      vertex -1.5406111900486223 -9.438433929541139 0.5
      vertex -1.7607319448665866 -8.86499975825271 0.5
      vertex -1.7572849986217367 -8.863812879479081 0.4397316575050354
    endloop
  endfacet
  facet normal -0.2094304678134161 -0.11608920395896372 -0.9709079131800439
    outer loop
      vertex -0.7538298282005895 -10.394491083589394 0.057271987199783325
      vertex -1.0425583186367735 -9.873611098535086 0.057271987199783325
      vertex -0.8355226305185122 -9.76812114648524 0
    endloop
  endfacet
  facet normal -0.5801781334198187 -0.32159799080957624 -0.7483101401215533
    outer loop
      vertex -0.9073745029977731 -10.486750031936415 0.21596762537956238
      vertex -1.2021646252313092 -9.954934573644813 0.21596762537956238
      vertex -1.0425583186367735 -9.873611098535086 0.057271987199783325
    endloop
  endfacet
  facet normal -0.5801781334198192 -0.3215979908095763 -0.748310140121553
    outer loop
      vertex -0.7538298282005895 -10.394491083589394 0.057271987199783325
      vertex -0.9073745029977731 -10.486750031936415 0.21596762537956238
      vertex -1.0425583186367735 -9.873611098535086 0.057271987199783325
    endloop
  endfacet
  facet normal -0.20943046781341554 -0.11608920395896367 -0.9709079131800442
    outer loop
      vertex -0.7538298282005895 -10.394491083589394 0.057271987199783325
      vertex -0.8355226305185122 -9.76812114648524 0
      vertex -0.5546570756834406 -10.274816020218516 0
    endloop
  endfacet
  facet normal -0.21701827922770064 -0.10119728556349705 -0.9709079131800439
    outer loop
      vertex -1.0425583186367735 -9.873611098535086 0.057271987199783325
      vertex -1.080358763322402 -9.243068365296503 0
      vertex -0.8355226305185122 -9.76812114648524 0
    endloop
  endfacet
  facet normal 0.0547547140253159 0.02553254247009174 -0.9981733369345319
    outer loop
      vertex -0.06901792745819169 -9.377567493118837 0.003645561635494232
      vertex -0.12271741382322343 -9.4049287480466 0
      vertex -0.28847758152761926 -8.906934746194317 0.003645561635494232
    endloop
  endfacet
  facet normal 0.05777528802330423 0.017663678178835036 -0.9981733369345319
    outer loop
      vertex -0.626397431054956 -7.925544243414446 0.003645561635494232
      vertex -0.5315577994053413 -8.441761158428674 0
      vertex -0.6846121795784761 -7.941142838268905 0
    endloop
  endfacet
  facet normal 0.05640239442234831 0.02165085070862156 -0.9981733369345319
    outer loop
      vertex -0.28847758152761926 -8.906934746194317 0.003645561635494232
      vertex -0.3439548833037671 -8.930483463669553 0
      vertex -0.4745729620557704 -8.422139705390396 0.003645561635494232
    endloop
  endfacet
  facet normal 0.05640239442234732 0.021650850708621307 -0.998173336934532
    outer loop
      vertex -0.4745729620557704 -8.422139705390396 0.003645561635494232
      vertex -0.3439548833037671 -8.930483463669553 0
      vertex -0.5315577994053413 -8.441761158428674 0
    endloop
  endfacet
  facet normal 0.05475471402531585 0.025532542470091724 -0.9981733369345321
    outer loop
      vertex -0.28847758152761926 -8.906934746194317 0.003645561635494232
      vertex -0.12271741382322343 -9.4049287480466 0
      vertex -0.3439548833037671 -8.930483463669553 0
    endloop
  endfacet
  facet normal 0.32155242784867627 0.14994235960417057 -0.9349445571481527
    outer loop
      vertex -0.06901792745819169 -9.377567493118837 0.003645561635494232
      vertex -0.28847758152761926 -8.906934746194317 0.003645561635494232
      vertex -0.08250170392803291 -8.819503173406622 0.08850806951522827
    endloop
  endfacet
  facet normal 0.3312285925664661 0.1271467440616649 -0.9349445571481527
    outer loop
      vertex -0.28847758152761926 -8.906934746194317 0.003645561635494232
      vertex -0.26299991313013305 -8.349289262417415 0.08850806951522827
      vertex -0.08250170392803291 -8.819503173406622 0.08850806951522827
    endloop
  endfacet
  facet normal 0.6989821899419886 0.26831412384902137 -0.6628962430780806
    outer loop
      vertex -0.08250170392803291 -8.819503173406622 0.08850806951522827
      vertex -0.11295023936456428 -8.297623016374823 0.2676384150981903
      vertex 0.06357840123818548 -8.757495847614312 0.2676384150981903
    endloop
  endfacet
  facet normal 0.3312285925664662 0.1271467440616649 -0.9349445571481528
    outer loop
      vertex -0.28847758152761926 -8.906934746194317 0.003645561635494232
      vertex -0.4745729620557704 -8.422139705390396 0.003645561635494232
      vertex -0.26299991313013305 -8.349289262417415 0.08850806951522827
    endloop
  endfacet
  facet normal 0.057775288023302854 0.017663678178834782 -0.9981733369345319
    outer loop
      vertex -0.4745729620557704 -8.422139705390396 0.003645561635494232
      vertex -0.5315577994053413 -8.441761158428674 0
      vertex -0.626397431054956 -7.925544243414446 0.003645561635494232
    endloop
  endfacet
  facet normal 0.339291044876254 0.10373168236283817 -0.9349445571481526
    outer loop
      vertex -0.4745729620557704 -8.422139705390396 0.003645561635494232
      vertex -0.626397431054956 -7.925544243414446 0.003645561635494232
      vertex -0.41025797343038484 -7.867629850291443 0.08850806951522827
    endloop
  endfacet
  facet normal 0.33929104487625333 0.10373168236283828 -0.9349445571481527
    outer loop
      vertex -0.4745729620557704 -8.422139705390396 0.003645561635494232
      vertex -0.41025797343038484 -7.867629850291443 0.08850806951522827
      vertex -0.26299991313013305 -8.349289262417415 0.08850806951522827
    endloop
  endfacet
  facet normal 0.6989821899419874 0.2683141238490217 -0.6628962430780818
    outer loop
      vertex -0.08250170392803291 -8.819503173406622 0.08850806951522827
      vertex -0.26299991313013305 -8.349289262417415 0.08850806951522827
      vertex -0.11295023936456428 -8.297623016374823 0.2676384150981903
    endloop
  endfacet
  facet normal 0.7159961515934633 0.21890199134844623 -0.6628962430780817
    outer loop
      vertex -0.26299991313013305 -8.349289262417415 0.08850806951522827
      vertex -0.25696975799310984 -7.826556396755816 0.2676384150981903
      vertex -0.11295023936456428 -8.297623016374823 0.2676384150981903
    endloop
  endfacet
  facet normal 0.9285486638987475 0.28388581578129235 -0.23917822302634725
    outer loop
      vertex -0.11295023936456428 -8.297623016374823 0.2676384150981903
      vertex -0.2016492664339431 -7.811733315717644 0.5
      vertex -0.05879851160568261 -8.278977081200097 0.5
    endloop
  endfacet
  facet normal -0.9063077870366493 -0.42261826174070105 0
    outer loop
      vertex -1.2810258926126954 -9.995116396355014 0.5
      vertex -1.2810258926126954 -9.995116396355014 1.5
      vertex -1.5406111900486223 -9.438433929541139 0.5
    endloop
  endfacet
  facet normal -0.8746197071393965 -0.48480962024633545 1.668794873102855e-17
    outer loop
      vertex -0.983240726034496 -10.532335057673544 1.5
      vertex -1.2810258926126954 -9.995116396355014 1.5
      vertex -1.2810258926126954 -9.995116396355014 0.5
    endloop
  endfacet
  facet normal -0.9335804264972029 -0.3583679495452973 0
    outer loop
      vertex -1.5406111900486223 -9.438433929541139 0.5
      vertex -1.5406111900486223 -9.438433929541139 1.5
      vertex -1.7607319448665866 -8.86499975825271 0.5
    endloop
  endfacet
  facet normal -0.9063077870366493 -0.42261826174070105 0
    outer loop
      vertex -1.5406111900486223 -9.438433929541139 0.5
      vertex -1.2810258926126954 -9.995116396355014 1.5
      vertex -1.5406111900486223 -9.438433929541139 1.5
    endloop
  endfacet
  facet normal -0.956304755963035 -0.2923717047227385 0
    outer loop
      vertex -1.7607319448665866 -8.86499975825271 0.5
      vertex -1.7607319448665866 -8.86499975825271 1.5
      vertex -1.9403157508755822 -8.277607596130842 0.5
    endloop
  endfacet
  facet normal -0.9743700647852347 -0.2249510543438668 0
    outer loop
      vertex -1.9403157508755822 -8.277607596130842 0.5
      vertex -1.9403157508755822 -8.277607596130842 1.5
      vertex -2.0784876938244317 -7.679119158744939 0.5
    endloop
  endfacet
  facet normal -0.956304755963035 -0.2923717047227385 0
    outer loop
      vertex -1.9403157508755822 -8.277607596130842 0.5
      vertex -1.7607319448665866 -8.86499975825271 1.5
      vertex -1.9403157508755822 -8.277607596130842 1.5
    endloop
  endfacet
  facet normal -0.9335804264972029 -0.3583679495452973 0
    outer loop
      vertex -1.7607319448665866 -8.86499975825271 0.5
      vertex -1.5406111900486223 -9.438433929541139 1.5
      vertex -1.7607319448665866 -8.86499975825271 1.5
    endloop
  endfacet
  facet normal 0.9563047559630357 0.29237170472273644 0
    outer loop
      vertex -0.05879851160568261 -8.278977081200097 0.5
      vertex -0.2016492664339431 -7.811733315717644 1.5
      vertex -0.05879851160568261 -8.278977081200097 1.5
    endloop
  endfacet
  facet normal 0.9545621504082208 0.29183893673894784 0.06034182638198683
    outer loop
      vertex -0.05879851160568261 -8.278977081200097 1.5
      vertex -0.20517060856899505 -7.812676856499006 1.5602683424949646
      vertex -0.062245457850535146 -8.280163959973724 1.5602683424949646
    endloop
  endfacet
  facet normal -0.23331600788962967 -0.05386524470211607 -0.9709079131800439
    outer loop
      vertex -1.681796893625167 -8.208337677102376 0.057271987199783325
      vertex -1.8157665502291973 -7.628051341635882 0.057271987199783325
      vertex -1.5876741021005998 -7.583714661056667 0
    endloop
  endfacet
  facet normal -0.646347436300273 -0.14922106345729022 -0.7483101401215541
    outer loop
      vertex -1.8548235206958346 -8.254700022095042 0.21596762537956238
      vertex -1.991605766833807 -7.6622310229180215 0.21596762537956238
      vertex -1.8157665502291973 -7.628051341635882 0.057271987199783325
    endloop
  endfacet
  facet normal -0.6463474363002771 -0.14922106345728917 -0.7483101401215508
    outer loop
      vertex -1.681796893625167 -8.208337677102376 0.057271987199783325
      vertex -1.8548235206958346 -8.254700022095042 0.21596762537956238
      vertex -1.8157665502291973 -7.628051341635882 0.057271987199783325
    endloop
  endfacet
  facet normal -0.911121604834763 -0.21034899680362298 -0.35441602777955117
    outer loop
      vertex -1.9367944087405302 -8.27666405534948 0.4397316575050354
      vertex -2.0749091114240965 -7.678423552791687 0.4397316575050354
      vertex -1.991605766833807 -7.6622310229180215 0.21596762537956238
    endloop
  endfacet
  facet normal -0.9235753626708325 -0.14627996691414855 -0.35441602777955145
    outer loop
      vertex -1.991605766833807 -7.6622310229180215 0.21596762537956238
      vertex -2.0749091114240965 -7.678423552791687 0.4397316575050354
      vertex -2.086726270109537 -7.0616638012842206 0.21596762537956238
    endloop
  endfacet
  facet normal -0.6551821016258887 -0.1037706504766685 -0.7483101401215491
    outer loop
      vertex -1.9089311349589906 -7.039833303684087 0.057271987199783325
      vertex -1.991605766833807 -7.6622310229180215 0.21596762537956238
      vertex -2.086726270109537 -7.0616638012842206 0.21596762537956238
    endloop
  endfacet
  facet normal -0.23650511134861615 -0.03745872969484233 -0.9709079131800437
    outer loop
      vertex -1.8157665502291973 -7.628051341635882 0.057271987199783325
      vertex -1.67830153807542 -7.011515549899524 0
      vertex -1.5876741021005998 -7.583714661056667 0
    endloop
  endfacet
  facet normal -0.23650511134861385 -0.037458729694842895 -0.9709079131800443
    outer loop
      vertex -1.8157665502291973 -7.628051341635882 0.057271987199783325
      vertex -1.9089311349589906 -7.039833303684087 0.057271987199783325
      vertex -1.67830153807542 -7.011515549899524 0
    endloop
  endfacet
  facet normal -0.6551821016258832 -0.1037706504766705 -0.7483101401215541
    outer loop
      vertex -1.8157665502291973 -7.628051341635882 0.057271987199783325
      vertex -1.991605766833807 -7.6622310229180215 0.21596762537956238
      vertex -1.9089311349589906 -7.039833303684087 0.057271987199783325
    endloop
  endfacet
  facet normal -0.9235753626708305 -0.14627996691415024 -0.3544160277795563
    outer loop
      vertex -2.0749091114240965 -7.678423552791687 0.4397316575050354
      vertex -2.1709562257242006 -7.072005939399238 0.4397316575050354
      vertex -2.086726270109537 -7.0616638012842206 0.21596762537956238
    endloop
  endfacet
  facet normal -0.23331600788962834 -0.05386524470211631 -0.9709079131800441
    outer loop
      vertex -1.681796893625167 -8.208337677102376 0.057271987199783325
      vertex -1.5876741021005998 -7.583714661056667 0
      vertex -1.4573528377310492 -8.14819807357958 0
    endloop
  endfacet
  facet normal -0.9725945401140953 -0.22454114217474205 -0.06034182638198549
    outer loop
      vertex -1.9403157508755822 -8.277607596130842 0.5
      vertex -2.0784876938244317 -7.679119158744939 0.5
      vertex -2.0749091114240965 -7.678423552791687 0.4397316575050354
    endloop
  endfacet
  facet normal -0.9858885469853967 -0.15614940573665248 -0.060341826381985084
    outer loop
      vertex -2.0749091114240965 -7.678423552791687 0.4397316575050354
      vertex -2.0784876938244317 -7.679119158744939 0.5
      vertex -2.1709562257242006 -7.072005939399238 0.4397316575050354
    endloop
  endfacet
  facet normal -0.9858885469853984 -0.15614940573665043 -0.060341826381961824
    outer loop
      vertex -2.0784876938244317 -7.679119158744939 0.5
      vertex -2.1745746138960804 -7.072450221602098 0.5
      vertex -2.1709562257242006 -7.072005939399238 0.4397316575050354
    endloop
  endfacet
  facet normal -0.660824785611052 -0.05781467731791577 -0.7483101401215491
    outer loop
      vertex -1.9089311349589906 -7.039833303684087 0.057271987199783325
      vertex -2.086726270109537 -7.0616638012842206 0.21596762537956238
      vertex -1.9608367593226106 -6.446549302400423 0.057271987199783325
    endloop
  endfacet
  facet normal -0.6608247856110488 -0.057814677317917146 -0.7483101401215518
    outer loop
      vertex -2.086726270109537 -7.0616638012842206 0.21596762537956238
      vertex -2.139721612992549 -6.455924260328636 0.21596762537956238
      vertex -1.9608367593226106 -6.446549302400423 0.057271987199783325
    endloop
  endfacet
  facet normal -0.2385419856785219 -0.020869719521833835 -0.9709079131800441
    outer loop
      vertex -1.9089311349589906 -7.039833303684087 0.057271987199783325
      vertex -1.9608367593226106 -6.446549302400423 0.057271987199783325
      vertex -1.7287936178972814 -6.43438843666046 0
    endloop
  endfacet
  facet normal -0.2385419856785205 -0.02086971952183427 -0.9709079131800443
    outer loop
      vertex -1.9089311349589906 -7.039833303684087 0.057271987199783325
      vertex -1.7287936178972814 -6.43438843666046 0
      vertex -1.67830153807542 -7.011515549899524 0
    endloop
  endfacet
  facet normal -0.931529554177438 -0.08149827572988559 -0.3544160277795562
    outer loop
      vertex -2.086726270109537 -7.0616638012842206 0.21596762537956238
      vertex -2.1709562257242006 -7.072005939399238 0.4397316575050354
      vertex -2.139721612992549 -6.455924260328636 0.21596762537956238
    endloop
  endfacet
  facet normal -0.9315295541774419 -0.08149827572988204 -0.354416027779547
    outer loop
      vertex -2.1709562257242006 -7.072005939399238 0.4397316575050354
      vertex -2.2244678197545937 -6.460365620827696 0.4397316575050354
      vertex -2.139721612992549 -6.455924260328636 0.21596762537956238
    endloop
  endfacet
  facet normal -0.6632479976665903 -0.011577036862780376 -0.7483101401215518
    outer loop
      vertex -1.9608367593226106 -6.446549302400423 0.057271987199783325
      vertex -2.139721612992549 -6.455924260328636 0.21596762537956238
      vertex -1.971230544335695 -5.851089757802441 0.057271987199783325
    endloop
  endfacet
  facet normal -0.6632479976665879 -0.011577036862781593 -0.7483101401215538
    outer loop
      vertex -1.971230544335695 -5.851089757802441 0.057271987199783325
      vertex -2.139721612992549 -6.455924260328636 0.21596762537956238
      vertex -2.1503336074993875 -5.847963502206077 0.21596762537956238
    endloop
  endfacet
  facet normal -0.23941670743235946 -0.004179034173131714 -0.9709079131800441
    outer loop
      vertex -1.9608367593226106 -6.446549302400423 0.057271987199783325
      vertex -1.7389043492287346 -5.8551450266225595 0
      vertex -1.7287936178972814 -6.43438843666046 0
    endloop
  endfacet
  facet normal -0.23941670743235915 -0.004179034173131808 -0.970907913180044
    outer loop
      vertex -1.9608367593226106 -6.446549302400423 0.057271987199783325
      vertex -1.971230544335695 -5.851089757802441 0.057271987199783325
      vertex -1.7389043492287346 -5.8551450266225595 0
    endloop
  endfacet
  facet normal -0.93494542733312 -0.016319533138441162 -0.35441602777954706
    outer loop
      vertex -2.139721612992549 -6.455924260328636 0.21596762537956238
      vertex -2.2244678197545937 -6.460365620827696 0.4397316575050354
      vertex -2.1503336074993875 -5.847963502206077 0.21596762537956238
    endloop
  endfacet
  facet normal -0.9349454273331215 -0.01631953313843977 -0.3544160277795437
    outer loop
      vertex -2.2244678197545937 -6.460365620827696 0.4397316575050354
      vertex -2.2351831904081294 -5.846482447227272 0.4397316575050354
      vertex -2.1503336074993875 -5.847963502206077 0.21596762537956238
    endloop
  endfacet
  facet normal -0.9943794039569565 -0.0869969250898967 -0.0603418263819624
    outer loop
      vertex -2.1709562257242006 -7.072005939399238 0.4397316575050354
      vertex -2.1745746138960804 -7.072450221602098 0.5
      vertex -2.2244678197545937 -6.460365620827696 0.4397316575050354
    endloop
  endfacet
  facet normal -0.9943794039569528 -0.08699692508990166 -0.060341826382015636
    outer loop
      vertex -2.1745746138960804 -7.072450221602098 0.5
      vertex -2.2281083852745684 -6.460556414781933 0.5
      vertex -2.2244678197545937 -6.460365620827696 0.4397316575050354
    endloop
  endfacet
  facet normal -0.9980257444271011 -0.01742060416900774 -0.06034182638201539
    outer loop
      vertex -2.2244678197545937 -6.460365620827696 0.4397316575050354
      vertex -2.2281083852745684 -6.460556414781933 0.5
      vertex -2.2351831904081294 -5.846482447227272 0.4397316575050354
    endloop
  endfacet
  facet normal -0.9980257444271023 -0.01742060416900584 -0.06034182638199586
    outer loop
      vertex -2.2281083852745684 -6.460556414781933 0.5
      vertex -2.2388281968069297 -5.846418823403917 0.5
      vertex -2.2351831904081294 -5.846482447227272 0.4397316575050354
    endloop
  endfacet
  facet normal 0.05886670622856189 0.01359044998450802 -0.9981733369345321
    outer loop
      vertex -0.626397431054956 -7.925544243414446 0.003645561635494232
      vertex -0.6846121795784761 -7.941142838268905 0
      vertex -0.7432113149735535 -7.419567723439612 0.003645561635494232
    endloop
  endfacet
  facet normal 0.05886670622856046 0.013590449984507858 -0.9981733369345319
    outer loop
      vertex -0.7432113149735535 -7.419567723439612 0.003645561635494232
      vertex -0.6846121795784761 -7.941142838268905 0
      vertex -0.8023723582679452 -7.431067465324086 0
    endloop
  endfacet
  facet normal 0.3457005053208203 0.07981125033461099 -0.9349445571481528
    outer loop
      vertex -0.626397431054956 -7.925544243414446 0.003645561635494232
      vertex -0.7432113149735535 -7.419567723439612 0.003645561635494232
      vertex -0.5235584583613324 -7.376871533268346 0.08850806951522827
    endloop
  endfacet
  facet normal 0.059671331758333175 0.009451010483963296 -0.9981733369345319
    outer loop
      vertex -0.7432113149735535 -7.419567723439612 0.003645561635494232
      vertex -0.8023723582679452 -7.431067465324086 0
      vertex -0.8244455083112019 -6.906675212210628 0.003645561635494232
    endloop
  endfacet
  facet normal 0.3504257476531576 0.055501985917351955 -0.9349445571481528
    outer loop
      vertex -0.7432113149735535 -7.419567723439612 0.003645561635494232
      vertex -0.6023493793493175 -6.879405236537808 0.08850806951522827
      vertex -0.5235584583613324 -7.376871533268346 0.08850806951522827
    endloop
  endfacet
  facet normal 0.05967133175833298 0.009451010483963289 -0.998173336934532
    outer loop
      vertex -0.8244455083112019 -6.906675212210628 0.003645561635494232
      vertex -0.8023723582679452 -7.431067465324086 0
      vertex -0.8842646197203807 -6.914020075538605 0
    endloop
  endfacet
  facet normal 0.35042574765315665 0.05550198591735222 -0.9349445571481532
    outer loop
      vertex -0.7432113149735535 -7.419567723439612 0.003645561635494232
      vertex -0.8244455083112019 -6.906675212210628 0.003645561635494232
      vertex -0.6023493793493175 -6.879405236537808 0.08850806951522827
    endloop
  endfacet
  facet normal 0.34570050532082097 0.07981125033461083 -0.9349445571481526
    outer loop
      vertex -0.626397431054956 -7.925544243414446 0.003645561635494232
      vertex -0.5235584583613324 -7.376871533268346 0.08850806951522827
      vertex -0.41025797343038484 -7.867629850291443 0.08850806951522827
    endloop
  endfacet
  facet normal 0.7295218519660572 0.168423390349974 -0.6628962430780811
    outer loop
      vertex -0.41025797343038484 -7.867629850291443 0.08850806951522827
      vertex -0.5235584583613324 -7.376871533268346 0.08850806951522827
      vertex -0.36777850602948714 -7.346590977976622 0.2676384150981903
    endloop
  endfacet
  facet normal 0.7159961515934594 0.21890199134844754 -0.6628962430780854
    outer loop
      vertex -0.26299991313013305 -8.349289262417415 0.08850806951522827
      vertex -0.41025797343038484 -7.867629850291443 0.08850806951522827
      vertex -0.25696975799310984 -7.826556396755816 0.2676384150981903
    endloop
  endfacet
  facet normal 0.7295218519660529 0.16842339034997575 -0.6628962430780854
    outer loop
      vertex -0.41025797343038484 -7.867629850291443 0.08850806951522827
      vertex -0.36777850602948714 -7.346590977976622 0.2676384150981903
      vertex -0.25696975799310984 -7.826556396755816 0.2676384150981903
    endloop
  endfacet
  facet normal 0.9285486638987487 0.2838858157812909 -0.23917822302634392
    outer loop
      vertex -0.11295023936456428 -8.297623016374823 0.2676384150981903
      vertex -0.25696975799310984 -7.826556396755816 0.2676384150981903
      vertex -0.2016492664339431 -7.811733315717644 0.5
    endloop
  endfacet
  facet normal 0.9460896394770595 0.21842200370870782 -0.23917822302634698
    outer loop
      vertex -0.25696975799310984 -7.826556396755816 0.2676384150981903
      vertex -0.36777850602948714 -7.346590977976622 0.2676384150981903
      vertex -0.3115587665441133 -7.335662967635813 0.5
    endloop
  endfacet
  facet normal 0.7394933952071523 0.1171242475235747 -0.6628962430780814
    outer loop
      vertex -0.5235584583613324 -7.376871533268346 0.08850806951522827
      vertex -0.6023493793493175 -6.879405236537808 0.08850806951522827
      vertex -0.4448366343917147 -6.860065103311578 0.2676384150981903
    endloop
  endfacet
  facet normal 0.7394933952071528 0.1171242475235745 -0.662896243078081
    outer loop
      vertex -0.5235584583613324 -7.376871533268346 0.08850806951522827
      vertex -0.4448366343917147 -6.860065103311578 0.2676384150981903
      vertex -0.36777850602948714 -7.346590977976622 0.2676384150981903
    endloop
  endfacet
  facet normal 0.9590213614324384 0.1518940615897496 -0.23917822302634803
    outer loop
      vertex -0.36777850602948714 -7.346590977976622 0.2676384150981903
      vertex -0.4448366343917147 -6.860065103311578 0.2676384150981903
      vertex -0.38799154389971857 -6.853085403836032 0.5
    endloop
  endfacet
  facet normal 0.9460896394770605 0.21842200370870649 -0.23917822302634392
    outer loop
      vertex -0.25696975799310984 -7.826556396755816 0.2676384150981903
      vertex -0.3115587665441133 -7.335662967635813 0.5
      vertex -0.2016492664339431 -7.811733315717644 0.5
    endloop
  endfacet
  facet normal 0.9590213614324389 0.15189406158974914 -0.239178223026347
    outer loop
      vertex -0.36777850602948714 -7.346590977976622 0.2676384150981903
      vertex -0.38799154389971857 -6.853085403836032 0.5
      vertex -0.3115587665441133 -7.335662967635813 0.5
    endloop
  endfacet
  facet normal 0.06018524455792105 0.005265526610353425 -0.9981733369345319
    outer loop
      vertex -0.869704246243594 -6.389365470486427 0.003645561635494232
      vertex -0.8842646197203807 -6.914020075538605 0
      vertex -0.9298899930697697 -6.392519671822078 0
    endloop
  endfacet
  facet normal 0.06018524455792034 0.005265526610353445 -0.998173336934532
    outer loop
      vertex -0.8244455083112019 -6.906675212210628 0.003645561635494232
      vertex -0.8842646197203807 -6.914020075538605 0
      vertex -0.869704246243594 -6.389365470486427 0.003645561635494232
    endloop
  endfacet
  facet normal 0.35344375096760045 0.03092232140374584 -0.934944557148153
    outer loop
      vertex -0.8244455083112019 -6.906675212210628 0.003645561635494232
      vertex -0.6462468749473249 -6.377654565892364 0.08850806951522827
      vertex -0.6023493793493175 -6.879405236537808 0.08850806951522827
    endloop
  endfacet
  facet normal 0.3534437509676013 0.030922321403745553 -0.9349445571481529
    outer loop
      vertex -0.8244455083112019 -6.906675212210628 0.003645561635494232
      vertex -0.869704246243594 -6.389365470486427 0.003645561635494232
      vertex -0.6462468749473249 -6.377654565892364 0.08850806951522827
    endloop
  endfacet
  facet normal 0.06040594089582185 0.0010543896203865368 -0.9981733369345319
    outer loop
      vertex -0.869704246243594 -6.389365470486427 0.003645561635494232
      vertex -0.9298899930697697 -6.392519671822078 0
      vertex -0.8787670327489128 -5.870158779328897 0.003645561635494232
    endloop
  endfacet
  facet normal 0.060405940895821436 0.0010543896203865774 -0.9981733369345319
    outer loop
      vertex -0.8787670327489128 -5.870158779328897 0.003645561635494232
      vertex -0.9298899930697697 -6.392519671822078 0
      vertex -0.9390261960833994 -5.869106951720373 0
    endloop
  endfacet
  facet normal 0.35473981185537284 0.006192006448558618 -0.9349445571481529
    outer loop
      vertex -0.869704246243594 -6.389365470486427 0.003645561635494232
      vertex -0.6550370809693575 -5.874064000163596 0.08850806951522827
      vertex -0.6462468749473249 -6.377654565892364 0.08850806951522827
    endloop
  endfacet
  facet normal 0.35473981185537296 0.006192006448558593 -0.9349445571481529
    outer loop
      vertex -0.869704246243594 -6.389365470486427 0.003645561635494232
      vertex -0.8787670327489128 -5.870158779328897 0.003645561635494232
      vertex -0.6550370809693575 -5.874064000163596 0.08850806951522827
    endloop
  endfacet
  facet normal 0.7485972410444046 0.013066813447513375 -0.6628962430780805
    outer loop
      vertex -0.6462468749473249 -6.377654565892364 0.08850806951522827
      vertex -0.6550370809693575 -5.874064000163596 0.08850806951522827
      vertex -0.4963656129039338 -5.876833620940934 0.2676384150981903
    endloop
  endfacet
  facet normal 0.7458622009604124 0.06525448713653267 -0.6628962430780834
    outer loop
      vertex -0.6023493793493175 -6.879405236537808 0.08850806951522827
      vertex -0.6462468749473249 -6.377654565892364 0.08850806951522827
      vertex -0.4877687236242716 -6.369349077916641 0.2676384150981903
    endloop
  endfacet
  facet normal 0.7458622009604143 0.06525448713653152 -0.6628962430780814
    outer loop
      vertex -0.6023493793493175 -6.879405236537808 0.08850806951522827
      vertex -0.4877687236242716 -6.369349077916641 0.2676384150981903
      vertex -0.4448366343917147 -6.860065103311578 0.2676384150981903
    endloop
  endfacet
  facet normal 0.9672808277154086 0.08462610687107157 -0.23917822302634514
    outer loop
      vertex -0.4448366343917147 -6.860065103311578 0.2676384150981903
      vertex -0.4877687236242716 -6.369349077916641 0.2676384150981903
      vertex -0.43057522569248263 -6.366351693700607 0.5
    endloop
  endfacet
  facet normal 0.748597241044402 0.01306681344751527 -0.6628962430780835
    outer loop
      vertex -0.6462468749473249 -6.377654565892364 0.08850806951522827
      vertex -0.4963656129039338 -5.876833620940934 0.2676384150981903
      vertex -0.4877687236242716 -6.369349077916641 0.2676384150981903
    endloop
  endfacet
  facet normal 0.9708277990364765 0.01694586226630117 -0.2391782230263499
    outer loop
      vertex -0.4877687236242716 -6.369349077916641 0.2676384150981903
      vertex -0.4963656129039338 -5.876833620940934 0.2676384150981903
      vertex -0.43910234850520347 -5.877833154939016 0.5
    endloop
  endfacet
  facet normal 0.9672808277154077 0.08462610687107298 -0.2391782230263481
    outer loop
      vertex -0.4448366343917147 -6.860065103311578 0.2676384150981903
      vertex -0.43057522569248263 -6.366351693700607 0.5
      vertex -0.38799154389971857 -6.853085403836032 0.5
    endloop
  endfacet
  facet normal 0.9708277990364776 0.016945862266298874 -0.23917822302634525
    outer loop
      vertex -0.4877687236242716 -6.369349077916641 0.2676384150981903
      vertex -0.43910234850520347 -5.877833154939016 0.5
      vertex -0.43057522569248263 -6.366351693700607 0.5
    endloop
  endfacet
  facet normal -0.987688340595138 -0.15643446504022873 0
    outer loop
      vertex -2.0784876938244317 -7.679119158744939 0.5
      vertex -2.0784876938244317 -7.679119158744939 1.5
      vertex -2.1745746138960804 -7.072450221602098 0.5
    endloop
  endfacet
  facet normal -0.9743700647852347 -0.2249510543438668 0
    outer loop
      vertex -2.0784876938244317 -7.679119158744939 0.5
      vertex -1.9403157508755822 -8.277607596130842 1.5
      vertex -2.0784876938244317 -7.679119158744939 1.5
    endloop
  endfacet
  facet normal -0.987688340595138 -0.15643446504022873 0
    outer loop
      vertex -2.1745746138960804 -7.072450221602098 0.5
      vertex -2.0784876938244317 -7.679119158744939 1.5
      vertex -2.1745746138960804 -7.072450221602098 1.5
    endloop
  endfacet
  facet normal -0.9961946980917453 -0.08715574274766111 0
    outer loop
      vertex -2.1745746138960804 -7.072450221602098 0.5
      vertex -2.1745746138960804 -7.072450221602098 1.5
      vertex -2.2281083852745684 -6.460556414781933 0.5
    endloop
  endfacet
  facet normal -0.9961946980917453 -0.08715574274766111 0
    outer loop
      vertex -2.2281083852745684 -6.460556414781933 0.5
      vertex -2.1745746138960804 -7.072450221602098 1.5
      vertex -2.2281083852745684 -6.460556414781933 1.5
    endloop
  endfacet
  facet normal -0.9998476951563913 -0.017452406437281586 0
    outer loop
      vertex -2.2281083852745684 -6.460556414781933 0.5
      vertex -2.2281083852745684 -6.460556414781933 1.5
      vertex -2.2388281968069297 -5.846418823403917 0.5
    endloop
  endfacet
  facet normal -0.9998476951563913 -0.017452406437281586 0
    outer loop
      vertex -2.2388281968069297 -5.846418823403917 0.5
      vertex -2.2281083852745684 -6.460556414781933 1.5
      vertex -2.2388281968069297 -5.846418823403917 1.5
    endloop
  endfacet
  facet normal 0.9563047559630357 0.29237170472273644 -1.0252764410850747e-17
    outer loop
      vertex -0.05879851160568261 -8.278977081200097 0.5
      vertex -0.2016492664339431 -7.811733315717644 0.5
      vertex -0.2016492664339431 -7.811733315717644 1.5
    endloop
  endfacet
  facet normal 0.9743700647852349 0.22495105434386636 -7.576761364336355e-20
    outer loop
      vertex -0.2016492664339431 -7.811733315717644 0.5
      vertex -0.3115587665441133 -7.335662967635813 0.5
      vertex -0.3115587665441133 -7.335662967635813 1.5
    endloop
  endfacet
  facet normal 0.9743700647852349 0.22495105434386636 0
    outer loop
      vertex -0.2016492664339431 -7.811733315717644 0.5
      vertex -0.3115587665441133 -7.335662967635813 1.5
      vertex -0.2016492664339431 -7.811733315717644 1.5
    endloop
  endfacet
  facet normal 0.9876883405951382 0.15643446504022837 -5.722824245129291e-18
    outer loop
      vertex -0.3115587665441133 -7.335662967635813 0.5
      vertex -0.38799154389971857 -6.853085403836032 0.5
      vertex -0.38799154389971857 -6.853085403836032 1.5
    endloop
  endfacet
  facet normal 0.9876883405951382 0.15643446504022837 0
    outer loop
      vertex -0.3115587665441133 -7.335662967635813 0.5
      vertex -0.38799154389971857 -6.853085403836032 1.5
      vertex -0.3115587665441133 -7.335662967635813 1.5
    endloop
  endfacet
  facet normal 0.9545621504082209 0.2918389367389493 0.0603418263819758
    outer loop
      vertex -0.05879851160568261 -8.278977081200097 1.5
      vertex -0.2016492664339431 -7.811733315717644 1.5
      vertex -0.20517060856899505 -7.812676856499006 1.5602683424949646
    endloop
  endfacet
  facet normal 0.9725945401140962 0.22454114217474122 0.06034182638197527
    outer loop
      vertex -0.2016492664339431 -7.811733315717644 1.5
      vertex -0.31513734894444756 -7.336358573589066 1.5602683424949646
      vertex -0.20517060856899505 -7.812676856499006 1.5602683424949646
    endloop
  endfacet
  facet normal 0.9725945401140963 0.2245411421747418 0.06034182638197132
    outer loop
      vertex -0.2016492664339431 -7.811733315717644 1.5
      vertex -0.3115587665441133 -7.335662967635813 1.5
      vertex -0.31513734894444756 -7.336358573589066 1.5602683424949646
    endloop
  endfacet
  facet normal 0.9858885469853975 0.15614940573665242 0.0603418263819706
    outer loop
      vertex -0.31513734894444756 -7.336358573589066 1.5602683424949646
      vertex -0.3115587665441133 -7.335662967635813 1.5
      vertex -0.3916099320716002 -6.853529686038892 1.5602683424949646
    endloop
  endfacet
  facet normal 0.9858885469853967 0.1561494057366498 0.06034182638199073
    outer loop
      vertex -0.3115587665441133 -7.335662967635813 1.5
      vertex -0.38799154389971857 -6.853085403836032 1.5
      vertex -0.3916099320716002 -6.853529686038892 1.5602683424949646
    endloop
  endfacet
  facet normal 0.9961946980917454 0.08715574274766065 -2.2151389375752996e-18
    outer loop
      vertex -0.38799154389971857 -6.853085403836032 0.5
      vertex -0.43057522569248263 -6.366351693700607 0.5
      vertex -0.43057522569248263 -6.366351693700607 1.5
    endloop
  endfacet
  facet normal 0.9961946980917454 0.08715574274766065 0
    outer loop
      vertex -0.38799154389971857 -6.853085403836032 0.5
      vertex -0.43057522569248263 -6.366351693700607 1.5
      vertex -0.38799154389971857 -6.853085403836032 1.5
    endloop
  endfacet
  facet normal 0.9998476951563913 0.01745240643728205 -4.739610442547984e-19
    outer loop
      vertex -0.43057522569248263 -6.366351693700607 0.5
      vertex -0.43910234850520347 -5.877833154939016 0.5
      vertex -0.43910234850520347 -5.877833154939016 1.5
    endloop
  endfacet
  facet normal 0.9998476951563913 0.01745240643728205 0
    outer loop
      vertex -0.43057522569248263 -6.366351693700607 0.5
      vertex -0.43910234850520347 -5.877833154939016 1.5
      vertex -0.43057522569248263 -6.366351693700607 1.5
    endloop
  endfacet
  facet normal 0.9943794039569543 0.08699692508990053 0.06034182638199161
    outer loop
      vertex -0.38799154389971857 -6.853085403836032 1.5
      vertex -0.43421579121245557 -6.366542487654843 1.5602683424949646
      vertex -0.3916099320716002 -6.853529686038892 1.5602683424949646
    endloop
  endfacet
  facet normal 0.9943794039569547 0.08699692508990137 0.06034182638198518
    outer loop
      vertex -0.38799154389971857 -6.853085403836032 1.5
      vertex -0.43057522569248263 -6.366351693700607 1.5
      vertex -0.43421579121245557 -6.366542487654843 1.5602683424949646
    endloop
  endfacet
  facet normal 0.998025744427103 0.017420604169005708 0.06034182638198584
    outer loop
      vertex -0.43057522569248263 -6.366351693700607 1.5
      vertex -0.44274735490400285 -5.877769531115661 1.5602683424949646
      vertex -0.43421579121245557 -6.366542487654843 1.5602683424949646
    endloop
  endfacet
  facet normal 0.9980257444271032 0.01742060416900632 0.060341826381980934
    outer loop
      vertex -0.43057522569248263 -6.366351693700607 1.5
      vertex -0.43910234850520347 -5.877833154939016 1.5
      vertex -0.44274735490400285 -5.877769531115661 1.5602683424949646
    endloop
  endfacet
  facet normal 0.05066840180138858 0.03290444486500425 -0.9981733369345319
    outer loop
      vertex 0.1827368147778916 -9.831745070728779 0.003645561635494232
      vertex 0.46556012138275626 -10.267254771519799 0.003645561635494232
      vertex 0.41619118542209677 -10.301823272632845 0
    endloop
  endfacet
  facet normal 0.2975551585734912 0.19323457937271493 -0.9349445571481523
    outer loop
      vertex 0.46556012138275626 -10.267254771519799 0.003645561635494232
      vertex 0.37454002618910387 -9.716498074388765 0.08850806951522827
      vertex 0.6488568857366852 -10.13890899538973 0.08850806951522827
    endloop
  endfacet
  facet normal 0.0506684018013883 0.0329044448650041 -0.998173336934532
    outer loop
      vertex 0.1827368147778916 -9.831745070728779 0.003645561635494232
      vertex 0.41619118542209677 -10.301823272632845 0
      vertex 0.13107676232369236 -9.862785561825406 0
    endloop
  endfacet
  facet normal 0.29755515857349113 0.1932345793727149 -0.9349445571481523
    outer loop
      vertex 0.1827368147778916 -9.831745070728779 0.003645561635494232
      vertex 0.37454002618910387 -9.716498074388765 0.08850806951522827
      vertex 0.46556012138275626 -10.267254771519799 0.003645561635494232
    endloop
  endfacet
  facet normal 0.05284027416547586 0.029289842251169193 -0.9981733369345319
    outer loop
      vertex -0.06901792745819169 -9.377567493118837 0.003645561635494232
      vertex 0.1827368147778916 -9.831745070728779 0.003645561635494232
      vertex 0.13107676232369236 -9.862785561825406 0
    endloop
  endfacet
  facet normal 0.052840274165476854 0.029289842251169602 -0.9981733369345319
    outer loop
      vertex -0.06901792745819169 -9.377567493118837 0.003645561635494232
      vertex 0.13107676232369236 -9.862785561825406 0
      vertex -0.12271741382322343 -9.4049287480466 0
    endloop
  endfacet
  facet normal 0.3103096920247451 0.17200747104283745 -0.9349445571481526
    outer loop
      vertex -0.06901792745819169 -9.377567493118837 0.003645561635494232
      vertex 0.13035728504430022 -9.275980748350458 0.08850806951522827
      vertex 0.1827368147778916 -9.831745070728779 0.003645561635494232
    endloop
  endfacet
  facet normal 0.3103096920247462 0.1720074710428375 -0.9349445571481524
    outer loop
      vertex 0.1827368147778916 -9.831745070728779 0.003645561635494232
      vertex 0.13035728504430022 -9.275980748350458 0.08850806951522827
      vertex 0.37454002618910387 -9.716498074388765 0.08850806951522827
    endloop
  endfacet
  facet normal 0.6548376346711531 0.3629824281301408 -0.6628962430780827
    outer loop
      vertex 0.13035728504430022 -9.275980748350458 0.08850806951522827
      vertex 0.2717561340227199 -9.203934436266733 0.2676384150981903
      vertex 0.37454002618910387 -9.716498074388765 0.08850806951522827
    endloop
  endfacet
  facet normal 0.654837634671153 0.3629824281301408 -0.6628962430780829
    outer loop
      vertex 0.37454002618910387 -9.716498074388765 0.08850806951522827
      vertex 0.2717561340227199 -9.203934436266733 0.2676384150981903
      vertex 0.5105687380008641 -9.634763778404029 0.2676384150981903
    endloop
  endfacet
  facet normal 0.8492344677988736 0.47073835230658956 -0.23917822302634728
    outer loop
      vertex 0.5105687380008641 -9.634763778404029 0.2676384150981903
      vertex 0.2717561340227199 -9.203934436266733 0.2676384150981903
      vertex 0.3227858482709598 -9.177933498176827 0.5
    endloop
  endfacet
  facet normal 0.6279221088876786 0.4077773854482534 -0.6628962430780829
    outer loop
      vertex 0.37454002618910387 -9.716498074388765 0.08850806951522827
      vertex 0.5105687380008641 -9.634763778404029 0.2676384150981903
      vertex 0.6488568857366852 -10.13890899538973 0.08850806951522827
    endloop
  endfacet
  facet normal 0.597947409708214 0.4505856923340993 -0.6628962430780836
    outer loop
      vertex 0.9519714195215592 -10.541155567806832 0.08850806951522827
      vertex 0.6488568857366852 -10.13890899538973 0.08850806951522827
      vertex 0.7788527421713969 -10.047884916778116 0.2676384150981903
    endloop
  endfacet
  facet normal 0.6279221088876782 0.4077773854482534 -0.6628962430780834
    outer loop
      vertex 0.6488568857366852 -10.13890899538973 0.08850806951522827
      vertex 0.5105687380008641 -9.634763778404029 0.2676384150981903
      vertex 0.7788527421713969 -10.047884916778116 0.2676384150981903
    endloop
  endfacet
  facet normal 0.8143287278046614 0.5288312591952175 -0.23917822302634983
    outer loop
      vertex 0.5105687380008641 -9.634763778404029 0.2676384150981903
      vertex 0.5596604126747486 -9.605266524370379 0.5
      vertex 0.7788527421713969 -10.047884916778116 0.2676384150981903
    endloop
  endfacet
  facet normal 0.7754556601046265 0.5843477533469744 -0.2391782230263484
    outer loop
      vertex 1.0753010938338114 -10.441285166729632 0.2676384150981903
      vertex 0.7788527421713969 -10.047884916778116 0.2676384150981903
      vertex 0.8257672075665923 -10.015035054457321 0.5
    endloop
  endfacet
  facet normal 0.8492344677988725 0.47073835230659045 -0.23917822302634978
    outer loop
      vertex 0.5105687380008641 -9.634763778404029 0.2676384150981903
      vertex 0.3227858482709598 -9.177933498176827 0.5
      vertex 0.5596604126747486 -9.605266524370379 0.5
    endloop
  endfacet
  facet normal 0.8143287278046621 0.528831259195217 -0.23917822302634822
    outer loop
      vertex 0.7788527421713969 -10.047884916778116 0.2676384150981903
      vertex 0.5596604126747486 -9.605266524370379 0.5
      vertex 0.8257672075665923 -10.015035054457321 0.5
    endloop
  endfacet
  facet normal 0.32155242784867655 0.14994235960417054 -0.9349445571481526
    outer loop
      vertex -0.06901792745819169 -9.377567493118837 0.003645561635494232
      vertex -0.08250170392803291 -8.819503173406622 0.08850806951522827
      vertex 0.13035728504430022 -9.275980748350458 0.08850806951522827
    endloop
  endfacet
  facet normal 0.6785628573225589 0.316419056909047 -0.6628962430780806
    outer loop
      vertex -0.08250170392803291 -8.819503173406622 0.08850806951522827
      vertex 0.06357840123818548 -8.757495847614312 0.2676384150981903
      vertex 0.13035728504430022 -9.275980748350458 0.08850806951522827
    endloop
  endfacet
  facet normal 0.6785628573225568 0.3164190569090474 -0.6628962430780826
    outer loop
      vertex 0.13035728504430022 -9.275980748350458 0.08850806951522827
      vertex 0.06357840123818548 -8.757495847614312 0.2676384150981903
      vertex 0.2717561340227199 -9.203934436266733 0.2676384150981903
    endloop
  endfacet
  facet normal 0.8800028228307161 0.41035205548398135 -0.23917822302635053
    outer loop
      vertex 0.2717561340227199 -9.203934436266733 0.2676384150981903
      vertex 0.06357840123818548 -8.757495847614312 0.2676384150981903
      vertex 0.11629754342245224 -8.735117899424916 0.5
    endloop
  endfacet
  facet normal 0.9064838925673061 0.34796656469549414 -0.23917822302634698
    outer loop
      vertex -0.11295023936456428 -8.297623016374823 0.2676384150981903
      vertex -0.05879851160568261 -8.278977081200097 0.5
      vertex 0.06357840123818548 -8.757495847614312 0.2676384150981903
    endloop
  endfacet
  facet normal 0.8800028228307174 0.41035205548398035 -0.2391782230263475
    outer loop
      vertex 0.2717561340227199 -9.203934436266733 0.2676384150981903
      vertex 0.11629754342245224 -8.735117899424916 0.5
      vertex 0.3227858482709598 -9.177933498176827 0.5
    endloop
  endfacet
  facet normal 0.9064838925673048 0.3479665646954954 -0.2391782230263502
    outer loop
      vertex -0.05879851160568261 -8.278977081200097 0.5
      vertex 0.11629754342245224 -8.735117899424916 0.5
      vertex 0.06357840123818548 -8.757495847614312 0.2676384150981903
    endloop
  endfacet
  facet normal 0.8746197071393956 0.48480962024633734 0
    outer loop
      vertex 0.3227858482709598 -9.177933498176827 0.5
      vertex 0.3227858482709598 -9.177933498176827 1.5
      vertex 0.5596604126747486 -9.605266524370379 0.5
    endloop
  endfacet
  facet normal 0.8746197071393956 0.48480962024633734 0
    outer loop
      vertex 0.5596604126747486 -9.605266524370379 0.5
      vertex 0.3227858482709598 -9.177933498176827 1.5
      vertex 0.5596604126747486 -9.605266524370379 1.5
    endloop
  endfacet
  facet normal 0.8386705679454237 0.5446390350150275 -8.653179559722944e-18
    outer loop
      vertex 0.8257672075665923 -10.015035054457321 0.5
      vertex 0.5596604126747486 -9.605266524370379 0.5
      vertex 0.5596604126747486 -9.605266524370379 1.5
    endloop
  endfacet
  facet normal 0.798635510047294 0.6018150231520467 -8.604328624568496e-18
    outer loop
      vertex 1.1198097873907384 -10.405242737348862 0.5
      vertex 0.8257672075665923 -10.015035054457321 0.5
      vertex 0.8257672075665923 -10.015035054457321 1.5
    endloop
  endfacet
  facet normal 0.8386705679454237 0.5446390350150275 0
    outer loop
      vertex 0.8257672075665923 -10.015035054457321 0.5
      vertex 0.5596604126747486 -9.605266524370379 1.5
      vertex 0.8257672075665923 -10.015035054457321 1.5
    endloop
  endfacet
  facet normal 0.798635510047294 0.6018150231520467 0
    outer loop
      vertex 1.1198097873907384 -10.405242737348862 0.5
      vertex 0.8257672075665923 -10.015035054457321 1.5
      vertex 1.1198097873907384 -10.405242737348862 1.5
    endloop
  endfacet
  facet normal 0.8730259503892513 0.48392618645391516 0.06034182638199668
    outer loop
      vertex 0.3195376290694041 -9.179588548525556 1.5602683424949646
      vertex 0.5565355564481083 -9.60714412741709 1.5602683424949646
      vertex 0.5596604126747486 -9.605266524370379 1.5
    endloop
  endfacet
  facet normal 0.8730259503892511 0.4839261864539183 0.06034182638197426
    outer loop
      vertex 0.3227858482709598 -9.177933498176827 1.5
      vertex 0.3195376290694041 -9.179588548525556 1.5602683424949646
      vertex 0.5596604126747486 -9.605266524370379 1.5
    endloop
  endfacet
  facet normal 0.837142318732765 0.5436465783720289 0.06034182638199703
    outer loop
      vertex 0.8257672075665923 -10.015035054457321 1.5
      vertex 0.5596604126747486 -9.605266524370379 1.5
      vertex 0.5565355564481083 -9.60714412741709 1.5602683424949646
    endloop
  endfacet
  facet normal 0.8371423187327651 0.5436465783720287 0.06034182638199903
    outer loop
      vertex 0.8257672075665923 -10.015035054457321 1.5
      vertex 0.5565355564481083 -9.60714412741709 1.5602683424949646
      vertex 0.822780938300296 -10.017126062708709 1.5602683424949646
    endloop
  endfacet
  facet normal 0.7971802138486671 0.6007183788074723 0.06034182638200139
    outer loop
      vertex 1.1198097873907384 -10.405242737348862 1.5
      vertex 0.8257672075665923 -10.015035054457321 1.5
      vertex 0.822780938300296 -10.017126062708709 1.5602683424949646
    endloop
  endfacet
  facet normal 0.7971802138486663 0.6007183788074768 0.06034182638196807
    outer loop
      vertex 1.1198097873907384 -10.405242737348862 1.5
      vertex 0.822780938300296 -10.017126062708709 1.5602683424949646
      vertex 1.1169766538884716 -10.407536963622906 1.5602683424949646
    endloop
  endfacet
  facet normal 0.9063077870366498 0.4226182617406997 1.2485496916157392e-17
    outer loop
      vertex 0.3227858482709598 -9.177933498176827 0.5
      vertex 0.11629754342245224 -8.735117899424916 0.5
      vertex 0.11629754342245224 -8.735117899424916 1.5
    endloop
  endfacet
  facet normal 0.9063077870366498 0.4226182617406997 0
    outer loop
      vertex 0.3227858482709598 -9.177933498176827 0.5
      vertex 0.11629754342245224 -8.735117899424916 1.5
      vertex 0.3227858482709598 -9.177933498176827 1.5
    endloop
  endfacet
  facet normal 0.933580426497202 0.35836794954529977 0
    outer loop
      vertex -0.05879851160568261 -8.278977081200097 0.5
      vertex -0.05879851160568261 -8.278977081200097 1.5
      vertex 0.11629754342245224 -8.735117899424916 0.5
    endloop
  endfacet
  facet normal 0.933580426497202 0.35836794954529977 0
    outer loop
      vertex 0.11629754342245224 -8.735117899424916 0.5
      vertex -0.05879851160568261 -8.278977081200097 1.5
      vertex 0.11629754342245224 -8.735117899424916 1.5
    endloop
  endfacet
  facet normal 0.9046562873717005 0.4218481547994934 0.06034182638198919
    outer loop
      vertex 0.3227858482709598 -9.177933498176827 1.5
      vertex 0.11629754342245224 -8.735117899424916 1.5
      vertex 0.11294178624341988 -8.73654233383673 1.5602683424949646
    endloop
  endfacet
  facet normal 0.9046562873717003 0.42184815479949545 0.060341826381974224
    outer loop
      vertex 0.3227858482709598 -9.177933498176827 1.5
      vertex 0.11294178624341988 -8.73654233383673 1.5602683424949646
      vertex 0.3195376290694041 -9.179588548525556 1.5602683424949646
    endloop
  endfacet
  facet normal 0.9318792298578081 0.35771492133891303 0.06034182638198791
    outer loop
      vertex -0.062245457850535146 -8.280163959973724 1.5602683424949646
      vertex 0.11294178624341988 -8.73654233383673 1.5602683424949646
      vertex 0.11629754342245224 -8.735117899424916 1.5
    endloop
  endfacet
  facet normal 0.9318792298578079 0.35771492133891325 0.060341826381985784
    outer loop
      vertex -0.05879851160568261 -8.278977081200097 1.5
      vertex -0.062245457850535146 -8.280163959973724 1.5602683424949646
      vertex 0.11629754342245224 -8.735117899424916 1.5
    endloop
  endfacet
  facet normal -0.8492344677988747 -0.4707383523065875 0.23917822302634728
    outer loop
      vertex -0.9341490513606123 -10.502837803639895 1.7323615849018097
      vertex -1.2299961783644555 -9.969115458265108 1.7323615849018097
      vertex -1.2810258926126954 -9.995116396355014 1.5
    endloop
  endfacet
  facet normal -0.8800028228307167 -0.41035205548398157 0.23917822302634753
    outer loop
      vertex -1.2810258926126954 -9.995116396355014 1.5
      vertex -1.2299961783644555 -9.969115458265108 1.7323615849018097
      vertex -1.5406111900486223 -9.438433929541139 1.5
    endloop
  endfacet
  facet normal -0.6785628573225578 -0.31641905690904887 0.6628962430780808
    outer loop
      vertex -1.2299961783644555 -9.969115458265108 1.7323615849018097
      vertex -1.0885973293860367 -9.897069146181384 1.9114919304847717
      vertex -1.4878920478643565 -9.416055981351745 1.7323615849018097
    endloop
  endfacet
  facet normal -0.8800028228307171 -0.41035205548398307 0.23917822302634434
    outer loop
      vertex -1.2299961783644555 -9.969115458265108 1.7323615849018097
      vertex -1.4878920478643565 -9.416055981351745 1.7323615849018097
      vertex -1.5406111900486223 -9.438433929541139 1.5
    endloop
  endfacet
  facet normal -0.9064838925673071 -0.3479665646954936 0.2391782230263444
    outer loop
      vertex -1.5406111900486223 -9.438433929541139 1.5
      vertex -1.4878920478643565 -9.416055981351745 1.7323615849018097
      vertex -1.7607319448665866 -8.86499975825271 1.5
    endloop
  endfacet
  facet normal -0.6989821899419855 -0.2683141238490199 0.6628962430780846
    outer loop
      vertex -1.4878920478643565 -9.416055981351745 1.7323615849018097
      vertex -1.3418119426981363 -9.354048655559435 1.9114919304847717
      vertex -1.7065802171077067 -8.846353823077981 1.7323615849018097
    endloop
  endfacet
  facet normal -0.6785628573225558 -0.31641905690904587 0.6628962430780845
    outer loop
      vertex -1.4878920478643565 -9.416055981351745 1.7323615849018097
      vertex -1.0885973293860367 -9.897069146181384 1.9114919304847717
      vertex -1.3418119426981363 -9.354048655559435 1.9114919304847717
    endloop
  endfacet
  facet normal -0.9285486638987479 -0.2838858157812946 0.23917822302634265
    outer loop
      vertex -1.7607319448665866 -8.86499975825271 1.5
      vertex -1.7065802171077067 -8.846353823077981 1.7323615849018097
      vertex -1.9403157508755822 -8.277607596130842 1.5
    endloop
  endfacet
  facet normal -0.7159961515934633 -0.21890199134844598 0.6628962430780817
    outer loop
      vertex -1.7065802171077067 -8.846353823077981 1.7323615849018097
      vertex -1.556530543342138 -8.79468757703539 1.9114919304847717
      vertex -1.8849952593164137 -8.262784515092669 1.7323615849018097
    endloop
  endfacet
  facet normal -0.9460896394770584 -0.21842200370870649 0.2391782230263523
    outer loop
      vertex -1.9403157508755822 -8.277607596130842 1.5
      vertex -1.8849952593164137 -8.262784515092669 1.7323615849018097
      vertex -2.0784876938244317 -7.679119158744939 1.5
    endloop
  endfacet
  facet normal -0.9285486638987468 -0.2838858157812901 0.23917822302635267
    outer loop
      vertex -1.7065802171077067 -8.846353823077981 1.7323615849018097
      vertex -1.8849952593164137 -8.262784515092669 1.7323615849018097
      vertex -1.9403157508755822 -8.277607596130842 1.5
    endloop
  endfacet
  facet normal -0.7159961515934647 -0.21890199134844754 0.6628962430780796
    outer loop
      vertex -1.8849952593164137 -8.262784515092669 1.7323615849018097
      vertex -1.556530543342138 -8.79468757703539 1.9114919304847717
      vertex -1.7317070438791404 -8.221711061557045 1.9114919304847717
    endloop
  endfacet
  facet normal -0.7295218519660578 -0.16842339034997664 0.6628962430780798
    outer loop
      vertex -1.8849952593164137 -8.262784515092669 1.7323615849018097
      vertex -1.7317070438791404 -8.221711061557045 1.9114919304847717
      vertex -2.022267954339057 -7.66819114840413 1.7323615849018097
    endloop
  endfacet
  facet normal -0.9064838925673071 -0.3479665646954942 0.23917822302634306
    outer loop
      vertex -1.4878920478643565 -9.416055981351745 1.7323615849018097
      vertex -1.7065802171077067 -8.846353823077981 1.7323615849018097
      vertex -1.7607319448665866 -8.86499975825271 1.5
    endloop
  endfacet
  facet normal -0.6989821899419871 -0.26831412384902215 0.6628962430780817
    outer loop
      vertex -1.3418119426981363 -9.354048655559435 1.9114919304847717
      vertex -1.556530543342138 -8.79468757703539 1.9114919304847717
      vertex -1.7065802171077067 -8.846353823077981 1.7323615849018097
    endloop
  endfacet
  facet normal -0.3312285925664662 -0.12714674406166523 0.9349445571481527
    outer loop
      vertex -1.3418119426981363 -9.354048655559435 1.9114919304847717
      vertex -1.1358360650985508 -9.266617082771738 1.9963544383645058
      vertex -1.556530543342138 -8.79468757703539 1.9114919304847717
    endloop
  endfacet
  facet normal -0.33929104487625356 -0.10373168236283757 0.9349445571481527
    outer loop
      vertex -1.7317070438791404 -8.221711061557045 1.9114919304847717
      vertex -1.556530543342138 -8.79468757703539 1.9114919304847717
      vertex -1.3449574944165006 -8.721837134062408 1.9963544383645058
    endloop
  endfacet
  facet normal -0.3312285925664661 -0.12714674406166515 0.9349445571481527
    outer loop
      vertex -1.556530543342138 -8.79468757703539 1.9114919304847717
      vertex -1.1358360650985508 -9.266617082771738 1.9963544383645058
      vertex -1.3449574944165006 -8.721837134062408 1.9963544383645058
    endloop
  endfacet
  facet normal -0.056402394422348116 -0.021650850708621525 0.9981733369345319
    outer loop
      vertex -1.3449574944165006 -8.721837134062408 1.9963544383645058
      vertex -1.1358360650985508 -9.266617082771738 1.9963544383645058
      vertex -1.080358763322402 -9.243068365296503 2
    endloop
  endfacet
  facet normal -0.05640239442234812 -0.021650850708621532 0.9981733369345319
    outer loop
      vertex -1.3449574944165006 -8.721837134062408 1.9963544383645058
      vertex -1.080358763322402 -9.243068365296503 2
      vertex -1.2879726570669305 -8.70221568102413 2
    endloop
  endfacet
  facet normal -0.33929104487625317 -0.10373168236283718 0.9349445571481529
    outer loop
      vertex -1.7317070438791404 -8.221711061557045 1.9114919304847717
      vertex -1.3449574944165006 -8.721837134062408 1.9963544383645058
      vertex -1.5155675862545692 -8.163796668434038 1.9963544383645058
    endloop
  endfacet
  facet normal -0.05777528802330444 -0.01766367817883523 0.9981733369345319
    outer loop
      vertex -1.2879726570669305 -8.70221568102413 2
      vertex -1.4573528377310492 -8.14819807357958 2
      vertex -1.5155675862545692 -8.163796668434038 1.9963544383645058
    endloop
  endfacet
  facet normal -0.0577752880233037 -0.01766367817883492 0.9981733369345319
    outer loop
      vertex -1.3449574944165006 -8.721837134062408 1.9963544383645058
      vertex -1.2879726570669305 -8.70221568102413 2
      vertex -1.5155675862545692 -8.163796668434038 1.9963544383645058
    endloop
  endfacet
  facet normal -0.6548376346711543 -0.3629824281301418 0.6628962430780809
    outer loop
      vertex -0.7981203395488521 -10.421103507655157 1.9114919304847717
      vertex -1.0885973293860367 -9.897069146181384 1.9114919304847717
      vertex -1.2299961783644555 -9.969115458265108 1.7323615849018097
    endloop
  endfacet
  facet normal -0.3103096920247461 -0.17200747104283765 0.9349445571481524
    outer loop
      vertex -0.7981203395488521 -10.421103507655157 1.9114919304847717
      vertex -0.6063171281376398 -10.305856511315143 1.9963544383645058
      vertex -1.0885973293860367 -9.897069146181384 1.9114919304847717
    endloop
  endfacet
  facet normal -0.3215524278486766 -0.14994235960417074 0.9349445571481527
    outer loop
      vertex -1.3418119426981363 -9.354048655559435 1.9114919304847717
      vertex -1.0885973293860367 -9.897069146181384 1.9114919304847717
      vertex -0.8892221168835448 -9.795482401413004 1.9963544383645058
    endloop
  endfacet
  facet normal -0.05284027416547593 -0.029289842251169092 0.9981733369345321
    outer loop
      vertex -0.6063171281376398 -10.305856511315143 1.9963544383645058
      vertex -0.5546570756834406 -10.274816020218516 2
      vertex -0.8892221168835448 -9.795482401413004 1.9963544383645058
    endloop
  endfacet
  facet normal -0.3103096920247455 -0.1720074710428368 0.9349445571481526
    outer loop
      vertex -0.6063171281376398 -10.305856511315143 1.9963544383645058
      vertex -0.8892221168835448 -9.795482401413004 1.9963544383645058
      vertex -1.0885973293860367 -9.897069146181384 1.9114919304847717
    endloop
  endfacet
  facet normal -0.05284027416547617 -0.02928984225116926 0.9981733369345321
    outer loop
      vertex -0.8892221168835448 -9.795482401413004 1.9963544383645058
      vertex -0.5546570756834406 -10.274816020218516 2
      vertex -0.8355226305185122 -9.76812114648524 2
    endloop
  endfacet
  facet normal -0.3215524278486764 -0.14994235960417054 0.9349445571481528
    outer loop
      vertex -1.3418119426981363 -9.354048655559435 1.9114919304847717
      vertex -0.8892221168835448 -9.795482401413004 1.9963544383645058
      vertex -1.1358360650985508 -9.266617082771738 1.9963544383645058
    endloop
  endfacet
  facet normal -0.05475471402531518 -0.025532542470091398 0.9981733369345321
    outer loop
      vertex -0.8892221168835448 -9.795482401413004 1.9963544383645058
      vertex -0.8355226305185122 -9.76812114648524 2
      vertex -1.1358360650985508 -9.266617082771738 1.9963544383645058
    endloop
  endfacet
  facet normal -0.054754714025315794 -0.025532542470091762 0.9981733369345321
    outer loop
      vertex -0.8355226305185122 -9.76812114648524 2
      vertex -1.080358763322402 -9.243068365296503 2
      vertex -1.1358360650985508 -9.266617082771738 1.9963544383645058
    endloop
  endfacet
  facet normal 0 0 1
    outer loop
      vertex -0.8355226305185122 -9.76812114648524 2
      vertex -0.12271741382322343 -9.4049287480466 2
      vertex -1.080358763322402 -9.243068365296503 2
    endloop
  endfacet
  facet normal 0 0 1
    outer loop
      vertex -0.8355226305185122 -9.76812114648524 2
      vertex -0.5546570756834406 -10.274816020218516 2
      vertex 0.13107676232369236 -9.862785561825406 2
    endloop
  endfacet
  facet normal 0 0 1
    outer loop
      vertex -1.080358763322402 -9.243068365296503 2
      vertex -0.12271741382322343 -9.4049287480466 2
      vertex -0.3439548833037671 -8.930483463669553 2
    endloop
  endfacet
  facet normal 0 0 1
    outer loop
      vertex -0.8355226305185122 -9.76812114648524 2
      vertex 0.13107676232369236 -9.862785561825406 2
      vertex -0.12271741382322343 -9.4049287480466 2
    endloop
  endfacet
  facet normal 0.21701827922770073 0.10119728556349686 0.9709079131800439
    outer loop
      vertex -0.12271741382322343 -9.4049287480466 2
      vertex 0.08431827429503791 -9.299438795996755 1.9427280128002167
      vertex -0.3439548833037671 -8.930483463669553 2
    endloop
  endfacet
  facet normal 0.619289669351229 0.23772303133291128 0.7483101401215523
    outer loop
      vertex -0.13006491664575037 -8.839692559383312 1.9427280128002167
      vertex 0.03482543586397835 -8.769700757307008 1.7840323746204376
      vertex -0.3118556046249825 -8.366111626065452 1.9427280128002167
    endloop
  endfacet
  facet normal 0.8942289541255645 0.27339322752487405 0.35441602777954556
    outer loop
      vertex -0.062245457850535146 -8.280163959973724 1.5602683424949646
      vertex -0.2871414966136898 -7.834640889753444 1.7840323746204376
      vertex -0.14248453542276618 -8.307792490046735 1.7840323746204376
    endloop
  endfacet
  facet normal 0.6192896693512271 0.2377230313329086 0.7483101401215547
    outer loop
      vertex -0.3118556046249825 -8.366111626065452 1.9427280128002167
      vertex 0.03482543586397835 -8.769700757307008 1.7840323746204376
      vertex -0.14248453542276618 -8.307792490046735 1.7840323746204376
    endloop
  endfacet
  facet normal 0.6343638312356248 0.19394448641639392 0.7483101401215547
    outer loop
      vertex -0.3118556046249825 -8.366111626065452 1.9427280128002167
      vertex -0.14248453542276618 -8.307792490046735 1.7840323746204376
      vertex -0.4601681236843591 -7.88100323474611 1.9427280128002167
    endloop
  endfacet
  facet normal 0 0 1
    outer loop
      vertex -1.2879726570669305 -8.70221568102413 2
      vertex -1.080358763322402 -9.243068365296503 2
      vertex -0.3439548833037671 -8.930483463669553 2
    endloop
  endfacet
  facet normal 0 0 1
    outer loop
      vertex -1.2879726570669305 -8.70221568102413 2
      vertex -0.3439548833037671 -8.930483463669553 2
      vertex -0.5315577994053413 -8.441761158428674 2
    endloop
  endfacet
  facet normal 0 0 1
    outer loop
      vertex -1.2879726570669305 -8.70221568102413 2
      vertex -0.5315577994053413 -8.441761158428674 2
      vertex -1.4573528377310492 -8.14819807357958 2
    endloop
  endfacet
  facet normal 0 0 1
    outer loop
      vertex -1.4573528377310492 -8.14819807357958 2
      vertex -0.5315577994053413 -8.441761158428674 2
      vertex -0.6846121795784761 -7.941142838268905 2
    endloop
  endfacet
  facet normal 0.22354879940018924 0.0858123441650795 0.9709079131800441
    outer loop
      vertex -0.13006491664575037 -8.839692559383312 1.9427280128002167
      vertex -0.5315577994053413 -8.441761158428674 2
      vertex -0.3439548833037671 -8.930483463669553 2
    endloop
  endfacet
  facet normal 0.21701827922770053 0.10119728556349662 0.9709079131800441
    outer loop
      vertex -0.13006491664575037 -8.839692559383312 1.9427280128002167
      vertex -0.3439548833037671 -8.930483463669553 2
      vertex 0.08431827429503791 -9.299438795996755 1.9427280128002167
    endloop
  endfacet
  facet normal 0.223548799400189 0.08581234416507931 0.970907913180044
    outer loop
      vertex -0.13006491664575037 -8.839692559383312 1.9427280128002167
      vertex -0.3118556046249825 -8.366111626065452 1.9427280128002167
      vertex -0.5315577994053413 -8.441761158428674 2
    endloop
  endfacet
  facet normal 0.22899021229304697 0.07000933365171597 0.9709079131800442
    outer loop
      vertex -0.3118556046249825 -8.366111626065452 1.9427280128002167
      vertex -0.6846121795784761 -7.941142838268905 2
      vertex -0.5315577994053413 -8.441761158428674 2
    endloop
  endfacet
  facet normal 0.22899021229304772 0.07000933365171669 0.9709079131800439
    outer loop
      vertex -0.3118556046249825 -8.366111626065452 1.9427280128002167
      vertex -0.4601681236843591 -7.88100323474611 1.9427280128002167
      vertex -0.6846121795784761 -7.941142838268905 2
    endloop
  endfacet
  facet normal -0.9460896394770586 -0.21842200370870735 0.23917822302635042
    outer loop
      vertex -1.8849952593164137 -8.262784515092669 1.7323615849018097
      vertex -2.022267954339057 -7.66819114840413 1.7323615849018097
      vertex -2.0784876938244317 -7.679119158744939 1.5
    endloop
  endfacet
  facet normal -0.959021361432438 -0.1518940615897494 0.2391782230263505
    outer loop
      vertex -2.0784876938244317 -7.679119158744939 1.5
      vertex -2.022267954339057 -7.66819114840413 1.7323615849018097
      vertex -2.1745746138960804 -7.072450221602098 1.5
    endloop
  endfacet
  facet normal -0.7295218519660556 -0.16842339034997458 0.6628962430780827
    outer loop
      vertex -1.7317070438791404 -8.221711061557045 1.9114919304847717
      vertex -1.8664880020072108 -7.637910593112407 1.9114919304847717
      vertex -2.022267954339057 -7.66819114840413 1.7323615849018097
    endloop
  endfacet
  facet normal -0.34570050532082003 -0.07981125033461108 0.9349445571481528
    outer loop
      vertex -1.7317070438791404 -8.221711061557045 1.9114919304847717
      vertex -1.5155675862545692 -8.163796668434038 1.9963544383645058
      vertex -1.8664880020072108 -7.637910593112407 1.9114919304847717
    endloop
  endfacet
  facet normal -0.959021361432439 -0.15189406158975197 0.23917822302634456
    outer loop
      vertex -2.022267954339057 -7.66819114840413 1.7323615849018097
      vertex -2.117729523404085 -7.065470522126553 1.7323615849018097
      vertex -2.1745746138960804 -7.072450221602098 1.5
    endloop
  endfacet
  facet normal -0.739493395207151 -0.11712424752357598 0.6628962430780828
    outer loop
      vertex -2.022267954339057 -7.66819114840413 1.7323615849018097
      vertex -1.8664880020072108 -7.637910593112407 1.9114919304847717
      vertex -2.117729523404085 -7.065470522126553 1.7323615849018097
    endloop
  endfacet
  facet normal -0.7394933952071504 -0.11712424752357552 0.6628962430780835
    outer loop
      vertex -2.117729523404085 -7.065470522126553 1.7323615849018097
      vertex -1.8664880020072108 -7.637910593112407 1.9114919304847717
      vertex -1.9602167784464815 -7.046130388900322 1.9114919304847717
    endloop
  endfacet
  facet normal -0.3504257476531573 -0.055501985917352434 0.934944557148153
    outer loop
      vertex -1.8664880020072108 -7.637910593112407 1.9114919304847717
      vertex -1.6468351453949897 -7.59521440294114 1.9963544383645058
      vertex -1.9602167784464815 -7.046130388900322 1.9114919304847717
    endloop
  endfacet
  facet normal -0.35042574765315787 -0.055501985917352815 0.9349445571481528
    outer loop
      vertex -1.9602167784464815 -7.046130388900322 1.9114919304847717
      vertex -1.6468351453949897 -7.59521440294114 1.9963544383645058
      vertex -1.738120649484598 -7.018860413227503 1.9963544383645058
    endloop
  endfacet
  facet normal -0.34570050532082003 -0.07981125033461105 0.9349445571481528
    outer loop
      vertex -1.5155675862545692 -8.163796668434038 1.9963544383645058
      vertex -1.6468351453949897 -7.59521440294114 1.9963544383645058
      vertex -1.8664880020072108 -7.637910593112407 1.9114919304847717
    endloop
  endfacet
  facet normal -0.05886670622856218 -0.01359044998450812 0.9981733369345321
    outer loop
      vertex -1.4573528377310492 -8.14819807357958 2
      vertex -1.5876741021005998 -7.583714661056667 2
      vertex -1.6468351453949897 -7.59521440294114 1.9963544383645058
    endloop
  endfacet
  facet normal -0.05886670622856209 -0.013590449984508087 0.9981733369345321
    outer loop
      vertex -1.5155675862545692 -8.163796668434038 1.9963544383645058
      vertex -1.4573528377310492 -8.14819807357958 2
      vertex -1.6468351453949897 -7.59521440294114 1.9963544383645058
    endloop
  endfacet
  facet normal 0 0 1
    outer loop
      vertex -1.4573528377310492 -8.14819807357958 2
      vertex -0.6846121795784761 -7.941142838268905 2
      vertex -1.5876741021005998 -7.583714661056667 2
    endloop
  endfacet
  facet normal -0.0596713317583349 -0.009451010483963636 0.9981733369345319
    outer loop
      vertex -1.738120649484598 -7.018860413227503 1.9963544383645058
      vertex -1.6468351453949897 -7.59521440294114 1.9963544383645058
      vertex -1.5876741021005998 -7.583714661056667 2
    endloop
  endfacet
  facet normal -0.059671331758333716 -0.009451010483963322 0.9981733369345319
    outer loop
      vertex -1.738120649484598 -7.018860413227503 1.9963544383645058
      vertex -1.5876741021005998 -7.583714661056667 2
      vertex -1.67830153807542 -7.011515549899524 2
    endloop
  endfacet
  facet normal 0 0 1
    outer loop
      vertex -1.5876741021005998 -7.583714661056667 2
      vertex -0.8023723582679452 -7.431067465324086 2
      vertex -1.67830153807542 -7.011515549899524 2
    endloop
  endfacet
  facet normal -0.9672808277154086 -0.08462610687107353 0.23917822302634467
    outer loop
      vertex -2.1745746138960804 -7.072450221602098 1.5
      vertex -2.117729523404085 -7.065470522126553 1.7323615849018097
      vertex -2.2281083852745684 -6.460556414781933 1.5
    endloop
  endfacet
  facet normal -0.9672808277154061 -0.08462610687106874 0.23917822302635594
    outer loop
      vertex -2.117729523404085 -7.065470522126553 1.7323615849018097
      vertex -2.170914887342777 -6.457559030565898 1.7323615849018097
      vertex -2.2281083852745684 -6.460556414781933 1.5
    endloop
  endfacet
  facet normal -0.7458622009604128 -0.06525448713652937 0.6628962430780835
    outer loop
      vertex -2.117729523404085 -7.065470522126553 1.7323615849018097
      vertex -1.9602167784464815 -7.046130388900322 1.9114919304847717
      vertex -2.170914887342777 -6.457559030565898 1.7323615849018097
    endloop
  endfacet
  facet normal -0.745862200960418 -0.0652544871365331 0.6628962430780772
    outer loop
      vertex -1.9602167784464815 -7.046130388900322 1.9114919304847717
      vertex -2.012436736019726 -6.449253542590175 1.9114919304847717
      vertex -2.170914887342777 -6.457559030565898 1.7323615849018097
    endloop
  endfacet
  facet normal -0.3534437509676018 -0.030922321403745925 0.9349445571481526
    outer loop
      vertex -1.9602167784464815 -7.046130388900322 1.9114919304847717
      vertex -1.738120649484598 -7.018860413227503 1.9963544383645058
      vertex -2.012436736019726 -6.449253542590175 1.9114919304847717
    endloop
  endfacet
  facet normal -0.970827799036475 -0.01694586226629837 0.2391782230263558
    outer loop
      vertex -2.2281083852745684 -6.460556414781933 1.5
      vertex -2.170914887342777 -6.457559030565898 1.7323615849018097
      vertex -2.2388281968069297 -5.846418823403917 1.5
    endloop
  endfacet
  facet normal -0.9708277990364773 -0.016945862266302188 0.23917822302634642
    outer loop
      vertex -2.170914887342777 -6.457559030565898 1.7323615849018097
      vertex -2.1815649324082003 -5.847418357401999 1.7323615849018097
      vertex -2.2388281968069297 -5.846418823403917 1.5
    endloop
  endfacet
  facet normal -0.7485972410444074 -0.01306681344751615 0.6628962430780773
    outer loop
      vertex -2.170914887342777 -6.457559030565898 1.7323615849018097
      vertex -2.012436736019726 -6.449253542590175 1.9114919304847717
      vertex -2.1815649324082003 -5.847418357401999 1.7323615849018097
    endloop
  endfacet
  facet normal -0.7485972410444027 -0.013066813447513275 0.6628962430780825
    outer loop
      vertex -2.1815649324082003 -5.847418357401999 1.7323615849018097
      vertex -2.012436736019726 -6.449253542590175 1.9114919304847717
      vertex -2.0228934643427756 -5.850187978179336 1.9114919304847717
    endloop
  endfacet
  facet normal -0.35473981185537407 -0.006192006448558612 0.9349445571481524
    outer loop
      vertex -2.012436736019726 -6.449253542590175 1.9114919304847717
      vertex -1.788979364723458 -6.437542637996112 1.9963544383645058
      vertex -2.0228934643427756 -5.850187978179336 1.9114919304847717
    endloop
  endfacet
  facet normal -0.3534437509676025 -0.03092232140374631 0.9349445571481525
    outer loop
      vertex -1.738120649484598 -7.018860413227503 1.9963544383645058
      vertex -1.788979364723458 -6.437542637996112 1.9963544383645058
      vertex -2.012436736019726 -6.449253542590175 1.9114919304847717
    endloop
  endfacet
  facet normal -0.060185244557921146 -0.0052655266103536266 0.9981733369345321
    outer loop
      vertex -1.738120649484598 -7.018860413227503 1.9963544383645058
      vertex -1.67830153807542 -7.011515549899524 2
      vertex -1.788979364723458 -6.437542637996112 1.9963544383645058
    endloop
  endfacet
  facet normal -0.0601852445579201 -0.005265526610353423 0.9981733369345321
    outer loop
      vertex -1.67830153807542 -7.011515549899524 2
      vertex -1.7287936178972814 -6.43438843666046 2
      vertex -1.788979364723458 -6.437542637996112 1.9963544383645058
    endloop
  endfacet
  facet normal -0.06040594089582095 -0.0010543896203864356 0.998173336934532
    outer loop
      vertex -1.788979364723458 -6.437542637996112 1.9963544383645058
      vertex -1.7287936178972814 -6.43438843666046 2
      vertex -1.7991635125632204 -5.854093199014035 1.9963544383645058
    endloop
  endfacet
  facet normal -0.3547398118553729 -0.006192006448558091 0.9349445571481527
    outer loop
      vertex -1.788979364723458 -6.437542637996112 1.9963544383645058
      vertex -1.7991635125632204 -5.854093199014035 1.9963544383645058
      vertex -2.0228934643427756 -5.850187978179336 1.9114919304847717
    endloop
  endfacet
  facet normal -0.06040594089582234 -0.001054389620386603 0.9981733369345321
    outer loop
      vertex -1.7287936178972814 -6.43438843666046 2
      vertex -1.7389043492287346 -5.8551450266225595 2
      vertex -1.7991635125632204 -5.854093199014035 1.9963544383645058
    endloop
  endfacet
  facet normal 0 0 1
    outer loop
      vertex -1.67830153807542 -7.011515549899524 2
      vertex -0.8842646197203807 -6.914020075538605 2
      vertex -1.7287936178972814 -6.43438843666046 2
    endloop
  endfacet
  facet normal 0 0 1
    outer loop
      vertex -1.7287936178972814 -6.43438843666046 2
      vertex -0.8842646197203807 -6.914020075538605 2
      vertex -0.9298899930697697 -6.392519671822078 2
    endloop
  endfacet
  facet normal 0 0 1
    outer loop
      vertex -1.7287936178972814 -6.43438843666046 2
      vertex -0.9298899930697697 -6.392519671822078 2
      vertex -1.7389043492287346 -5.8551450266225595 2
    endloop
  endfacet
  facet normal 0 0 1
    outer loop
      vertex -1.7389043492287346 -5.8551450266225595 2
      vertex -0.9298899930697697 -6.392519671822078 2
      vertex -0.9390261960833994 -5.869106951720373 2
    endloop
  endfacet
  facet normal 0.8942289541255637 0.27339322752487205 0.3544160277795488
    outer loop
      vertex -0.062245457850535146 -8.280163959973724 1.5602683424949646
      vertex -0.20517060856899505 -7.812676856499006 1.5602683424949646
      vertex -0.2871414966136898 -7.834640889753444 1.7840323746204376
    endloop
  endfacet
  facet normal 0.911121604834764 0.21034899680362296 0.354416027779548
    outer loop
      vertex -0.20517060856899505 -7.812676856499006 1.5602683424949646
      vertex -0.31513734894444756 -7.336358573589066 1.5602683424949646
      vertex -0.3984406935347362 -7.352551103462731 1.7840323746204376
    endloop
  endfacet
  facet normal 0.911121604834764 0.21034899680362254 0.3544160277795488
    outer loop
      vertex -0.20517060856899505 -7.812676856499006 1.5602683424949646
      vertex -0.3984406935347362 -7.352551103462731 1.7840323746204376
      vertex -0.2871414966136898 -7.834640889753444 1.7840323746204376
    endloop
  endfacet
  facet normal 0.6463474363002715 0.14922106345728914 0.7483101401215556
    outer loop
      vertex -0.2871414966136898 -7.834640889753444 1.7840323746204376
      vertex -0.3984406935347362 -7.352551103462731 1.7840323746204376
      vertex -0.5742799101393468 -7.38673078474487 1.9427280128002167
    endloop
  endfacet
  facet normal 0.6463474363002727 0.14922106345729036 0.7483101401215544
    outer loop
      vertex -0.4601681236843591 -7.88100323474611 1.9427280128002167
      vertex -0.2871414966136898 -7.834640889753444 1.7840323746204376
      vertex -0.5742799101393468 -7.38673078474487 1.9427280128002167
    endloop
  endfacet
  facet normal 0.6343638312356252 0.19394448641639442 0.7483101401215543
    outer loop
      vertex -0.14248453542276618 -8.307792490046735 1.7840323746204376
      vertex -0.2871414966136898 -7.834640889753444 1.7840323746204376
      vertex -0.4601681236843591 -7.88100323474611 1.9427280128002167
    endloop
  endfacet
  facet normal 0.9235753626708341 0.14627996691415066 0.3544160277795466
    outer loop
      vertex -0.31513734894444756 -7.336358573589066 1.5602683424949646
      vertex -0.3916099320716002 -6.853529686038892 1.5602683424949646
      vertex -0.47583988768626106 -6.86387182415391 1.7840323746204376
    endloop
  endfacet
  facet normal 0.9235753626708335 0.14627996691414968 0.3544160277795483
    outer loop
      vertex -0.31513734894444756 -7.336358573589066 1.5602683424949646
      vertex -0.47583988768626106 -6.86387182415391 1.7840323746204376
      vertex -0.3984406935347362 -7.352551103462731 1.7840323746204376
    endloop
  endfacet
  facet normal 0.6551821016258819 0.10377065047666686 0.7483101401215555
    outer loop
      vertex -0.3984406935347362 -7.352551103462731 1.7840323746204376
      vertex -0.6536350228368102 -6.885702321754042 1.9427280128002167
      vertex -0.5742799101393468 -7.38673078474487 1.9427280128002167
    endloop
  endfacet
  facet normal 0.6551821016258836 0.1037706504766684 0.7483101401215537
    outer loop
      vertex -0.3984406935347362 -7.352551103462731 1.7840323746204376
      vertex -0.47583988768626106 -6.86387182415391 1.7840323746204376
      vertex -0.6536350228368102 -6.885702321754042 1.9427280128002167
    endloop
  endfacet
  facet normal 0 0 1
    outer loop
      vertex -1.5876741021005998 -7.583714661056667 2
      vertex -0.6846121795784761 -7.941142838268905 2
      vertex -0.8023723582679452 -7.431067465324086 2
    endloop
  endfacet
  facet normal 0.23331600788962922 0.053865244702117045 0.970907913180044
    outer loop
      vertex -0.6846121795784761 -7.941142838268905 2
      vertex -0.4601681236843591 -7.88100323474611 1.9427280128002167
      vertex -0.8023723582679452 -7.431067465324086 2
    endloop
  endfacet
  facet normal 0.23331600788962867 0.053865244702116656 0.9709079131800439
    outer loop
      vertex -0.8023723582679452 -7.431067465324086 2
      vertex -0.4601681236843591 -7.88100323474611 1.9427280128002167
      vertex -0.5742799101393468 -7.38673078474487 1.9427280128002167
    endloop
  endfacet
  facet normal 0 0 1
    outer loop
      vertex -1.67830153807542 -7.011515549899524 2
      vertex -0.8023723582679452 -7.431067465324086 2
      vertex -0.8842646197203807 -6.914020075538605 2
    endloop
  endfacet
  facet normal 0.23650511134861524 0.03745872969484252 0.970907913180044
    outer loop
      vertex -0.8842646197203807 -6.914020075538605 2
      vertex -0.8023723582679452 -7.431067465324086 2
      vertex -0.5742799101393468 -7.38673078474487 1.9427280128002167
    endloop
  endfacet
  facet normal 0.236505111348614 0.03745872969484167 0.9709079131800443
    outer loop
      vertex -0.8842646197203807 -6.914020075538605 2
      vertex -0.5742799101393468 -7.38673078474487 1.9427280128002167
      vertex -0.6536350228368102 -6.885702321754042 1.9427280128002167
    endloop
  endfacet
  facet normal 0.6608247856110465 0.05781467731791795 0.7483101401215538
    outer loop
      vertex -0.6536350228368102 -6.885702321754042 1.9427280128002167
      vertex -0.47583988768626106 -6.86387182415391 1.7840323746204376
      vertex -0.6978468516444405 -6.380358806082117 1.9427280128002167
    endloop
  endfacet
  facet normal 0.6632479976665885 0.011577036862779572 0.7483101401215534
    outer loop
      vertex -0.6978468516444405 -6.380358806082117 1.9427280128002167
      vertex -0.5189619979745013 -6.3709838481539025 1.7840323746204376
      vertex -0.706700000976439 -5.873162220540491 1.9427280128002167
    endloop
  endfacet
  facet normal 0.9315295541774414 0.08149827572988763 0.35441602777954656
    outer loop
      vertex -0.3916099320716002 -6.853529686038892 1.5602683424949646
      vertex -0.5189619979745013 -6.3709838481539025 1.7840323746204376
      vertex -0.47583988768626106 -6.86387182415391 1.7840323746204376
    endloop
  endfacet
  facet normal 0.9315295541774402 0.08149827572988565 0.3544160277795501
    outer loop
      vertex -0.3916099320716002 -6.853529686038892 1.5602683424949646
      vertex -0.43421579121245557 -6.366542487654843 1.5602683424949646
      vertex -0.5189619979745013 -6.3709838481539025 1.7840323746204376
    endloop
  endfacet
  facet normal 0.6608247856110467 0.05781467731791819 0.7483101401215536
    outer loop
      vertex -0.6978468516444405 -6.380358806082117 1.9427280128002167
      vertex -0.47583988768626106 -6.86387182415391 1.7840323746204376
      vertex -0.5189619979745013 -6.3709838481539025 1.7840323746204376
    endloop
  endfacet
  facet normal 0.934945427333119 0.01631953313843778 0.3544160277795503
    outer loop
      vertex -0.43421579121245557 -6.366542487654843 1.5602683424949646
      vertex -0.5275969378127465 -5.876288476136857 1.7840323746204376
      vertex -0.5189619979745013 -6.3709838481539025 1.7840323746204376
    endloop
  endfacet
  facet normal 0.934945427333119 0.016319533138437793 0.35441602777955034
    outer loop
      vertex -0.43421579121245557 -6.366542487654843 1.5602683424949646
      vertex -0.44274735490400285 -5.877769531115661 1.5602683424949646
      vertex -0.5275969378127465 -5.876288476136857 1.7840323746204376
    endloop
  endfacet
  facet normal 0.6632479976665879 0.011577036862779224 0.748310140121554
    outer loop
      vertex -0.706700000976439 -5.873162220540491 1.9427280128002167
      vertex -0.5189619979745013 -6.3709838481539025 1.7840323746204376
      vertex -0.5275969378127465 -5.876288476136857 1.7840323746204376
    endloop
  endfacet
  facet normal 0.2385419856785205 0.020869719521833953 0.9709079131800442
    outer loop
      vertex -0.8842646197203807 -6.914020075538605 2
      vertex -0.6536350228368102 -6.885702321754042 1.9427280128002167
      vertex -0.9298899930697697 -6.392519671822078 2
    endloop
  endfacet
  facet normal 0.23854198567852197 0.0208697195218348 0.970907913180044
    outer loop
      vertex -0.6536350228368102 -6.885702321754042 1.9427280128002167
      vertex -0.6978468516444405 -6.380358806082117 1.9427280128002167
      vertex -0.9298899930697697 -6.392519671822078 2
    endloop
  endfacet
  facet normal 0.23941670743235943 0.004179034173131674 0.9709079131800439
    outer loop
      vertex -0.6978468516444405 -6.380358806082117 1.9427280128002167
      vertex -0.9390261960833994 -5.869106951720373 2
      vertex -0.9298899930697697 -6.392519671822078 2
    endloop
  endfacet
  facet normal 0.23941670743235918 0.00417903417313153 0.9709079131800441
    outer loop
      vertex -0.6978468516444405 -6.380358806082117 1.9427280128002167
      vertex -0.706700000976439 -5.873162220540491 1.9427280128002167
      vertex -0.9390261960833994 -5.869106951720373 2
    endloop
  endfacet
  facet normal 0.8178462577918 0.45333958339076835 0.3544160277795479
    outer loop
      vertex 0.5565355564481083 -9.60714412741709 1.5602683424949646
      vertex 0.24392458088957358 -9.218115320887028 1.7840323746204376
      vertex 0.4837941896380249 -9.650851550107507 1.7840323746204376
    endloop
  endfacet
  facet normal 0.8178462577917998 0.4533395833907666 0.35441602777955067
    outer loop
      vertex 0.3195376290694041 -9.179588548525556 1.5602683424949646
      vertex 0.24392458088957358 -9.218115320887028 1.7840323746204376
      vertex 0.5565355564481083 -9.60714412741709 1.5602683424949646
    endloop
  endfacet
  facet normal 0.5801781334198187 0.32159799080957724 0.748310140121553
    outer loop
      vertex 0.3302495148408413 -9.743110498454529 1.9427280128002167
      vertex 0.4837941896380249 -9.650851550107507 1.7840323746204376
      vertex 0.08431827429503791 -9.299438795996755 1.9427280128002167
    endloop
  endfacet
  facet normal 0.5801781334198184 0.3215979908095769 0.7483101401215533
    outer loop
      vertex 0.08431827429503791 -9.299438795996755 1.9427280128002167
      vertex 0.4837941896380249 -9.650851550107507 1.7840323746204376
      vertex 0.24392458088957358 -9.218115320887028 1.7840323746204376
    endloop
  endfacet
  facet normal 0.7842306546666568 0.5092853419587821 0.3544160277795479
    outer loop
      vertex 0.822780938300296 -10.017126062708709 1.5602683424949646
      vertex 0.5565355564481083 -9.60714412741709 1.5602683424949646
      vertex 0.4837941896380249 -9.650851550107507 1.7840323746204376
    endloop
  endfacet
  facet normal 0.784230654666657 0.5092853419587848 0.35441602777954356
    outer loop
      vertex 0.822780938300296 -10.017126062708709 1.5602683424949646
      vertex 0.4837941896380249 -9.650851550107507 1.7840323746204376
      vertex 0.753265641487121 -10.065801197558176 1.7840323746204376
    endloop
  endfacet
  facet normal 0.7467943586225685 0.5627499135339575 0.35441602777954295
    outer loop
      vertex 1.1169766538884716 -10.407536963622906 1.5602683424949646
      vertex 0.822780938300296 -10.017126062708709 1.5602683424949646
      vertex 0.753265641487121 -10.065801197558176 1.7840323746204376
    endloop
  endfacet
  facet normal 0.556331306844386 0.36128577499824055 0.7483101401215531
    outer loop
      vertex 0.3302495148408413 -9.743110498454529 1.9427280128002167
      vertex 0.753265641487121 -10.065801197558176 1.7840323746204376
      vertex 0.4837941896380249 -9.650851550107507 1.7840323746204376
    endloop
  endfacet
  facet normal 0.5563313068443854 0.3612857749982393 0.7483101401215542
    outer loop
      vertex 0.3302495148408413 -9.743110498454529 1.9427280128002167
      vertex 0.6065306527086447 -10.168546142819984 1.9427280128002167
      vertex 0.753265641487121 -10.065801197558176 1.7840323746204376
    endloop
  endfacet
  facet normal 0.5297740900642367 0.3992134112074266 0.7483101401215543
    outer loop
      vertex 1.0510260986106257 -10.46094267026725 1.7840323746204376
      vertex 0.753265641487121 -10.065801197558176 1.7840323746204376
      vertex 0.6065306527086447 -10.168546142819984 1.9427280128002167
    endloop
  endfacet
  facet normal 0 0 1
    outer loop
      vertex 0.41619118542209677 -10.301823272632845 2
      vertex 0.13107676232369236 -9.862785561825406 2
      vertex -0.5546570756834406 -10.274816020218516 2
    endloop
  endfacet
  facet normal 0.2008223322118204 0.13041554742198966 0.9709079131800442
    outer loop
      vertex 0.41619118542209677 -10.301823272632845 2
      vertex 0.6065306527086447 -10.168546142819984 1.9427280128002167
      vertex 0.13107676232369236 -9.862785561825406 2
    endloop
  endfacet
  facet normal 0.20082233221182033 0.13041554742198957 0.9709079131800442
    outer loop
      vertex 0.3302495148408413 -9.743110498454529 1.9427280128002167
      vertex 0.13107676232369236 -9.862785561825406 2
      vertex 0.6065306527086447 -10.168546142819984 1.9427280128002167
    endloop
  endfacet
  facet normal 0.20943046781341593 0.11608920395896408 0.9709079131800439
    outer loop
      vertex -0.12271741382322343 -9.4049287480466 2
      vertex 0.3302495148408413 -9.743110498454529 1.9427280128002167
      vertex 0.08431827429503791 -9.299438795996755 1.9427280128002167
    endloop
  endfacet
  facet normal 0.20943046781341557 0.11608920395896355 0.9709079131800441
    outer loop
      vertex -0.12271741382322343 -9.4049287480466 2
      vertex 0.13107676232369236 -9.862785561825406 2
      vertex 0.3302495148408413 -9.743110498454529 1.9427280128002167
    endloop
  endfacet
  facet normal 0.8474773961585976 0.3951851999420139 0.35441602777954884
    outer loop
      vertex 0.3195376290694041 -9.179588548525556 1.5602683424949646
      vertex 0.11294178624341988 -8.73654233383673 1.5602683424949646
      vertex 0.03482543586397835 -8.769700757307008 1.7840323746204376
    endloop
  endfacet
  facet normal 0.8474773961585973 0.3951851999420126 0.3544160277795507
    outer loop
      vertex 0.3195376290694041 -9.179588548525556 1.5602683424949646
      vertex 0.03482543586397835 -8.769700757307008 1.7840323746204376
      vertex 0.24392458088957358 -9.218115320887028 1.7840323746204376
    endloop
  endfacet
  facet normal 0.8729797098394437 0.33510551392301274 0.3544160277795489
    outer loop
      vertex -0.14248453542276618 -8.307792490046735 1.7840323746204376
      vertex 0.03482543586397835 -8.769700757307008 1.7840323746204376
      vertex 0.11294178624341988 -8.73654233383673 1.5602683424949646
    endloop
  endfacet
  facet normal 0.601198390448531 0.2803434135366097 0.7483101401215522
    outer loop
      vertex -0.13006491664575037 -8.839692559383312 1.9427280128002167
      vertex 0.24392458088957358 -9.218115320887028 1.7840323746204376
      vertex 0.03482543586397835 -8.769700757307008 1.7840323746204376
    endloop
  endfacet
  facet normal 0.6011983904485303 0.28034341353660863 0.7483101401215532
    outer loop
      vertex -0.13006491664575037 -8.839692559383312 1.9427280128002167
      vertex 0.08431827429503791 -9.299438795996755 1.9427280128002167
      vertex 0.24392458088957358 -9.218115320887028 1.7840323746204376
    endloop
  endfacet
  facet normal 0.8729797098394443 0.33510551392301474 0.35441602777954573
    outer loop
      vertex -0.062245457850535146 -8.280163959973724 1.5602683424949646
      vertex -0.14248453542276618 -8.307792490046735 1.7840323746204376
      vertex 0.11294178624341988 -8.73654233383673 1.5602683424949646
    endloop
  endfacet
  facet normal -0.4533395833907703 -0.8178462577918005 -0.3544160277795443
    outer loop
      vertex 2.073081485653119 -13.467206020587307 0.21596762537956238
      vertex 2.6048969439447207 -13.761996142820845 0.21596762537956238
      vertex 2.5663701715832494 -13.837609191000674 0.4397316575050354
    endloop
  endfacet
  facet normal -0.28034341353660813 -0.601198390448529 -0.7483101401215543
    outer loop
      vertex 2.6048969439447207 -13.761996142820845 0.21596762537956238
      vertex 2.686220419054447 -13.602389836226308 0.057271987199783325
      vertex 3.155980445930487 -14.018970600079683 0.21596762537956238
    endloop
  endfacet
  facet normal -0.2803434135366088 -0.6011983904485295 -0.7483101401215537
    outer loop
      vertex 3.225972248006791 -13.854080247569954 0.057271987199783325
      vertex 3.155980445930487 -14.018970600079683 0.21596762537956238
      vertex 2.686220419054447 -13.602389836226308 0.057271987199783325
    endloop
  endfacet
  facet normal -0.3951851999420125 -0.8474773961585992 -0.3544160277795465
    outer loop
      vertex 2.6048969439447207 -13.761996142820845 0.21596762537956238
      vertex 3.155980445930487 -14.018970600079683 0.21596762537956238
      vertex 3.122822022460209 -14.097086950459124 0.4397316575050354
    endloop
  endfacet
  facet normal -0.3951851999420138 -0.8474773961585996 -0.3544160277795442
    outer loop
      vertex 2.6048969439447207 -13.761996142820845 0.21596762537956238
      vertex 3.122822022460209 -14.097086950459124 0.4397316575050354
      vertex 2.5663701715832494 -13.837609191000674 0.4397316575050354
    endloop
  endfacet
  facet normal -0.4839261864539168 -0.87302595038925 -0.060341826382003194
    outer loop
      vertex 2.0293740629627024 -13.53994738739739 0.4397316575050354
      vertex 2.5663701715832494 -13.837609191000674 0.4397316575050354
      vertex 2.56471512123452 -13.840857410202231 0.5
    endloop
  endfacet
  facet normal -0.42184815479949395 -0.9046562873716996 -0.06034182638199633
    outer loop
      vertex 2.5663701715832494 -13.837609191000674 0.4397316575050354
      vertex 3.122822022460209 -14.097086950459124 0.4397316575050354
      vertex 3.121397588048395 -14.100442707638157 0.5
    endloop
  endfacet
  facet normal -0.42184815479949317 -0.9046562873716996 -0.06034182638200388
    outer loop
      vertex 2.5663701715832494 -13.837609191000674 0.4397316575050354
      vertex 3.121397588048395 -14.100442707638157 0.5
      vertex 2.56471512123452 -13.840857410202231 0.5
    endloop
  endfacet
  facet normal -0.32159799080957785 -0.5801781334198182 -0.7483101401215528
    outer loop
      vertex 2.073081485653119 -13.467206020587307 0.21596762537956238
      vertex 2.1653404340001403 -13.313661345790123 0.057271987199783325
      vertex 2.6048969439447207 -13.761996142820845 0.21596762537956238
    endloop
  endfacet
  facet normal -0.11608920395896326 -0.20943046781341446 -0.9709079131800445
    outer loop
      vertex 2.1653404340001403 -13.313661345790123 0.057271987199783325
      vertex 2.2850154973710186 -13.114488593272974 0
      vertex 2.686220419054447 -13.602389836226308 0.057271987199783325
    endloop
  endfacet
  facet normal -0.32159799080957646 -0.5801781334198173 -0.7483101401215542
    outer loop
      vertex 2.6048969439447207 -13.761996142820845 0.21596762537956238
      vertex 2.1653404340001403 -13.313661345790123 0.057271987199783325
      vertex 2.686220419054447 -13.602389836226308 0.057271987199783325
    endloop
  endfacet
  facet normal -0.11608920395896521 -0.20943046781341595 -0.9709079131800439
    outer loop
      vertex 2.686220419054447 -13.602389836226308 0.057271987199783325
      vertex 2.2850154973710186 -13.114488593272974 0
      vertex 2.791710371104293 -13.395354148108048 0
    endloop
  endfacet
  facet normal -0.45333958339076913 -0.8178462577918002 -0.3544160277795464
    outer loop
      vertex 2.073081485653119 -13.467206020587307 0.21596762537956238
      vertex 2.5663701715832494 -13.837609191000674 0.4397316575050354
      vertex 2.0293740629627024 -13.53994738739739 0.4397316575050354
    endloop
  endfacet
  facet normal -0.10119728556349711 -0.21701827922770123 -0.9709079131800437
    outer loop
      vertex 3.225972248006791 -13.854080247569954 0.057271987199783325
      vertex 2.686220419054447 -13.602389836226308 0.057271987199783325
      vertex 2.791710371104293 -13.395354148108048 0
    endloop
  endfacet
  facet normal -0.10119728556349705 -0.2170182792277012 -0.9709079131800439
    outer loop
      vertex 3.225972248006791 -13.854080247569954 0.057271987199783325
      vertex 2.791710371104293 -13.395354148108048 0
      vertex 3.316763152293032 -13.640190280911938 0
    endloop
  endfacet
  facet normal 0.029289842251169745 0.05284027416547677 -0.9981733369345319
    outer loop
      vertex 3.182264024470697 -12.628849445047727 0.003645561635494232
      vertex 3.1549027695429337 -12.682548931412759 0
      vertex 2.7280864468607544 -12.377094702811643 0.003645561635494232
    endloop
  endfacet
  facet normal -0.48392618645391605 -0.87302595038925 -0.0603418263820097
    outer loop
      vertex 2.0293740629627024 -13.53994738739739 0.4397316575050354
      vertex 2.56471512123452 -13.840857410202231 0.5
      vertex 2.027496459915991 -13.543072243624032 0.5
    endloop
  endfacet
  facet normal -0.2377230313329109 -0.6192896693512273 -0.7483101401215538
    outer loop
      vertex 3.225972248006791 -13.854080247569954 0.057271987199783325
      vertex 3.7236471681834633 -14.23687743863904 0.21596762537956238
      vertex 3.155980445930487 -14.018970600079683 0.21596762537956238
    endloop
  endfacet
  facet normal -0.08581234416507984 -0.22354879940018998 -0.9709079131800439
    outer loop
      vertex 3.225972248006791 -13.854080247569954 0.057271987199783325
      vertex 3.316763152293032 -13.640190280911938 0
      vertex 3.781966304202181 -14.067506369436824 0.057271987199783325
    endloop
  endfacet
  facet normal -0.23772303133291117 -0.6192896693512275 -0.7483101401215534
    outer loop
      vertex 3.225972248006791 -13.854080247569954 0.057271987199783325
      vertex 3.781966304202181 -14.067506369436824 0.057271987199783325
      vertex 3.7236471681834633 -14.23687743863904 0.21596762537956238
    endloop
  endfacet
  facet normal -0.08581234416507771 -0.2235487994001877 -0.9709079131800444
    outer loop
      vertex 3.781966304202181 -14.067506369436824 0.057271987199783325
      vertex 3.316763152293032 -13.640190280911938 0
      vertex 3.8576158365654036 -13.847804174656464 0
    endloop
  endfacet
  facet normal -0.33510551392301646 -0.8729797098394455 -0.35441602777954156
    outer loop
      vertex 3.155980445930487 -14.018970600079683 0.21596762537956238
      vertex 3.7236471681834633 -14.23687743863904 0.21596762537956238
      vertex 3.696018638110453 -14.31711651621127 0.4397316575050354
    endloop
  endfacet
  facet normal -0.33510551392301385 -0.8729797098394445 -0.3544160277795465
    outer loop
      vertex 3.155980445930487 -14.018970600079683 0.21596762537956238
      vertex 3.696018638110453 -14.31711651621127 0.4397316575050354
      vertex 3.122822022460209 -14.097086950459124 0.4397316575050354
    endloop
  endfacet
  facet normal -0.19394448641639495 -0.6343638312356261 -0.7483101401215535
    outer loop
      vertex 3.781966304202181 -14.067506369436824 0.057271987199783325
      vertex 4.305131495494491 -14.414655038285371 0.21596762537956238
      vertex 3.7236471681834633 -14.23687743863904 0.21596762537956238
    endloop
  endfacet
  facet normal -0.19394448641639084 -0.6343638312356219 -0.7483101401215578
    outer loop
      vertex 3.781966304202181 -14.067506369436824 0.057271987199783325
      vertex 4.351493840487159 -14.2416284112147 0.057271987199783325
      vertex 4.305131495494491 -14.414655038285371 0.21596762537956238
    endloop
  endfacet
  facet normal -0.27339322752487616 -0.8942289541255654 -0.3544160277795415
    outer loop
      vertex 3.7236471681834633 -14.23687743863904 0.21596762537956238
      vertex 4.283167462240054 -14.496625926330065 0.4397316575050354
      vertex 3.696018638110453 -14.31711651621127 0.4397316575050354
    endloop
  endfacet
  facet normal -0.2733932275248745 -0.8942289541255646 -0.3544160277795447
    outer loop
      vertex 3.7236471681834633 -14.23687743863904 0.21596762537956238
      vertex 4.305131495494491 -14.414655038285371 0.21596762537956238
      vertex 4.283167462240054 -14.496625926330065 0.4397316575050354
    endloop
  endfacet
  facet normal -0.07000933365171519 -0.22899021229304536 -0.9709079131800445
    outer loop
      vertex 3.781966304202181 -14.067506369436824 0.057271987199783325
      vertex 3.8576158365654036 -13.847804174656464 0
      vertex 4.351493840487159 -14.2416284112147 0.057271987199783325
    endloop
  endfacet
  facet normal -0.07000933365171647 -0.22899021229304686 -0.970907913180044
    outer loop
      vertex 4.351493840487159 -14.2416284112147 0.057271987199783325
      vertex 3.8576158365654036 -13.847804174656464 0
      vertex 4.411633444009953 -14.017184355320582 0
    endloop
  endfacet
  facet normal -0.35771492133891164 -0.9318792298578071 -0.06034182638200733
    outer loop
      vertex 3.122822022460209 -14.097086950459124 0.4397316575050354
      vertex 3.696018638110453 -14.31711651621127 0.4397316575050354
      vertex 3.6948317593368247 -14.320563462456123 0.5
    endloop
  endfacet
  facet normal -0.357714921338913 -0.9318792298578074 -0.060341826381996526
    outer loop
      vertex 3.122822022460209 -14.097086950459124 0.4397316575050354
      vertex 3.6948317593368247 -14.320563462456123 0.5
      vertex 3.121397588048395 -14.100442707638157 0.5
    endloop
  endfacet
  facet normal -0.29183893673894795 -0.9545621504082193 -0.060341826382007274
    outer loop
      vertex 3.696018638110453 -14.31711651621127 0.4397316575050354
      vertex 4.282223921458693 -14.500147268465117 0.5
      vertex 3.6948317593368247 -14.320563462456123 0.5
    endloop
  endfacet
  facet normal -0.29183893673895145 -0.9545621504082203 -0.06034182638197572
    outer loop
      vertex 3.696018638110453 -14.31711651621127 0.4397316575050354
      vertex 4.283167462240054 -14.496625926330065 0.4397316575050354
      vertex 4.282223921458693 -14.500147268465117 0.5
    endloop
  endfacet
  facet normal 0.025532542470091756 0.054754714025315905 -0.9981733369345319
    outer loop
      vertex 3.182264024470697 -12.628849445047727 0.003645561635494232
      vertex 3.629348053919981 -12.903786400893303 0
      vertex 3.1549027695429337 -12.682548931412759 0
    endloop
  endfacet
  facet normal 0.1499423596041703 0.3215524278486767 -0.9349445571481526
    outer loop
      vertex 3.182264024470697 -12.628849445047727 0.003645561635494232
      vertex 3.2838507692390766 -12.429474232545235 0.08850806951522827
      vertex 3.652896771395217 -12.848309099117154 0.003645561635494232
    endloop
  endfacet
  facet normal 0.025532542470091384 0.0547547140253153 -0.9981733369345319
    outer loop
      vertex 3.182264024470697 -12.628849445047727 0.003645561635494232
      vertex 3.652896771395217 -12.848309099117154 0.003645561635494232
      vertex 3.629348053919981 -12.903786400893303 0
    endloop
  endfacet
  facet normal 0.021650850708621362 0.05640239442234768 -0.9981733369345321
    outer loop
      vertex 3.652896771395217 -12.848309099117154 0.003645561635494232
      vertex 4.11807035916086 -13.091389316994876 0
      vertex 3.629348053919981 -12.903786400893303 0
    endloop
  endfacet
  facet normal 0.14994235960416963 0.3215524278486761 -0.9349445571481529
    outer loop
      vertex 3.652896771395217 -12.848309099117154 0.003645561635494232
      vertex 3.2838507692390766 -12.429474232545235 0.08850806951522827
      vertex 3.740328344182913 -12.642333221517568 0.08850806951522827
    endloop
  endfacet
  facet normal 0.0176636781788349 0.05777528802330311 -0.9981733369345321
    outer loop
      vertex 4.137691812199137 -13.034404479645305 0.003645561635494232
      vertex 4.618688679320629 -13.244443697168013 0
      vertex 4.11807035916086 -13.091389316994876 0
    endloop
  endfacet
  facet normal 0.1271467440616649 0.3312285925664656 -0.934944557148153
    outer loop
      vertex 3.652896771395217 -12.848309099117154 0.003645561635494232
      vertex 3.740328344182913 -12.642333221517568 0.08850806951522827
      vertex 4.137691812199137 -13.034404479645305 0.003645561635494232
    endloop
  endfacet
  facet normal 0.021650850708621352 0.05640239442234766 -0.9981733369345319
    outer loop
      vertex 3.652896771395217 -12.848309099117154 0.003645561635494232
      vertex 4.137691812199137 -13.034404479645305 0.003645561635494232
      vertex 4.11807035916086 -13.091389316994876 0
    endloop
  endfacet
  facet normal 0.12714674406166368 0.3312285925664645 -0.9349445571481535
    outer loop
      vertex 3.740328344182913 -12.642333221517568 0.08850806951522827
      vertex 4.21054225517212 -12.822831430719667 0.08850806951522827
      vertex 4.137691812199137 -13.034404479645305 0.003645561635494232
    endloop
  endfacet
  facet normal 0.26831412384901937 0.6989821899419849 -0.6628962430780853
    outer loop
      vertex 3.740328344182913 -12.642333221517568 0.08850806951522827
      vertex 3.802335669975224 -12.496253116351348 0.2676384150981903
      vertex 4.21054225517212 -12.822831430719667 0.08850806951522827
    endloop
  endfacet
  facet normal 0.10373168236283728 0.33929104487625167 -0.9349445571481535
    outer loop
      vertex 4.137691812199137 -13.034404479645305 0.003645561635494232
      vertex 4.21054225517212 -12.822831430719667 0.08850806951522827
      vertex 4.634287274175088 -13.18622894864449 0.003645561635494232
    endloop
  endfacet
  facet normal 0.26831412384902337 0.6989821899419875 -0.662896243078081
    outer loop
      vertex 4.21054225517212 -12.822831430719667 0.08850806951522827
      vertex 3.802335669975224 -12.496253116351348 0.2676384150981903
      vertex 4.262208501214711 -12.672781756954098 0.2676384150981903
    endloop
  endfacet
  facet normal 0.34796656469549503 0.9064838925673057 -0.23917822302634828
    outer loop
      vertex 4.262208501214711 -12.672781756954098 0.2676384150981903
      vertex 3.824713618164618 -12.443533974167082 0.5
      vertex 4.280854436389438 -12.618630029195216 0.5
    endloop
  endfacet
  facet normal -0.48480962024633617 -0.8746197071393964 -4.58970491799007e-18
    outer loop
      vertex 2.027496459915991 -13.543072243624032 0.5
      vertex 2.56471512123452 -13.840857410202231 0.5
      vertex 2.56471512123452 -13.840857410202231 1.5
    endloop
  endfacet
  facet normal -0.42261826174069983 -0.9063077870366498 -1.7610660097221584e-17
    outer loop
      vertex 2.56471512123452 -13.840857410202231 0.5
      vertex 3.121397588048395 -14.100442707638157 0.5
      vertex 3.121397588048395 -14.100442707638157 1.5
    endloop
  endfacet
  facet normal -0.42261826174069983 -0.9063077870366498 0
    outer loop
      vertex 2.56471512123452 -13.840857410202231 0.5
      vertex 3.121397588048395 -14.100442707638157 1.5
      vertex 2.56471512123452 -13.840857410202231 1.5
    endloop
  endfacet
  facet normal -0.48480962024633617 -0.8746197071393964 0
    outer loop
      vertex 2.027496459915991 -13.543072243624032 0.5
      vertex 2.56471512123452 -13.840857410202231 1.5
      vertex 2.027496459915991 -13.543072243624032 1.5
    endloop
  endfacet
  facet normal -0.35836794954529966 -0.9335804264972021 -4.131278510281156e-18
    outer loop
      vertex 3.121397588048395 -14.100442707638157 0.5
      vertex 3.6948317593368247 -14.320563462456123 0.5
      vertex 3.6948317593368247 -14.320563462456123 1.5
    endloop
  endfacet
  facet normal -0.35836794954529966 -0.9335804264972021 0
    outer loop
      vertex 3.121397588048395 -14.100442707638157 0.5
      vertex 3.6948317593368247 -14.320563462456123 1.5
      vertex 3.121397588048395 -14.100442707638157 1.5
    endloop
  endfacet
  facet normal -0.29237170472273566 -0.9563047559630359 -9.825878997389527e-18
    outer loop
      vertex 3.6948317593368247 -14.320563462456123 0.5
      vertex 4.282223921458693 -14.500147268465117 0.5
      vertex 4.282223921458693 -14.500147268465117 1.5
    endloop
  endfacet
  facet normal -0.29237170472273566 -0.9563047559630359 0
    outer loop
      vertex 3.6948317593368247 -14.320563462456123 0.5
      vertex 4.282223921458693 -14.500147268465117 1.5
      vertex 3.6948317593368247 -14.320563462456123 1.5
    endloop
  endfacet
  facet normal 0.35836794954529916 0.9335804264972022 0
    outer loop
      vertex 4.280854436389438 -12.618630029195216 0.5
      vertex 3.824713618164618 -12.443533974167082 1.5
      vertex 4.280854436389438 -12.618630029195216 1.5
    endloop
  endfacet
  facet normal 0.3577149213389135 0.9318792298578067 0.06034182638200472
    outer loop
      vertex 4.280854436389438 -12.618630029195216 1.5
      vertex 3.8232891837528045 -12.446889731346115 1.5602683424949646
      vertex 4.27966755761581 -12.62207697544007 1.5602683424949646
    endloop
  endfacet
  facet normal 0.032904444865004226 0.05066840180138859 -0.9981733369345319
    outer loop
      vertex 2.2925767460697353 -12.094271396206778 0.003645561635494232
      vertex 2.6970459557641284 -12.428754755265842 0
      vertex 2.258008244956689 -12.143640332167438 0
    endloop
  endfacet
  facet normal 0.03290444486500449 0.05066840180138891 -0.9981733369345319
    outer loop
      vertex 2.2925767460697353 -12.094271396206778 0.003645561635494232
      vertex 2.7280864468607544 -12.377094702811643 0.003645561635494232
      vertex 2.6970459557641284 -12.428754755265842 0
    endloop
  endfacet
  facet normal 0.19323457937271377 0.2975551585734891 -0.9349445571481532
    outer loop
      vertex 2.2925767460697353 -12.094271396206778 0.003645561635494232
      vertex 2.420922522199805 -11.910974631852849 0.08850806951522827
      vertex 2.7280864468607544 -12.377094702811643 0.003645561635494232
    endloop
  endfacet
  facet normal 0.19323457937271477 0.29755515857348963 -0.9349445571481527
    outer loop
      vertex 2.420922522199805 -11.910974631852849 0.08850806951522827
      vertex 2.84333344320077 -12.18529149140043 0.08850806951522827
      vertex 2.7280864468607544 -12.377094702811643 0.003645561635494232
    endloop
  endfacet
  facet normal 0.21352026825575782 0.28335096629980483 -0.9349445571481532
    outer loop
      vertex 2.0186759497827014 -11.607860098067974 0.08850806951522827
      vertex 2.420922522199805 -11.910974631852849 0.08850806951522827
      vertex 2.2925767460697353 -12.094271396206778 0.003645561635494232
    endloop
  endfacet
  facet normal 0.4505856923340986 0.5979474097082141 -0.662896243078084
    outer loop
      vertex 2.0186759497827014 -11.607860098067974 0.08850806951522827
      vertex 2.118546350859904 -11.484530423755722 0.2676384150981903
      vertex 2.420922522199805 -11.910974631852849 0.08850806951522827
    endloop
  endfacet
  facet normal 0.40777738544825637 0.6279221088876804 -0.6628962430780795
    outer loop
      vertex 2.420922522199805 -11.910974631852849 0.08850806951522827
      vertex 2.5119466008114175 -11.780978775418138 0.2676384150981903
      vertex 2.84333344320077 -12.18529149140043 0.08850806951522827
    endloop
  endfacet
  facet normal 0.4505856923341034 0.5979474097082156 -0.6628962430780794
    outer loop
      vertex 2.118546350859904 -11.484530423755722 0.2676384150981903
      vertex 2.5119466008114175 -11.780978775418138 0.2676384150981903
      vertex 2.420922522199805 -11.910974631852849 0.08850806951522827
    endloop
  endfacet
  facet normal 0.5843477533469791 0.7754556601046243 -0.2391782230263437
    outer loop
      vertex 2.118546350859904 -11.484530423755722 0.2676384150981903
      vertex 2.1545887802406725 -11.440021730198795 0.5
      vertex 2.5119466008114175 -11.780978775418138 0.2676384150981903
    endloop
  endfacet
  facet normal 0.5288312591952157 0.814328727804663 -0.23917822302634825
    outer loop
      vertex 2.5119466008114175 -11.780978775418138 0.2676384150981903
      vertex 2.5447964631322124 -11.734064310022942 0.5
      vertex 2.925067739185506 -12.04926277958867 0.2676384150981903
    endloop
  endfacet
  facet normal 0.029289842251169495 0.05284027416547642 -0.9981733369345319
    outer loop
      vertex 2.7280864468607544 -12.377094702811643 0.003645561635494232
      vertex 3.1549027695429337 -12.682548931412759 0
      vertex 2.6970459557641284 -12.428754755265842 0
    endloop
  endfacet
  facet normal 0.17200747104283756 0.31030969202474484 -0.9349445571481527
    outer loop
      vertex 3.182264024470697 -12.628849445047727 0.003645561635494232
      vertex 2.7280864468607544 -12.377094702811643 0.003645561635494232
      vertex 2.84333344320077 -12.18529149140043 0.08850806951522827
    endloop
  endfacet
  facet normal 0.17200747104283778 0.310309692024745 -0.9349445571481526
    outer loop
      vertex 3.182264024470697 -12.628849445047727 0.003645561635494232
      vertex 2.84333344320077 -12.18529149140043 0.08850806951522827
      vertex 3.2838507692390766 -12.429474232545235 0.08850806951522827
    endloop
  endfacet
  facet normal 0.36298242813014175 0.6548376346711512 -0.6628962430780843
    outer loop
      vertex 2.84333344320077 -12.18529149140043 0.08850806951522827
      vertex 2.925067739185506 -12.04926277958867 0.2676384150981903
      vertex 3.2838507692390766 -12.429474232545235 0.08850806951522827
    endloop
  endfacet
  facet normal 0.4077773854482515 0.6279221088876786 -0.6628962430780841
    outer loop
      vertex 2.84333344320077 -12.18529149140043 0.08850806951522827
      vertex 2.5119466008114175 -11.780978775418138 0.2676384150981903
      vertex 2.925067739185506 -12.04926277958867 0.2676384150981903
    endloop
  endfacet
  facet normal 0.3629824281301383 0.6548376346711494 -0.6628962430780877
    outer loop
      vertex 2.925067739185506 -12.04926277958867 0.2676384150981903
      vertex 3.3558970813228006 -12.288075383566813 0.2676384150981903
      vertex 3.2838507692390766 -12.429474232545235 0.08850806951522827
    endloop
  endfacet
  facet normal 0.4707383523065885 0.8492344677988731 -0.23917822302635114
    outer loop
      vertex 2.925067739185506 -12.04926277958867 0.2676384150981903
      vertex 2.9545649932191553 -12.000171104914784 0.5
      vertex 3.3558970813228006 -12.288075383566813 0.2676384150981903
    endloop
  endfacet
  facet normal 0.5843477533469765 0.775455660104625 -0.23917822302634836
    outer loop
      vertex 2.1545887802406725 -11.440021730198795 0.5
      vertex 2.5447964631322124 -11.734064310022942 0.5
      vertex 2.5119466008114175 -11.780978775418138 0.2676384150981903
    endloop
  endfacet
  facet normal 0.47073835230659533 0.8492344677988727 -0.23917822302633893
    outer loop
      vertex 2.9545649932191553 -12.000171104914784 0.5
      vertex 3.381898019412707 -12.237045669318576 0.5
      vertex 3.3558970813228006 -12.288075383566813 0.2676384150981903
    endloop
  endfacet
  facet normal 0.5288312591952142 0.8143287278046633 -0.2391782230263509
    outer loop
      vertex 2.5447964631322124 -11.734064310022942 0.5
      vertex 2.9545649932191553 -12.000171104914784 0.5
      vertex 2.925067739185506 -12.04926277958867 0.2676384150981903
    endloop
  endfacet
  facet normal 0.31641905690904293 0.6785628573225537 -0.6628962430780879
    outer loop
      vertex 3.740328344182913 -12.642333221517568 0.08850806951522827
      vertex 3.2838507692390766 -12.429474232545235 0.08850806951522827
      vertex 3.3558970813228006 -12.288075383566813 0.2676384150981903
    endloop
  endfacet
  facet normal 0.41035205548398124 0.8800028228307193 -0.2391782230263387
    outer loop
      vertex 3.3558970813228006 -12.288075383566813 0.2676384150981903
      vertex 3.381898019412707 -12.237045669318576 0.5
      vertex 3.802335669975224 -12.496253116351348 0.2676384150981903
    endloop
  endfacet
  facet normal 0.3164190569090454 0.6785628573225552 -0.6628962430780854
    outer loop
      vertex 3.740328344182913 -12.642333221517568 0.08850806951522827
      vertex 3.3558970813228006 -12.288075383566813 0.2676384150981903
      vertex 3.802335669975224 -12.496253116351348 0.2676384150981903
    endloop
  endfacet
  facet normal 0.34796656469549714 0.9064838925673058 -0.23917822302634442
    outer loop
      vertex 4.262208501214711 -12.672781756954098 0.2676384150981903
      vertex 3.802335669975224 -12.496253116351348 0.2676384150981903
      vertex 3.824713618164618 -12.443533974167082 0.5
    endloop
  endfacet
  facet normal 0.41035205548397813 0.8800028228307194 -0.23917822302634445
    outer loop
      vertex 3.802335669975224 -12.496253116351348 0.2676384150981903
      vertex 3.381898019412707 -12.237045669318576 0.5
      vertex 3.824713618164618 -12.443533974167082 0.5
    endloop
  endfacet
  facet normal 0.6018150231520487 0.7986355100472925 0
    outer loop
      vertex 2.1545887802406725 -11.440021730198795 0.5
      vertex 2.1545887802406725 -11.440021730198795 1.5
      vertex 2.5447964631322124 -11.734064310022942 0.5
    endloop
  endfacet
  facet normal 0.544639035015025 0.8386705679454254 0
    outer loop
      vertex 2.5447964631322124 -11.734064310022942 0.5
      vertex 2.5447964631322124 -11.734064310022942 1.5
      vertex 2.9545649932191553 -12.000171104914784 0.5
    endloop
  endfacet
  facet normal 0.6018150231520487 0.7986355100472925 -1.2994572914777943e-17
    outer loop
      vertex 2.1545887802406725 -11.440021730198795 1.5
      vertex 2.5447964631322124 -11.734064310022942 1.5
      vertex 2.5447964631322124 -11.734064310022942 0.5
    endloop
  endfacet
  facet normal 0.4848096202463411 0.8746197071393936 0
    outer loop
      vertex 2.9545649932191553 -12.000171104914784 0.5
      vertex 2.9545649932191553 -12.000171104914784 1.5
      vertex 3.381898019412707 -12.237045669318576 0.5
    endloop
  endfacet
  facet normal 0.4848096202463411 0.8746197071393936 0
    outer loop
      vertex 3.381898019412707 -12.237045669318576 0.5
      vertex 2.9545649932191553 -12.000171104914784 1.5
      vertex 3.381898019412707 -12.237045669318576 1.5
    endloop
  endfacet
  facet normal 0.544639035015025 0.8386705679454254 0
    outer loop
      vertex 2.9545649932191553 -12.000171104914784 0.5
      vertex 2.5447964631322124 -11.734064310022942 1.5
      vertex 2.9545649932191553 -12.000171104914784 1.5
    endloop
  endfacet
  facet normal 0.6007183788074744 0.7971802138486658 0.06034182638199742
    outer loop
      vertex 2.1545887802406725 -11.440021730198795 1.5
      vertex 2.1522945539666267 -11.442854863701063 1.5602683424949646
      vertex 2.5447964631322124 -11.734064310022942 1.5
    endloop
  endfacet
  facet normal 0.6007183788074729 0.7971802138486686 0.060341826381974946
    outer loop
      vertex 2.1522945539666267 -11.442854863701063 1.5602683424949646
      vertex 2.542705454880828 -11.737050579289239 1.5602683424949646
      vertex 2.5447964631322124 -11.734064310022942 1.5
    endloop
  endfacet
  facet normal 0.5436465783720271 0.8371423187327678 0.06034182638197508
    outer loop
      vertex 2.5447964631322124 -11.734064310022942 1.5
      vertex 2.542705454880828 -11.737050579289239 1.5602683424949646
      vertex 2.9545649932191553 -12.000171104914784 1.5
    endloop
  endfacet
  facet normal 0.4839261864539211 0.8730259503892474 0.06034182638200616
    outer loop
      vertex 2.9545649932191553 -12.000171104914784 1.5
      vertex 2.952687390172444 -12.003295961141426 1.5602683424949646
      vertex 3.381898019412707 -12.237045669318576 1.5
    endloop
  endfacet
  facet normal 0.48392618645391855 0.873025950389251 0.06034182638197436
    outer loop
      vertex 2.952687390172444 -12.003295961141426 1.5602683424949646
      vertex 3.380242969063978 -12.240293888520132 1.5602683424949646
      vertex 3.381898019412707 -12.237045669318576 1.5
    endloop
  endfacet
  facet normal 0.5436465783720292 0.8371423187327642 0.0603418263820053
    outer loop
      vertex 2.542705454880828 -11.737050579289239 1.5602683424949646
      vertex 2.952687390172444 -12.003295961141426 1.5602683424949646
      vertex 2.9545649932191553 -12.000171104914784 1.5
    endloop
  endfacet
  facet normal 0.42261826174069705 0.9063077870366512 0
    outer loop
      vertex 3.381898019412707 -12.237045669318576 0.5
      vertex 3.381898019412707 -12.237045669318576 1.5
      vertex 3.824713618164618 -12.443533974167082 0.5
    endloop
  endfacet
  facet normal 0.42261826174069705 0.9063077870366512 0
    outer loop
      vertex 3.824713618164618 -12.443533974167082 0.5
      vertex 3.381898019412707 -12.237045669318576 1.5
      vertex 3.824713618164618 -12.443533974167082 1.5
    endloop
  endfacet
  facet normal 0.35836794954529916 0.9335804264972022 -1.229672200351955e-17
    outer loop
      vertex 4.280854436389438 -12.618630029195216 0.5
      vertex 3.824713618164618 -12.443533974167082 0.5
      vertex 3.824713618164618 -12.443533974167082 1.5
    endloop
  endfacet
  facet normal 0.4218481547994911 0.9046562873717026 0.06034182638197422
    outer loop
      vertex 3.381898019412707 -12.237045669318576 1.5
      vertex 3.380242969063978 -12.240293888520132 1.5602683424949646
      vertex 3.824713618164618 -12.443533974167082 1.5
    endloop
  endfacet
  facet normal 0.4218481547994927 0.9046562873717005 0.060341826381993556
    outer loop
      vertex 3.380242969063978 -12.240293888520132 1.5602683424949646
      vertex 3.8232891837528045 -12.446889731346115 1.5602683424949646
      vertex 3.824713618164618 -12.443533974167082 1.5
    endloop
  endfacet
  facet normal 0.3577149213389125 0.9318792298578077 0.06034182638199402
    outer loop
      vertex 4.280854436389438 -12.618630029195216 1.5
      vertex 3.824713618164618 -12.443533974167082 1.5
      vertex 3.8232891837528045 -12.446889731346115 1.5602683424949646
    endloop
  endfacet
  facet normal -0.14922106345728678 -0.6463474363002695 -0.7483101401215579
    outer loop
      vertex 4.351493840487159 -14.2416284112147 0.057271987199783325
      vertex 4.897600494671514 -14.551437284423342 0.21596762537956238
      vertex 4.305131495494491 -14.414655038285371 0.21596762537956238
    endloop
  endfacet
  facet normal -0.1492210634572906 -0.6463474363002739 -0.7483101401215533
    outer loop
      vertex 4.351493840487159 -14.2416284112147 0.057271987199783325
      vertex 4.9317801759536515 -14.375598067818732 0.057271987199783325
      vertex 4.897600494671514 -14.551437284423342 0.21596762537956238
    endloop
  endfacet
  facet normal -0.2103489968036235 -0.9111216048347652 -0.3544160277795449
    outer loop
      vertex 4.305131495494491 -14.414655038285371 0.21596762537956238
      vertex 4.881407964797847 -14.634740629013631 0.4397316575050354
      vertex 4.283167462240054 -14.496625926330065 0.4397316575050354
    endloop
  endfacet
  facet normal -0.21034899680361968 -0.9111216048347632 -0.35441602777955267
    outer loop
      vertex 4.305131495494491 -14.414655038285371 0.21596762537956238
      vertex 4.897600494671514 -14.551437284423342 0.21596762537956238
      vertex 4.881407964797847 -14.634740629013631 0.4397316575050354
    endloop
  endfacet
  facet normal -0.05386524470211657 -0.23331600788962836 -0.970907913180044
    outer loop
      vertex 4.351493840487159 -14.2416284112147 0.057271987199783325
      vertex 4.411633444009953 -14.017184355320582 0
      vertex 4.9317801759536515 -14.375598067818732 0.057271987199783325
    endloop
  endfacet
  facet normal -0.05386524470211609 -0.23331600788962775 -0.9709079131800443
    outer loop
      vertex 4.9317801759536515 -14.375598067818732 0.057271987199783325
      vertex 4.411633444009953 -14.017184355320582 0
      vertex 4.976116856532868 -14.147505619690133 0
    endloop
  endfacet
  facet normal -0.1037706504766679 -0.6551821016258841 -0.7483101401215533
    outer loop
      vertex 4.9317801759536515 -14.375598067818732 0.057271987199783325
      vertex 5.498167716305314 -14.646557787699072 0.21596762537956238
      vertex 4.897600494671514 -14.551437284423342 0.21596762537956238
    endloop
  endfacet
  facet normal -0.037458729694842256 -0.2365051113486143 -0.9709079131800442
    outer loop
      vertex 4.9317801759536515 -14.375598067818732 0.057271987199783325
      vertex 4.976116856532868 -14.147505619690133 0
      vertex 5.519998213905446 -14.468762652548524 0.057271987199783325
    endloop
  endfacet
  facet normal -0.037458729694843027 -0.23650511134861552 -0.9709079131800439
    outer loop
      vertex 5.519998213905446 -14.468762652548524 0.057271987199783325
      vertex 4.976116856532868 -14.147505619690133 0
      vertex 5.54831596769001 -14.238133055664955 0
    endloop
  endfacet
  facet normal -0.10377065047666888 -0.6551821016258854 -0.7483101401215522
    outer loop
      vertex 4.9317801759536515 -14.375598067818732 0.057271987199783325
      vertex 5.519998213905446 -14.468762652548524 0.057271987199783325
      vertex 5.498167716305314 -14.646557787699072 0.21596762537956238
    endloop
  endfacet
  facet normal -0.1462799669141476 -0.9235753626708322 -0.3544160277795525
    outer loop
      vertex 4.897600494671514 -14.551437284423342 0.21596762537956238
      vertex 5.4878255781902965 -14.730787743313734 0.4397316575050354
      vertex 4.881407964797847 -14.634740629013631 0.4397316575050354
    endloop
  endfacet
  facet normal -0.14627996691414885 -0.9235753626708331 -0.35441602777954984
    outer loop
      vertex 4.897600494671514 -14.551437284423342 0.21596762537956238
      vertex 5.498167716305314 -14.646557787699072 0.21596762537956238
      vertex 5.4878255781902965 -14.730787743313734 0.4397316575050354
    endloop
  endfacet
  facet normal -0.22454114217474216 -0.9725945401140959 -0.060341826381975265
    outer loop
      vertex 4.283167462240054 -14.496625926330065 0.4397316575050354
      vertex 4.880712358844596 -14.638319211413966 0.5
      vertex 4.282223921458693 -14.500147268465117 0.5
    endloop
  endfacet
  facet normal -0.22454114217474141 -0.9725945401140957 -0.06034182638198228
    outer loop
      vertex 4.283167462240054 -14.496625926330065 0.4397316575050354
      vertex 4.881407964797847 -14.634740629013631 0.4397316575050354
      vertex 4.880712358844596 -14.638319211413966 0.5
    endloop
  endfacet
  facet normal -0.15614940573665048 -0.9858885469853971 -0.06034182638198278
    outer loop
      vertex 4.881407964797847 -14.634740629013631 0.4397316575050354
      vertex 5.4873812959874355 -14.734406131485615 0.5
      vertex 4.880712358844596 -14.638319211413966 0.5
    endloop
  endfacet
  facet normal -0.15614940573664937 -0.9858885469853967 -0.06034182638199306
    outer loop
      vertex 4.881407964797847 -14.634740629013631 0.4397316575050354
      vertex 5.4878255781902965 -14.730787743313734 0.4397316575050354
      vertex 5.4873812959874355 -14.734406131485615 0.5
    endloop
  endfacet
  facet normal 0.01766367817883466 0.05777528802330256 -0.998173336934532
    outer loop
      vertex 4.137691812199137 -13.034404479645305 0.003645561635494232
      vertex 4.634287274175088 -13.18622894864449 0.003645561635494232
      vertex 4.618688679320629 -13.244443697168013 0
    endloop
  endfacet
  facet normal 0.013590449984507596 0.05886670622856021 -0.9981733369345323
    outer loop
      vertex 4.634287274175088 -13.18622894864449 0.003645561635494232
      vertex 5.128764052265448 -13.36220387585748 0
      vertex 4.618688679320629 -13.244443697168013 0
    endloop
  endfacet
  facet normal 0.07981125033461106 0.3457005053208206 -0.9349445571481527
    outer loop
      vertex 4.634287274175088 -13.18622894864449 0.003645561635494232
      vertex 4.692201667298092 -12.97008949101992 0.08850806951522827
      vertex 5.140263794149922 -13.303042832563088 0.003645561635494232
    endloop
  endfacet
  facet normal 0.10373168236283892 0.33929104487625344 -0.9349445571481527
    outer loop
      vertex 4.21054225517212 -12.822831430719667 0.08850806951522827
      vertex 4.692201667298092 -12.97008949101992 0.08850806951522827
      vertex 4.634287274175088 -13.18622894864449 0.003645561635494232
    endloop
  endfacet
  facet normal 0.21890199134844987 0.7159961515934626 -0.662896243078081
    outer loop
      vertex 4.21054225517212 -12.822831430719667 0.08850806951522827
      vertex 4.262208501214711 -12.672781756954098 0.2676384150981903
      vertex 4.692201667298092 -12.97008949101992 0.08850806951522827
    endloop
  endfacet
  facet normal 0.1684233903499759 0.7295218519660538 -0.6628962430780844
    outer loop
      vertex 4.692201667298092 -12.97008949101992 0.08850806951522827
      vertex 4.733275120833717 -12.816801275582645 0.2676384150981903
      vertex 5.182959984321188 -13.083389975950869 0.08850806951522827
    endloop
  endfacet
  facet normal 0.21890199134844718 0.7159961515934606 -0.6628962430780843
    outer loop
      vertex 4.262208501214711 -12.672781756954098 0.2676384150981903
      vertex 4.733275120833717 -12.816801275582645 0.2676384150981903
      vertex 4.692201667298092 -12.97008949101992 0.08850806951522827
    endloop
  endfacet
  facet normal 0.28388581578129274 0.928548663898747 -0.23917822302634828
    outer loop
      vertex 4.262208501214711 -12.672781756954098 0.2676384150981903
      vertex 4.280854436389438 -12.618630029195216 0.5
      vertex 4.733275120833717 -12.816801275582645 0.2676384150981903
    endloop
  endfacet
  facet normal 0.21842200370870554 0.9460896394770605 -0.23917822302634473
    outer loop
      vertex 4.733275120833717 -12.816801275582645 0.2676384150981903
      vertex 4.74809820187189 -12.761480784023478 0.5
      vertex 5.2132405396129124 -12.927610023619021 0.2676384150981903
    endloop
  endfacet
  facet normal 0.013590449984507695 0.05886670622856048 -0.9981733369345319
    outer loop
      vertex 4.634287274175088 -13.18622894864449 0.003645561635494232
      vertex 5.140263794149922 -13.303042832563088 0.003645561635494232
      vertex 5.128764052265448 -13.36220387585748 0
    endloop
  endfacet
  facet normal 0.07981125033461237 0.3457005053208222 -0.934944557148152
    outer loop
      vertex 4.692201667298092 -12.97008949101992 0.08850806951522827
      vertex 5.182959984321188 -13.083389975950869 0.08850806951522827
      vertex 5.140263794149922 -13.303042832563088 0.003645561635494232
    endloop
  endfacet
  facet normal 0.00945101048396322 0.05967133175833319 -0.9981733369345319
    outer loop
      vertex 5.140263794149922 -13.303042832563088 0.003645561635494232
      vertex 5.645811442050928 -13.444096137309915 0
      vertex 5.128764052265448 -13.36220387585748 0
    endloop
  endfacet
  facet normal 0.0555019859173527 0.3504257476531597 -0.934944557148152
    outer loop
      vertex 5.140263794149922 -13.303042832563088 0.003645561635494232
      vertex 5.182959984321188 -13.083389975950869 0.08850806951522827
      vertex 5.653156305378906 -13.384277025900737 0.003645561635494232
    endloop
  endfacet
  facet normal 0.1171242475235726 0.7394933952071475 -0.662896243078087
    outer loop
      vertex 5.182959984321188 -13.083389975950869 0.08850806951522827
      vertex 5.2132405396129124 -12.927610023619021 0.2676384150981903
      vertex 5.6804262810517265 -13.162180896938853 0.08850806951522827
    endloop
  endfacet
  facet normal 0.16842339034997356 0.7295218519660519 -0.6628962430780873
    outer loop
      vertex 5.182959984321188 -13.083389975950869 0.08850806951522827
      vertex 4.733275120833717 -12.816801275582645 0.2676384150981903
      vertex 5.2132405396129124 -12.927610023619021 0.2676384150981903
    endloop
  endfacet
  facet normal 0.1518940615897515 0.9590213614324375 -0.23917822302635047
    outer loop
      vertex 5.2132405396129124 -12.927610023619021 0.2676384150981903
      vertex 5.224168549953721 -12.871390284133646 0.5
      vertex 5.699766414277956 -13.00466815198125 0.2676384150981903
    endloop
  endfacet
  facet normal 0.28388581578129457 0.9285486638987474 -0.23917822302634498
    outer loop
      vertex 4.280854436389438 -12.618630029195216 0.5
      vertex 4.74809820187189 -12.761480784023478 0.5
      vertex 4.733275120833717 -12.816801275582645 0.2676384150981903
    endloop
  endfacet
  facet normal 0.2184220037087024 0.9460896394770597 -0.23917822302635044
    outer loop
      vertex 4.74809820187189 -12.761480784023478 0.5
      vertex 5.224168549953721 -12.871390284133646 0.5
      vertex 5.2132405396129124 -12.927610023619021 0.2676384150981903
    endloop
  endfacet
  facet normal -0.05781467731791711 -0.6608247856110483 -0.7483101401215522
    outer loop
      vertex 5.519998213905446 -14.468762652548524 0.057271987199783325
      vertex 6.103907257260898 -14.699553130582084 0.21596762537956238
      vertex 5.498167716305314 -14.646557787699072 0.21596762537956238
    endloop
  endfacet
  facet normal -0.020869719521834546 -0.23854198567852225 -0.9709079131800439
    outer loop
      vertex 5.519998213905446 -14.468762652548524 0.057271987199783325
      vertex 5.54831596769001 -14.238133055664955 0
      vertex 6.113282215189112 -14.520668276912145 0.057271987199783325
    endloop
  endfacet
  facet normal -0.05781467731791739 -0.6608247856110487 -0.7483101401215517
    outer loop
      vertex 5.519998213905446 -14.468762652548524 0.057271987199783325
      vertex 6.113282215189112 -14.520668276912145 0.057271987199783325
      vertex 6.103907257260898 -14.699553130582084 0.21596762537956238
    endloop
  endfacet
  facet normal -0.0208697195218344 -0.23854198567852192 -0.9709079131800439
    outer loop
      vertex 6.113282215189112 -14.520668276912145 0.057271987199783325
      vertex 5.54831596769001 -14.238133055664955 0
      vertex 6.125443080929074 -14.288625135486816 0
    endloop
  endfacet
  facet normal -0.08149827572988731 -0.9315295541774403 -0.35441602777954984
    outer loop
      vertex 5.498167716305314 -14.646557787699072 0.21596762537956238
      vertex 6.0994658967618385 -14.78429933734413 0.4397316575050354
      vertex 5.4878255781902965 -14.730787743313734 0.4397316575050354
    endloop
  endfacet
  facet normal -0.08149827572988569 -0.9315295541774391 -0.3544160277795534
    outer loop
      vertex 5.498167716305314 -14.646557787699072 0.21596762537956238
      vertex 6.103907257260898 -14.699553130582084 0.21596762537956238
      vertex 6.0994658967618385 -14.78429933734413 0.4397316575050354
    endloop
  endfacet
  facet normal -0.011577036862781638 -0.6632479976665901 -0.7483101401215517
    outer loop
      vertex 6.113282215189112 -14.520668276912145 0.057271987199783325
      vertex 6.711868015383458 -14.710165125088922 0.21596762537956238
      vertex 6.103907257260898 -14.699553130582084 0.21596762537956238
    endloop
  endfacet
  facet normal -0.011577036862780334 -0.6632479976665878 -0.748310140121554
    outer loop
      vertex 6.113282215189112 -14.520668276912145 0.057271987199783325
      vertex 6.7087417597870935 -14.53106206192523 0.057271987199783325
      vertex 6.711868015383458 -14.710165125088922 0.21596762537956238
    endloop
  endfacet
  facet normal -0.004179034173131813 -0.23941670743235943 -0.970907913180044
    outer loop
      vertex 6.113282215189112 -14.520668276912145 0.057271987199783325
      vertex 6.125443080929074 -14.288625135486816 0
      vertex 6.7087417597870935 -14.53106206192523 0.057271987199783325
    endloop
  endfacet
  facet normal -0.004179034173131704 -0.23941670743235918 -0.9709079131800442
    outer loop
      vertex 6.7087417597870935 -14.53106206192523 0.057271987199783325
      vertex 6.125443080929074 -14.288625135486816 0
      vertex 6.704686490966975 -14.29873586681827 0
    endloop
  endfacet
  facet normal -0.01631953313844114 -0.934945427333119 -0.35441602777955017
    outer loop
      vertex 6.103907257260898 -14.699553130582084 0.21596762537956238
      vertex 6.711868015383458 -14.710165125088922 0.21596762537956238
      vertex 6.713349070362263 -14.795014707997666 0.4397316575050354
    endloop
  endfacet
  facet normal -0.01631953313843971 -0.9349454273331176 -0.3544160277795535
    outer loop
      vertex 6.103907257260898 -14.699553130582084 0.21596762537956238
      vertex 6.713349070362263 -14.795014707997666 0.4397316575050354
      vertex 6.0994658967618385 -14.78429933734413 0.4397316575050354
    endloop
  endfacet
  facet normal -0.08699692508989879 -0.9943794039569545 -0.06034182638199289
    outer loop
      vertex 5.4878255781902965 -14.730787743313734 0.4397316575050354
      vertex 6.099275102807602 -14.787939902864101 0.5
      vertex 5.4873812959874355 -14.734406131485615 0.5
    endloop
  endfacet
  facet normal -0.08699692508990248 -0.9943794039569562 -0.0603418263819573
    outer loop
      vertex 5.4878255781902965 -14.730787743313734 0.4397316575050354
      vertex 6.0994658967618385 -14.78429933734413 0.4397316575050354
      vertex 6.099275102807602 -14.787939902864101 0.5
    endloop
  endfacet
  facet normal -0.017420604169008737 -0.9980257444271046 -0.06034182638195678
    outer loop
      vertex 6.0994658967618385 -14.78429933734413 0.4397316575050354
      vertex 6.713412694185618 -14.798659714396464 0.5
      vertex 6.099275102807602 -14.787939902864101 0.5
    endloop
  endfacet
  facet normal -0.017420604169007793 -0.9980257444271041 -0.06034182638196629
    outer loop
      vertex 6.0994658967618385 -14.78429933734413 0.4397316575050354
      vertex 6.713349070362263 -14.795014707997666 0.4397316575050354
      vertex 6.713412694185618 -14.798659714396464 0.5
    endloop
  endfacet
  facet normal 0.009451010483963403 0.059671331758333855 -0.9981733369345319
    outer loop
      vertex 5.140263794149922 -13.303042832563088 0.003645561635494232
      vertex 5.653156305378906 -13.384277025900737 0.003645561635494232
      vertex 5.645811442050928 -13.444096137309915 0
    endloop
  endfacet
  facet normal 0.055501985917351365 0.3504257476531578 -0.9349445571481527
    outer loop
      vertex 5.182959984321188 -13.083389975950869 0.08850806951522827
      vertex 5.6804262810517265 -13.162180896938853 0.08850806951522827
      vertex 5.653156305378906 -13.384277025900737 0.003645561635494232
    endloop
  endfacet
  facet normal 0.005265526610353543 0.06018524455792123 -0.9981733369345319
    outer loop
      vertex 5.653156305378906 -13.384277025900737 0.003645561635494232
      vertex 6.167311845767456 -13.489721510659304 0
      vertex 5.645811442050928 -13.444096137309915 0
    endloop
  endfacet
  facet normal 0.005265526610353327 0.06018524455792017 -0.998173336934532
    outer loop
      vertex 5.653156305378906 -13.384277025900737 0.003645561635494232
      vertex 6.1704660471031065 -13.429535763833128 0.003645561635494232
      vertex 6.167311845767456 -13.489721510659304 0
    endloop
  endfacet
  facet normal 0.030922321403744988 0.3534437509676017 -0.9349445571481527
    outer loop
      vertex 5.653156305378906 -13.384277025900737 0.003645561635494232
      vertex 5.6804262810517265 -13.162180896938853 0.08850806951522827
      vertex 6.1704660471031065 -13.429535763833128 0.003645561635494232
    endloop
  endfacet
  facet normal 0.0652544871365315 0.7458622009604127 -0.6628962430780831
    outer loop
      vertex 5.6804262810517265 -13.162180896938853 0.08850806951522827
      vertex 5.699766414277956 -13.00466815198125 0.2676384150981903
      vertex 6.18217695169717 -13.20607839253686 0.08850806951522827
    endloop
  endfacet
  facet normal 0.11712424752357573 0.7394933952071507 -0.6628962430780831
    outer loop
      vertex 5.2132405396129124 -12.927610023619021 0.2676384150981903
      vertex 5.699766414277956 -13.00466815198125 0.2676384150981903
      vertex 5.6804262810517265 -13.162180896938853 0.08850806951522827
    endloop
  endfacet
  facet normal 0.08462610687107316 0.9672808277154068 -0.2391782230263519
    outer loop
      vertex 5.699766414277956 -13.00466815198125 0.2676384150981903
      vertex 5.7067461137535025 -12.947823061489252 0.5
      vertex 6.190482439672893 -13.047600241213807 0.2676384150981903
    endloop
  endfacet
  facet normal 0.030922321403745446 0.35344375096760244 -0.9349445571481524
    outer loop
      vertex 5.6804262810517265 -13.162180896938853 0.08850806951522827
      vertex 6.18217695169717 -13.20607839253686 0.08850806951522827
      vertex 6.1704660471031065 -13.429535763833128 0.003645561635494232
    endloop
  endfacet
  facet normal 0.0010543896203864664 0.06040594089582097 -0.9981733369345323
    outer loop
      vertex 6.1704660471031065 -13.429535763833128 0.003645561635494232
      vertex 6.690724565869161 -13.498857713672933 0
      vertex 6.167311845767456 -13.489721510659304 0
    endloop
  endfacet
  facet normal 0.0010543896203866444 0.0604059408958223 -0.9981733369345319
    outer loop
      vertex 6.1704660471031065 -13.429535763833128 0.003645561635494232
      vertex 6.689672738260638 -13.438598550338448 0.003645561635494232
      vertex 6.690724565869161 -13.498857713672933 0
    endloop
  endfacet
  facet normal 0.006192006448559198 0.354739811855374 -0.9349445571481524
    outer loop
      vertex 6.1704660471031065 -13.429535763833128 0.003645561635494232
      vertex 6.18217695169717 -13.20607839253686 0.08850806951522827
      vertex 6.689672738260638 -13.438598550338448 0.003645561635494232
    endloop
  endfacet
  facet normal 0.006192006448559911 0.35473981185537534 -0.9349445571481518
    outer loop
      vertex 6.18217695169717 -13.20607839253686 0.08850806951522827
      vertex 6.685767517425939 -13.214868598558894 0.08850806951522827
      vertex 6.689672738260638 -13.438598550338448 0.003645561635494232
    endloop
  endfacet
  facet normal 0.013066813447515976 0.7485972410444037 -0.6628962430780814
    outer loop
      vertex 6.18217695169717 -13.20607839253686 0.08850806951522827
      vertex 6.190482439672893 -13.047600241213807 0.2676384150981903
      vertex 6.685767517425939 -13.214868598558894 0.08850806951522827
    endloop
  endfacet
  facet normal 0.06525448713653284 0.7458622009604143 -0.6628962430780813
    outer loop
      vertex 6.18217695169717 -13.20607839253686 0.08850806951522827
      vertex 5.699766414277956 -13.00466815198125 0.2676384150981903
      vertex 6.190482439672893 -13.047600241213807 0.2676384150981903
    endloop
  endfacet
  facet normal 0.013066813447515271 0.7485972410444027 -0.6628962430780825
    outer loop
      vertex 6.190482439672893 -13.047600241213807 0.2676384150981903
      vertex 6.682997896648601 -13.05619713049347 0.2676384150981903
      vertex 6.685767517425939 -13.214868598558894 0.08850806951522827
    endloop
  endfacet
  facet normal 0.016945862266301143 0.9708277990364766 -0.23917822302634884
    outer loop
      vertex 6.190482439672893 -13.047600241213807 0.2676384150981903
      vertex 6.193479823888928 -12.990406743282017 0.5
      vertex 6.682997896648601 -13.05619713049347 0.2676384150981903
    endloop
  endfacet
  facet normal 0.1518940615897507 0.9590213614324373 -0.23917822302635203
    outer loop
      vertex 5.224168549953721 -12.871390284133646 0.5
      vertex 5.7067461137535025 -12.947823061489252 0.5
      vertex 5.699766414277956 -13.00466815198125 0.2676384150981903
    endloop
  endfacet
  facet normal 0.08462610687107472 0.9672808277154074 -0.23917822302634892
    outer loop
      vertex 5.7067461137535025 -12.947823061489252 0.5
      vertex 6.193479823888928 -12.990406743282017 0.5
      vertex 6.190482439672893 -13.047600241213807 0.2676384150981903
    endloop
  endfacet
  facet normal 0.0169458622662988 0.9708277990364756 -0.23917822302635344
    outer loop
      vertex 6.193479823888928 -12.990406743282017 0.5
      vertex 6.6819983626505195 -12.998933866094738 0.5
      vertex 6.682997896648601 -13.05619713049347 0.2676384150981903
    endloop
  endfacet
  facet normal -0.2249510543438668 -0.9743700647852347 -9.167479037430616e-18
    outer loop
      vertex 4.282223921458693 -14.500147268465117 0.5
      vertex 4.880712358844596 -14.638319211413966 0.5
      vertex 4.880712358844596 -14.638319211413966 1.5
    endloop
  endfacet
  facet normal -0.2249510543438668 -0.9743700647852347 0
    outer loop
      vertex 4.282223921458693 -14.500147268465117 0.5
      vertex 4.880712358844596 -14.638319211413966 1.5
      vertex 4.282223921458693 -14.500147268465117 1.5
    endloop
  endfacet
  facet normal -0.15643446504022895 -0.987688340595138 -4.688619499500618e-18
    outer loop
      vertex 4.880712358844596 -14.638319211413966 0.5
      vertex 5.4873812959874355 -14.734406131485615 0.5
      vertex 5.4873812959874355 -14.734406131485615 1.5
    endloop
  endfacet
  facet normal -0.15643446504022895 -0.987688340595138 0
    outer loop
      vertex 4.880712358844596 -14.638319211413966 0.5
      vertex 5.4873812959874355 -14.734406131485615 1.5
      vertex 4.880712358844596 -14.638319211413966 1.5
    endloop
  endfacet
  facet normal 0.2923717047227386 0.9563047559630349 0
    outer loop
      vertex 4.280854436389438 -12.618630029195216 0.5
      vertex 4.280854436389438 -12.618630029195216 1.5
      vertex 4.74809820187189 -12.761480784023478 0.5
    endloop
  endfacet
  facet normal 0.2249510543438625 0.9743700647852357 0
    outer loop
      vertex 4.74809820187189 -12.761480784023478 0.5
      vertex 4.74809820187189 -12.761480784023478 1.5
      vertex 5.224168549953721 -12.871390284133646 0.5
    endloop
  endfacet
  facet normal 0.2923717047227386 0.9563047559630349 0
    outer loop
      vertex 4.74809820187189 -12.761480784023478 0.5
      vertex 4.280854436389438 -12.618630029195216 1.5
      vertex 4.74809820187189 -12.761480784023478 1.5
    endloop
  endfacet
  facet normal 0.15643446504023012 0.9876883405951379 0
    outer loop
      vertex 5.224168549953721 -12.871390284133646 0.5
      vertex 5.224168549953721 -12.871390284133646 1.5
      vertex 5.7067461137535025 -12.947823061489252 0.5
    endloop
  endfacet
  facet normal 0.2249510543438625 0.9743700647852357 0
    outer loop
      vertex 5.224168549953721 -12.871390284133646 0.5
      vertex 4.74809820187189 -12.761480784023478 1.5
      vertex 5.224168549953721 -12.871390284133646 1.5
    endloop
  endfacet
  facet normal 0.29183893673895095 0.9545621504082186 0.06034182638200514
    outer loop
      vertex 4.280854436389438 -12.618630029195216 1.5
      vertex 4.27966755761581 -12.62207697544007 1.5602683424949646
      vertex 4.74809820187189 -12.761480784023478 1.5
    endloop
  endfacet
  facet normal 0.291838936738948 0.9545621504082213 0.06034182638197594
    outer loop
      vertex 4.27966755761581 -12.62207697544007 1.5602683424949646
      vertex 4.747154661090528 -12.76500212615853 1.5602683424949646
      vertex 4.74809820187189 -12.761480784023478 1.5
    endloop
  endfacet
  facet normal 0.22454114217473786 0.972594540114097 0.060341826381975265
    outer loop
      vertex 4.74809820187189 -12.761480784023478 1.5
      vertex 4.747154661090528 -12.76500212615853 1.5602683424949646
      vertex 5.224168549953721 -12.871390284133646 1.5
    endloop
  endfacet
  facet normal 0.22454114217474205 0.9725945401140936 0.06034182638201417
    outer loop
      vertex 4.747154661090528 -12.76500212615853 1.5602683424949646
      vertex 5.223472944000469 -12.874968866533983 1.5602683424949646
      vertex 5.224168549953721 -12.871390284133646 1.5
    endloop
  endfacet
  facet normal 0.15614940573665131 0.9858885469853951 0.060341826382014026
    outer loop
      vertex 5.224168549953721 -12.871390284133646 1.5
      vertex 5.223472944000469 -12.874968866533983 1.5602683424949646
      vertex 5.7067461137535025 -12.947823061489252 1.5
    endloop
  endfacet
  facet normal -0.08715574274765811 -0.9961946980917455 -5.207027220101823e-18
    outer loop
      vertex 5.4873812959874355 -14.734406131485615 0.5
      vertex 6.099275102807602 -14.787939902864101 0.5
      vertex 6.099275102807602 -14.787939902864101 1.5
    endloop
  endfacet
  facet normal -0.08715574274765811 -0.9961946980917455 0
    outer loop
      vertex 5.4873812959874355 -14.734406131485615 0.5
      vertex 6.099275102807602 -14.787939902864101 1.5
      vertex 5.4873812959874355 -14.734406131485615 1.5
    endloop
  endfacet
  facet normal -0.017452406437284452 -0.9998476951563913 -2.6455056996437496e-19
    outer loop
      vertex 6.099275102807602 -14.787939902864101 0.5
      vertex 6.713412694185618 -14.798659714396464 0.5
      vertex 6.713412694185618 -14.798659714396464 1.5
    endloop
  endfacet
  facet normal -0.017452406437284452 -0.9998476951563913 0
    outer loop
      vertex 6.099275102807602 -14.787939902864101 0.5
      vertex 6.713412694185618 -14.798659714396464 1.5
      vertex 6.099275102807602 -14.787939902864101 1.5
    endloop
  endfacet
  facet normal 0.08715574274766245 0.9961946980917452 0
    outer loop
      vertex 5.7067461137535025 -12.947823061489252 0.5
      vertex 5.7067461137535025 -12.947823061489252 1.5
      vertex 6.193479823888928 -12.990406743282017 0.5
    endloop
  endfacet
  facet normal 0.15643446504023012 0.9876883405951379 0
    outer loop
      vertex 5.7067461137535025 -12.947823061489252 0.5
      vertex 5.224168549953721 -12.871390284133646 1.5
      vertex 5.7067461137535025 -12.947823061489252 1.5
    endloop
  endfacet
  facet normal 0.017452406437282016 0.9998476951563913 0
    outer loop
      vertex 6.193479823888928 -12.990406743282017 0.5
      vertex 6.193479823888928 -12.990406743282017 1.5
      vertex 6.6819983626505195 -12.998933866094738 0.5
    endloop
  endfacet
  facet normal 0.08715574274766245 0.9961946980917452 0
    outer loop
      vertex 6.193479823888928 -12.990406743282017 0.5
      vertex 5.7067461137535025 -12.947823061489252 1.5
      vertex 6.193479823888928 -12.990406743282017 1.5
    endloop
  endfacet
  facet normal 0.017452406437282016 0.9998476951563913 2.2005042863126395e-21
    outer loop
      vertex 6.193479823888928 -12.990406743282017 1.5
      vertex 6.6819983626505195 -12.998933866094738 1.5
      vertex 6.6819983626505195 -12.998933866094738 0.5
    endloop
  endfacet
  facet normal 0.15614940573664898 0.9858885469853967 0.06034182638199319
    outer loop
      vertex 5.223472944000469 -12.874968866533983 1.5602683424949646
      vertex 5.7063018315506415 -12.951441449661134 1.5602683424949646
      vertex 5.7067461137535025 -12.947823061489252 1.5
    endloop
  endfacet
  facet normal 0.08699692508990313 0.9943794039569541 0.0603418263819929
    outer loop
      vertex 5.7067461137535025 -12.947823061489252 1.5
      vertex 5.7063018315506415 -12.951441449661134 1.5602683424949646
      vertex 6.193479823888928 -12.990406743282017 1.5
    endloop
  endfacet
  facet normal 0.08699692508989891 0.9943794039569567 0.06034182638195729
    outer loop
      vertex 5.7063018315506415 -12.951441449661134 1.5602683424949646
      vertex 6.193289029934691 -12.994047308801989 1.5602683424949646
      vertex 6.193479823888928 -12.990406743282017 1.5
    endloop
  endfacet
  facet normal 0.017420604169006315 0.9980257444271048 0.06034182638195679
    outer loop
      vertex 6.193479823888928 -12.990406743282017 1.5
      vertex 6.193289029934691 -12.994047308801989 1.5602683424949646
      vertex 6.6819983626505195 -12.998933866094738 1.5
    endloop
  endfacet
  facet normal 0.017420604169011072 0.9980257444271023 0.060341826381995596
    outer loop
      vertex 6.193289029934691 -12.994047308801989 1.5602683424949646
      vertex 6.682061986473875 -13.002578872493538 1.5602683424949646
      vertex 6.6819983626505195 -12.998933866094738 1.5
    endloop
  endfacet
  facet normal -0.47073835230658895 -0.8492344677988725 0.23917822302635205
    outer loop
      vertex 2.027496459915991 -13.543072243624032 1.5
      vertex 2.56471512123452 -13.840857410202231 1.5
      vertex 2.5907160593244267 -13.78982769595399 1.7323615849018097
    endloop
  endfacet
  facet normal -0.4103520554839799 -0.8800028228307163 0.2391782230263521
    outer loop
      vertex 2.56471512123452 -13.840857410202231 1.5
      vertex 3.121397588048395 -14.100442707638157 1.5
      vertex 3.14377553623779 -14.04772356545389 1.7323615849018097
    endloop
  endfacet
  facet normal -0.4103520554839799 -0.8800028228307164 0.23917822302635214
    outer loop
      vertex 2.56471512123452 -13.840857410202231 1.5
      vertex 3.14377553623779 -14.04772356545389 1.7323615849018097
      vertex 2.5907160593244267 -13.78982769595399 1.7323615849018097
    endloop
  endfacet
  facet normal -0.31641905690904715 -0.678562857322559 0.6628962430780803
    outer loop
      vertex 2.5907160593244267 -13.78982769595399 1.7323615849018097
      vertex 3.2057828620301 -13.901643460287671 1.9114919304847717
      vertex 2.6627623714081508 -13.648428846975571 1.9114919304847717
    endloop
  endfacet
  facet normal -0.3164190569090472 -0.6785628573225588 0.6628962430780807
    outer loop
      vertex 2.5907160593244267 -13.78982769595399 1.7323615849018097
      vertex 3.14377553623779 -14.04772356545389 1.7323615849018097
      vertex 3.2057828620301 -13.901643460287671 1.9114919304847717
    endloop
  endfacet
  facet normal -0.14994235960417027 -0.3215524278486758 0.9349445571481529
    outer loop
      vertex 3.2057828620301 -13.901643460287671 1.9114919304847717
      vertex 3.293214434817796 -13.695667582688085 1.9963544383645058
      vertex 2.6627623714081508 -13.648428846975571 1.9114919304847717
    endloop
  endfacet
  facet normal -0.4707383523065887 -0.8492344677988729 0.23917822302635114
    outer loop
      vertex 2.027496459915991 -13.543072243624032 1.5
      vertex 2.5907160593244267 -13.78982769595399 1.7323615849018097
      vertex 2.05699371394964 -13.493980568950146 1.7323615849018097
    endloop
  endfacet
  facet normal -0.36298242813014175 -0.6548376346711506 0.6628962430780847
    outer loop
      vertex 2.05699371394964 -13.493980568950146 1.7323615849018097
      vertex 2.6627623714081508 -13.648428846975571 1.9114919304847717
      vertex 2.1387280099343764 -13.357951857138385 1.9114919304847717
    endloop
  endfacet
  facet normal -0.3629824281301415 -0.654837634671155 0.6628962430780804
    outer loop
      vertex 2.05699371394964 -13.493980568950146 1.7323615849018097
      vertex 2.5907160593244267 -13.78982769595399 1.7323615849018097
      vertex 2.6627623714081508 -13.648428846975571 1.9114919304847717
    endloop
  endfacet
  facet normal -0.17200747104283803 -0.31030969202474523 0.9349445571481524
    outer loop
      vertex 2.1387280099343764 -13.357951857138385 1.9114919304847717
      vertex 2.6627623714081508 -13.648428846975571 1.9114919304847717
      vertex 2.76434911617653 -13.44905363447308 1.9963544383645058
    endloop
  endfacet
  facet normal -0.17200747104283795 -0.31030969202474457 0.9349445571481528
    outer loop
      vertex 2.1387280099343764 -13.357951857138385 1.9114919304847717
      vertex 2.76434911617653 -13.44905363447308 1.9963544383645058
      vertex 2.253975006274392 -13.166148645727173 1.9963544383645058
    endloop
  endfacet
  facet normal -0.02928984225116956 -0.052840274165476125 0.9981733369345319
    outer loop
      vertex 2.253975006274392 -13.166148645727173 1.9963544383645058
      vertex 2.791710371104293 -13.395354148108048 2
      vertex 2.2850154973710186 -13.114488593272974 2
    endloop
  endfacet
  facet normal -0.02928984225116983 -0.05284027416547675 0.9981733369345319
    outer loop
      vertex 2.253975006274392 -13.166148645727173 1.9963544383645058
      vertex 2.76434911617653 -13.44905363447308 1.9963544383645058
      vertex 2.791710371104293 -13.395354148108048 2
    endloop
  endfacet
  facet normal 0 0 1
    outer loop
      vertex 1.7991470975852435 -12.798961965157368 2
      vertex 2.2850154973710186 -13.114488593272974 2
      vertex 2.6970459557641284 -12.428754755265842 2
    endloop
  endfacet
  facet normal -0.1499423596041703 -0.32155242784867705 0.9349445571481525
    outer loop
      vertex 2.6627623714081508 -13.648428846975571 1.9114919304847717
      vertex 3.293214434817796 -13.695667582688085 1.9963544383645058
      vertex 2.76434911617653 -13.44905363447308 1.9963544383645058
    endloop
  endfacet
  facet normal -0.02553254247009175 -0.0547547140253159 0.9981733369345319
    outer loop
      vertex 2.76434911617653 -13.44905363447308 1.9963544383645058
      vertex 3.316763152293032 -13.640190280911938 2
      vertex 2.791710371104293 -13.395354148108048 2
    endloop
  endfacet
  facet normal -0.025532542470092047 -0.05475471402531677 0.9981733369345319
    outer loop
      vertex 2.76434911617653 -13.44905363447308 1.9963544383645058
      vertex 3.293214434817796 -13.695667582688085 1.9963544383645058
      vertex 3.316763152293032 -13.640190280911938 2
    endloop
  endfacet
  facet normal 0 0 1
    outer loop
      vertex 2.791710371104293 -13.395354148108048 2
      vertex 3.316763152293032 -13.640190280911938 2
      vertex 3.629348053919981 -12.903786400893303 2
    endloop
  endfacet
  facet normal 0 0 1
    outer loop
      vertex 2.2850154973710186 -13.114488593272974 2
      vertex 2.791710371104293 -13.395354148108048 2
      vertex 3.1549027695429337 -12.682548931412759 2
    endloop
  endfacet
  facet normal 0 0 1
    outer loop
      vertex 2.2850154973710186 -13.114488593272974 2
      vertex 3.1549027695429337 -12.682548931412759 2
      vertex 2.6970459557641284 -12.428754755265842 2
    endloop
  endfacet
  facet normal 0 0 1
    outer loop
      vertex 2.791710371104293 -13.395354148108048 2
      vertex 3.629348053919981 -12.903786400893303 2
      vertex 3.1549027695429337 -12.682548931412759 2
    endloop
  endfacet
  facet normal -0.34796656469549664 -0.9064838925673039 0.23917822302635222
    outer loop
      vertex 3.121397588048395 -14.100442707638157 1.5
      vertex 3.713477694511552 -14.266411734697241 1.7323615849018097
      vertex 3.14377553623779 -14.04772356545389 1.7323615849018097
    endloop
  endfacet
  facet normal -0.3479665646954954 -0.9064838925673054 0.23917822302634822
    outer loop
      vertex 3.121397588048395 -14.100442707638157 1.5
      vertex 3.6948317593368247 -14.320563462456123 1.5
      vertex 3.713477694511552 -14.266411734697241 1.7323615849018097
    endloop
  endfacet
  facet normal -0.2683141238490211 -0.6989821899419887 0.6628962430780806
    outer loop
      vertex 3.14377553623779 -14.04772356545389 1.7323615849018097
      vertex 3.7651439405541436 -14.116362060931671 1.9114919304847717
      vertex 3.2057828620301 -13.901643460287671 1.9114919304847717
    endloop
  endfacet
  facet normal -0.268314123849022 -0.6989821899419835 0.6628962430780856
    outer loop
      vertex 3.14377553623779 -14.04772356545389 1.7323615849018097
      vertex 3.713477694511552 -14.266411734697241 1.7323615849018097
      vertex 3.7651439405541436 -14.116362060931671 1.9114919304847717
    endloop
  endfacet
  facet normal -0.12714674406166476 -0.331228592566467 0.9349445571481526
    outer loop
      vertex 3.2057828620301 -13.901643460287671 1.9114919304847717
      vertex 3.7651439405541436 -14.116362060931671 1.9114919304847717
      vertex 3.837994383527126 -13.904789012006034 1.9963544383645058
    endloop
  endfacet
  facet normal -0.2838858157812927 -0.928548663898747 0.23917822302634825
    outer loop
      vertex 3.6948317593368247 -14.320563462456123 1.5
      vertex 4.297047002496865 -14.44482677690595 1.7323615849018097
      vertex 3.713477694511552 -14.266411734697241 1.7323615849018097
    endloop
  endfacet
  facet normal -0.28388581578129174 -0.9285486638987483 0.239178223026345
    outer loop
      vertex 3.6948317593368247 -14.320563462456123 1.5
      vertex 4.282223921458693 -14.500147268465117 1.5
      vertex 4.297047002496865 -14.44482677690595 1.7323615849018097
    endloop
  endfacet
  facet normal -0.21890199134844718 -0.7159961515934606 0.6628962430780841
    outer loop
      vertex 3.713477694511552 -14.266411734697241 1.7323615849018097
      vertex 4.297047002496865 -14.44482677690595 1.7323615849018097
      vertex 4.33812045603249 -14.291538561468675 1.9114919304847717
    endloop
  endfacet
  facet normal -0.2189019913484476 -0.7159961515934593 0.6628962430780857
    outer loop
      vertex 3.713477694511552 -14.266411734697241 1.7323615849018097
      vertex 4.33812045603249 -14.291538561468675 1.9114919304847717
      vertex 3.7651439405541436 -14.116362060931671 1.9114919304847717
    endloop
  endfacet
  facet normal -0.10373168236283839 -0.33929104487625356 0.9349445571481526
    outer loop
      vertex 3.7651439405541436 -14.116362060931671 1.9114919304847717
      vertex 4.33812045603249 -14.291538561468675 1.9114919304847717
      vertex 4.396034849155495 -14.075399103844104 1.9963544383645058
    endloop
  endfacet
  facet normal -0.12714674406166482 -0.33122859256646564 0.9349445571481528
    outer loop
      vertex 3.2057828620301 -13.901643460287671 1.9114919304847717
      vertex 3.837994383527126 -13.904789012006034 1.9963544383645058
      vertex 3.293214434817796 -13.695667582688085 1.9963544383645058
    endloop
  endfacet
  facet normal -0.021650850708621758 -0.056402394422349296 0.9981733369345319
    outer loop
      vertex 3.293214434817796 -13.695667582688085 1.9963544383645058
      vertex 3.8576158365654036 -13.847804174656464 2
      vertex 3.316763152293032 -13.640190280911938 2
    endloop
  endfacet
  facet normal -0.02165085070862128 -0.056402394422347506 0.9981733369345321
    outer loop
      vertex 3.293214434817796 -13.695667582688085 1.9963544383645058
      vertex 3.837994383527126 -13.904789012006034 1.9963544383645058
      vertex 3.8576158365654036 -13.847804174656464 2
    endloop
  endfacet
  facet normal -0.1037316823628383 -0.3392910448762542 0.9349445571481524
    outer loop
      vertex 3.7651439405541436 -14.116362060931671 1.9114919304847717
      vertex 4.396034849155495 -14.075399103844104 1.9963544383645058
      vertex 3.837994383527126 -13.904789012006034 1.9963544383645058
    endloop
  endfacet
  facet normal -0.01766367817883479 -0.057775288023303 0.9981733369345321
    outer loop
      vertex 3.837994383527126 -13.904789012006034 1.9963544383645058
      vertex 4.411633444009953 -14.017184355320582 2
      vertex 3.8576158365654036 -13.847804174656464 2
    endloop
  endfacet
  facet normal -0.017663678178834703 -0.05777528802330257 0.9981733369345321
    outer loop
      vertex 3.837994383527126 -13.904789012006034 1.9963544383645058
      vertex 4.396034849155495 -14.075399103844104 1.9963544383645058
      vertex 4.411633444009953 -14.017184355320582 2
    endloop
  endfacet
  facet normal 0 0 1
    outer loop
      vertex 3.8576158365654036 -13.847804174656464 2
      vertex 4.411633444009953 -14.017184355320582 2
      vertex 4.618688679320629 -13.244443697168013 2
    endloop
  endfacet
  facet normal 0.2803434135366098 0.6011983904485328 0.7483101401215508
    outer loop
      vertex 3.720138958206222 -12.689896434235285 1.9427280128002167
      vertex 3.790130760282526 -12.525006081725557 1.7840323746204376
      vertex 3.2603927215927793 -12.475513243294497 1.9427280128002167
    endloop
  endfacet
  facet normal 0.33510551392301063 0.8729797098394476 0.3544160277795416
    outer loop
      vertex 4.27966755761581 -12.62207697544007 1.5602683424949646
      vertex 3.790130760282526 -12.525006081725557 1.7840323746204376
      vertex 4.2520390275428 -12.7023160530123 1.7840323746204376
    endloop
  endfacet
  facet normal 0.23772303133290798 0.6192896693512322 0.7483101401215506
    outer loop
      vertex 3.720138958206222 -12.689896434235285 1.9427280128002167
      vertex 4.2520390275428 -12.7023160530123 1.7840323746204376
      vertex 3.790130760282526 -12.525006081725557 1.7840323746204376
    endloop
  endfacet
  facet normal 0.23772303133290965 0.6192896693512242 0.7483101401215568
    outer loop
      vertex 3.720138958206222 -12.689896434235285 1.9427280128002167
      vertex 4.193719891524082 -12.871687122214517 1.9427280128002167
      vertex 4.2520390275428 -12.7023160530123 1.7840323746204376
    endloop
  endfacet
  facet normal 0 0 1
    outer loop
      vertex 3.8576158365654036 -13.847804174656464 2
      vertex 4.11807035916086 -13.091389316994876 2
      vertex 3.316763152293032 -13.640190280911938 2
    endloop
  endfacet
  facet normal 0 0 1
    outer loop
      vertex 3.316763152293032 -13.640190280911938 2
      vertex 4.11807035916086 -13.091389316994876 2
      vertex 3.629348053919981 -12.903786400893303 2
    endloop
  endfacet
  facet normal 0.10119728556349641 0.2170182792277001 0.9709079131800442
    outer loop
      vertex 3.1549027695429337 -12.682548931412759 2
      vertex 3.720138958206222 -12.689896434235285 1.9427280128002167
      vertex 3.2603927215927793 -12.475513243294497 1.9427280128002167
    endloop
  endfacet
  facet normal 0.1011972855634964 0.21701827922769976 0.9709079131800443
    outer loop
      vertex 3.1549027695429337 -12.682548931412759 2
      vertex 3.629348053919981 -12.903786400893303 2
      vertex 3.720138958206222 -12.689896434235285 1.9427280128002167
    endloop
  endfacet
  facet normal 0 0 1
    outer loop
      vertex 3.8576158365654036 -13.847804174656464 2
      vertex 4.618688679320629 -13.244443697168013 2
      vertex 4.11807035916086 -13.091389316994876 2
    endloop
  endfacet
  facet normal 0.08581234416507914 0.22354879940018915 0.9709079131800441
    outer loop
      vertex 3.629348053919981 -12.903786400893303 2
      vertex 4.11807035916086 -13.091389316994876 2
      vertex 4.193719891524082 -12.871687122214517 1.9427280128002167
    endloop
  endfacet
  facet normal 0.08581234416507919 0.22354879940018849 0.9709079131800443
    outer loop
      vertex 3.720138958206222 -12.689896434235285 1.9427280128002167
      vertex 3.629348053919981 -12.903786400893303 2
      vertex 4.193719891524082 -12.871687122214517 1.9427280128002167
    endloop
  endfacet
  facet normal 0.07000933365171678 0.2289902122930467 0.9709079131800441
    outer loop
      vertex 4.193719891524082 -12.871687122214517 1.9427280128002167
      vertex 4.11807035916086 -13.091389316994876 2
      vertex 4.678828282843424 -13.019999641273895 1.9427280128002167
    endloop
  endfacet
  facet normal 0.36128577499823855 0.5563313068443873 0.7483101401215531
    outer loop
      vertex 2.3912853747695504 -11.953300864880891 1.9427280128002167
      vertex 2.8167210191350054 -12.229582002748693 1.9427280128002167
      vertex 2.908979967482027 -12.076037327951509 1.7840323746204376
    endloop
  endfacet
  facet normal 0.5627499135339532 0.7467943586225696 0.35441602777954784
    outer loop
      vertex 2.1522945539666267 -11.442854863701063 1.5602683424949646
      vertex 2.098888847322283 -11.508805418978909 1.7840323746204376
      vertex 2.542705454880828 -11.737050579289239 1.5602683424949646
    endloop
  endfacet
  facet normal 0.5627499135339539 0.7467943586225673 0.3544160277795516
    outer loop
      vertex 2.098888847322283 -11.508805418978909 1.7840323746204376
      vertex 2.4940303200313574 -11.806565876102415 1.7840323746204376
      vertex 2.542705454880828 -11.737050579289239 1.5602683424949646
    endloop
  endfacet
  facet normal 0.5092853419587821 0.7842306546666552 0.3544160277795516
    outer loop
      vertex 2.542705454880828 -11.737050579289239 1.5602683424949646
      vertex 2.4940303200313574 -11.806565876102415 1.7840323746204376
      vertex 2.952687390172444 -12.003295961141426 1.5602683424949646
    endloop
  endfacet
  facet normal 0.39921341120742804 0.529774090064237 0.7483101401215533
    outer loop
      vertex 1.986158468191121 -11.6480158436231 1.9427280128002167
      vertex 2.3912853747695504 -11.953300864880891 1.9427280128002167
      vertex 2.4940303200313574 -11.806565876102415 1.7840323746204376
    endloop
  endfacet
  facet normal 0.39921341120742804 0.529774090064237 0.7483101401215533
    outer loop
      vertex 2.098888847322283 -11.508805418978909 1.7840323746204376
      vertex 1.986158468191121 -11.6480158436231 1.9427280128002167
      vertex 2.4940303200313574 -11.806565876102415 1.7840323746204376
    endloop
  endfacet
  facet normal 0.3612857749982386 0.5563313068443871 0.7483101401215532
    outer loop
      vertex 2.3912853747695504 -11.953300864880891 1.9427280128002167
      vertex 2.908979967482027 -12.076037327951509 1.7840323746204376
      vertex 2.4940303200313574 -11.806565876102415 1.7840323746204376
    endloop
  endfacet
  facet normal 0.4533395833907697 0.8178462577917993 0.354416027779548
    outer loop
      vertex 2.952687390172444 -12.003295961141426 1.5602683424949646
      vertex 2.908979967482027 -12.076037327951509 1.7840323746204376
      vertex 3.380242969063978 -12.240293888520132 1.5602683424949646
    endloop
  endfacet
  facet normal 0.453339583390769 0.8178462577918004 0.3544160277795458
    outer loop
      vertex 2.908979967482027 -12.076037327951509 1.7840323746204376
      vertex 3.3417161967025057 -12.31590693669996 1.7840323746204376
      vertex 3.380242969063978 -12.240293888520132 1.5602683424949646
    endloop
  endfacet
  facet normal 0.3215979908095774 0.5801781334198169 0.7483101401215543
    outer loop
      vertex 2.8167210191350054 -12.229582002748693 1.9427280128002167
      vertex 3.2603927215927793 -12.475513243294497 1.9427280128002167
      vertex 3.3417161967025057 -12.31590693669996 1.7840323746204376
    endloop
  endfacet
  facet normal 0.32159799080957724 0.5801781334198186 0.748310140121553
    outer loop
      vertex 2.908979967482027 -12.076037327951509 1.7840323746204376
      vertex 2.8167210191350054 -12.229582002748693 1.9427280128002167
      vertex 3.3417161967025057 -12.31590693669996 1.7840323746204376
    endloop
  endfacet
  facet normal 0.5092853419587812 0.7842306546666574 0.35441602777954795
    outer loop
      vertex 2.952687390172444 -12.003295961141426 1.5602683424949646
      vertex 2.4940303200313574 -11.806565876102415 1.7840323746204376
      vertex 2.908979967482027 -12.076037327951509 1.7840323746204376
    endloop
  endfacet
  facet normal 0 0 1
    outer loop
      vertex 1.7991470975852435 -12.798961965157368 2
      vertex 2.6970459557641284 -12.428754755265842 2
      vertex 2.258008244956689 -12.143640332167438 2
    endloop
  endfacet
  facet normal 0.13041554742198913 0.20082233221182 0.9709079131800442
    outer loop
      vertex 2.258008244956689 -12.143640332167438 2
      vertex 2.6970459557641284 -12.428754755265842 2
      vertex 2.8167210191350054 -12.229582002748693 1.9427280128002167
    endloop
  endfacet
  facet normal 0.13041554742198927 0.20082233221182094 0.9709079131800441
    outer loop
      vertex 2.258008244956689 -12.143640332167438 2
      vertex 2.8167210191350054 -12.229582002748693 1.9427280128002167
      vertex 2.3912853747695504 -11.953300864880891 1.9427280128002167
    endloop
  endfacet
  facet normal 0.14410651944730002 0.19123581039428003 0.9709079131800441
    outer loop
      vertex 1.8399285847157536 -11.82859471092728 2
      vertex 2.258008244956689 -12.143640332167438 2
      vertex 2.3912853747695504 -11.953300864880891 1.9427280128002167
    endloop
  endfacet
  facet normal 0.11608920395896385 0.20943046781341476 0.9709079131800443
    outer loop
      vertex 2.6970459557641284 -12.428754755265842 2
      vertex 3.2603927215927793 -12.475513243294497 1.9427280128002167
      vertex 2.8167210191350054 -12.229582002748693 1.9427280128002167
    endloop
  endfacet
  facet normal 0.11608920395896388 0.20943046781341523 0.9709079131800442
    outer loop
      vertex 3.1549027695429337 -12.682548931412759 2
      vertex 3.2603927215927793 -12.475513243294497 1.9427280128002167
      vertex 2.6970459557641284 -12.428754755265842 2
    endloop
  endfacet
  facet normal 0.3951851999420124 0.8474773961585997 0.3544160277795456
    outer loop
      vertex 3.380242969063978 -12.240293888520132 1.5602683424949646
      vertex 3.3417161967025057 -12.31590693669996 1.7840323746204376
      vertex 3.8232891837528045 -12.446889731346115 1.5602683424949646
    endloop
  endfacet
  facet normal 0.3951851999420146 0.8474773961585954 0.35441602777955294
    outer loop
      vertex 3.8232891837528045 -12.446889731346115 1.5602683424949646
      vertex 3.3417161967025057 -12.31590693669996 1.7840323746204376
      vertex 3.790130760282526 -12.525006081725557 1.7840323746204376
    endloop
  endfacet
  facet normal 0.2803434135366104 0.6011983904485281 0.7483101401215545
    outer loop
      vertex 3.3417161967025057 -12.31590693669996 1.7840323746204376
      vertex 3.2603927215927793 -12.475513243294497 1.9427280128002167
      vertex 3.790130760282526 -12.525006081725557 1.7840323746204376
    endloop
  endfacet
  facet normal 0.33510551392301463 0.8729797098394414 0.35441602777955317
    outer loop
      vertex 4.27966755761581 -12.62207697544007 1.5602683424949646
      vertex 3.8232891837528045 -12.446889731346115 1.5602683424949646
      vertex 3.790130760282526 -12.525006081725557 1.7840323746204376
    endloop
  endfacet
  facet normal -0.21842200370870465 -0.9460896394770607 0.2391782230263447
    outer loop
      vertex 4.282223921458693 -14.500147268465117 1.5
      vertex 4.891640369185405 -14.582099471928592 1.7323615849018097
      vertex 4.297047002496865 -14.44482677690595 1.7323615849018097
    endloop
  endfacet
  facet normal -0.21842200370870657 -0.9460896394770588 0.23917822302635047
    outer loop
      vertex 4.282223921458693 -14.500147268465117 1.5
      vertex 4.880712358844596 -14.638319211413966 1.5
      vertex 4.891640369185405 -14.582099471928592 1.7323615849018097
    endloop
  endfacet
  facet normal -0.16842339034997425 -0.7295218519660541 0.6628962430780843
    outer loop
      vertex 4.297047002496865 -14.44482677690595 1.7323615849018097
      vertex 4.921920924477128 -14.426319519596746 1.9114919304847717
      vertex 4.33812045603249 -14.291538561468675 1.9114919304847717
    endloop
  endfacet
  facet normal -0.16842339034997375 -0.7295218519660558 0.6628962430780827
    outer loop
      vertex 4.297047002496865 -14.44482677690595 1.7323615849018097
      vertex 4.891640369185405 -14.582099471928592 1.7323615849018097
      vertex 4.921920924477128 -14.426319519596746 1.9114919304847717
    endloop
  endfacet
  facet normal -0.07981125033461108 -0.34570050532082003 0.934944557148153
    outer loop
      vertex 4.33812045603249 -14.291538561468675 1.9114919304847717
      vertex 4.921920924477128 -14.426319519596746 1.9114919304847717
      vertex 4.964617114648394 -14.206666662984524 1.9963544383645058
    endloop
  endfacet
  facet normal -0.15189406158975194 -0.9590213614324374 0.23917822302635047
    outer loop
      vertex 4.880712358844596 -14.638319211413966 1.5
      vertex 5.494360995462981 -14.67756104099362 1.7323615849018097
      vertex 4.891640369185405 -14.582099471928592 1.7323615849018097
    endloop
  endfacet
  facet normal -0.15189406158974986 -0.9590213614324393 0.23917822302634456
    outer loop
      vertex 4.880712358844596 -14.638319211413966 1.5
      vertex 5.4873812959874355 -14.734406131485615 1.5
      vertex 5.494360995462981 -14.67756104099362 1.7323615849018097
    endloop
  endfacet
  facet normal -0.11712424752357577 -0.739493395207151 0.6628962430780826
    outer loop
      vertex 4.891640369185405 -14.582099471928592 1.7323615849018097
      vertex 5.5137011286892115 -14.520048296036016 1.9114919304847717
      vertex 4.921920924477128 -14.426319519596746 1.9114919304847717
    endloop
  endfacet
  facet normal -0.11712424752357604 -0.7394933952071504 0.6628962430780835
    outer loop
      vertex 4.891640369185405 -14.582099471928592 1.7323615849018097
      vertex 5.494360995462981 -14.67756104099362 1.7323615849018097
      vertex 5.5137011286892115 -14.520048296036016 1.9114919304847717
    endloop
  endfacet
  facet normal -0.05550198591735258 -0.3504257476531577 0.9349445571481526
    outer loop
      vertex 4.921920924477128 -14.426319519596746 1.9114919304847717
      vertex 5.5137011286892115 -14.520048296036016 1.9114919304847717
      vertex 5.540971104362032 -14.297952167074133 1.9963544383645058
    endloop
  endfacet
  facet normal -0.07981125033461096 -0.34570050532082064 0.9349445571481527
    outer loop
      vertex 4.33812045603249 -14.291538561468675 1.9114919304847717
      vertex 4.964617114648394 -14.206666662984524 1.9963544383645058
      vertex 4.396034849155495 -14.075399103844104 1.9963544383645058
    endloop
  endfacet
  facet normal -0.013590449984507641 -0.0588667062285602 0.9981733369345321
    outer loop
      vertex 4.396034849155495 -14.075399103844104 1.9963544383645058
      vertex 4.976116856532868 -14.147505619690133 2
      vertex 4.411633444009953 -14.017184355320582 2
    endloop
  endfacet
  facet normal -0.013590449984507678 -0.05886670622856049 0.9981733369345319
    outer loop
      vertex 4.396034849155495 -14.075399103844104 1.9963544383645058
      vertex 4.964617114648394 -14.206666662984524 1.9963544383645058
      vertex 4.976116856532868 -14.147505619690133 2
    endloop
  endfacet
  facet normal 0 0 1
    outer loop
      vertex 4.411633444009953 -14.017184355320582 2
      vertex 4.976116856532868 -14.147505619690133 2
      vertex 5.128764052265448 -13.36220387585748 2
    endloop
  endfacet
  facet normal -0.055501985917352704 -0.35042574765315726 0.9349445571481529
    outer loop
      vertex 4.921920924477128 -14.426319519596746 1.9114919304847717
      vertex 5.540971104362032 -14.297952167074133 1.9963544383645058
      vertex 4.964617114648394 -14.206666662984524 1.9963544383645058
    endloop
  endfacet
  facet normal -0.00945101048396347 -0.05967133175833385 0.9981733369345319
    outer loop
      vertex 4.964617114648394 -14.206666662984524 1.9963544383645058
      vertex 5.540971104362032 -14.297952167074133 1.9963544383645058
      vertex 5.54831596769001 -14.238133055664955 2
    endloop
  endfacet
  facet normal -0.009451010483963433 -0.059671331758333154 0.9981733369345321
    outer loop
      vertex 4.964617114648394 -14.206666662984524 1.9963544383645058
      vertex 5.54831596769001 -14.238133055664955 2
      vertex 4.976116856532868 -14.147505619690133 2
    endloop
  endfacet
  facet normal 0 0 1
    outer loop
      vertex 4.976116856532868 -14.147505619690133 2
      vertex 5.54831596769001 -14.238133055664955 2
      vertex 5.645811442050928 -13.444096137309915 2
    endloop
  endfacet
  facet normal 0.2733932275248729 0.8942289541255665 0.3544160277795415
    outer loop
      vertex 4.27966755761581 -12.62207697544007 1.5602683424949646
      vertex 4.2520390275428 -12.7023160530123 1.7840323746204376
      vertex 4.747154661090528 -12.76500212615853 1.5602683424949646
    endloop
  endfacet
  facet normal 0.2733932275248769 0.8942289541255611 0.35441602777955183
    outer loop
      vertex 4.2520390275428 -12.7023160530123 1.7840323746204376
      vertex 4.72519062783609 -12.846973014203225 1.7840323746204376
      vertex 4.747154661090528 -12.76500212615853 1.5602683424949646
    endloop
  endfacet
  facet normal 0.21034899680362387 0.9111216048347623 0.35441602777955195
    outer loop
      vertex 4.747154661090528 -12.76500212615853 1.5602683424949646
      vertex 4.72519062783609 -12.846973014203225 1.7840323746204376
      vertex 5.223472944000469 -12.874968866533983 1.5602683424949646
    endloop
  endfacet
  facet normal 0.1939444864163951 0.634363831235625 0.7483101401215543
    outer loop
      vertex 4.193719891524082 -12.871687122214517 1.9427280128002167
      vertex 4.678828282843424 -13.019999641273895 1.9427280128002167
      vertex 4.72519062783609 -12.846973014203225 1.7840323746204376
    endloop
  endfacet
  facet normal 0.19394448641639603 0.6343638312356217 0.7483101401215568
    outer loop
      vertex 4.193719891524082 -12.871687122214517 1.9427280128002167
      vertex 4.72519062783609 -12.846973014203225 1.7840323746204376
      vertex 4.2520390275428 -12.7023160530123 1.7840323746204376
    endloop
  endfacet
  facet normal 0.14922106345728836 0.6463474363002731 0.7483101401215543
    outer loop
      vertex 4.72519062783609 -12.846973014203225 1.7840323746204376
      vertex 4.678828282843424 -13.019999641273895 1.9427280128002167
      vertex 5.207280414126803 -12.958272211124271 1.7840323746204376
    endloop
  endfacet
  facet normal 0.2103489968036212 0.9111216048347655 0.3544160277795456
    outer loop
      vertex 5.223472944000469 -12.874968866533983 1.5602683424949646
      vertex 4.72519062783609 -12.846973014203225 1.7840323746204376
      vertex 5.207280414126803 -12.958272211124271 1.7840323746204376
    endloop
  endfacet
  facet normal 0.14627996691414763 0.923575362670835 0.35441602777954556
    outer loop
      vertex 5.223472944000469 -12.874968866533983 1.5602683424949646
      vertex 5.207280414126803 -12.958272211124271 1.7840323746204376
      vertex 5.7063018315506415 -12.951441449661134 1.5602683424949646
    endloop
  endfacet
  facet normal 0.14922106345728806 0.646347436300274 0.7483101401215537
    outer loop
      vertex 4.678828282843424 -13.019999641273895 1.9427280128002167
      vertex 5.173100732844665 -13.13411142772888 1.9427280128002167
      vertex 5.207280414126803 -12.958272211124271 1.7840323746204376
    endloop
  endfacet
  facet normal 0.10377065047666822 0.6551821016258839 0.7483101401215536
    outer loop
      vertex 5.173100732844665 -13.13411142772888 1.9427280128002167
      vertex 5.695959693435625 -13.035671405275796 1.7840323746204376
      vertex 5.207280414126803 -12.958272211124271 1.7840323746204376
    endloop
  endfacet
  facet normal 0.07000933365171677 0.22899021229304686 0.9709079131800442
    outer loop
      vertex 4.11807035916086 -13.091389316994876 2
      vertex 4.618688679320629 -13.244443697168013 2
      vertex 4.678828282843424 -13.019999641273895 1.9427280128002167
    endloop
  endfacet
  facet normal 0 0 1
    outer loop
      vertex 4.411633444009953 -14.017184355320582 2
      vertex 5.128764052265448 -13.36220387585748 2
      vertex 4.618688679320629 -13.244443697168013 2
    endloop
  endfacet
  facet normal 0.0538652447021157 0.23331600788962867 0.970907913180044
    outer loop
      vertex 4.618688679320629 -13.244443697168013 2
      vertex 5.173100732844665 -13.13411142772888 1.9427280128002167
      vertex 4.678828282843424 -13.019999641273895 1.9427280128002167
    endloop
  endfacet
  facet normal 0.05386524470211589 0.23331600788962775 0.9709079131800443
    outer loop
      vertex 4.618688679320629 -13.244443697168013 2
      vertex 5.128764052265448 -13.36220387585748 2
      vertex 5.173100732844665 -13.13411142772888 1.9427280128002167
    endloop
  endfacet
  facet normal 0 0 1
    outer loop
      vertex 4.976116856532868 -14.147505619690133 2
      vertex 5.645811442050928 -13.444096137309915 2
      vertex 5.128764052265448 -13.36220387585748 2
    endloop
  endfacet
  facet normal 0.03745872969484261 0.2365051113486142 0.9709079131800443
    outer loop
      vertex 5.173100732844665 -13.13411142772888 1.9427280128002167
      vertex 5.128764052265448 -13.36220387585748 2
      vertex 5.674129195835492 -13.213466540426346 1.9427280128002167
    endloop
  endfacet
  facet normal -0.08462610687106899 -0.9672808277154089 0.23917822302634462
    outer loop
      vertex 5.4873812959874355 -14.734406131485615 1.5
      vertex 6.102272487023636 -14.730746404932312 1.7323615849018097
      vertex 5.494360995462981 -14.67756104099362 1.7323615849018097
    endloop
  endfacet
  facet normal -0.08462610687107051 -0.9672808277154078 0.23917822302634867
    outer loop
      vertex 5.4873812959874355 -14.734406131485615 1.5
      vertex 6.099275102807602 -14.787939902864101 1.5
      vertex 6.102272487023636 -14.730746404932312 1.7323615849018097
    endloop
  endfacet
  facet normal -0.06525448713653043 -0.7458622009604127 0.6628962430780835
    outer loop
      vertex 5.494360995462981 -14.67756104099362 1.7323615849018097
      vertex 6.110577974999359 -14.57226825360926 1.9114919304847717
      vertex 5.5137011286892115 -14.520048296036016 1.9114919304847717
    endloop
  endfacet
  facet normal -0.06525448713652951 -0.7458622009604146 0.6628962430780815
    outer loop
      vertex 5.494360995462981 -14.67756104099362 1.7323615849018097
      vertex 6.102272487023636 -14.730746404932312 1.7323615849018097
      vertex 6.110577974999359 -14.57226825360926 1.9114919304847717
    endloop
  endfacet
  facet normal -0.030922321403744926 -0.3534437509676024 0.9349445571481524
    outer loop
      vertex 5.5137011286892115 -14.520048296036016 1.9114919304847717
      vertex 6.110577974999359 -14.57226825360926 1.9114919304847717
      vertex 6.122288879593423 -14.348810882312991 1.9963544383645058
    endloop
  endfacet
  facet normal -0.016945862266302153 -0.9708277990364768 0.2391782230263488
    outer loop
      vertex 6.099275102807602 -14.787939902864101 1.5
      vertex 6.712413160187536 -14.741396449997735 1.7323615849018097
      vertex 6.102272487023636 -14.730746404932312 1.7323615849018097
    endloop
  endfacet
  facet normal -0.016945862266301195 -0.9708277990364774 0.23917822302634642
    outer loop
      vertex 6.099275102807602 -14.787939902864101 1.5
      vertex 6.713412694185618 -14.798659714396464 1.5
      vertex 6.712413160187536 -14.741396449997735 1.7323615849018097
    endloop
  endfacet
  facet normal -0.013066813447515513 -0.7485972410444037 0.6628962430780814
    outer loop
      vertex 6.102272487023636 -14.730746404932312 1.7323615849018097
      vertex 6.709643539410198 -14.58272498193231 1.9114919304847717
      vertex 6.110577974999359 -14.57226825360926 1.9114919304847717
    endloop
  endfacet
  facet normal -0.01306681344751605 -0.7485972410444028 0.6628962430780825
    outer loop
      vertex 6.102272487023636 -14.730746404932312 1.7323615849018097
      vertex 6.712413160187536 -14.741396449997735 1.7323615849018097
      vertex 6.709643539410198 -14.58272498193231 1.9114919304847717
    endloop
  endfacet
  facet normal -0.006192006448559643 -0.3547398118553729 0.9349445571481528
    outer loop
      vertex 6.110577974999359 -14.57226825360926 1.9114919304847717
      vertex 6.709643539410198 -14.58272498193231 1.9114919304847717
      vertex 6.705738318575499 -14.358995030152755 1.9963544383645058
    endloop
  endfacet
  facet normal -0.03092232140374517 -0.3534437509676017 0.9349445571481526
    outer loop
      vertex 5.5137011286892115 -14.520048296036016 1.9114919304847717
      vertex 6.122288879593423 -14.348810882312991 1.9963544383645058
      vertex 5.540971104362032 -14.297952167074133 1.9963544383645058
    endloop
  endfacet
  facet normal -0.0052655266103535225 -0.06018524455792123 0.9981733369345319
    outer loop
      vertex 5.540971104362032 -14.297952167074133 1.9963544383645058
      vertex 6.125443080929074 -14.288625135486816 2
      vertex 5.54831596769001 -14.238133055664955 2
    endloop
  endfacet
  facet normal -0.005265526610353512 -0.060185244557921944 0.9981733369345321
    outer loop
      vertex 5.540971104362032 -14.297952167074133 1.9963544383645058
      vertex 6.122288879593423 -14.348810882312991 1.9963544383645058
      vertex 6.125443080929074 -14.288625135486816 2
    endloop
  endfacet
  facet normal 0 0 1
    outer loop
      vertex 5.54831596769001 -14.238133055664955 2
      vertex 6.125443080929074 -14.288625135486816 2
      vertex 6.167311845767456 -13.489721510659304 2
    endloop
  endfacet
  facet normal 0 0 1
    outer loop
      vertex 5.54831596769001 -14.238133055664955 2
      vertex 6.167311845767456 -13.489721510659304 2
      vertex 5.645811442050928 -13.444096137309915 2
    endloop
  endfacet
  facet normal -0.00619200644855921 -0.354739811855374 0.9349445571481524
    outer loop
      vertex 6.110577974999359 -14.57226825360926 1.9114919304847717
      vertex 6.705738318575499 -14.358995030152755 1.9963544383645058
      vertex 6.122288879593423 -14.348810882312991 1.9963544383645058
    endloop
  endfacet
  facet normal -0.0010543896203866088 -0.06040594089582275 0.9981733369345321
    outer loop
      vertex 6.122288879593423 -14.348810882312991 1.9963544383645058
      vertex 6.704686490966975 -14.29873586681827 2
      vertex 6.125443080929074 -14.288625135486816 2
    endloop
  endfacet
  facet normal -0.0010543896203866452 -0.06040594089582232 0.9981733369345321
    outer loop
      vertex 6.122288879593423 -14.348810882312991 1.9963544383645058
      vertex 6.705738318575499 -14.358995030152755 1.9963544383645058
      vertex 6.704686490966975 -14.29873586681827 2
    endloop
  endfacet
  facet normal 0 0 1
    outer loop
      vertex 6.125443080929074 -14.288625135486816 2
      vertex 6.704686490966975 -14.29873586681827 2
      vertex 6.690724565869161 -13.498857713672933 2
    endloop
  endfacet
  facet normal 0 0 1
    outer loop
      vertex 6.125443080929074 -14.288625135486816 2
      vertex 6.690724565869161 -13.498857713672933 2
      vertex 6.167311845767456 -13.489721510659304 2
    endloop
  endfacet
  facet normal 0.10377065047666927 0.6551821016258814 0.7483101401215556
    outer loop
      vertex 5.173100732844665 -13.13411142772888 1.9427280128002167
      vertex 5.674129195835492 -13.213466540426346 1.9427280128002167
      vertex 5.695959693435625 -13.035671405275796 1.7840323746204376
    endloop
  endfacet
  facet normal 0.05781467731791693 0.6608247856110446 0.7483101401215556
    outer loop
      vertex 5.674129195835492 -13.213466540426346 1.9427280128002167
      vertex 6.188847669435631 -13.078793515564035 1.7840323746204376
      vertex 5.695959693435625 -13.035671405275796 1.7840323746204376
    endloop
  endfacet
  facet normal 0.14627996691414938 0.9235753626708333 0.35441602777954934
    outer loop
      vertex 5.207280414126803 -12.958272211124271 1.7840323746204376
      vertex 5.695959693435625 -13.035671405275796 1.7840323746204376
      vertex 5.7063018315506415 -12.951441449661134 1.5602683424949646
    endloop
  endfacet
  facet normal 0.081498275729884 0.9315295541774407 0.35441602777954945
    outer loop
      vertex 5.7063018315506415 -12.951441449661134 1.5602683424949646
      vertex 5.695959693435625 -13.035671405275796 1.7840323746204376
      vertex 6.193289029934691 -12.994047308801989 1.5602683424949646
    endloop
  endfacet
  facet normal 0.05781467731791657 0.6608247856110452 0.7483101401215551
    outer loop
      vertex 5.674129195835492 -13.213466540426346 1.9427280128002167
      vertex 6.179472711507418 -13.257678369233975 1.9427280128002167
      vertex 6.188847669435631 -13.078793515564035 1.7840323746204376
    endloop
  endfacet
  facet normal 0.011577036862781553 0.6632479976665866 0.7483101401215551
    outer loop
      vertex 6.179472711507418 -13.257678369233975 1.9427280128002167
      vertex 6.683543041452678 -13.087428455402282 1.7840323746204376
      vertex 6.188847669435631 -13.078793515564035 1.7840323746204376
    endloop
  endfacet
  facet normal 0.011577036862778445 0.6632479976665916 0.7483101401215506
    outer loop
      vertex 6.179472711507418 -13.257678369233975 1.9427280128002167
      vertex 6.686669297049044 -13.266531518565973 1.9427280128002167
      vertex 6.683543041452678 -13.087428455402282 1.7840323746204376
    endloop
  endfacet
  facet normal 0.08149827572988588 0.9315295541774391 0.35441602777955344
    outer loop
      vertex 6.193289029934691 -12.994047308801989 1.5602683424949646
      vertex 5.695959693435625 -13.035671405275796 1.7840323746204376
      vertex 6.188847669435631 -13.078793515564035 1.7840323746204376
    endloop
  endfacet
  facet normal 0.01631953313844281 0.9349454273331177 0.3544160277795536
    outer loop
      vertex 6.193289029934691 -12.994047308801989 1.5602683424949646
      vertex 6.188847669435631 -13.078793515564035 1.7840323746204376
      vertex 6.682061986473875 -13.002578872493538 1.5602683424949646
    endloop
  endfacet
  facet normal 0.016319533138441113 0.9349454273331189 0.3544160277795502
    outer loop
      vertex 6.188847669435631 -13.078793515564035 1.7840323746204376
      vertex 6.683543041452678 -13.087428455402282 1.7840323746204376
      vertex 6.682061986473875 -13.002578872493538 1.5602683424949646
    endloop
  endfacet
  facet normal 0.03745872969484219 0.23650511134861565 0.9709079131800439
    outer loop
      vertex 5.128764052265448 -13.36220387585748 2
      vertex 5.645811442050928 -13.444096137309915 2
      vertex 5.674129195835492 -13.213466540426346 1.9427280128002167
    endloop
  endfacet
  facet normal 0.020869719521834484 0.23854198567852195 0.9709079131800441
    outer loop
      vertex 5.645811442050928 -13.444096137309915 2
      vertex 6.167311845767456 -13.489721510659304 2
      vertex 6.179472711507418 -13.257678369233975 1.9427280128002167
    endloop
  endfacet
  facet normal 0.020869719521834366 0.23854198567852225 0.9709079131800439
    outer loop
      vertex 5.674129195835492 -13.213466540426346 1.9427280128002167
      vertex 5.645811442050928 -13.444096137309915 2
      vertex 6.179472711507418 -13.257678369233975 1.9427280128002167
    endloop
  endfacet
  facet normal 0.004179034173131259 0.23941670743235915 0.9709079131800442
    outer loop
      vertex 6.167311845767456 -13.489721510659304 2
      vertex 6.690724565869161 -13.498857713672933 2
      vertex 6.686669297049044 -13.266531518565973 1.9427280128002167
    endloop
  endfacet
  facet normal 0.004179034173131109 0.23941670743235952 0.970907913180044
    outer loop
      vertex 6.179472711507418 -13.257678369233975 1.9427280128002167
      vertex 6.167311845767456 -13.489721510659304 2
      vertex 6.686669297049044 -13.266531518565973 1.9427280128002167
    endloop
  endfacet
  facet normal -0.6624399321469533 0.03471700575222968 -0.7483101401215538
    outer loop
      vertex -1.971230544335695 -5.851089757802441 0.057271987199783325
      vertex -2.1503336074993875 -5.847963502206077 0.21596762537956238
      vertex -1.9400618525224402 -5.256355688936041 0.057271987199783325
    endloop
  endfacet
  facet normal -0.6624399321469564 0.0347170057522316 -0.7483101401215508
    outer loop
      vertex -2.1503336074993875 -5.847963502206077 0.21596762537956238
      vertex -2.1185105530595276 -5.240743450618114 0.21596762537956238
      vertex -1.9400618525224402 -5.256355688936041 0.057271987199783325
    endloop
  endfacet
  facet normal -0.2391250150536694 0.012532011009987066 -0.970907913180044
    outer loop
      vertex -1.971230544335695 -5.851089757802441 0.057271987199783325
      vertex -1.7085844736030609 -5.276607335454181 0
      vertex -1.7389043492287346 -5.8551450266225595 0
    endloop
  endfacet
  facet normal -0.23912501505366782 0.012532011009986296 -0.9709079131800444
    outer loop
      vertex -1.971230544335695 -5.851089757802441 0.057271987199783325
      vertex -1.9400618525224402 -5.256355688936041 0.057271987199783325
      vertex -1.7085844736030609 -5.276607335454181 0
    endloop
  endfacet
  facet normal -0.9338063403472187 0.04893871657802306 -0.3544160277795438
    outer loop
      vertex -2.1503336074993875 -5.847963502206077 0.21596762537956238
      vertex -2.2351831904081294 -5.846482447227272 0.4397316575050354
      vertex -2.1185105530595276 -5.240743450618114 0.21596762537956238
    endloop
  endfacet
  facet normal -0.9338063403472164 0.04893871657802025 -0.3544160277795501
    outer loop
      vertex -2.2351831904081294 -5.846482447227272 0.4397316575050354
      vertex -2.203050133476088 -5.233347195712426 0.4397316575050354
      vertex -2.1185105530595276 -5.240743450618114 0.21596762537956238
    endloop
  endfacet
  facet normal -0.658404525866131 0.08084191060495981 -0.748310140121551
    outer loop
      vertex -1.9400618525224402 -5.256355688936041 0.057271987199783325
      vertex -2.1185105530595276 -5.240743450618114 0.21596762537956238
      vertex -1.8674825346162915 -4.6652445804022795 0.057271987199783325
    endloop
  endfacet
  facet normal -0.6584045258661274 0.08084191060495739 -0.7483101401215541
    outer loop
      vertex -1.8674825346162915 -4.6652445804022795 0.057271987199783325
      vertex -2.1185105530595276 -5.240743450618114 0.21596762537956238
      vertex -2.044407488395361 -4.637222420618538 0.21596762537956238
    endloop
  endfacet
  facet normal -0.23766832963839907 0.029182001495176916 -0.9709079131800443
    outer loop
      vertex -1.9400618525224402 -5.256355688936041 0.057271987199783325
      vertex -1.6379817064065687 -4.701593940632295 0
      vertex -1.7085844736030609 -5.276607335454181 0
    endloop
  endfacet
  facet normal -0.23766832963840215 0.029182001495178644 -0.9709079131800435
    outer loop
      vertex -1.9400618525224402 -5.256355688936041 0.057271987199783325
      vertex -1.8674825346162915 -4.6652445804022795 0.057271987199783325
      vertex -1.6379817064065687 -4.701593940632295 0
    endloop
  endfacet
  facet normal -0.928117842737027 0.11395854178661671 -0.3544160277795503
    outer loop
      vertex -2.1185105530595276 -5.240743450618114 0.21596762537956238
      vertex -2.203050133476088 -5.233347195712426 0.4397316575050354
      vertex -2.044407488395361 -4.637222420618538 0.21596762537956238
    endloop
  endfacet
  facet normal -0.9281178427370275 0.11395854178661718 -0.3544160277795492
    outer loop
      vertex -2.203050133476088 -5.233347195712426 0.4397316575050354
      vertex -2.1282251979818376 -4.623946999596399 0.4397316575050354
      vertex -2.044407488395361 -4.637222420618538 0.21596762537956238
    endloop
  endfacet
  facet normal -0.9968098037915988 0.05224058818428052 -0.0603418263819957
    outer loop
      vertex -2.2351831904081294 -5.846482447227272 0.4397316575050354
      vertex -2.2388281968069297 -5.846418823403917 0.5
      vertex -2.203050133476088 -5.233347195712426 0.4397316575050354
    endloop
  endfacet
  facet normal -0.9968098037915986 0.052240588184279936 -0.06034182638200152
    outer loop
      vertex -2.2388281968069297 -5.846418823403917 0.5
      vertex -2.2066818226489353 -5.233029464080352 0.5
      vertex -2.203050133476088 -5.233347195712426 0.4397316575050354
    endloop
  endfacet
  facet normal -0.9907375059909929 0.12164726964314311 -0.06034182638200148
    outer loop
      vertex -2.203050133476088 -5.233347195712426 0.4397316575050354
      vertex -2.2066818226489353 -5.233029464080352 0.5
      vertex -2.1282251979818376 -4.623946999596399 0.4397316575050354
    endloop
  endfacet
  facet normal -0.990737505990994 0.12164726964314544 -0.06034182638197934
    outer loop
      vertex -2.2066818226489353 -5.233029464080352 0.5
      vertex -2.131825876704136 -4.623376708112179 0.5
      vertex -2.1282251979818376 -4.623946999596399 0.4397316575050354
    endloop
  endfacet
  facet normal -0.6511614389178738 0.12657296179541713 -0.7483101401215541
    outer loop
      vertex -1.8674825346162915 -4.6652445804022795 0.057271987199783325
      vertex -2.044407488395361 -4.637222420618538 0.21596762537956238
      vertex -1.7538461897584448 -4.080636266103653 0.057271987199783325
    endloop
  endfacet
  facet normal -0.2350537480114718 0.04568982020244898 -0.9709079131800438
    outer loop
      vertex -1.8674825346162915 -4.6652445804022795 0.057271987199783325
      vertex -1.7538461897584448 -4.080636266103653 0.057271987199783325
      vertex -1.5274400172240696 -4.132906249616326 0
    endloop
  endfacet
  facet normal -0.6511614389178736 0.12657296179541688 -0.7483101401215543
    outer loop
      vertex -1.7538461897584448 -4.080636266103653 0.057271987199783325
      vertex -2.044407488395361 -4.637222420618538 0.21596762537956238
      vertex -1.9283854361891173 -4.0403407059997845 0.21596762537956238
    endloop
  endfacet
  facet normal -0.9179076482911029 0.1784231724346994 -0.35441602777954934
    outer loop
      vertex -2.044407488395361 -4.637222420618538 0.21596762537956238
      vertex -2.1282251979818376 -4.623946999596399 0.4397316575050354
      vertex -1.9283854361891173 -4.0403407059997845 0.21596762537956238
    endloop
  endfacet
  facet normal -0.9179076482911033 0.17842317243469977 -0.3544160277795487
    outer loop
      vertex -2.1282251979818376 -4.623946999596399 0.4397316575050354
      vertex -2.0110729234897313 -4.0212507953779735 0.4397316575050354
      vertex -1.9283854361891173 -4.0403407059997845 0.21596762537956238
    endloop
  endfacet
  facet normal -0.6407459588937309 0.17168736223908 -0.7483101401215544
    outer loop
      vertex -1.7538461897584448 -4.080636266103653 0.057271987199783325
      vertex -1.9283854361891173 -4.0403407059997845 0.21596762537956238
      vertex -1.5997064427983592 -3.5053788989828014 0.057271987199783325
    endloop
  endfacet
  facet normal -0.6407459588937323 0.17168736223908124 -0.7483101401215531
    outer loop
      vertex -1.9283854361891173 -4.0403407059997845 0.21596762537956238
      vertex -1.7710096442166474 -3.453006254477138 0.21596762537956238
      vertex -1.5997064427983592 -3.5053788989828014 0.057271987199783325
    endloop
  endfacet
  facet normal -0.903225500050458 0.24201854332171766 -0.3544160277795487
    outer loop
      vertex -1.9283854361891173 -4.0403407059997845 0.21596762537956238
      vertex -2.0110729234897313 -4.0212507953779735 0.4397316575050354
      vertex -1.7710096442166474 -3.453006254477138 0.21596762537956238
    endloop
  endfacet
  facet normal -0.9032255000504575 0.2420185433217167 -0.3544160277795507
    outer loop
      vertex -2.0110729234897313 -4.0212507953779735 0.4397316575050354
      vertex -1.8521640641049881 -3.4281948583812927 0.4397316575050354
      vertex -1.7710096442166474 -3.453006254477138 0.21596762537956238
    endloop
  endfacet
  facet normal -0.2350537480114722 0.04568982020244926 -0.9709079131800437
    outer loop
      vertex -1.8674825346162915 -4.6652445804022795 0.057271987199783325
      vertex -1.5274400172240696 -4.132906249616326 0
      vertex -1.6379817064065687 -4.701593940632295 0
    endloop
  endfacet
  facet normal -0.23129400815174983 0.06197504269841899 -0.9709079131800439
    outer loop
      vertex -1.7538461897584448 -4.080636266103653 0.057271987199783325
      vertex -1.3774979540536503 -3.57331485167262 0
      vertex -1.5274400172240696 -4.132906249616326 0
    endloop
  endfacet
  facet normal -0.23129400815174925 0.06197504269841852 -0.9709079131800439
    outer loop
      vertex -1.7538461897584448 -4.080636266103653 0.057271987199783325
      vertex -1.5997064427983592 -3.5053788989828014 0.057271987199783325
      vertex -1.3774979540536503 -3.57331485167262 0
    endloop
  endfacet
  facet normal -0.979838434649787 0.19046129783224264 -0.06034182638197921
    outer loop
      vertex -2.1282251979818376 -4.623946999596399 0.4397316575050354
      vertex -2.131825876704136 -4.623376708112179 0.5
      vertex -2.0110729234897313 -4.0212507953779735 0.4397316575050354
    endloop
  endfacet
  facet normal -0.9798384346497869 0.1904612978322425 -0.06034182638198057
    outer loop
      vertex -2.131825876704136 -4.623376708112179 0.5
      vertex -2.0146250496166864 -4.020430722444394 0.5
      vertex -2.0110729234897313 -4.0212507953779735 0.4397316575050354
    endloop
  endfacet
  facet normal -0.9641656889479805 0.2583474177234081 -0.06034182638197962
    outer loop
      vertex -2.0110729234897313 -4.0212507953779735 0.4397316575050354
      vertex -2.0146250496166864 -4.020430722444394 0.5
      vertex -1.8521640641049881 -3.4281948583812927 0.4397316575050354
    endloop
  endfacet
  facet normal -0.9641656889479802 0.25834741772340714 -0.06034182638198785
    outer loop
      vertex -2.0146250496166864 -4.020430722444394 0.5
      vertex -1.855650332035168 -3.4271289993112517 0.5
      vertex -1.8521640641049881 -3.4281948583812927 0.4397316575050354
    endloop
  endfacet
  facet normal 0.06033234556166171 -0.003161884249823612 -0.9981733369345319
    outer loop
      vertex -0.8787670327489128 -5.870158779328897 0.003645561635494232
      vertex -0.9390261960833994 -5.869106951720373 0
      vertex -0.8515897148422962 -5.351584661546882 0.003645561635494232
    endloop
  endfacet
  facet normal 0.060332345561662545 -0.00316188424982375 -0.9981733369345321
    outer loop
      vertex -0.8515897148422962 -5.351584661546882 0.003645561635494232
      vertex -0.9390261960833994 -5.869106951720373 0
      vertex -0.911628718098557 -5.346331929392564 0
    endloop
  endfacet
  facet normal 0.35430761603810607 -0.018568475339624833 -0.9349445571481528
    outer loop
      vertex -0.8787670327489128 -5.870158779328897 0.003645561635494232
      vertex -0.8515897148422962 -5.351584661546882 0.003645561635494232
      vertex -0.6286771724152684 -5.371086981966989 0.08850806951522827
    endloop
  endfacet
  facet normal 0.35430761603810623 -0.018568475339624947 -0.9349445571481528
    outer loop
      vertex -0.8787670327489128 -5.870158779328897 0.003645561635494232
      vertex -0.6286771724152684 -5.371086981966989 0.08850806951522827
      vertex -0.6550370809693575 -5.874064000163596 0.08850806951522827
    endloop
  endfacet
  facet normal 0.059964817104512645 -0.007362753737800659 -0.9981733369345319
    outer loop
      vertex -0.8515897148422962 -5.351584661546882 0.003645561635494232
      vertex -0.911628718098557 -5.346331929392564 0
      vertex -0.788304697684727 -4.836169558115329 0.003645561635494232
    endloop
  endfacet
  facet normal 0.05996481710451188 -0.007362753737800475 -0.9981733369345319
    outer loop
      vertex -0.788304697684727 -4.836169558115329 0.003645561635494232
      vertex -0.911628718098557 -5.346331929392564 0
      vertex -0.8478310368739983 -4.826741512198268 0
    endloop
  endfacet
  facet normal 0.3521492691303797 -0.04323849338245298 -0.9349445571481525
    outer loop
      vertex -0.8515897148422962 -5.351584661546882 0.003645561635494232
      vertex -0.788304697684727 -4.836169558115329 0.003645561635494232
      vertex -0.5672955721098418 -4.871173964776123 0.08850806951522827
    endloop
  endfacet
  facet normal 0.35214926913037864 -0.04323849338245229 -0.9349445571481529
    outer loop
      vertex -0.8515897148422962 -5.351584661546882 0.003645561635494232
      vertex -0.5672955721098418 -4.871173964776123 0.08850806951522827
      vertex -0.6286771724152684 -5.371086981966989 0.08850806951522827
    endloop
  endfacet
  facet normal 0.05930514608607114 -0.011527752629668016 -0.9981733369345319
    outer loop
      vertex -0.788304697684727 -4.836169558115329 0.003645561635494232
      vertex -0.8478310368739983 -4.826741512198268 0
      vertex -0.6892202995184125 -4.326424519608812 0.003645561635494232
    endloop
  endfacet
  facet normal 0.34827528638137 -0.06769785783183793 -0.9349445571481525
    outer loop
      vertex -0.788304697684727 -4.836169558115329 0.003645561635494232
      vertex -0.47119132503970995 -4.3767604745596715 0.08850806951522827
      vertex -0.5672955721098418 -4.871173964776123 0.08850806951522827
    endloop
  endfacet
  facet normal 0.7476851906187538 -0.039184520443144896 -0.6628962430780843
    outer loop
      vertex -0.6550370809693575 -5.874064000163596 0.08850806951522827
      vertex -0.6286771724152684 -5.371086981966989 0.08850806951522827
      vertex -0.47058541905028584 -5.384918218183361 0.2676384150981903
    endloop
  endfacet
  facet normal 0.7476851906187572 -0.03918452044314756 -0.6628962430780804
    outer loop
      vertex -0.6550370809693575 -5.874064000163596 0.08850806951522827
      vertex -0.47058541905028584 -5.384918218183361 0.2676384150981903
      vertex -0.4963656129039338 -5.876833620940934 0.2676384150981903
    endloop
  endfacet
  facet normal 0.9696449949079095 -0.0508169408760408 -0.23917822302634761
    outer loop
      vertex -0.4963656129039338 -5.876833620940934 0.2676384150981903
      vertex -0.47058541905028584 -5.384918218183361 0.2676384150981903
      vertex -0.4135313690526834 -5.389909800766393 0.5
    endloop
  endfacet
  facet normal 0.7431304931014645 -0.09124495128902001 -0.6628962430780844
    outer loop
      vertex -0.6286771724152684 -5.371086981966989 0.08850806951522827
      vertex -0.4105537405763702 -4.895999432038995 0.2676384150981903
      vertex -0.47058541905028584 -5.384918218183361 0.2676384150981903
    endloop
  endfacet
  facet normal 0.7431304931014672 -0.09124495128902253 -0.6628962430780809
    outer loop
      vertex -0.6286771724152684 -5.371086981966989 0.08850806951522827
      vertex -0.5672955721098418 -4.871173964776123 0.08850806951522827
      vertex -0.4105537405763702 -4.895999432038995 0.2676384150981903
    endloop
  endfacet
  facet normal 0.9637381778325241 -0.11833216899052892 -0.23917822302635147
    outer loop
      vertex -0.47058541905028584 -5.384918218183361 0.2676384150981903
      vertex -0.4105537405763702 -4.895999432038995 0.2676384150981903
      vertex -0.3539868665764292 -4.904958744718384 0.5
    endloop
  endfacet
  facet normal 0.7349553385210029 -0.1428608459041304 -0.6628962430780809
    outer loop
      vertex -0.5672955721098418 -4.871173964776123 0.08850806951522827
      vertex -0.3165630457853439 -4.412459225687985 0.2676384150981903
      vertex -0.4105537405763702 -4.895999432038995 0.2676384150981903
    endloop
  endfacet
  facet normal 0.9696449949079089 -0.050816940876039496 -0.23917822302635014
    outer loop
      vertex -0.4963656129039338 -5.876833620940934 0.2676384150981903
      vertex -0.4135313690526834 -5.389909800766393 0.5
      vertex -0.43910234850520347 -5.877833154939016 0.5
    endloop
  endfacet
  facet normal 0.9637381778325248 -0.1183321689905309 -0.23917822302634772
    outer loop
      vertex -0.47058541905028584 -5.384918218183361 0.2676384150981903
      vertex -0.3539868665764292 -4.904958744718384 0.5
      vertex -0.4135313690526834 -5.389909800766393 0.5
    endloop
  endfacet
  facet normal 0.9531361252293618 -0.1852708946724102 -0.23917822302635147
    outer loop
      vertex -0.4105537405763702 -4.895999432038995 0.2676384150981903
      vertex -0.26075893590711186 -4.425342619592945 0.5
      vertex -0.3539868665764292 -4.904958744718384 0.5
    endloop
  endfacet
  facet normal 0.05930514608607074 -0.011527752629667886 -0.9981733369345323
    outer loop
      vertex -0.6892202995184125 -4.326424519608812 0.003645561635494232
      vertex -0.8478310368739983 -4.826741512198268 0
      vertex -0.7479439682997304 -4.312867092421012 0
    endloop
  endfacet
  facet normal 0.3482752863813698 -0.06769785783183782 -0.9349445571481526
    outer loop
      vertex -0.788304697684727 -4.836169558115329 0.003645561635494232
      vertex -0.6892202995184125 -4.326424519608812 0.003645561635494232
      vertex -0.47119132503970995 -4.3767604745596715 0.08850806951522827
    endloop
  endfacet
  facet normal 0.058356546357231004 -0.015636589469489374 -0.998173336934532
    outer loop
      vertex -0.6892202995184125 -4.326424519608812 0.003645561635494232
      vertex -0.7479439682997304 -4.312867092421012 0
      vertex -0.5548192495712883 -3.824832972615541 0.003645561635494232
    endloop
  endfacet
  facet normal 0.058356546357231816 -0.015636589469489693 -0.9981733369345319
    outer loop
      vertex -0.5548192495712883 -3.824832972615541 0.003645561635494232
      vertex -0.7479439682997304 -4.312867092421012 0
      vertex -0.6124541521332318 -3.807212214579474 0
    endloop
  endfacet
  facet normal 0.734955338521001 -0.14286084590412834 -0.6628962430780835
    outer loop
      vertex -0.5672955721098418 -4.871173964776123 0.08850806951522827
      vertex -0.47119132503970995 -4.3767604745596715 0.08850806951522827
      vertex -0.3165630457853439 -4.412459225687985 0.2676384150981903
    endloop
  endfacet
  facet normal 0.3427045414456192 -0.0918274051228325 -0.9349445571481526
    outer loop
      vertex -0.6892202995184125 -4.326424519608812 0.003645561635494232
      vertex -0.34083264143623193 -3.890255244143699 0.08850806951522827
      vertex -0.47119132503970995 -4.3767604745596715 0.08850806951522827
    endloop
  endfacet
  facet normal 0.9531361252293623 -0.18527089467241223 -0.23917822302634764
    outer loop
      vertex -0.4105537405763702 -4.895999432038995 0.2676384150981903
      vertex -0.3165630457853439 -4.412459225687985 0.2676384150981903
      vertex -0.26075893590711186 -4.425342619592945 0.5
    endloop
  endfacet
  facet normal 0.7231995554087155 -0.19378073683831123 -0.6628962430780834
    outer loop
      vertex -0.47119132503970995 -4.3767604745596715 0.08850806951522827
      vertex -0.18907124789432128 -3.9366533584103833 0.2676384150981903
      vertex -0.3165630457853439 -4.412459225687985 0.2676384150981903
    endloop
  endfacet
  facet normal 0.9378904892329915 -0.25130699917880933 -0.23917822302634864
    outer loop
      vertex -0.3165630457853439 -4.412459225687985 0.2676384150981903
      vertex -0.18907124789432128 -3.9366533584103833 0.2676384150981903
      vertex -0.13430177415171407 -3.9533980669408426 0.5
    endloop
  endfacet
  facet normal 0.3427045414456177 -0.0918274051228312 -0.9349445571481532
    outer loop
      vertex -0.6892202995184125 -4.326424519608812 0.003645561635494232
      vertex -0.5548192495712883 -3.824832972615541 0.003645561635494232
      vertex -0.34083264143623193 -3.890255244143699 0.08850806951522827
    endloop
  endfacet
  facet normal 0.7231995554087179 -0.1937807368383142 -0.6628962430780799
    outer loop
      vertex -0.47119132503970995 -4.3767604745596715 0.08850806951522827
      vertex -0.34083264143623193 -3.890255244143699 0.08850806951522827
      vertex -0.18907124789432128 -3.9366533584103833 0.2676384150981903
    endloop
  endfacet
  facet normal 0.057123639400519205 -0.019669246417200394 -0.9981733369345319
    outer loop
      vertex -0.5548192495712883 -3.824832972615541 0.003645561635494232
      vertex -0.6124541521332318 -3.807212214579474 0
      vertex -0.3857563362487495 -3.3338386207326622 0.003645561635494232
    endloop
  endfacet
  facet normal 0.33546417443248405 -0.11550957852652566 -0.9349445571481532
    outer loop
      vertex -0.5548192495712883 -3.824832972615541 0.003645561635494232
      vertex -0.1768546157023163 -3.4140284781074572 0.08850806951522827
      vertex -0.34083264143623193 -3.890255244143699 0.08850806951522827
    endloop
  endfacet
  facet normal 0.3354641744324844 -0.11550957852652607 -0.934944557148153
    outer loop
      vertex -0.5548192495712883 -3.824832972615541 0.003645561635494232
      vertex -0.3857563362487495 -3.3338386207326622 0.003645561635494232
      vertex -0.1768546157023163 -3.4140284781074572 0.08850806951522827
    endloop
  endfacet
  facet normal 0.7079204167582464 -0.24375654750139325 -0.6628962430780792
    outer loop
      vertex -0.34083264143623193 -3.890255244143699 0.08850806951522827
      vertex -0.1768546157023163 -3.4140284781074572 0.08850806951522827
      vertex -0.02869947412719398 -3.470899908563727 0.2676384150981903
    endloop
  endfacet
  facet normal 0.7079204167582458 -0.24375654750139253 -0.6628962430780799
    outer loop
      vertex -0.34083264143623193 -3.890255244143699 0.08850806951522827
      vertex -0.02869947412719398 -3.470899908563727 0.2676384150981903
      vertex -0.18907124789432128 -3.9366533584103833 0.2676384150981903
    endloop
  endfacet
  facet normal 0.9180755450494976 -0.31611876124650273 -0.23917822302635444
    outer loop
      vertex -0.18907124789432128 -3.9366533584103833 0.2676384150981903
      vertex -0.02869947412719398 -3.470899908563727 0.2676384150981903
      vertex 0.024768532109123775 -3.4914243531828983 0.5
    endloop
  endfacet
  facet normal 0.9378904892329916 -0.2513069991788099 -0.2391782230263477
    outer loop
      vertex -0.3165630457853439 -4.412459225687985 0.2676384150981903
      vertex -0.13430177415171407 -3.9533980669408426 0.5
      vertex -0.26075893590711186 -4.425342619592945 0.5
    endloop
  endfacet
  facet normal 0.918075545049498 -0.31611876124650595 -0.23917822302634859
    outer loop
      vertex -0.18907124789432128 -3.9366533584103833 0.2676384150981903
      vertex 0.024768532109123775 -3.4914243531828983 0.5
      vertex -0.13430177415171407 -3.9533980669408426 0.5
    endloop
  endfacet
  facet normal -0.9986295347545739 0.052335956242942065 0
    outer loop
      vertex -2.2388281968069297 -5.846418823403917 0.5
      vertex -2.2388281968069297 -5.846418823403917 1.5
      vertex -2.2066818226489353 -5.233029464080352 0.5
    endloop
  endfacet
  facet normal -0.9986295347545739 0.052335956242942065 2.68114891658213e-18
    outer loop
      vertex -2.2388281968069297 -5.846418823403917 1.5
      vertex -2.2066818226489353 -5.233029464080352 1.5
      vertex -2.2066818226489353 -5.233029464080352 0.5
    endloop
  endfacet
  facet normal -0.9925461516413217 0.12186934340514988 0
    outer loop
      vertex -2.2066818226489353 -5.233029464080352 0.5
      vertex -2.2066818226489353 -5.233029464080352 1.5
      vertex -2.131825876704136 -4.623376708112179 0.5
    endloop
  endfacet
  facet normal -0.9925461516413217 0.12186934340514988 0
    outer loop
      vertex -2.131825876704136 -4.623376708112179 0.5
      vertex -2.2066818226489353 -5.233029464080352 1.5
      vertex -2.131825876704136 -4.623376708112179 1.5
    endloop
  endfacet
  facet normal -0.9816271834476643 0.1908089953765436 0
    outer loop
      vertex -2.131825876704136 -4.623376708112179 0.5
      vertex -2.131825876704136 -4.623376708112179 1.5
      vertex -2.0146250496166864 -4.020430722444394 0.5
    endloop
  endfacet
  facet normal -0.9816271834476643 0.1908089953765436 0
    outer loop
      vertex -2.0146250496166864 -4.020430722444394 0.5
      vertex -2.131825876704136 -4.623376708112179 1.5
      vertex -2.0146250496166864 -4.020430722444394 1.5
    endloop
  endfacet
  facet normal -0.9659258262890686 0.2588190451025197 0
    outer loop
      vertex -2.0146250496166864 -4.020430722444394 0.5
      vertex -2.0146250496166864 -4.020430722444394 1.5
      vertex -1.855650332035168 -3.4271289993112517 0.5
    endloop
  endfacet
  facet normal -0.9659258262890686 0.2588190451025197 0
    outer loop
      vertex -1.855650332035168 -3.4271289993112517 0.5
      vertex -2.0146250496166864 -4.020430722444394 1.5
      vertex -1.855650332035168 -3.4271289993112517 1.5
    endloop
  endfacet
  facet normal 0.9986295347545738 -0.05233595624294403 5.29820598865157e-19
    outer loop
      vertex -0.43910234850520347 -5.877833154939016 0.5
      vertex -0.4135313690526834 -5.389909800766393 0.5
      vertex -0.4135313690526834 -5.389909800766393 1.5
    endloop
  endfacet
  facet normal 0.9986295347545738 -0.05233595624294403 0
    outer loop
      vertex -0.43910234850520347 -5.877833154939016 0.5
      vertex -0.4135313690526834 -5.389909800766393 1.5
      vertex -0.43910234850520347 -5.877833154939016 1.5
    endloop
  endfacet
  facet normal 0.9925461516413221 -0.12186934340514644 0
    outer loop
      vertex -0.4135313690526834 -5.389909800766393 0.5
      vertex -0.3539868665764292 -4.904958744718384 1.5
      vertex -0.4135313690526834 -5.389909800766393 1.5
    endloop
  endfacet
  facet normal 0.9925461516413221 -0.12186934340514644 9.27619495479113e-19
    outer loop
      vertex -0.4135313690526834 -5.389909800766393 0.5
      vertex -0.3539868665764292 -4.904958744718384 0.5
      vertex -0.3539868665764292 -4.904958744718384 1.5
    endloop
  endfacet
  facet normal 0.981627183447664 -0.1908089953765445 0
    outer loop
      vertex -0.3539868665764292 -4.904958744718384 0.5
      vertex -0.26075893590711186 -4.425342619592945 1.5
      vertex -0.3539868665764292 -4.904958744718384 1.5
    endloop
  endfacet
  facet normal 0.9968098037915997 -0.05224058818427951 0.06034182638198182
    outer loop
      vertex -0.43910234850520347 -5.877833154939016 1.5
      vertex -0.41716305822553057 -5.389592069134319 1.5602683424949646
      vertex -0.44274735490400285 -5.877769531115661 1.5602683424949646
    endloop
  endfacet
  facet normal 0.9968098037915983 -0.05224058818428189 0.060341826382001494
    outer loop
      vertex -0.43910234850520347 -5.877833154939016 1.5
      vertex -0.4135313690526834 -5.389909800766393 1.5
      vertex -0.41716305822553057 -5.389592069134319 1.5602683424949646
    endloop
  endfacet
  facet normal 0.990737505990993 -0.12164726964314278 0.06034182638200147
    outer loop
      vertex -0.4135313690526834 -5.389909800766393 1.5
      vertex -0.3575875452987285 -4.904388453234164 1.5602683424949646
      vertex -0.41716305822553057 -5.389592069134319 1.5602683424949646
    endloop
  endfacet
  facet normal 0.9907375059909936 -0.1216472696431419 0.06034182638199379
    outer loop
      vertex -0.4135313690526834 -5.389909800766393 1.5
      vertex -0.3539868665764292 -4.904958744718384 1.5
      vertex -0.3575875452987285 -4.904388453234164 1.5602683424949646
    endloop
  endfacet
  facet normal 0.9798384346497857 -0.1904612978322445 0.060341826381993584
    outer loop
      vertex -0.3539868665764292 -4.904958744718384 1.5
      vertex -0.26431106203406696 -4.4245225466593645 1.5602683424949646
      vertex -0.3575875452987285 -4.904388453234164 1.5602683424949646
    endloop
  endfacet
  facet normal 0.981627183447664 -0.1908089953765445 1.4930029625302816e-18
    outer loop
      vertex -0.3539868665764292 -4.904958744718384 0.5
      vertex -0.26075893590711186 -4.425342619592945 0.5
      vertex -0.26075893590711186 -4.425342619592945 1.5
    endloop
  endfacet
  facet normal 0.9659258262890685 -0.25881904510251996 3.848231523614298e-18
    outer loop
      vertex -0.26075893590711186 -4.425342619592945 0.5
      vertex -0.13430177415171407 -3.9533980669408426 0.5
      vertex -0.13430177415171407 -3.9533980669408426 1.5
    endloop
  endfacet
  facet normal 0.9659258262890685 -0.25881904510251996 0
    outer loop
      vertex -0.26075893590711186 -4.425342619592945 0.5
      vertex -0.13430177415171407 -3.9533980669408426 1.5
      vertex -0.26075893590711186 -4.425342619592945 1.5
    endloop
  endfacet
  facet normal 0.9455185755993156 -0.32556815445716014 0
    outer loop
      vertex -0.13430177415171407 -3.9533980669408426 0.5
      vertex 0.024768532109123775 -3.4914243531828983 1.5
      vertex -0.13430177415171407 -3.9533980669408426 1.5
    endloop
  endfacet
  facet normal 0.9798384346497865 -0.19046129783224336 0.0603418263819832
    outer loop
      vertex -0.3539868665764292 -4.904958744718384 1.5
      vertex -0.26075893590711186 -4.425342619592945 1.5
      vertex -0.26431106203406696 -4.4245225466593645 1.5602683424949646
    endloop
  endfacet
  facet normal 0.96416568894798 -0.25834741772340847 0.06034182638198342
    outer loop
      vertex -0.26075893590711186 -4.425342619592945 1.5
      vertex -0.1377880420818931 -3.952332207870801 1.5602683424949646
      vertex -0.26431106203406696 -4.4245225466593645 1.5602683424949646
    endloop
  endfacet
  facet normal 0.9641656889479809 -0.2583474177234077 0.06034182638197549
    outer loop
      vertex -0.26075893590711186 -4.425342619592945 1.5
      vertex -0.13430177415171407 -3.9533980669408426 1.5
      vertex -0.1377880420818931 -3.952332207870801 1.5602683424949646
    endloop
  endfacet
  facet normal 0.9437956249272155 -0.3249748949644178 0.06034182638197587
    outer loop
      vertex -0.13430177415171407 -3.9533980669408426 1.5
      vertex 0.021365107122636395 -3.4901179007346457 1.5602683424949646
      vertex -0.1377880420818931 -3.952332207870801 1.5602683424949646
    endloop
  endfacet
  facet normal -0.8841429279654761 0.3044348241932903 -0.3544160277795507
    outer loop
      vertex -1.7710096442166474 -3.453006254477138 0.21596762537956238
      vertex -1.8521640641049881 -3.4281948583812927 0.4397316575050354
      vertex -1.5730468315170825 -2.8780805004597627 0.21596762537956238
    endloop
  endfacet
  facet normal -0.884142927965477 0.3044348241932921 -0.3544160277795476
    outer loop
      vertex -1.8521640641049881 -3.4281948583812927 0.4397316575050354
      vertex -1.6522728078170665 -2.8476684975176307 0.4397316575050354
      vertex -1.5730468315170825 -2.8780805004597627 0.21596762537956238
    endloop
  endfacet
  facet normal -0.627208828965417 0.21596531911187083 -0.748310140121553
    outer loop
      vertex -1.5997064427983592 -3.5053788989828014 0.057271987199783325
      vertex -1.7710096442166474 -3.453006254477138 0.21596762537956238
      vertex -1.4058142470891486 -2.9422750751076703 0.057271987199783325
    endloop
  endfacet
  facet normal -0.6272088289654144 0.21596531911186811 -0.7483101401215558
    outer loop
      vertex -1.4058142470891486 -2.9422750751076703 0.057271987199783325
      vertex -1.7710096442166474 -3.453006254477138 0.21596762537956238
      vertex -1.5730468315170825 -2.8780805004597627 0.21596762537956238
    endloop
  endfacet
  facet normal -0.22640742713390422 0.07795832901607189 -0.9709079131800439
    outer loop
      vertex -1.5997064427983592 -3.5053788989828014 0.057271987199783325
      vertex -1.1888860195549524 -3.025546019842028 0
      vertex -1.3774979540536503 -3.57331485167262 0
    endloop
  endfacet
  facet normal -0.2264074271339046 0.07795832901607222 -0.9709079131800439
    outer loop
      vertex -1.5997064427983592 -3.5053788989828014 0.057271987199783325
      vertex -1.4058142470891486 -2.9422750751076703 0.057271987199783325
      vertex -1.1888860195549524 -3.025546019842028 0
    endloop
  endfacet
  facet normal -0.22041781188945886 0.09356181019110106 -0.9709079131800439
    outer loop
      vertex -1.4058142470891486 -2.9422750751076703 0.057271987199783325
      vertex -0.9625231121136517 -2.492268428811695 0
      vertex -1.1888860195549524 -3.025546019842028 0
    endloop
  endfacet
  facet normal -0.6106160006691927 0.25919111465869715 -0.748310140121556
    outer loop
      vertex -1.4058142470891486 -2.9422750751076703 0.057271987199783325
      vertex -1.5730468315170825 -2.8780805004597627 0.21596762537956238
      vertex -1.17311422591834 -2.3940681797051786 0.057271987199783325
    endloop
  endfacet
  facet normal -0.2204178118894578 0.09356181019109999 -0.9709079131800442
    outer loop
      vertex -1.4058142470891486 -2.9422750751076703 0.057271987199783325
      vertex -1.17311422591834 -2.3940681797051786 0.057271987199783325
      vertex -0.9625231121136517 -2.492268428811695 0
    endloop
  endfacet
  facet normal 0.42261826174069717 0.9063077870366509 -3.4622016195347052e-15
    outer loop
      vertex -1.17311422591834 -2.3940681797051786 0.057271987199783325
      vertex -1.3354614530147444 -2.3183644244298964 0.21596762537956238
      vertex -0.9625231121136517 -2.492268428811695 0
    endloop
  endfacet
  facet normal -0.6106160006691947 0.2591911146586997 -0.7483101401215532
    outer loop
      vertex -1.17311422591834 -2.3940681797051786 0.057271987199783325
      vertex -1.5730468315170825 -2.8780805004597627 0.21596762537956238
      vertex -1.3354614530147444 -2.3183644244298964 0.21596762537956238
    endloop
  endfacet
  facet normal -0.8607529004091858 0.36536792920307243 -0.3544160277795475
    outer loop
      vertex -1.5730468315170825 -2.8780805004597627 0.21596762537956238
      vertex -1.6522728078170665 -2.8476684975176307 0.4397316575050354
      vertex -1.3354614530147444 -2.3183644244298964 0.21596762537956238
    endloop
  endfacet
  facet normal -0.8607529004091852 0.3653679292030707 -0.3544160277795506
    outer loop
      vertex -1.6522728078170665 -2.8476684975176307 0.4397316575050354
      vertex -1.412373004733607 -2.2824999788628064 0.4397316575050354
      vertex -1.3354614530147444 -2.3183644244298964 0.21596762537956238
    endloop
  endfacet
  facet normal -0.9437956249272142 0.32497489496441895 -0.06034182638198733
    outer loop
      vertex -1.8521640641049881 -3.4281948583812927 0.4397316575050354
      vertex -1.855650332035168 -3.4271289993112517 0.5
      vertex -1.6522728078170665 -2.8476684975176307 0.4397316575050354
    endloop
  endfacet
  facet normal -0.9437956249272141 0.324974894964418 -0.06034182638199566
    outer loop
      vertex -1.855650332035168 -3.4271289993112517 0.5
      vertex -1.655676232803554 -2.8463620450693776 0.5
      vertex -1.6522728078170665 -2.8476684975176307 0.4397316575050354
    endloop
  endfacet
  facet normal -0.9188274834918101 0.3900191271835172 -0.06034182638199551
    outer loop
      vertex -1.6522728078170665 -2.8476684975176307 0.4397316575050354
      vertex -1.655676232803554 -2.8463620450693776 0.5
      vertex -1.412373004733607 -2.2824999788628064 0.4397316575050354
    endloop
  endfacet
  facet normal -0.9188274834918105 0.3900191271835194 -0.060341826381977146
    outer loop
      vertex -1.655676232803554 -2.8463620450693776 0.5
      vertex -1.4156770056319772 -2.2809592979413456 0.5
      vertex -1.412373004733607 -2.2824999788628064 0.4397316575050354
    endloop
  endfacet
  facet normal 0.4226182617406997 0.9063077870366498 1.872131735485802e-15
    outer loop
      vertex -1.3354614530147444 -2.3183644244298964 0.21596762537956238
      vertex -0.23747688518534016 -2.830363036944754 0
      vertex -0.9625231121136517 -2.492268428811695 0
    endloop
  endfacet
  facet normal 0.4226182617407005 0.9063077870366495 5.287317998239e-15
    outer loop
      vertex -1.412373004733607 -2.2824999788628064 0.4397316575050354
      vertex -0.18285521707036168 -2.8558335390879694 0.003645561635494232
      vertex -0.23747688518534016 -2.830363036944754 0
    endloop
  endfacet
  facet normal 0.4226182617406993 0.90630778703665 -7.017800527218244e-16
    outer loop
      vertex -1.3354614530147444 -2.3183644244298964 0.21596762537956238
      vertex -1.412373004733607 -2.2824999788628064 0.4397316575050354
      vertex -0.23747688518534016 -2.830363036944754 0
    endloop
  endfacet
  facet normal 0.42261826174070033 0.9063077870366495 2.6189979077556956e-15
    outer loop
      vertex -1.4156770056319772 -2.2809592979413456 0.5
      vertex -0.18285521707036168 -2.8558335390879694 0.003645561635494232
      vertex -1.412373004733607 -2.2824999788628064 0.4397316575050354
    endloop
  endfacet
  facet normal 0.057123639400519406 -0.01966924641720049 -0.9981733369345319
    outer loop
      vertex -0.3857563362487495 -3.3338386207326622 0.003645561635494232
      vertex -0.6124541521332318 -3.807212214579474 0
      vertex -0.4420216811394777 -3.312240378410248 0
    endloop
  endfacet
  facet normal 0.05561243181469572 -0.023606076773512112 -0.9981733369345319
    outer loop
      vertex -0.3857563362487495 -3.3338386207326622 0.003645561635494232
      vertex -0.4420216811394777 -3.312240378410248 0
      vertex -0.18285521707036168 -2.8558335390879694 0.003645561635494232
    endloop
  endfacet
  facet normal 0.3265894596822572 -0.13862900087461966 -0.934944557148153
    outer loop
      vertex -0.3857563362487495 -3.3338386207326622 0.003645561635494232
      vertex 0.019943867703673845 -2.950400305384927 0.08850806951522827
      vertex -0.1768546157023163 -3.4140284781074572 0.08850806951522827
    endloop
  endfacet
  facet normal 0.055612431814695155 -0.023606076773511793 -0.9981733369345319
    outer loop
      vertex -0.18285521707036168 -2.8558335390879694 0.003645561635494232
      vertex -0.4420216811394777 -3.312240378410248 0
      vertex -0.23747688518534016 -2.830363036944754 0
    endloop
  endfacet
  facet normal 0.3265894596822577 -0.1386290008746203 -0.9349445571481527
    outer loop
      vertex -0.3857563362487495 -3.3338386207326622 0.003645561635494232
      vertex -0.18285521707036168 -2.8558335390879694 0.003645561635494232
      vertex 0.019943867703673845 -2.950400305384927 0.08850806951522827
    endloop
  endfacet
  facet normal 0.42261826174069916 0.90630778703665 -1.1084213024691685e-15
    outer loop
      vertex -1.4156770056319772 -2.2809592979413456 0.5
      vertex 0.019943867703673845 -2.950400305384927 0.08850806951522827
      vertex -0.18285521707036168 -2.8558335390879694 0.003645561635494232
    endloop
  endfacet
  facet normal 0.42261826174069944 0.9063077870366499 3.160615439483615e-17
    outer loop
      vertex -1.4156770056319772 -2.2809592979413456 0.5
      vertex -1 -2.474792668986475 0.8964947432688251
      vertex 0.019943867703673845 -2.950400305384927 0.08850806951522827
    endloop
  endfacet
  facet normal 0.4226182617406993 0.9063077870366502 -2.368882523298948e-16
    outer loop
      vertex -1 -2.474792668986475 0.8964947432688251
      vertex 0.1637709603547579 -3.0174679801382958 0.2676384150981903
      vertex 0.019943867703673845 -2.950400305384927 0.08850806951522827
    endloop
  endfacet
  facet normal 0.42261826174069944 0.90630778703665 6.543098737152725e-17
    outer loop
      vertex -1 -2.474792668986475 0.8964947432688251
      vertex -0.7642990400650298 -2.584701831638636 1.0297674143584266
      vertex 0.1637709603547579 -3.0174679801382958 0.2676384150981903
    endloop
  endfacet
  facet normal 0.42261826174069883 0.9063077870366502 -7.017834675960318e-16
    outer loop
      vertex -0.7642990400650298 -2.584701831638636 1.0297674143584266
      vertex 0.2156770083329853 -3.0416721678151037 0.5
      vertex 0.1637709603547579 -3.0174679801382958 0.2676384150981903
    endloop
  endfacet
  facet normal -0.9455185755993162 0.32556815445715875 0
    outer loop
      vertex -1.855650332035168 -3.4271289993112517 0.5
      vertex -1.855650332035168 -3.4271289993112517 1.5
      vertex -1.655676232803554 -2.8463620450693776 0.5
    endloop
  endfacet
  facet normal -0.9455185755993162 0.32556815445715875 0
    outer loop
      vertex -1.655676232803554 -2.8463620450693776 0.5
      vertex -1.855650332035168 -3.4271289993112517 1.5
      vertex -1.655676232803554 -2.8463620450693776 1.5
    endloop
  endfacet
  facet normal -0.9205048534524406 0.3907311284892734 0
    outer loop
      vertex -1.655676232803554 -2.8463620450693776 0.5
      vertex -1.655676232803554 -2.8463620450693776 1.5
      vertex -1.4156770056319772 -2.2809592979413456 0.5
    endloop
  endfacet
  facet normal -0.9205048534524406 0.3907311284892734 0
    outer loop
      vertex -1.4156770056319772 -2.2809592979413456 0.5
      vertex -1.655676232803554 -2.8463620450693776 1.5
      vertex -1.4156770056319772 -2.2809592979413456 1.5
    endloop
  endfacet
  facet normal 0.42261826174069944 0.9063077870366499 -3.4762705589986713e-17
    outer loop
      vertex -1.4156770056319772 -2.2809592979413456 0.5
      vertex -1.2 -2.3815311373554753 1.097523415916816
      vertex -1 -2.474792668986475 0.8964947432688251
    endloop
  endfacet
  facet normal 0.42261826174070055 0.9063077870366495 -4.912822809691608e-16
    outer loop
      vertex -1.4156770056319772 -2.2809592979413456 0.5
      vertex -1.2 -2.381531137355475 1.9198375618411798
      vertex -1.2 -2.3815311373554753 1.097523415916816
    endloop
  endfacet
  facet normal 0.42261826174069783 0.9063077870366507 0
    outer loop
      vertex -1.4156770056319772 -2.2809592979413456 0.5
      vertex -1.4156770056319772 -2.2809592979413456 1.5
      vertex -1.2 -2.381531137355475 1.9198375618411798
    endloop
  endfacet
  facet normal 0.4226182617406988 0.9063077870366503 -9.028657656938538e-16
    outer loop
      vertex -0.7642990400650298 -2.584701831638636 1.0297674143584266
      vertex -0.45712886864444735 -2.727937634928837 1.233405462496031
      vertex 0.2156770083329853 -3.0416721678151037 0.5
    endloop
  endfacet
  facet normal 0.42261826174069944 0.90630778703665 -1.3305798874054198e-16
    outer loop
      vertex -0.45712886864444735 -2.727937634928837 1.233405462496031
      vertex -0.18428929951724382 -2.855164815460562 1.4474105898351444
      vertex 0.2156770083329853 -3.0416721678151037 0.5
    endloop
  endfacet
  facet normal 0.9455185755993156 -0.32556815445716014 6.8180375266682345e-18
    outer loop
      vertex -0.13430177415171407 -3.9533980669408426 0.5
      vertex 0.024768532109123775 -3.4914243531828983 0.5
      vertex 0.024768532109123775 -3.4914243531828983 1.5
    endloop
  endfacet
  facet normal 0.9437956249272137 -0.32497489496441945 0.060341826381993625
    outer loop
      vertex -0.13430177415171407 -3.9533980669408426 1.5
      vertex 0.024768532109123775 -3.4914243531828983 1.5
      vertex 0.021365107122636395 -3.4901179007346457 1.5602683424949646
    endloop
  endfacet
  facet normal 0.6891923609972385 -0.2925448007673651 -0.6628962430780815
    outer loop
      vertex -0.1768546157023163 -3.4140284781074572 0.08850806951522827
      vertex 0.019943867703673845 -2.950400305384927 0.08850806951522827
      vertex 0.1637709603547579 -3.0174679801382958 0.2676384150981903
    endloop
  endfacet
  facet normal 0.6891923609972397 -0.29254480076736733 -0.6628962430780793
    outer loop
      vertex -0.1768546157023163 -3.4140284781074572 0.08850806951522827
      vertex 0.1637709603547579 -3.0174679801382958 0.2676384150981903
      vertex -0.02869947412719398 -3.470899908563727 0.2676384150981903
    endloop
  endfacet
  facet normal 0.8937878290951567 -0.3793904244855488 -0.23917822302634914
    outer loop
      vertex -0.02869947412719398 -3.470899908563727 0.2676384150981903
      vertex 0.1637709603547579 -3.0174679801382958 0.2676384150981903
      vertex 0.2156770083329853 -3.0416721678151037 0.5
    endloop
  endfacet
  facet normal 0.8937878290951566 -0.3793904244855459 -0.2391782230263543
    outer loop
      vertex -0.02869947412719398 -3.470899908563727 0.2676384150981903
      vertex 0.2156770083329853 -3.0416721678151037 0.5
      vertex 0.024768532109123775 -3.4914243531828983 0.5
    endloop
  endfacet
  facet normal 0.9205048534524412 -0.3907311284892717 4.6126064463276985e-18
    outer loop
      vertex 0.024768532109123775 -3.4914243531828983 0.5
      vertex 0.2156770083329853 -3.0416721678151037 0.5
      vertex 0.2156770083329853 -3.0416721678151037 1.5
    endloop
  endfacet
  facet normal 0.9205048534524412 -0.3907311284892717 0
    outer loop
      vertex 0.024768532109123775 -3.4914243531828983 0.5
      vertex 0.2156770083329853 -3.0416721678151037 1.5
      vertex 0.024768532109123775 -3.4914243531828983 1.5
    endloop
  endfacet
  facet normal 0.4226182617406997 0.9063077870366497 0
    outer loop
      vertex 0.2156770083329853 -3.0416721678151037 0.5
      vertex -0.18428929951724382 -2.855164815460562 1.4474105898351444
      vertex 0.2156770083329853 -3.0416721678151037 1.5
    endloop
  endfacet
  facet normal 0.9188274834918094 -0.3900191271835192 0.06034182638199265
    outer loop
      vertex 0.024768532109123775 -3.4914243531828983 1.5
      vertex 0.21237300743461507 -3.040131486893643 1.5602683424949646
      vertex 0.021365107122636395 -3.4901179007346457 1.5602683424949646
    endloop
  endfacet
  facet normal 0.4226182617406995 0.90630778703665 2.3319173801058027e-15
    outer loop
      vertex -0.18428929951724382 -2.855164815460562 1.4474105898351444
      vertex 0.21237300743461507 -3.040131486893643 1.5602683424949646
      vertex 0.2156770083329853 -3.0416721678151037 1.5
    endloop
  endfacet
  facet normal 0.9188274834918111 -0.3900191271835178 0.060341826381977014
    outer loop
      vertex 0.024768532109123775 -3.4914243531828983 1.5
      vertex 0.2156770083329853 -3.0416721678151037 1.5
      vertex 0.21237300743461507 -3.040131486893643 1.5602683424949646
    endloop
  endfacet
  facet normal 0.42261826174069955 0.9063077870366499 2.0722814828982954e-15
    outer loop
      vertex -0.18428929951724382 -2.855164815460562 1.4474105898351444
      vertex 0 -2.9411003271414735 1.6209715603305588
      vertex 0.21237300743461507 -3.040131486893643 1.5602683424949646
    endloop
  endfacet
  facet normal -0.9696449949079099 0.05081694087603763 0.23917822302634648
    outer loop
      vertex -2.2388281968069297 -5.846418823403917 1.5
      vertex -2.1815649324082003 -5.847418357401999 1.7323615849018097
      vertex -2.2066818226489353 -5.233029464080352 1.5
    endloop
  endfacet
  facet normal -0.9696449949079088 0.05081694087603935 0.23917822302635092
    outer loop
      vertex -2.1815649324082003 -5.847418357401999 1.7323615849018097
      vertex -2.149627772651332 -5.238021046663383 1.7323615849018097
      vertex -2.2066818226489353 -5.233029464080352 1.5
    endloop
  endfacet
  facet normal -0.7476851906187553 0.03918452044314637 0.6628962430780824
    outer loop
      vertex -2.1815649324082003 -5.847418357401999 1.7323615849018097
      vertex -2.0228934643427756 -5.850187978179336 1.9114919304847717
      vertex -2.149627772651332 -5.238021046663383 1.7323615849018097
    endloop
  endfacet
  facet normal -0.7476851906187554 0.039184520443146326 0.6628962430780823
    outer loop
      vertex -2.0228934643427756 -5.850187978179336 1.9114919304847717
      vertex -1.9915360192863503 -5.2518522828797565 1.9114919304847717
      vertex -2.149627772651332 -5.238021046663383 1.7323615849018097
    endloop
  endfacet
  facet normal -0.3543076160381062 0.01856847533962558 0.9349445571481528
    outer loop
      vertex -2.0228934643427756 -5.850187978179336 1.9114919304847717
      vertex -1.7991635125632204 -5.854093199014035 1.9963544383645058
      vertex -1.9915360192863503 -5.2518522828797565 1.9114919304847717
    endloop
  endfacet
  facet normal -0.9637381778325237 0.11833216899053418 0.23917822302635078
    outer loop
      vertex -2.2066818226489353 -5.233029464080352 1.5
      vertex -2.149627772651332 -5.238021046663383 1.7323615849018097
      vertex -2.131825876704136 -4.623376708112179 1.5
    endloop
  endfacet
  facet normal -0.9637381778325254 0.11833216899053188 0.23917822302634462
    outer loop
      vertex -2.149627772651332 -5.238021046663383 1.7323615849018097
      vertex -2.075259002704197 -4.632336020791568 1.7323615849018097
      vertex -2.131825876704136 -4.623376708112179 1.5
    endloop
  endfacet
  facet normal -0.7431304931014658 0.09124495128902235 0.6628962430780825
    outer loop
      vertex -2.149627772651332 -5.238021046663383 1.7323615849018097
      vertex -1.9915360192863503 -5.2518522828797565 1.9114919304847717
      vertex -2.075259002704197 -4.632336020791568 1.7323615849018097
    endloop
  endfacet
  facet normal -0.7431304931014634 0.09124495128902345 0.6628962430780853
    outer loop
      vertex -1.9915360192863503 -5.2518522828797565 1.9114919304847717
      vertex -1.9185171711707234 -4.65716148805444 1.9114919304847717
      vertex -2.075259002704197 -4.632336020791568 1.7323615849018097
    endloop
  endfacet
  facet normal -0.3521492691303775 0.04323849338245279 0.9349445571481533
    outer loop
      vertex -1.9915360192863503 -5.2518522828797565 1.9114919304847717
      vertex -1.7686234768593216 -5.271354603299862 1.9963544383645058
      vertex -1.9185171711707234 -4.65716148805444 1.9114919304847717
    endloop
  endfacet
  facet normal -0.06033234556166261 0.003161884249823885 0.9981733369345319
    outer loop
      vertex -1.7991635125632204 -5.854093199014035 1.9963544383645058
      vertex -1.7389043492287346 -5.8551450266225595 2
      vertex -1.7686234768593216 -5.271354603299862 1.9963544383645058
    endloop
  endfacet
  facet normal -0.3543076160381048 0.0185684753396261 0.9349445571481534
    outer loop
      vertex -1.7991635125632204 -5.854093199014035 1.9963544383645058
      vertex -1.7686234768593216 -5.271354603299862 1.9963544383645058
      vertex -1.9915360192863503 -5.2518522828797565 1.9114919304847717
    endloop
  endfacet
  facet normal -0.060332345561662455 0.0031618842498238914 0.9981733369345319
    outer loop
      vertex -1.7389043492287346 -5.8551450266225595 2
      vertex -1.7085844736030609 -5.276607335454181 2
      vertex -1.7686234768593216 -5.271354603299862 1.9963544383645058
    endloop
  endfacet
  facet normal -0.059964817104512576 0.007362753737800396 0.9981733369345321
    outer loop
      vertex -1.7686234768593216 -5.271354603299862 1.9963544383645058
      vertex -1.7085844736030609 -5.276607335454181 2
      vertex -1.6975080455958391 -4.692165894715233 1.9963544383645058
    endloop
  endfacet
  facet normal -0.35214926913038125 0.04323849338245168 0.934944557148152
    outer loop
      vertex -1.7686234768593216 -5.271354603299862 1.9963544383645058
      vertex -1.6975080455958391 -4.692165894715233 1.9963544383645058
      vertex -1.9185171711707234 -4.65716148805444 1.9114919304847717
    endloop
  endfacet
  facet normal 0 0 1
    outer loop
      vertex -1.7389043492287346 -5.8551450266225595 2
      vertex -0.9390261960833994 -5.869106951720373 2
      vertex -1.7085844736030609 -5.276607335454181 2
    endloop
  endfacet
  facet normal 0 0 1
    outer loop
      vertex -0.9390261960833994 -5.869106951720373 2
      vertex -0.911628718098557 -5.346331929392564 2
      vertex -1.7085844736030609 -5.276607335454181 2
    endloop
  endfacet
  facet normal 0 0 1
    outer loop
      vertex -1.7085844736030609 -5.276607335454181 2
      vertex -0.911628718098557 -5.346331929392564 2
      vertex -1.6379817064065687 -4.701593940632295 2
    endloop
  endfacet
  facet normal -0.059964817104512694 0.007362753737800398 0.9981733369345321
    outer loop
      vertex -1.7085844736030609 -5.276607335454181 2
      vertex -1.6379817064065687 -4.701593940632295 2
      vertex -1.6975080455958391 -4.692165894715233 1.9963544383645058
    endloop
  endfacet
  facet normal -0.9531361252293636 0.18527089467240965 0.23917822302634462
    outer loop
      vertex -2.131825876704136 -4.623376708112179 1.5
      vertex -2.075259002704197 -4.632336020791568 1.7323615849018097
      vertex -2.0146250496166864 -4.020430722444394 1.5
    endloop
  endfacet
  facet normal -0.9531361252293615 0.18527089467241187 0.23917822302635108
    outer loop
      vertex -2.075259002704197 -4.632336020791568 1.7323615849018097
      vertex -1.9588209397384535 -4.033314116349354 1.7323615849018097
      vertex -2.0146250496166864 -4.020430722444394 1.5
    endloop
  endfacet
  facet normal -0.7349553385209996 0.14286084590412956 0.662896243078085
    outer loop
      vertex -1.9185171711707234 -4.65716148805444 1.9114919304847717
      vertex -1.9588209397384535 -4.033314116349354 1.7323615849018097
      vertex -2.075259002704197 -4.632336020791568 1.7323615849018097
    endloop
  endfacet
  facet normal -0.34827528638137145 0.0676978578318375 0.934944557148152
    outer loop
      vertex -1.9185171711707234 -4.65716148805444 1.9114919304847717
      vertex -1.6975080455958391 -4.692165894715233 1.9963544383645058
      vertex -1.8041926604840892 -4.069012867477667 1.9114919304847717
    endloop
  endfacet
  facet normal -0.734955338521005 0.14286084590412754 0.6628962430780794
    outer loop
      vertex -1.9185171711707234 -4.65716148805444 1.9114919304847717
      vertex -1.8041926604840892 -4.069012867477667 1.9114919304847717
      vertex -1.9588209397384535 -4.033314116349354 1.7323615849018097
    endloop
  endfacet
  facet normal -0.9378904892329909 0.2513069991788093 0.23917822302635103
    outer loop
      vertex -2.0146250496166864 -4.020430722444394 1.5
      vertex -1.9588209397384535 -4.033314116349354 1.7323615849018097
      vertex -1.855650332035168 -3.4271289993112517 1.5
    endloop
  endfacet
  facet normal -0.9378904892329902 0.25130699917880994 0.23917822302635294
    outer loop
      vertex -1.9588209397384535 -4.033314116349354 1.7323615849018097
      vertex -1.80088085829256 -3.443873707841712 1.7323615849018097
      vertex -1.855650332035168 -3.4271289993112517 1.5
    endloop
  endfacet
  facet normal -0.7231995554087187 0.1937807368383129 0.6628962430780794
    outer loop
      vertex -1.9588209397384535 -4.033314116349354 1.7323615849018097
      vertex -1.8041926604840892 -4.069012867477667 1.9114919304847717
      vertex -1.80088085829256 -3.443873707841712 1.7323615849018097
    endloop
  endfacet
  facet normal -0.7231995554087183 0.19378073683831304 0.6628962430780799
    outer loop
      vertex -1.8041926604840892 -4.069012867477667 1.9114919304847717
      vertex -1.6491194647506493 -3.4902718221083964 1.9114919304847717
      vertex -1.80088085829256 -3.443873707841712 1.7323615849018097
    endloop
  endfacet
  facet normal -0.34270454144561896 0.09182740512283183 0.9349445571481526
    outer loop
      vertex -1.8041926604840892 -4.069012867477667 1.9114919304847717
      vertex -1.5861636860053867 -4.1193488224285275 1.9963544383645058
      vertex -1.6491194647506493 -3.4902718221083964 1.9114919304847717
    endloop
  endfacet
  facet normal -0.3482752863813695 0.06769785783183793 0.9349445571481527
    outer loop
      vertex -1.6975080455958391 -4.692165894715233 1.9963544383645058
      vertex -1.5861636860053867 -4.1193488224285275 1.9963544383645058
      vertex -1.8041926604840892 -4.069012867477667 1.9114919304847717
    endloop
  endfacet
  facet normal -0.05930514608607183 0.011527752629668181 0.9981733369345321
    outer loop
      vertex -1.6975080455958391 -4.692165894715233 1.9963544383645058
      vertex -1.6379817064065687 -4.701593940632295 2
      vertex -1.5861636860053867 -4.1193488224285275 1.9963544383645058
    endloop
  endfacet
  facet normal -0.0593051460860719 0.011527752629668188 0.9981733369345321
    outer loop
      vertex -1.6379817064065687 -4.701593940632295 2
      vertex -1.5274400172240696 -4.132906249616326 2
      vertex -1.5861636860053867 -4.1193488224285275 1.9963544383645058
    endloop
  endfacet
  facet normal 0 0 1
    outer loop
      vertex -1.6379817064065687 -4.701593940632295 2
      vertex -0.8478310368739983 -4.826741512198268 2
      vertex -1.5274400172240696 -4.132906249616326 2
    endloop
  endfacet
  facet normal -0.05835654635723229 0.015636589469489755 0.9981733369345321
    outer loop
      vertex -1.5861636860053867 -4.1193488224285275 1.9963544383645058
      vertex -1.5274400172240696 -4.132906249616326 2
      vertex -1.4351328566155939 -3.5556940936365535 1.9963544383645058
    endloop
  endfacet
  facet normal -0.34270454144561907 0.09182740512283183 0.9349445571481527
    outer loop
      vertex -1.5861636860053867 -4.1193488224285275 1.9963544383645058
      vertex -1.4351328566155939 -3.5556940936365535 1.9963544383645058
      vertex -1.6491194647506493 -3.4902718221083964 1.9114919304847717
    endloop
  endfacet
  facet normal -0.058356546357231934 0.015636589469489703 0.9981733369345319
    outer loop
      vertex -1.5274400172240696 -4.132906249616326 2
      vertex -1.3774979540536503 -3.57331485167262 2
      vertex -1.4351328566155939 -3.5556940936365535 1.9963544383645058
    endloop
  endfacet
  facet normal 0 0 1
    outer loop
      vertex -1.5274400172240696 -4.132906249616326 2
      vertex -0.7479439682997304 -4.312867092421012 2
      vertex -1.3774979540536503 -3.57331485167262 2
    endloop
  endfacet
  facet normal 0.6624399321469532 -0.03471700575222983 0.7483101401215541
    outer loop
      vertex -0.706700000976439 -5.873162220540491 1.9427280128002167
      vertex -0.5275969378127465 -5.876288476136857 1.7840323746204376
      vertex -0.6801513391791794 -5.366583575910704 1.9427280128002167
    endloop
  endfacet
  facet normal 0.6584045258661275 -0.08084191060495786 0.7483101401215541
    outer loop
      vertex -0.6801513391791794 -5.366583575910704 1.9427280128002167
      vertex -0.5017026386420902 -5.3821958142286315 1.7840323746204376
      vertex -0.6183302086642737 -4.863090872428283 1.9427280128002167
    endloop
  endfacet
  facet normal 0.9338063403472175 -0.04893871657801934 0.35441602777954695
    outer loop
      vertex -0.44274735490400285 -5.877769531115661 1.5602683424949646
      vertex -0.41716305822553057 -5.389592069134319 1.5602683424949646
      vertex -0.5017026386420902 -5.3821958142286315 1.7840323746204376
    endloop
  endfacet
  facet normal 0.9338063403472163 -0.04893871657802091 0.3544160277795501
    outer loop
      vertex -0.44274735490400285 -5.877769531115661 1.5602683424949646
      vertex -0.5017026386420902 -5.3821958142286315 1.7840323746204376
      vertex -0.5275969378127465 -5.876288476136857 1.7840323746204376
    endloop
  endfacet
  facet normal 0.9281178427370282 -0.11395854178661771 0.35441602777954706
    outer loop
      vertex -0.41716305822553057 -5.389592069134319 1.5602683424949646
      vertex -0.4414052548852041 -4.891113032212026 1.7840323746204376
      vertex -0.5017026386420902 -5.3821958142286315 1.7840323746204376
    endloop
  endfacet
  facet normal 0.662439932146953 -0.03471700575222998 0.7483101401215542
    outer loop
      vertex -0.5275969378127465 -5.876288476136857 1.7840323746204376
      vertex -0.5017026386420902 -5.3821958142286315 1.7840323746204376
      vertex -0.6801513391791794 -5.366583575910704 1.9427280128002167
    endloop
  endfacet
  facet normal 0.9281178427370289 -0.11395854178661705 0.3544160277795457
    outer loop
      vertex -0.41716305822553057 -5.389592069134319 1.5602683424949646
      vertex -0.3575875452987285 -4.904388453234164 1.5602683424949646
      vertex -0.4414052548852041 -4.891113032212026 1.7840323746204376
    endloop
  endfacet
  facet normal 0.9179076482911042 -0.17842317243470057 0.3544160277795456
    outer loop
      vertex -0.3575875452987285 -4.904388453234164 1.5602683424949646
      vertex -0.346998549334681 -4.405432636037554 1.7840323746204376
      vertex -0.4414052548852041 -4.891113032212026 1.7840323746204376
    endloop
  endfacet
  facet normal 0.6584045258661272 -0.08084191060495796 0.7483101401215543
    outer loop
      vertex -0.6183302086642737 -4.863090872428283 1.9427280128002167
      vertex -0.5017026386420902 -5.3821958142286315 1.7840323746204376
      vertex -0.4414052548852041 -4.891113032212026 1.7840323746204376
    endloop
  endfacet
  facet normal 0.6511614389178735 -0.12657296179541758 0.7483101401215544
    outer loop
      vertex -0.6183302086642737 -4.863090872428283 1.9427280128002167
      vertex -0.4414052548852041 -4.891113032212026 1.7840323746204376
      vertex -0.5215377957653535 -4.365137075933686 1.9427280128002167
    endloop
  endfacet
  facet normal 0.23912501505366943 -0.01253201100998649 0.970907913180044
    outer loop
      vertex -0.706700000976439 -5.873162220540491 1.9427280128002167
      vertex -0.911628718098557 -5.346331929392564 2
      vertex -0.9390261960833994 -5.869106951720373 2
    endloop
  endfacet
  facet normal 0.23912501505366954 -0.012532011009986443 0.9709079131800441
    outer loop
      vertex -0.706700000976439 -5.873162220540491 1.9427280128002167
      vertex -0.6801513391791794 -5.366583575910704 1.9427280128002167
      vertex -0.911628718098557 -5.346331929392564 2
    endloop
  endfacet
  facet normal 0 0 1
    outer loop
      vertex -1.6379817064065687 -4.701593940632295 2
      vertex -0.911628718098557 -5.346331929392564 2
      vertex -0.8478310368739983 -4.826741512198268 2
    endloop
  endfacet
  facet normal 0.2376683296384008 -0.02918200149517782 0.9709079131800441
    outer loop
      vertex -0.6801513391791794 -5.366583575910704 1.9427280128002167
      vertex -0.8478310368739983 -4.826741512198268 2
      vertex -0.911628718098557 -5.346331929392564 2
    endloop
  endfacet
  facet normal 0.2376683296384005 -0.029182001495177905 0.970907913180044
    outer loop
      vertex -0.6801513391791794 -5.366583575910704 1.9427280128002167
      vertex -0.6183302086642737 -4.863090872428283 1.9427280128002167
      vertex -0.8478310368739983 -4.826741512198268 2
    endloop
  endfacet
  facet normal 0.23505374801147055 -0.04568982020244863 0.9709079131800441
    outer loop
      vertex -0.6183302086642737 -4.863090872428283 1.9427280128002167
      vertex -0.7479439682997304 -4.312867092421012 2
      vertex -0.8478310368739983 -4.826741512198268 2
    endloop
  endfacet
  facet normal 0.9179076482911029 -0.1784231724347017 0.3544160277795481
    outer loop
      vertex -0.3575875452987285 -4.904388453234164 1.5602683424949646
      vertex -0.26431106203406696 -4.4245225466593645 1.5602683424949646
      vertex -0.346998549334681 -4.405432636037554 1.7840323746204376
    endloop
  endfacet
  facet normal 0.9032255000504575 -0.24201854332171727 0.3544160277795503
    outer loop
      vertex -0.26431106203406696 -4.4245225466593645 1.5602683424949646
      vertex -0.1377880420818931 -3.952332207870801 1.5602683424949646
      vertex -0.21894246197023381 -3.9275208117749565 1.7840323746204376
    endloop
  endfacet
  facet normal 0.9032255000504587 -0.24201854332171632 0.35441602777954795
    outer loop
      vertex -0.26431106203406696 -4.4245225466593645 1.5602683424949646
      vertex -0.21894246197023381 -3.9275208117749565 1.7840323746204376
      vertex -0.346998549334681 -4.405432636037554 1.7840323746204376
    endloop
  endfacet
  facet normal 0.6511614389178735 -0.12657296179541755 0.7483101401215544
    outer loop
      vertex -0.4414052548852041 -4.891113032212026 1.7840323746204376
      vertex -0.346998549334681 -4.405432636037554 1.7840323746204376
      vertex -0.5215377957653535 -4.365137075933686 1.9427280128002167
    endloop
  endfacet
  facet normal 0.6407459588937306 -0.17168736223908077 0.7483101401215544
    outer loop
      vertex -0.346998549334681 -4.405432636037554 1.7840323746204376
      vertex -0.39024566338852207 -3.875148167269293 1.9427280128002167
      vertex -0.5215377957653535 -4.365137075933686 1.9427280128002167
    endloop
  endfacet
  facet normal 0.8841429279654769 -0.3044348241932906 0.3544160277795486
    outer loop
      vertex -0.1377880420818931 -3.952332207870801 1.5602683424949646
      vertex 0.021365107122636395 -3.4901179007346457 1.5602683424949646
      vertex -0.057860869177347674 -3.459705897792513 1.7840323746204376
    endloop
  endfacet
  facet normal 0.884142927965476 -0.30443482419329115 0.3544160277795502
    outer loop
      vertex -0.1377880420818931 -3.952332207870801 1.5602683424949646
      vertex -0.057860869177347674 -3.459705897792513 1.7840323746204376
      vertex -0.21894246197023381 -3.9275208117749565 1.7840323746204376
    endloop
  endfacet
  facet normal 0.6407459588937324 -0.17168736223908015 0.748310140121553
    outer loop
      vertex -0.346998549334681 -4.405432636037554 1.7840323746204376
      vertex -0.21894246197023381 -3.9275208117749565 1.7840323746204376
      vertex -0.39024566338852207 -3.875148167269293 1.9427280128002167
    endloop
  endfacet
  facet normal 0.6272088289654162 -0.2159653191118693 0.7483101401215541
    outer loop
      vertex -0.21894246197023381 -3.9275208117749565 1.7840323746204376
      vertex -0.057860869177347674 -3.459705897792513 1.7840323746204376
      vertex -0.22509345360528066 -3.3955113231446057 1.9427280128002167
    endloop
  endfacet
  facet normal 0.6272088289654176 -0.21596531911186895 0.7483101401215531
    outer loop
      vertex -0.39024566338852207 -3.875148167269293 1.9427280128002167
      vertex -0.21894246197023381 -3.9275208117749565 1.7840323746204376
      vertex -0.22509345360528066 -3.3955113231446057 1.9427280128002167
    endloop
  endfacet
  facet normal 0 0 1
    outer loop
      vertex -1.5274400172240696 -4.132906249616326 2
      vertex -0.8478310368739983 -4.826741512198268 2
      vertex -0.7479439682997304 -4.312867092421012 2
    endloop
  endfacet
  facet normal 0.23505374801146992 -0.0456898202024488 0.9709079131800443
    outer loop
      vertex -0.6183302086642737 -4.863090872428283 1.9427280128002167
      vertex -0.5215377957653535 -4.365137075933686 1.9427280128002167
      vertex -0.7479439682997304 -4.312867092421012 2
    endloop
  endfacet
  facet normal 0.23129400815174797 -0.0619750426984186 0.9709079131800442
    outer loop
      vertex -0.7479439682997304 -4.312867092421012 2
      vertex -0.5215377957653535 -4.365137075933686 1.9427280128002167
      vertex -0.6124541521332318 -3.807212214579474 2
    endloop
  endfacet
  facet normal 0 0 1
    outer loop
      vertex -1.3774979540536503 -3.57331485167262 2
      vertex -0.7479439682997304 -4.312867092421012 2
      vertex -0.6124541521332318 -3.807212214579474 2
    endloop
  endfacet
  facet normal 0.23129400815174825 -0.06197504269841857 0.9709079131800442
    outer loop
      vertex -0.6124541521332318 -3.807212214579474 2
      vertex -0.5215377957653535 -4.365137075933686 1.9427280128002167
      vertex -0.39024566338852207 -3.875148167269293 1.9427280128002167
    endloop
  endfacet
  facet normal 0.2264074271339034 -0.07795832901607139 0.9709079131800442
    outer loop
      vertex -0.6124541521332318 -3.807212214579474 2
      vertex -0.39024566338852207 -3.875148167269293 1.9427280128002167
      vertex -0.4420216811394777 -3.312240378410248 2
    endloop
  endfacet
  facet normal 0.22640742713390408 -0.0779583290160713 0.9709079131800441
    outer loop
      vertex -0.39024566338852207 -3.875148167269293 1.9427280128002167
      vertex -0.22509345360528066 -3.3955113231446057 1.9427280128002167
      vertex -0.4420216811394777 -3.312240378410248 2
    endloop
  endfacet
  facet normal -0.9180755450494973 0.31611876124650423 0.23917822302635305
    outer loop
      vertex -1.855650332035168 -3.4271289993112517 1.5
      vertex -1.80088085829256 -3.443873707841712 1.7323615849018097
      vertex -1.655676232803554 -2.8463620450693776 1.5
    endloop
  endfacet
  facet normal -0.9180755450494983 0.31611876124650345 0.23917822302635047
    outer loop
      vertex -1.80088085829256 -3.443873707841712 1.7323615849018097
      vertex -1.602208226567237 -2.8668864896885484 1.7323615849018097
      vertex -1.655676232803554 -2.8463620450693776 1.5
    endloop
  endfacet
  facet normal -0.7079204167582458 0.2437565475013928 0.6628962430780799
    outer loop
      vertex -1.80088085829256 -3.443873707841712 1.7323615849018097
      vertex -1.6491194647506493 -3.4902718221083964 1.9114919304847717
      vertex -1.602208226567237 -2.8668864896885484 1.7323615849018097
    endloop
  endfacet
  facet normal -0.3354641744324856 0.11550957852652599 0.9349445571481526
    outer loop
      vertex -1.4351328566155939 -3.5556940936365535 1.9963544383645058
      vertex -1.4540530849921147 -2.9237579201448187 1.9114919304847717
      vertex -1.6491194647506493 -3.4902718221083964 1.9114919304847717
    endloop
  endfacet
  facet normal -0.7079204167582461 0.24375654750139264 0.6628962430780794
    outer loop
      vertex -1.602208226567237 -2.8668864896885484 1.7323615849018097
      vertex -1.6491194647506493 -3.4902718221083964 1.9114919304847717
      vertex -1.4540530849921147 -2.9237579201448187 1.9114919304847717
    endloop
  endfacet
  facet normal -0.8937878290951569 0.37939042448554783 0.23917822302635036
    outer loop
      vertex -1.655676232803554 -2.8463620450693776 1.5
      vertex -1.602208226567237 -2.8668864896885484 1.7323615849018097
      vertex -1.4156770056319772 -2.2809592979413456 1.5
    endloop
  endfacet
  facet normal -0.8937878290951573 0.3793904244855475 0.23917822302634908
    outer loop
      vertex -1.602208226567237 -2.8668864896885484 1.7323615849018097
      vertex -1.3637709576537498 -2.3051634856181535 1.7323615849018097
      vertex -1.4156770056319772 -2.2809592979413456 1.5
    endloop
  endfacet
  facet normal -0.6891923609972398 0.2925448007673661 0.6628962430780796
    outer loop
      vertex -1.602208226567237 -2.8668864896885484 1.7323615849018097
      vertex -1.4540530849921147 -2.9237579201448187 1.9114919304847717
      vertex -1.3637709576537498 -2.3051634856181535 1.7323615849018097
    endloop
  endfacet
  facet normal -0.3265894596822561 0.13862900087461993 0.9349445571481533
    outer loop
      vertex -1.2451513644456806 -3.0039477775196133 1.9963544383645058
      vertex -1.2199438650026657 -2.3722311603715225 1.9114919304847717
      vertex -1.4540530849921147 -2.9237579201448187 1.9114919304847717
    endloop
  endfacet
  facet normal -0.6891923609972378 0.2925448007673664 0.6628962430780815
    outer loop
      vertex -1.4540530849921147 -2.9237579201448187 1.9114919304847717
      vertex -1.2199438650026657 -2.3722311603715225 1.9114919304847717
      vertex -1.3637709576537498 -2.3051634856181535 1.7323615849018097
    endloop
  endfacet
  facet normal -0.32658945968225456 0.13862900087462 0.9349445571481538
    outer loop
      vertex -1.2 -2.878209792873329 1.993482640839462
      vertex -1.2 -2.381531137355475 1.9198375618411798
      vertex -1.2199438650026657 -2.3722311603715225 1.9114919304847717
    endloop
  endfacet
  facet normal -0.05712363940051932 0.019669246417200515 0.9981733369345321
    outer loop
      vertex -1.4351328566155939 -3.5556940936365535 1.9963544383645058
      vertex -1.3774979540536503 -3.57331485167262 2
      vertex -1.2451513644456806 -3.0039477775196133 1.9963544383645058
    endloop
  endfacet
  facet normal -0.33546417443248333 0.11550957852652617 0.9349445571481534
    outer loop
      vertex -1.4351328566155939 -3.5556940936365535 1.9963544383645058
      vertex -1.2451513644456806 -3.0039477775196133 1.9963544383645058
      vertex -1.4540530849921147 -2.9237579201448187 1.9114919304847717
    endloop
  endfacet
  facet normal -0.057123639400519254 0.019669246417200494 0.9981733369345319
    outer loop
      vertex -1.3774979540536503 -3.57331485167262 2
      vertex -1.1888860195549524 -3.025546019842028 2
      vertex -1.2451513644456806 -3.0039477775196133 1.9963544383645058
    endloop
  endfacet
  facet normal -0.05561243181469559 0.023606076773511973 0.998173336934532
    outer loop
      vertex -1.2451513644456806 -3.0039477775196133 1.9963544383645058
      vertex -1.1888860195549524 -3.025546019842028 2
      vertex -1.1496303241881096 -2.9330653970399942 2
    endloop
  endfacet
  facet normal -0.3265894596822706 0.13862900087462537 0.9349445571481476
    outer loop
      vertex -1.2451513644456806 -3.0039477775196133 1.9963544383645058
      vertex -1.1945771463693964 -2.884802386214912 1.9963544383645058
      vertex -1.2 -2.878209792873329 1.993482640839462
    endloop
  endfacet
  facet normal -0.05561243181469562 0.02360607677351201 0.998173336934532
    outer loop
      vertex -1.2451513644456806 -3.0039477775196133 1.9963544383645058
      vertex -1.1496303241881096 -2.9330653970399942 2
      vertex -1.1945771463693964 -2.884802386214912 1.9963544383645058
    endloop
  endfacet
  facet normal -0.32658945968225506 0.13862900087461993 0.9349445571481537
    outer loop
      vertex -1.2451513644456806 -3.0039477775196133 1.9963544383645058
      vertex -1.2 -2.878209792873329 1.993482640839462
      vertex -1.2199438650026657 -2.3722311603715225 1.9114919304847717
    endloop
  endfacet
  facet normal 0.4226182617406992 0.9063077870366502 -8.389473250656195e-16
    outer loop
      vertex -1.4156770056319772 -2.2809592979413456 1.5
      vertex -1.3637709576537498 -2.3051634856181535 1.7323615849018097
      vertex -1.2 -2.381531137355475 1.9198375618411798
    endloop
  endfacet
  facet normal 0.422618261740691 0.9063077870366538 7.810873647100418e-15
    outer loop
      vertex -1.3637709576537498 -2.3051634856181535 1.7323615849018097
      vertex -1.2199438650026657 -2.3722311603715225 1.9114919304847717
      vertex -1.2 -2.381531137355475 1.9198375618411798
    endloop
  endfacet
  facet normal 0.6106160006691939 -0.2591911146586998 0.7483101401215541
    outer loop
      vertex -0.057860869177347674 -3.459705897792513 1.7840323746204376
      vertex -0.08767337771512813 -3.07176991224711 1.9427280128002167
      vertex -0.22509345360528066 -3.3955113231446057 1.9427280128002167
    endloop
  endfacet
  facet normal 0.610616000669194 -0.25919111465869976 0.7483101401215538
    outer loop
      vertex -0.057860869177347674 -3.459705897792513 1.7840323746204376
      vertex -0.031535547764228566 -3.058705155933575 1.9014451451723664
      vertex -0.08767337771512813 -3.07176991224711 1.9427280128002167
    endloop
  endfacet
  facet normal 0 0 1
    outer loop
      vertex -1.3774979540536503 -3.57331485167262 2
      vertex -0.6124541521332318 -3.807212214579474 2
      vertex -1.1888860195549524 -3.025546019842028 2
    endloop
  endfacet
  facet normal 0 0 1
    outer loop
      vertex -1.1888860195549524 -3.025546019842028 2
      vertex -1 -3.089894732526123 2
      vertex -1.1496303241881096 -2.9330653970399942 2
    endloop
  endfacet
  facet normal 0 0 1
    outer loop
      vertex -1.1888860195549524 -3.025546019842028 2
      vertex -0.4420216811394777 -3.312240378410248 2
      vertex -1 -3.089894732526123 2
    endloop
  endfacet
  facet normal 0 0 1
    outer loop
      vertex -0.6124541521332318 -3.807212214579474 2
      vertex -0.4420216811394777 -3.312240378410248 2
      vertex -1.1888860195549524 -3.025546019842028 2
    endloop
  endfacet
  facet normal 0 0 1
    outer loop
      vertex -1 -3.089894732526123 2
      vertex -0.4420216811394777 -3.312240378410248 2
      vertex -0.34764155396780827 -3.089894732526123 2
    endloop
  endfacet
  facet normal 0.22041781188945805 -0.0935618101911009 0.970907913180044
    outer loop
      vertex -0.22509345360528066 -3.3955113231446057 1.9427280128002167
      vertex -0.08767337771512813 -3.07176991224711 1.9427280128002167
      vertex -0.4420216811394777 -3.312240378410248 2
    endloop
  endfacet
  facet normal 0.22041781188945775 -0.09356181019110041 0.9709079131800442
    outer loop
      vertex -0.08767337771512813 -3.07176991224711 1.9427280128002167
      vertex -0.34764155396780827 -3.089894732526123 2
      vertex -0.4420216811394777 -3.312240378410248 2
    endloop
  endfacet
  facet normal 0.8607529004091854 -0.3653679292030722 0.3544160277795488
    outer loop
      vertex -0.057860869177347674 -3.459705897792513 1.7840323746204376
      vertex 0.021365107122636395 -3.4901179007346457 1.5602683424949646
      vertex 0.13546145571575252 -3.0042670413265533 1.7840323746204376
    endloop
  endfacet
  facet normal 0.8607529004091846 -0.36536792920307254 0.35441602777955
    outer loop
      vertex 0.021365107122636395 -3.4901179007346457 1.5602683424949646
      vertex 0.21237300743461507 -3.040131486893643 1.5602683424949646
      vertex 0.13546145571575252 -3.0042670413265533 1.7840323746204376
    endloop
  endfacet
  facet normal 0.42261826174069933 0.9063077870366499 1.1242474941477144e-15
    outer loop
      vertex 0.21237300743461507 -3.040131486893643 1.5602683424949646
      vertex 0 -2.9411003271414735 1.6209715603305588
      vertex 0.13546145571575252 -3.0042670413265533 1.7840323746204376
    endloop
  endfacet
  facet normal 0.6106160006691946 -0.2591911146586996 0.7483101401215534
    outer loop
      vertex -0.057860869177347674 -3.459705897792513 1.7840323746204376
      vertex 0.13546145571575252 -3.0042670413265533 1.7840323746204376
      vertex 0 -3.0496043698577266 1.8788645782904432
    endloop
  endfacet
  facet normal 0.6106160006691951 -0.2591911146586996 0.7483101401215532
    outer loop
      vertex -0.057860869177347674 -3.459705897792513 1.7840323746204376
      vertex 0 -3.0496043698577266 1.8788645782904432
      vertex -0.031535547764228566 -3.058705155933575 1.9014451451723664
    endloop
  endfacet
  facet normal 0.4226182617407005 0.9063077870366495 0
    outer loop
      vertex 0 -2.9411003271414735 1.6209715603305588
      vertex 0 -2.9411003271414735 1.916446968623992
      vertex 0.13546145571575252 -3.0042670413265533 1.7840323746204376
    endloop
  endfacet
  facet normal 0.6106160006691946 -0.2591911146586998 0.7483101401215533
    outer loop
      vertex 0 -3.0496043698577266 1.8788645782904432
      vertex 0.13546145571575252 -3.0042670413265533 1.7840323746204376
      vertex 0 -2.9411003271414735 1.916446968623992
    endloop
  endfacet
  facet normal 0.03471700575223144 -0.6624399321469533 -0.7483101401215538
    outer loop
      vertex 6.7087417597870935 -14.53106206192523 0.057271987199783325
      vertex 7.319088066971421 -14.678342070649062 0.21596762537956238
      vertex 6.711868015383458 -14.710165125088922 0.21596762537956238
    endloop
  endfacet
  facet normal 0.012532011009987113 -0.23912501505366937 -0.970907913180044
    outer loop
      vertex 6.7087417597870935 -14.53106206192523 0.057271987199783325
      vertex 6.704686490966975 -14.29873586681827 0
      vertex 7.303475828653493 -14.499893370111973 0.057271987199783325
    endloop
  endfacet
  facet normal 0.01253201100998709 -0.23912501505366948 -0.970907913180044
    outer loop
      vertex 7.303475828653493 -14.499893370111973 0.057271987199783325
      vertex 6.704686490966975 -14.29873586681827 0
      vertex 7.283224182135353 -14.268415991192596 0
    endloop
  endfacet
  facet normal 0.048938716578022956 -0.9338063403472162 -0.35441602777955034
    outer loop
      vertex 6.711868015383458 -14.710165125088922 0.21596762537956238
      vertex 7.326484321877109 -14.762881651065623 0.4397316575050354
      vertex 6.713349070362263 -14.795014707997666 0.4397316575050354
    endloop
  endfacet
  facet normal 0.03471700575223168 -0.6624399321469527 -0.7483101401215543
    outer loop
      vertex 6.7087417597870935 -14.53106206192523 0.057271987199783325
      vertex 7.303475828653493 -14.499893370111973 0.057271987199783325
      vertex 7.319088066971421 -14.678342070649062 0.21596762537956238
    endloop
  endfacet
  facet normal 0.08084191060495545 -0.6584045258661274 -0.7483101401215544
    outer loop
      vertex 7.303475828653493 -14.499893370111973 0.057271987199783325
      vertex 7.922609096970997 -14.604239005984898 0.21596762537956238
      vertex 7.319088066971421 -14.678342070649062 0.21596762537956238
    endloop
  endfacet
  facet normal 0.029182001495177017 -0.23766832963840082 -0.970907913180044
    outer loop
      vertex 7.303475828653493 -14.499893370111973 0.057271987199783325
      vertex 7.283224182135353 -14.268415991192596 0
      vertex 7.894586937187255 -14.427314052205828 0.057271987199783325
    endloop
  endfacet
  facet normal 0.048938716578022935 -0.9338063403472162 -0.3544160277795502
    outer loop
      vertex 6.711868015383458 -14.710165125088922 0.21596762537956238
      vertex 7.319088066971421 -14.678342070649062 0.21596762537956238
      vertex 7.326484321877109 -14.762881651065623 0.4397316575050354
    endloop
  endfacet
  facet normal 0.11395854178661717 -0.9281178427370269 -0.35441602777955034
    outer loop
      vertex 7.319088066971421 -14.678342070649062 0.21596762537956238
      vertex 7.935884517993136 -14.688056715571372 0.4397316575050354
      vertex 7.326484321877109 -14.762881651065623 0.4397316575050354
    endloop
  endfacet
  facet normal 0.052240588184282975 -0.9968098037916002 -0.06034182638196716
    outer loop
      vertex 6.713349070362263 -14.795014707997666 0.4397316575050354
      vertex 7.326802053509183 -14.766513340238468 0.5
      vertex 6.713412694185618 -14.798659714396464 0.5
    endloop
  endfacet
  facet normal 0.05224058818428348 -0.9968098037916001 -0.060341826381972295
    outer loop
      vertex 6.713349070362263 -14.795014707997666 0.4397316575050354
      vertex 7.326484321877109 -14.762881651065623 0.4397316575050354
      vertex 7.326802053509183 -14.766513340238468 0.5
    endloop
  endfacet
  facet normal 0.12164726964313999 -0.9907375059909951 -0.06034182638197239
    outer loop
      vertex 7.326484321877109 -14.762881651065623 0.4397316575050354
      vertex 7.936454809477355 -14.691657394293673 0.5
      vertex 7.326802053509183 -14.766513340238468 0.5
    endloop
  endfacet
  facet normal -0.003161884249823646 0.06033234556166271 -0.9981733369345321
    outer loop
      vertex 6.689672738260638 -13.438598550338448 0.003645561635494232
      vertex 7.213499588196972 -13.471460235688092 0
      vertex 6.690724565869161 -13.498857713672933 0
    endloop
  endfacet
  facet normal -0.0031618842498237713 0.0603323455616607 -0.9981733369345323
    outer loop
      vertex 6.689672738260638 -13.438598550338448 0.003645561635494232
      vertex 7.208246856042653 -13.41142123243183 0.003645561635494232
      vertex 7.213499588196972 -13.471460235688092 0
    endloop
  endfacet
  facet normal -0.018568475339626214 0.3543076160381086 -0.9349445571481518
    outer loop
      vertex 6.689672738260638 -13.438598550338448 0.003645561635494232
      vertex 6.685767517425939 -13.214868598558894 0.08850806951522827
      vertex 7.208246856042653 -13.41142123243183 0.003645561635494232
    endloop
  endfacet
  facet normal -0.01856847533962687 0.3543076160381072 -0.9349445571481525
    outer loop
      vertex 6.685767517425939 -13.214868598558894 0.08850806951522827
      vertex 7.188744535622546 -13.188508690004802 0.08850806951522827
      vertex 7.208246856042653 -13.41142123243183 0.003645561635494232
    endloop
  endfacet
  facet normal -0.039184520443148935 0.7476851906187552 -0.6628962430780824
    outer loop
      vertex 6.685767517425939 -13.214868598558894 0.08850806951522827
      vertex 6.682997896648601 -13.05619713049347 0.2676384150981903
      vertex 7.188744535622546 -13.188508690004802 0.08850806951522827
    endloop
  endfacet
  facet normal -0.03918452044314882 0.7476851906187554 -0.6628962430780823
    outer loop
      vertex 7.188744535622546 -13.188508690004802 0.08850806951522827
      vertex 6.682997896648601 -13.05619713049347 0.2676384150981903
      vertex 7.174913299406174 -13.03041693663982 0.2676384150981903
    endloop
  endfacet
  facet normal -0.05081694087604247 0.9696449949079079 -0.23917822302635344
    outer loop
      vertex 6.682997896648601 -13.05619713049347 0.2676384150981903
      vertex 6.6819983626505195 -12.998933866094738 0.5
      vertex 7.174913299406174 -13.03041693663982 0.2676384150981903
    endloop
  endfacet
  facet normal -0.04323849338245119 0.35214926913037997 -0.9349445571481525
    outer loop
      vertex 7.208246856042653 -13.41142123243183 0.003645561635494232
      vertex 7.188744535622546 -13.188508690004802 0.08850806951522827
      vertex 7.723661959474206 -13.348136215274263 0.003645561635494232
    endloop
  endfacet
  facet normal -0.09124495128901848 0.7431304931014665 -0.6628962430780823
    outer loop
      vertex 7.188744535622546 -13.188508690004802 0.08850806951522827
      vertex 7.174913299406174 -13.03041693663982 0.2676384150981903
      vertex 7.688657552813412 -13.127127089699378 0.08850806951522827
    endloop
  endfacet
  facet normal -0.007362753737800152 0.05996481710451083 -0.9981733369345323
    outer loop
      vertex 7.208246856042653 -13.41142123243183 0.003645561635494232
      vertex 7.733090005391267 -13.407662554463535 0
      vertex 7.213499588196972 -13.471460235688092 0
    endloop
  endfacet
  facet normal -0.007362753737800152 0.059964817104511035 -0.998173336934532
    outer loop
      vertex 7.208246856042653 -13.41142123243183 0.003645561635494232
      vertex 7.723661959474206 -13.348136215274263 0.003645561635494232
      vertex 7.733090005391267 -13.407662554463535 0
    endloop
  endfacet
  facet normal -0.04323849338245073 0.35214926913038125 -0.934944557148152
    outer loop
      vertex 7.188744535622546 -13.188508690004802 0.08850806951522827
      vertex 7.688657552813412 -13.127127089699378 0.08850806951522827
      vertex 7.723661959474206 -13.348136215274263 0.003645561635494232
    endloop
  endfacet
  facet normal -0.11833216899052894 0.9637381778325242 -0.23917822302635125
    outer loop
      vertex 7.174913299406174 -13.03041693663982 0.2676384150981903
      vertex 7.169921716823142 -12.973362886642217 0.5
      vertex 7.66383208555054 -12.970385258165905 0.2676384150981903
    endloop
  endfacet
  facet normal -0.09124495128901994 0.7431304931014638 -0.662896243078085
    outer loop
      vertex 7.174913299406174 -13.03041693663982 0.2676384150981903
      vertex 7.66383208555054 -12.970385258165905 0.2676384150981903
      vertex 7.688657552813412 -13.127127089699378 0.08850806951522827
    endloop
  endfacet
  facet normal -0.050816940876041335 0.9696449949079086 -0.23917822302635108
    outer loop
      vertex 6.6819983626505195 -12.998933866094738 0.5
      vertex 7.169921716823142 -12.973362886642217 0.5
      vertex 7.174913299406174 -13.03041693663982 0.2676384150981903
    endloop
  endfacet
  facet normal -0.11833216899052905 0.963738177832524 -0.2391782230263515
    outer loop
      vertex 7.169921716823142 -12.973362886642217 0.5
      vertex 7.654872772871151 -12.913818384165964 0.5
      vertex 7.66383208555054 -12.970385258165905 0.2676384150981903
    endloop
  endfacet
  facet normal 0.02918200149517707 -0.23766832963840068 -0.970907913180044
    outer loop
      vertex 7.894586937187255 -14.427314052205828 0.057271987199783325
      vertex 7.283224182135353 -14.268415991192596 0
      vertex 7.85823757695724 -14.197813223996103 0
    endloop
  endfacet
  facet normal 0.08084191060495531 -0.6584045258661277 -0.7483101401215541
    outer loop
      vertex 7.303475828653493 -14.499893370111973 0.057271987199783325
      vertex 7.894586937187255 -14.427314052205828 0.057271987199783325
      vertex 7.922609096970997 -14.604239005984898 0.21596762537956238
    endloop
  endfacet
  facet normal 0.04568982020244943 -0.23505374801147041 -0.9709079131800442
    outer loop
      vertex 7.894586937187255 -14.427314052205828 0.057271987199783325
      vertex 7.85823757695724 -14.197813223996103 0
      vertex 8.479195251485882 -14.31367770734798 0.057271987199783325
    endloop
  endfacet
  facet normal 0.1265729617954209 -0.6511614389178731 -0.748310140121554
    outer loop
      vertex 7.894586937187255 -14.427314052205828 0.057271987199783325
      vertex 8.51949081158975 -14.48821695377865 0.21596762537956238
      vertex 7.922609096970997 -14.604239005984898 0.21596762537956238
    endloop
  endfacet
  facet normal 0.11395854178661435 -0.9281178427370302 -0.3544160277795428
    outer loop
      vertex 7.319088066971421 -14.678342070649062 0.21596762537956238
      vertex 7.922609096970997 -14.604239005984898 0.21596762537956238
      vertex 7.935884517993136 -14.688056715571372 0.4397316575050354
    endloop
  endfacet
  facet normal 0.17842317243470066 -0.9179076482911052 -0.354416027779543
    outer loop
      vertex 7.922609096970997 -14.604239005984898 0.21596762537956238
      vertex 8.53858072221156 -14.570904441079266 0.4397316575050354
      vertex 7.935884517993136 -14.688056715571372 0.4397316575050354
    endloop
  endfacet
  facet normal 0.12657296179541971 -0.651161438917877 -0.7483101401215508
    outer loop
      vertex 7.894586937187255 -14.427314052205828 0.057271987199783325
      vertex 8.479195251485882 -14.31367770734798 0.057271987199783325
      vertex 8.51949081158975 -14.48821695377865 0.21596762537956238
    endloop
  endfacet
  facet normal 0.1716873622390799 -0.640745958893735 -0.7483101401215508
    outer loop
      vertex 8.479195251485882 -14.31367770734798 0.057271987199783325
      vertex 9.106825263112396 -14.330841161806182 0.21596762537956238
      vertex 8.51949081158975 -14.48821695377865 0.21596762537956238
    endloop
  endfacet
  facet normal 0.17842317243470457 -0.9179076482910999 -0.35441602777955444
    outer loop
      vertex 7.922609096970997 -14.604239005984898 0.21596762537956238
      vertex 8.51949081158975 -14.48821695377865 0.21596762537956238
      vertex 8.53858072221156 -14.570904441079266 0.4397316575050354
    endloop
  endfacet
  facet normal 0.24201854332171638 -0.9032255000504561 -0.3544160277795542
    outer loop
      vertex 8.51949081158975 -14.48821695377865 0.21596762537956238
      vertex 9.13163665920824 -14.411995581694523 0.4397316575050354
      vertex 8.53858072221156 -14.570904441079266 0.4397316575050354
    endloop
  endfacet
  facet normal 0.04568982020244954 -0.2350537480114699 -0.9709079131800443
    outer loop
      vertex 8.479195251485882 -14.31367770734798 0.057271987199783325
      vertex 7.85823757695724 -14.197813223996103 0
      vertex 8.426925267973209 -14.087271534813603 0
    endloop
  endfacet
  facet normal 0.061975042698418276 -0.23129400815174833 -0.9709079131800442
    outer loop
      vertex 8.479195251485882 -14.31367770734798 0.057271987199783325
      vertex 8.426925267973209 -14.087271534813603 0
      vertex 9.054452618606733 -14.159537960387894 0.057271987199783325
    endloop
  endfacet
  facet normal 0.12164726964314307 -0.9907375059909925 -0.060341826382006664
    outer loop
      vertex 7.326484321877109 -14.762881651065623 0.4397316575050354
      vertex 7.935884517993136 -14.688056715571372 0.4397316575050354
      vertex 7.936454809477355 -14.691657394293673 0.5
    endloop
  endfacet
  facet normal 0.19046129783224497 -0.9798384346497849 -0.06034182638200517
    outer loop
      vertex 7.935884517993136 -14.688056715571372 0.4397316575050354
      vertex 8.53940079514514 -14.574456567206221 0.5
      vertex 7.936454809477355 -14.691657394293673 0.5
    endloop
  endfacet
  facet normal 0.1904612978322431 -0.9798384346497866 -0.06034182638198321
    outer loop
      vertex 7.935884517993136 -14.688056715571372 0.4397316575050354
      vertex 8.53858072221156 -14.570904441079266 0.4397316575050354
      vertex 8.53940079514514 -14.574456567206221 0.5
    endloop
  endfacet
  facet normal 0.258347417723407 -0.9641656889479805 -0.06034182638198342
    outer loop
      vertex 8.53858072221156 -14.570904441079266 0.4397316575050354
      vertex 9.132702518278283 -14.415481849624703 0.5
      vertex 8.53940079514514 -14.574456567206221 0.5
    endloop
  endfacet
  facet normal -0.011527752629668334 0.0593051460860702 -0.998173336934532
    outer loop
      vertex 7.723661959474206 -13.348136215274263 0.003645561635494232
      vertex 8.246964425168521 -13.307775485889263 0
      vertex 7.733090005391267 -13.407662554463535 0
    endloop
  endfacet
  facet normal -0.06769785783183867 0.34827528638137106 -0.9349445571481521
    outer loop
      vertex 7.723661959474206 -13.348136215274263 0.003645561635494232
      vertex 7.688657552813412 -13.127127089699378 0.08850806951522827
      vertex 8.233406997980723 -13.249051817107947 0.003645561635494232
    endloop
  endfacet
  facet normal -0.011527752629668596 0.05930514608607359 -0.9981733369345319
    outer loop
      vertex 7.723661959474206 -13.348136215274263 0.003645561635494232
      vertex 8.233406997980723 -13.249051817107947 0.003645561635494232
      vertex 8.246964425168521 -13.307775485889263 0
    endloop
  endfacet
  facet normal -0.06769785783183903 0.3482752863813698 -0.9349445571481525
    outer loop
      vertex 7.688657552813412 -13.127127089699378 0.08850806951522827
      vertex 8.183071043029864 -13.031022842629245 0.08850806951522827
      vertex 8.233406997980723 -13.249051817107947 0.003645561635494232
    endloop
  endfacet
  facet normal -0.1428608459041304 0.7349553385209994 -0.662896243078085
    outer loop
      vertex 7.688657552813412 -13.127127089699378 0.08850806951522827
      vertex 7.66383208555054 -12.970385258165905 0.2676384150981903
      vertex 8.183071043029864 -13.031022842629245 0.08850806951522827
    endloop
  endfacet
  facet normal -0.18527089467241575 0.9531361252293606 -0.2391782230263514
    outer loop
      vertex 7.654872772871151 -12.913818384165964 0.5
      vertex 8.147372291901549 -12.876394563374877 0.2676384150981903
      vertex 7.66383208555054 -12.970385258165905 0.2676384150981903
    endloop
  endfacet
  facet normal -0.14286084590413198 0.7349553385209959 -0.6628962430780885
    outer loop
      vertex 8.183071043029864 -13.031022842629245 0.08850806951522827
      vertex 7.66383208555054 -12.970385258165905 0.2676384150981903
      vertex 8.147372291901549 -12.876394563374877 0.2676384150981903
    endloop
  endfacet
  facet normal -0.015636589469490113 0.05835654635723396 -0.9981733369345319
    outer loop
      vertex 8.233406997980723 -13.249051817107947 0.003645561635494232
      vertex 8.75261930301006 -13.172285669722765 0
      vertex 8.246964425168521 -13.307775485889263 0
    endloop
  endfacet
  facet normal -0.09182740512283287 0.3427045414456194 -0.9349445571481524
    outer loop
      vertex 8.183071043029864 -13.031022842629245 0.08850806951522827
      vertex 8.734998544973994 -13.114650767160821 0.003645561635494232
      vertex 8.233406997980723 -13.249051817107947 0.003645561635494232
    endloop
  endfacet
  facet normal -0.015636589469489787 0.05835654635723178 -0.9981733369345319
    outer loop
      vertex 8.233406997980723 -13.249051817107947 0.003645561635494232
      vertex 8.734998544973994 -13.114650767160821 0.003645561635494232
      vertex 8.75261930301006 -13.172285669722765 0
    endloop
  endfacet
  facet normal -0.1937807368383138 0.7231995554087102 -0.6628962430780884
    outer loop
      vertex 8.183071043029864 -13.031022842629245 0.08850806951522827
      vertex 8.147372291901549 -12.876394563374877 0.2676384150981903
      vertex 8.669576273445836 -12.900664159025766 0.08850806951522827
    endloop
  endfacet
  facet normal -0.09182740512283306 0.3427045414456184 -0.9349445571481527
    outer loop
      vertex 8.183071043029864 -13.031022842629245 0.08850806951522827
      vertex 8.669576273445836 -12.900664159025766 0.08850806951522827
      vertex 8.734998544973994 -13.114650767160821 0.003645561635494232
    endloop
  endfacet
  facet normal -0.19378073683831057 0.7231995554087186 -0.6628962430780801
    outer loop
      vertex 8.669576273445836 -12.900664159025766 0.08850806951522827
      vertex 8.147372291901549 -12.876394563374877 0.2676384150981903
      vertex 8.623178159179151 -12.748902765483855 0.2676384150981903
    endloop
  endfacet
  facet normal -0.2513069991788078 0.9378904892329932 -0.2391782230263434
    outer loop
      vertex 8.147372291901549 -12.876394563374877 0.2676384150981903
      vertex 8.13448889799659 -12.820590453496646 0.5
      vertex 8.623178159179151 -12.748902765483855 0.2676384150981903
    endloop
  endfacet
  facet normal -0.18527089467241226 0.9531361252293633 -0.23917822302634353
    outer loop
      vertex 7.654872772871151 -12.913818384165964 0.5
      vertex 8.13448889799659 -12.820590453496646 0.5
      vertex 8.147372291901549 -12.876394563374877 0.2676384150981903
    endloop
  endfacet
  facet normal -0.25130699917880894 0.9378904892329922 -0.23917822302634617
    outer loop
      vertex 8.13448889799659 -12.820590453496646 0.5
      vertex 8.60643345064869 -12.694133291741249 0.5
      vertex 8.623178159179151 -12.748902765483855 0.2676384150981903
    endloop
  endfacet
  facet normal 0.05233595624294502 -0.9986295347545738 0
    outer loop
      vertex 6.713412694185618 -14.798659714396464 0.5
      vertex 7.326802053509183 -14.766513340238468 1.5
      vertex 6.713412694185618 -14.798659714396464 1.5
    endloop
  endfacet
  facet normal 0.05233595624294502 -0.9986295347545738 1.6976438388945298e-18
    outer loop
      vertex 6.713412694185618 -14.798659714396464 0.5
      vertex 7.326802053509183 -14.766513340238468 0.5
      vertex 7.326802053509183 -14.766513340238468 1.5
    endloop
  endfacet
  facet normal 0.12186934340514435 -0.9925461516413223 0
    outer loop
      vertex 7.326802053509183 -14.766513340238468 0.5
      vertex 7.936454809477355 -14.691657394293673 1.5
      vertex 7.326802053509183 -14.766513340238468 1.5
    endloop
  endfacet
  facet normal -0.05233595624294594 0.9986295347545737 0
    outer loop
      vertex 6.6819983626505195 -12.998933866094738 0.5
      vertex 6.6819983626505195 -12.998933866094738 1.5
      vertex 7.169921716823142 -12.973362886642217 0.5
    endloop
  endfacet
  facet normal -0.05233595624294594 0.9986295347545737 0
    outer loop
      vertex 7.169921716823142 -12.973362886642217 0.5
      vertex 6.6819983626505195 -12.998933866094738 1.5
      vertex 7.169921716823142 -12.973362886642217 1.5
    endloop
  endfacet
  facet normal -0.12186934340514465 0.9925461516413223 0
    outer loop
      vertex 7.169921716823142 -12.973362886642217 0.5
      vertex 7.169921716823142 -12.973362886642217 1.5
      vertex 7.654872772871151 -12.913818384165964 0.5
    endloop
  endfacet
  facet normal -0.12186934340514465 0.9925461516413223 0
    outer loop
      vertex 7.654872772871151 -12.913818384165964 0.5
      vertex 7.169921716823142 -12.973362886642217 1.5
      vertex 7.654872772871151 -12.913818384165964 1.5
    endloop
  endfacet
  facet normal -0.05224058818428381 0.9968098037915984 0.06034182638199644
    outer loop
      vertex 6.6819983626505195 -12.998933866094738 1.5
      vertex 6.682061986473875 -13.002578872493538 1.5602683424949646
      vertex 7.169921716823142 -12.973362886642217 1.5
    endloop
  endfacet
  facet normal -0.05224058818428317 0.9968098037915982 0.06034182638200154
    outer loop
      vertex 6.682061986473875 -13.002578872493538 1.5602683424949646
      vertex 7.170239448455216 -12.976994575815064 1.5602683424949646
      vertex 7.169921716823142 -12.973362886642217 1.5
    endloop
  endfacet
  facet normal -0.12164726964314004 0.9907375059909933 0.06034182638200148
    outer loop
      vertex 7.169921716823142 -12.973362886642217 1.5
      vertex 7.170239448455216 -12.976994575815064 1.5602683424949646
      vertex 7.654872772871151 -12.913818384165964 1.5
    endloop
  endfacet
  facet normal -0.12164726964314294 0.9907375059909943 0.060341826381979324
    outer loop
      vertex 7.170239448455216 -12.976994575815064 1.5602683424949646
      vertex 7.655443064355371 -12.917419062888262 1.5602683424949646
      vertex 7.654872772871151 -12.913818384165964 1.5
    endloop
  endfacet
  facet normal 0.12186934340514435 -0.9925461516413223 -1.7179063663397164e-18
    outer loop
      vertex 7.326802053509183 -14.766513340238468 0.5
      vertex 7.936454809477355 -14.691657394293673 0.5
      vertex 7.936454809477355 -14.691657394293673 1.5
    endloop
  endfacet
  facet normal 0.1908089953765464 -0.9816271834476636 0
    outer loop
      vertex 7.936454809477355 -14.691657394293673 0.5
      vertex 8.53940079514514 -14.574456567206221 1.5
      vertex 7.936454809477355 -14.691657394293673 1.5
    endloop
  endfacet
  facet normal 0.1908089953765464 -0.9816271834476636 -9.83553556347489e-18
    outer loop
      vertex 7.936454809477355 -14.691657394293673 0.5
      vertex 8.53940079514514 -14.574456567206221 0.5
      vertex 8.53940079514514 -14.574456567206221 1.5
    endloop
  endfacet
  facet normal 0.25881904510251946 -0.9659258262890686 0
    outer loop
      vertex 8.53940079514514 -14.574456567206221 0.5
      vertex 9.132702518278283 -14.415481849624703 1.5
      vertex 8.53940079514514 -14.574456567206221 1.5
    endloop
  endfacet
  facet normal -0.19080899537654628 0.9816271834476636 0
    outer loop
      vertex 7.654872772871151 -12.913818384165964 0.5
      vertex 7.654872772871151 -12.913818384165964 1.5
      vertex 8.13448889799659 -12.820590453496646 0.5
    endloop
  endfacet
  facet normal -0.19080899537654628 0.9816271834476636 0
    outer loop
      vertex 8.13448889799659 -12.820590453496646 0.5
      vertex 7.654872772871151 -12.913818384165964 1.5
      vertex 8.13448889799659 -12.820590453496646 1.5
    endloop
  endfacet
  facet normal -0.25881904510251896 0.9659258262890689 0
    outer loop
      vertex 8.13448889799659 -12.820590453496646 0.5
      vertex 8.13448889799659 -12.820590453496646 1.5
      vertex 8.60643345064869 -12.694133291741249 0.5
    endloop
  endfacet
  facet normal -0.25881904510251896 0.9659258262890689 0
    outer loop
      vertex 8.60643345064869 -12.694133291741249 0.5
      vertex 8.13448889799659 -12.820590453496646 1.5
      vertex 8.60643345064869 -12.694133291741249 1.5
    endloop
  endfacet
  facet normal -0.19046129783224516 0.9798384346497865 0.060341826381979206
    outer loop
      vertex 7.654872772871151 -12.913818384165964 1.5
      vertex 7.655443064355371 -12.917419062888262 1.5602683424949646
      vertex 8.13448889799659 -12.820590453496646 1.5
    endloop
  endfacet
  facet normal -0.19046129783224536 0.9798384346497865 0.0603418263819778
    outer loop
      vertex 7.655443064355371 -12.917419062888262 1.5602683424949646
      vertex 8.135308970930168 -12.8241425796236 1.5602683424949646
      vertex 8.13448889799659 -12.820590453496646 1.5
    endloop
  endfacet
  facet normal -0.2583474177234067 0.9641656889479812 0.06034182638197584
    outer loop
      vertex 8.13448889799659 -12.820590453496646 1.5
      vertex 8.135308970930168 -12.8241425796236 1.5602683424949646
      vertex 8.60643345064869 -12.694133291741249 1.5
    endloop
  endfacet
  facet normal -0.25834741772340813 0.9641656889479815 0.060341826381965044
    outer loop
      vertex 8.135308970930168 -12.8241425796236 1.5602683424949646
      vertex 8.607499309718733 -12.697619559671427 1.5602683424949646
      vertex 8.60643345064869 -12.694133291741249 1.5
    endloop
  endfacet
  facet normal 0.17168736223908046 -0.6407459588937326 -0.7483101401215528
    outer loop
      vertex 8.479195251485882 -14.31367770734798 0.057271987199783325
      vertex 9.054452618606733 -14.159537960387894 0.057271987199783325
      vertex 9.106825263112396 -14.330841161806182 0.21596762537956238
    endloop
  endfacet
  facet normal 0.24201854332171496 -0.9032255000504585 -0.35441602777954945
    outer loop
      vertex 8.51949081158975 -14.48821695377865 0.21596762537956238
      vertex 9.106825263112396 -14.330841161806182 0.21596762537956238
      vertex 9.13163665920824 -14.411995581694523 0.4397316575050354
    endloop
  endfacet
  facet normal 0.06197504269841823 -0.23129400815174875 -0.9709079131800441
    outer loop
      vertex 9.054452618606733 -14.159537960387894 0.057271987199783325
      vertex 8.426925267973209 -14.087271534813603 0
      vertex 8.986516665916913 -13.937329471643185 0
    endloop
  endfacet
  facet normal 0.07795832901607178 -0.22640742713390347 -0.970907913180044
    outer loop
      vertex 9.054452618606733 -14.159537960387894 0.057271987199783325
      vertex 8.986516665916913 -13.937329471643185 0
      vertex 9.617556442481865 -13.965645764678683 0.057271987199783325
    endloop
  endfacet
  facet normal 0.2159653191118675 -0.6272088289654184 -0.7483101401215528
    outer loop
      vertex 9.054452618606733 -14.159537960387894 0.057271987199783325
      vertex 9.681751017129772 -14.132878349106619 0.21596762537956238
      vertex 9.106825263112396 -14.330841161806182 0.21596762537956238
    endloop
  endfacet
  facet normal 0.304434824193288 -0.8841429279654776 -0.35441602777954917
    outer loop
      vertex 9.106825263112396 -14.330841161806182 0.21596762537956238
      vertex 9.712163020071905 -14.212104325406603 0.4397316575050354
      vertex 9.13163665920824 -14.411995581694523 0.4397316575050354
    endloop
  endfacet
  facet normal 0.21596531911186864 -0.6272088289654111 -0.7483101401215585
    outer loop
      vertex 9.054452618606733 -14.159537960387894 0.057271987199783325
      vertex 9.617556442481865 -13.965645764678683 0.057271987199783325
      vertex 9.681751017129772 -14.132878349106619 0.21596762537956238
    endloop
  endfacet
  facet normal 0.07795832901607178 -0.22640742713390408 -0.9709079131800441
    outer loop
      vertex 9.617556442481865 -13.965645764678683 0.057271987199783325
      vertex 8.986516665916913 -13.937329471643185 0
      vertex 9.534285497747508 -13.748717537144486 0
    endloop
  endfacet
  facet normal 0.25919111465869904 -0.6106160006691892 -0.7483101401215583
    outer loop
      vertex 9.617556442481865 -13.965645764678683 0.057271987199783325
      vertex 10.241467093159638 -13.89529297060428 0.21596762537956238
      vertex 9.681751017129772 -14.132878349106619 0.21596762537956238
    endloop
  endfacet
  facet normal 0.09356181019110084 -0.22041781188945828 -0.970907913180044
    outer loop
      vertex 9.617556442481865 -13.965645764678683 0.057271987199783325
      vertex 9.534285497747508 -13.748717537144486 0
      vertex 10.165763337884357 -13.732945743507873 0.057271987199783325
    endloop
  endfacet
  facet normal 0.3044348241932881 -0.8841429279654774 -0.3544160277795496
    outer loop
      vertex 9.106825263112396 -14.330841161806182 0.21596762537956238
      vertex 9.681751017129772 -14.132878349106619 0.21596762537956238
      vertex 9.712163020071905 -14.212104325406603 0.4397316575050354
    endloop
  endfacet
  facet normal 0.25834741772340786 -0.9641656889479796 -0.06034182638199339
    outer loop
      vertex 8.53858072221156 -14.570904441079266 0.4397316575050354
      vertex 9.13163665920824 -14.411995581694523 0.4397316575050354
      vertex 9.132702518278283 -14.415481849624703 0.5
    endloop
  endfacet
  facet normal 0.3249748949644183 -0.943795624927214 -0.0603418263819945
    outer loop
      vertex 9.13163665920824 -14.411995581694523 0.4397316575050354
      vertex 9.713469472520156 -14.215507750393089 0.5
      vertex 9.132702518278283 -14.415481849624703 0.5
    endloop
  endfacet
  facet normal 0.32497489496441545 -0.9437956249272176 -0.06034182638195622
    outer loop
      vertex 9.13163665920824 -14.411995581694523 0.4397316575050354
      vertex 9.712163020071905 -14.212104325406603 0.4397316575050354
      vertex 9.713469472520156 -14.215507750393089 0.5
    endloop
  endfacet
  facet normal -0.11550957852652566 0.33546417443248533 -0.9349445571481527
    outer loop
      vertex 8.734998544973994 -13.114650767160821 0.003645561635494232
      vertex 8.669576273445836 -12.900664159025766 0.08850806951522827
      vertex 9.225992896856873 -12.945587853838283 0.003645561635494232
    endloop
  endfacet
  facet normal -0.019669246417200234 0.05712363940051925 -0.9981733369345319
    outer loop
      vertex 8.734998544973994 -13.114650767160821 0.003645561635494232
      vertex 9.247591139179287 -13.001853198729012 0
      vertex 8.75261930301006 -13.172285669722765 0
    endloop
  endfacet
  facet normal -0.11550957852652564 0.3354641744324854 -0.9349445571481527
    outer loop
      vertex 8.669576273445836 -12.900664159025766 0.08850806951522827
      vertex 9.145803039482077 -12.736686133291851 0.08850806951522827
      vertex 9.225992896856873 -12.945587853838283 0.003645561635494232
    endloop
  endfacet
  facet normal -0.2437565475013919 0.7079204167582458 -0.6628962430780803
    outer loop
      vertex 8.669576273445836 -12.900664159025766 0.08850806951522827
      vertex 8.623178159179151 -12.748902765483855 0.2676384150981903
      vertex 9.145803039482077 -12.736686133291851 0.08850806951522827
    endloop
  endfacet
  facet normal -0.019669246417200133 0.05712363940051881 -0.9981733369345319
    outer loop
      vertex 8.734998544973994 -13.114650767160821 0.003645561635494232
      vertex 9.225992896856873 -12.945587853838283 0.003645561635494232
      vertex 9.247591139179287 -13.001853198729012 0
    endloop
  endfacet
  facet normal -0.2925448007673644 0.689192360997238 -0.6628962430780821
    outer loop
      vertex 9.145803039482077 -12.736686133291851 0.08850806951522827
      vertex 9.088931609025808 -12.588530991716727 0.2676384150981903
      vertex 9.609431212204608 -12.539887649885861 0.08850806951522827
    endloop
  endfacet
  facet normal -0.24375654750139256 0.7079204167582435 -0.6628962430780824
    outer loop
      vertex 8.623178159179151 -12.748902765483855 0.2676384150981903
      vertex 9.088931609025808 -12.588530991716727 0.2676384150981903
      vertex 9.145803039482077 -12.736686133291851 0.08850806951522827
    endloop
  endfacet
  facet normal -0.31611876124650445 0.9180755450494991 -0.23917822302634645
    outer loop
      vertex 8.623178159179151 -12.748902765483855 0.2676384150981903
      vertex 8.60643345064869 -12.694133291741249 0.5
      vertex 9.088931609025808 -12.588530991716727 0.2676384150981903
    endloop
  endfacet
  facet normal -0.023606076773511918 0.05561243181469511 -0.9981733369345319
    outer loop
      vertex 9.225992896856873 -12.945587853838283 0.003645561635494232
      vertex 9.72946848064478 -12.797308402774874 0
      vertex 9.247591139179287 -13.001853198729012 0
    endloop
  endfacet
  facet normal -0.023606076773512254 0.05561243181469625 -0.9981733369345321
    outer loop
      vertex 9.225992896856873 -12.945587853838283 0.003645561635494232
      vertex 9.703997978501565 -12.742686734659896 0.003645561635494232
      vertex 9.72946848064478 -12.797308402774874 0
    endloop
  endfacet
  facet normal -0.13862900087461985 0.3265894596822579 -0.9349445571481528
    outer loop
      vertex 9.225992896856873 -12.945587853838283 0.003645561635494232
      vertex 9.145803039482077 -12.736686133291851 0.08850806951522827
      vertex 9.703997978501565 -12.742686734659896 0.003645561635494232
    endloop
  endfacet
  facet normal -0.13862900087461985 0.32658945968225833 -0.9349445571481527
    outer loop
      vertex 9.145803039482077 -12.736686133291851 0.08850806951522827
      vertex 9.609431212204608 -12.539887649885861 0.08850806951522827
      vertex 9.703997978501565 -12.742686734659896 0.003645561635494232
    endloop
  endfacet
  facet normal -0.16107303666539197 0.3161236339131164 -0.9349445571481526
    outer loop
      vertex 9.703997978501565 -12.742686734659896 0.003645561635494232
      vertex 9.609431212204608 -12.539887649885861 0.08850806951522827
      vertex 10.166684997199203 -12.506935923482747 0.003645561635494232
    endloop
  endfacet
  facet normal -0.3161187612465039 0.9180755450494997 -0.239178223026345
    outer loop
      vertex 8.60643345064869 -12.694133291741249 0.5
      vertex 9.068407164406636 -12.535062985480412 0.5
      vertex 9.088931609025808 -12.588530991716727 0.2676384150981903
    endloop
  endfacet
  facet normal 0.25919111465869876 -0.6106160006691924 -0.7483101401215556
    outer loop
      vertex 9.617556442481865 -13.965645764678683 0.057271987199783325
      vertex 10.165763337884357 -13.732945743507873 0.057271987199783325
      vertex 10.241467093159638 -13.89529297060428 0.21596762537956238
    endloop
  endfacet
  facet normal 0.3011541571487138 -0.5910483125966149 -0.7483101401215554
    outer loop
      vertex 10.165763337884357 -13.732945743507873 0.057271987199783325
      vertex 10.78324661074204 -13.619242518381231 0.21596762537956238
      vertex 10.241467093159638 -13.89529297060428 0.21596762537956238
    endloop
  endfacet
  facet normal 0.3653679292030747 -0.8607529004091852 -0.3544160277795465
    outer loop
      vertex 9.681751017129772 -14.132878349106619 0.21596762537956238
      vertex 10.241467093159638 -13.89529297060428 0.21596762537956238
      vertex 10.277331538726727 -13.97220452232314 0.4397316575050354
    endloop
  endfacet
  facet normal 0.36536792920307554 -0.8607529004091834 -0.35441602777955
    outer loop
      vertex 9.681751017129772 -14.132878349106619 0.21596762537956238
      vertex 10.277331538726727 -13.97220452232314 0.4397316575050354
      vertex 9.712163020071905 -14.212104325406603 0.4397316575050354
    endloop
  endfacet
  facet normal 0.4245209983884354 -0.8331693712446785 -0.354416027779548
    outer loop
      vertex 10.241467093159638 -13.89529297060428 0.21596762537956238
      vertex 10.78324661074204 -13.619242518381231 0.21596762537956238
      vertex 10.824388770960367 -13.693464940170118 0.4397316575050354
    endloop
  endfacet
  facet normal 0.42452099838843493 -0.8331693712446793 -0.3544160277795464
    outer loop
      vertex 10.241467093159638 -13.89529297060428 0.21596762537956238
      vertex 10.824388770960367 -13.693464940170118 0.4397316575050354
      vertex 10.277331538726727 -13.97220452232314 0.4397316575050354
    endloop
  endfacet
  facet normal 0.3900191271835218 -0.9188274834918108 -0.0603418263819542
    outer loop
      vertex 9.712163020071905 -14.212104325406603 0.4397316575050354
      vertex 10.27887221964819 -13.97550852322151 0.5
      vertex 9.713469472520156 -14.215507750393089 0.5
    endloop
  endfacet
  facet normal 0.39001912718352283 -0.9188274834918094 -0.06034182638196921
    outer loop
      vertex 9.712163020071905 -14.212104325406603 0.4397316575050354
      vertex 10.277331538726727 -13.97220452232314 0.4397316575050354
      vertex 10.27887221964819 -13.97550852322151 0.5
    endloop
  endfacet
  facet normal 0.45316322541956955 -0.8893829069170492 -0.06034182638197037
    outer loop
      vertex 10.277331538726727 -13.97220452232314 0.4397316575050354
      vertex 10.826156174312455 -13.696653420220112 0.5
      vertex 10.27887221964819 -13.97550852322151 0.5
    endloop
  endfacet
  facet normal 0.45316322541957 -0.8893829069170486 -0.06034182638197753
    outer loop
      vertex 10.277331538726727 -13.97220452232314 0.4397316575050354
      vertex 10.824388770960367 -13.693464940170118 0.4397316575050354
      vertex 10.826156174312455 -13.696653420220112 0.5
    endloop
  endfacet
  facet normal 0.09356181019110082 -0.22041781188945983 -0.9709079131800435
    outer loop
      vertex 10.165763337884357 -13.732945743507873 0.057271987199783325
      vertex 9.534285497747508 -13.748717537144486 0
      vertex 10.06756308877784 -13.522354629703187 0
    endloop
  endfacet
  facet normal 0.10870946763168039 -0.21335434322180896 -0.9709079131800437
    outer loop
      vertex 10.165763337884357 -13.732945743507873 0.057271987199783325
      vertex 10.06756308877784 -13.522354629703187 0
      vertex 10.69640249592537 -13.462571587987682 0.057271987199783325
    endloop
  endfacet
  facet normal -0.02742790069665802 0.05383028605121341 -0.9981733369345319
    outer loop
      vertex 9.703997978501565 -12.742686734659896 0.003645561635494232
      vertex 10.195903669437063 -12.559647803545468 0
      vertex 9.72946848064478 -12.797308402774874 0
    endloop
  endfacet
  facet normal -0.027427900696657976 0.053830286051213296 -0.9981733369345319
    outer loop
      vertex 9.703997978501565 -12.742686734659896 0.003645561635494232
      vertex 10.166684997199203 -12.506935923482747 0.003645561635494232
      vertex 10.195903669437063 -12.559647803545468 0
    endloop
  endfacet
  facet normal 0.10870946763168023 -0.21335434322180666 -0.9709079131800442
    outer loop
      vertex 10.69640249592537 -13.462571587987682 0.057271987199783325
      vertex 10.06756308877784 -13.522354629703187 0
      vertex 10.583751364189286 -13.259343566650415 0
    endloop
  endfacet
  facet normal 0.30115415714871385 -0.5910483125966173 -0.7483101401215537
    outer loop
      vertex 10.165763337884357 -13.732945743507873 0.057271987199783325
      vertex 10.69640249592537 -13.462571587987682 0.057271987199783325
      vertex 10.78324661074204 -13.619242518381231 0.21596762537956238
    endloop
  endfacet
  facet normal 0.3416500068570111 -0.5686010965570371 -0.7483101401215538
    outer loop
      vertex 10.69640249592537 -13.462571587987682 0.057271987199783325
      vertex 11.304450074526805 -13.306071882492208 0.21596762537956238
      vertex 10.78324661074204 -13.619242518381231 0.21596762537956238
    endloop
  endfacet
  facet normal 0.12332750347339448 -0.20525143364028353 -0.9709079131800441
    outer loop
      vertex 10.69640249592537 -13.462571587987682 0.057271987199783325
      vertex 10.583751364189286 -13.259343566650415 0
      vertex 11.206888695966594 -13.155840533825886 0.057271987199783325
    endloop
  endfacet
  facet normal 0.12332750347339423 -0.20525143364028184 -0.9709079131800444
    outer loop
      vertex 11.206888695966594 -13.155840533825886 0.057271987199783325
      vertex 10.583751364189286 -13.259343566650415 0
      vertex 11.080335506591108 -12.960965711447585 0
    endloop
  endfacet
  facet normal 0.25881904510251946 -0.9659258262890686 -1.0799862175125795e-17
    outer loop
      vertex 8.53940079514514 -14.574456567206221 0.5
      vertex 9.132702518278283 -14.415481849624703 0.5
      vertex 9.132702518278283 -14.415481849624703 1.5
    endloop
  endfacet
  facet normal 0.3255681544571589 -0.945518575599316 6.38037799574798e-18
    outer loop
      vertex 9.132702518278283 -14.415481849624703 0.5
      vertex 9.713469472520156 -14.215507750393089 0.5
      vertex 9.713469472520156 -14.215507750393089 1.5
    endloop
  endfacet
  facet normal 0.3255681544571589 -0.945518575599316 0
    outer loop
      vertex 9.132702518278283 -14.415481849624703 0.5
      vertex 9.713469472520156 -14.215507750393089 1.5
      vertex 9.132702518278283 -14.415481849624703 1.5
    endloop
  endfacet
  facet normal -0.3255681544571577 0.9455185755993165 0
    outer loop
      vertex 8.60643345064869 -12.694133291741249 0.5
      vertex 8.60643345064869 -12.694133291741249 1.5
      vertex 9.068407164406636 -12.535062985480412 0.5
    endloop
  endfacet
  facet normal -0.3255681544571577 0.9455185755993165 0
    outer loop
      vertex 9.068407164406636 -12.535062985480412 0.5
      vertex 8.60643345064869 -12.694133291741249 1.5
      vertex 9.068407164406636 -12.535062985480412 1.5
    endloop
  endfacet
  facet normal -0.3249748949644176 0.943795624927216 0.06034182638196678
    outer loop
      vertex 8.60643345064869 -12.694133291741249 1.5
      vertex 8.607499309718733 -12.697619559671427 1.5602683424949646
      vertex 9.068407164406636 -12.535062985480412 1.5
    endloop
  endfacet
  facet normal -0.3249748949644126 0.9437956249272155 0.060341826382002986
    outer loop
      vertex 8.607499309718733 -12.697619559671427 1.5602683424949646
      vertex 9.06971361685489 -12.5384664104669 1.5602683424949646
      vertex 9.068407164406636 -12.535062985480412 1.5
    endloop
  endfacet
  facet normal 0.39073112848927527 -0.9205048534524397 -9.049050146373235e-18
    outer loop
      vertex 9.713469472520156 -14.215507750393089 0.5
      vertex 10.27887221964819 -13.97550852322151 0.5
      vertex 10.27887221964819 -13.97550852322151 1.5
    endloop
  endfacet
  facet normal 0.39073112848927527 -0.9205048534524397 0
    outer loop
      vertex 9.713469472520156 -14.215507750393089 0.5
      vertex 10.27887221964819 -13.97550852322151 1.5
      vertex 9.713469472520156 -14.215507750393089 1.5
    endloop
  endfacet
  facet normal 0.4539904997395454 -0.8910065241883686 1.4038998890087634e-17
    outer loop
      vertex 10.27887221964819 -13.97550852322151 0.5
      vertex 10.826156174312455 -13.696653420220112 0.5
      vertex 10.826156174312455 -13.696653420220112 1.5
    endloop
  endfacet
  facet normal 0.4539904997395454 -0.8910065241883686 0
    outer loop
      vertex 10.27887221964819 -13.97550852322151 0.5
      vertex 10.826156174312455 -13.696653420220112 1.5
      vertex 10.27887221964819 -13.97550852322151 1.5
    endloop
  endfacet
  facet normal -0.379390424485548 0.8937878290951581 -0.2391782230263453
    outer loop
      vertex 9.088931609025808 -12.588530991716727 0.2676384150981903
      vertex 9.068407164406636 -12.535062985480412 0.5
      vertex 9.542363537451239 -12.396060557234776 0.2676384150981903
    endloop
  endfacet
  facet normal -0.33990780517050123 0.667106629330825 -0.6628962430780839
    outer loop
      vertex 9.609431212204608 -12.539887649885861 0.08850806951522827
      vertex 9.542363537451239 -12.396060557234776 0.2676384150981903
      vertex 10.058202041759662 -12.311227491236835 0.08850806951522827
    endloop
  endfacet
  facet normal -0.29254480076736483 0.6891923609972364 -0.6628962430780837
    outer loop
      vertex 9.088931609025808 -12.588530991716727 0.2676384150981903
      vertex 9.542363537451239 -12.396060557234776 0.2676384150981903
      vertex 9.609431212204608 -12.539887649885861 0.08850806951522827
    endloop
  endfacet
  facet normal -0.440813735712692 0.865145668680701 -0.23917822302635294
    outer loop
      vertex 9.542363537451239 -12.396060557234776 0.2676384150981903
      vertex 9.51815934977443 -12.344154509256548 0.5
      vertex 9.981264869678974 -12.172429158647736 0.2676384150981903
    endloop
  endfacet
  facet normal -0.3793904244855508 0.8937878290951549 -0.239178223026353
    outer loop
      vertex 9.068407164406636 -12.535062985480412 0.5
      vertex 9.51815934977443 -12.344154509256548 0.5
      vertex 9.542363537451239 -12.396060557234776 0.2676384150981903
    endloop
  endfacet
  facet normal -0.440813735712689 0.8651456686807049 -0.23917822302634403
    outer loop
      vertex 9.51815934977443 -12.344154509256548 0.5
      vertex 9.953498859313894 -12.12233794997577 0.5
      vertex 9.981264869678974 -12.172429158647736 0.2676384150981903
    endloop
  endfacet
  facet normal -0.16107303666539197 0.3161236339131151 -0.934944557148153
    outer loop
      vertex 9.609431212204608 -12.539887649885861 0.08850806951522827
      vertex 10.058202041759662 -12.311227491236835 0.08850806951522827
      vertex 10.166684997199203 -12.506935923482747 0.003645561635494232
    endloop
  endfacet
  facet normal -0.031116098644652805 0.05178588454509019 -0.9981733369345319
    outer loop
      vertex 10.166684997199203 -12.506935923482747 0.003645561635494232
      vertex 10.644624280202237 -12.29002925959068 0
      vertex 10.195903669437063 -12.559647803545468 0
    endloop
  endfacet
  facet normal -0.18273234081253592 0.3041176855761845 -0.934944557148153
    outer loop
      vertex 10.058202041759662 -12.311227491236835 0.08850806951522827
      vertex 10.611799788303825 -12.239483974561299 0.003645561635494232
      vertex 10.166684997199203 -12.506935923482747 0.003645561635494232
    endloop
  endfacet
  facet normal -0.18273234081253592 0.304117685576184 -0.9349445571481533
    outer loop
      vertex 10.058202041759662 -12.311227491236835 0.08850806951522827
      vertex 10.489929161775935 -12.05181966665287 0.08850806951522827
      vertex 10.611799788303825 -12.239483974561299 0.003645561635494232
    endloop
  endfacet
  facet normal -0.385614812914262 0.6417708212236362 -0.6628962430780841
    outer loop
      vertex 10.058202041759662 -12.311227491236835 0.08850806951522827
      vertex 9.981264869678974 -12.172429158647736 0.2676384150981903
      vertex 10.489929161775935 -12.05181966665287 0.08850806951522827
    endloop
  endfacet
  facet normal -0.33990780517050134 0.6671066293308244 -0.6628962430780843
    outer loop
      vertex 9.542363537451239 -12.396060557234776 0.2676384150981903
      vertex 9.981264869678974 -12.172429158647736 0.2676384150981903
      vertex 10.058202041759662 -12.311227491236835 0.08850806951522827
    endloop
  endfacet
  facet normal -0.5000894467298873 0.8322886055325734 -0.23917822302634395
    outer loop
      vertex 9.981264869678974 -12.172429158647736 0.2676384150981903
      vertex 9.953498859313894 -12.12233794997577 0.5
      vertex 10.403497322536607 -11.918726305650173 0.2676384150981903
    endloop
  endfacet
  facet normal -0.3856148129142617 0.641770821223639 -0.6628962430780815
    outer loop
      vertex 10.489929161775935 -12.05181966665287 0.08850806951522827
      vertex 9.981264869678974 -12.172429158647736 0.2676384150981903
      vertex 10.403497322536607 -11.918726305650173 0.2676384150981903
    endloop
  endfacet
  facet normal -0.031116098644652854 0.05178588454509029 -0.9981733369345321
    outer loop
      vertex 10.166684997199203 -12.506935923482747 0.003645561635494232
      vertex 10.611799788303825 -12.239483974561299 0.003645561635494232
      vertex 10.644624280202237 -12.29002925959068 0
    endloop
  endfacet
  facet normal -0.03465270208782975 0.04948918741496279 -0.9981733369345319
    outer loop
      vertex 10.611799788303825 -12.239483974561299 0.003645561635494232
      vertex 11.073444191229898 -11.989766325354697 0
      vertex 10.644624280202237 -12.29002925959068 0
    endloop
  endfacet
  facet normal -0.20350139136343046 0.29063010644493004 -0.9349445571481534
    outer loop
      vertex 10.611799788303825 -12.239483974561299 0.003645561635494232
      vertex 10.489929161775935 -12.05181966665287 0.08850806951522827
      vertex 11.037173797295953 -11.941633886906526 0.003645561635494232
    endloop
  endfacet
  facet normal -0.03465270208782872 0.049489187414960875 -0.998173336934532
    outer loop
      vertex 10.611799788303825 -12.239483974561299 0.003645561635494232
      vertex 11.037173797295953 -11.941633886906526 0.003645561635494232
      vertex 11.073444191229898 -11.989766325354697 0
    endloop
  endfacet
  facet normal -0.4294431440513668 0.6133083701860282 -0.6628962430780814
    outer loop
      vertex 10.489929161775935 -12.05181966665287 0.08850806951522827
      vertex 10.403497322536607 -11.918726305650173 0.2676384150981903
      vertex 10.902509241121766 -11.76292798497976 0.08850806951522827
    endloop
  endfacet
  facet normal -0.20350139136343062 0.29063010644493137 -0.9349445571481529
    outer loop
      vertex 10.489929161775935 -12.05181966665287 0.08850806951522827
      vertex 10.902509241121766 -11.76292798497976 0.08850806951522827
      vertex 11.037173797295953 -11.941633886906526 0.003645561635494232
    endloop
  endfacet
  facet normal -0.5569287722314269 0.7953767159596473 -0.2391782230263491
    outer loop
      vertex 10.403497322536607 -11.918726305650173 0.2676384150981903
      vertex 10.372304762694723 -11.870693975617968 0.5
      vertex 10.807003821956474 -11.63618801303977 0.2676384150981903
    endloop
  endfacet
  facet normal -0.4294431440513668 0.6133083701860278 -0.6628962430780818
    outer loop
      vertex 10.902509241121766 -11.76292798497976 0.08850806951522827
      vertex 10.403497322536607 -11.918726305650173 0.2676384150981903
      vertex 10.807003821956474 -11.63618801303977 0.2676384150981903
    endloop
  endfacet
  facet normal -0.6110547967369419 0.7545898309775546 -0.23917822302634537
    outer loop
      vertex 10.807003821956474 -11.63618801303977 0.2676384150981903
      vertex 10.772536679653873 -11.59044857033105 0.5
      vertex 11.189818524833733 -11.326190778977477 0.2676384150981903
    endloop
  endfacet
  facet normal -0.5000894467298889 0.8322886055325711 -0.23917822302634886
    outer loop
      vertex 9.953498859313894 -12.12233794997577 0.5
      vertex 10.372304762694723 -11.870693975617968 0.5
      vertex 10.403497322536607 -11.918726305650173 0.2676384150981903
    endloop
  endfacet
  facet normal -0.5569287722314259 0.7953767159596492 -0.2391782230263453
    outer loop
      vertex 10.372304762694723 -11.870693975617968 0.5
      vertex 10.772536679653873 -11.59044857033105 0.5
      vertex 10.807003821956474 -11.63618801303977 0.2676384150981903
    endloop
  endfacet
  facet normal -0.3907311284892767 0.920504853452439 0
    outer loop
      vertex 9.068407164406636 -12.535062985480412 0.5
      vertex 9.068407164406636 -12.535062985480412 1.5
      vertex 9.51815934977443 -12.344154509256548 0.5
    endloop
  endfacet
  facet normal -0.4539904997395424 0.8910065241883701 0
    outer loop
      vertex 9.51815934977443 -12.344154509256548 0.5
      vertex 9.51815934977443 -12.344154509256548 1.5
      vertex 9.953498859313894 -12.12233794997577 0.5
    endloop
  endfacet
  facet normal -0.3907311284892767 0.920504853452439 0
    outer loop
      vertex 9.51815934977443 -12.344154509256548 0.5
      vertex 9.068407164406636 -12.535062985480412 1.5
      vertex 9.51815934977443 -12.344154509256548 1.5
    endloop
  endfacet
  facet normal -0.4539904997395424 0.8910065241883701 0
    outer loop
      vertex 9.953498859313894 -12.12233794997577 0.5
      vertex 9.51815934977443 -12.344154509256548 1.5
      vertex 9.953498859313894 -12.12233794997577 1.5
    endloop
  endfacet
  facet normal -0.39001912718352205 0.9188274834918074 0.06034182638200409
    outer loop
      vertex 9.068407164406636 -12.535062985480412 1.5
      vertex 9.06971361685489 -12.5384664104669 1.5602683424949646
      vertex 9.51815934977443 -12.344154509256548 1.5
    endloop
  endfacet
  facet normal -0.39001912718352316 0.9188274834918077 0.060341826381996096
    outer loop
      vertex 9.06971361685489 -12.5384664104669 1.5602683424949646
      vertex 9.519700030695892 -12.347458510154919 1.5602683424949646
      vertex 9.51815934977443 -12.344154509256548 1.5
    endloop
  endfacet
  facet normal -0.4531632254195658 0.8893829069170494 0.06034182638199649
    outer loop
      vertex 9.51815934977443 -12.344154509256548 1.5
      vertex 9.519700030695892 -12.347458510154919 1.5602683424949646
      vertex 9.953498859313894 -12.12233794997577 1.5
    endloop
  endfacet
  facet normal -0.4531632254195684 0.8893829069170492 0.060341826381977264
    outer loop
      vertex 9.519700030695892 -12.347458510154919 1.5602683424949646
      vertex 9.955266262665983 -12.125526430025765 1.5602683424949646
      vertex 9.953498859313894 -12.12233794997577 1.5
    endloop
  endfacet
  facet normal -0.5150380749100566 0.8571673007021109 0
    outer loop
      vertex 9.953498859313894 -12.12233794997577 0.5
      vertex 9.953498859313894 -12.12233794997577 1.5
      vertex 10.372304762694723 -11.870693975617968 0.5
    endloop
  endfacet
  facet normal -0.5150380749100566 0.8571673007021109 0
    outer loop
      vertex 10.372304762694723 -11.870693975617968 0.5
      vertex 9.953498859313894 -12.12233794997577 1.5
      vertex 10.372304762694723 -11.870693975617968 1.5
    endloop
  endfacet
  facet normal -0.5735764363510435 0.8191520442889936 0
    outer loop
      vertex 10.372304762694723 -11.870693975617968 0.5
      vertex 10.372304762694723 -11.870693975617968 1.5
      vertex 10.772536679653873 -11.59044857033105 0.5
    endloop
  endfacet
  facet normal -0.6293203910498398 0.7771459614569689 0
    outer loop
      vertex 10.772536679653873 -11.59044857033105 0.5
      vertex 10.772536679653873 -11.59044857033105 1.5
      vertex 11.152244720523084 -11.282967061559404 0.5
    endloop
  endfacet
  facet normal -0.5735764363510435 0.8191520442889936 0
    outer loop
      vertex 10.772536679653873 -11.59044857033105 0.5
      vertex 10.372304762694723 -11.870693975617968 1.5
      vertex 10.772536679653873 -11.59044857033105 1.5
    endloop
  endfacet
  facet normal -0.5140995579731878 0.8556053462202419 0.0603418263819777
    outer loop
      vertex 9.953498859313894 -12.12233794997577 1.5
      vertex 9.955266262665983 -12.125526430025765 1.5602683424949646
      vertex 10.372304762694723 -11.870693975617968 1.5
    endloop
  endfacet
  facet normal -0.5140995579731865 0.855605346220242 0.06034182638198751
    outer loop
      vertex 9.955266262665983 -12.125526430025765 1.5602683424949646
      vertex 10.374290277865967 -11.873751400865288 1.5602683424949646
      vertex 10.372304762694723 -11.870693975617968 1.5
    endloop
  endfacet
  facet normal -0.572531249157459 0.8176593622818035 0.06034182638198796
    outer loop
      vertex 10.372304762694723 -11.870693975617968 1.5
      vertex 10.374290277865967 -11.873751400865288 1.5602683424949646
      vertex 10.772536679653873 -11.59044857033105 1.5
    endloop
  endfacet
  facet normal -0.5725312491574612 0.8176593622818032 0.06034182638197152
    outer loop
      vertex 10.374290277865967 -11.873751400865288 1.5602683424949646
      vertex 10.77473063341394 -11.593360045307222 1.5602683424949646
      vertex 10.772536679653873 -11.59044857033105 1.5
    endloop
  endfacet
  facet normal -0.6281736256464856 0.7757298241211541 0.060341826381971435
    outer loop
      vertex 10.772536679653873 -11.59044857033105 1.5
      vertex 10.77473063341394 -11.593360045307222 1.5602683424949646
      vertex 11.152244720523084 -11.282967061559404 1.5
    endloop
  endfacet
  facet normal 0.05081694087603948 -0.9696449949079098 0.23917822302634661
    outer loop
      vertex 6.713412694185618 -14.798659714396464 1.5
      vertex 7.321810470926151 -14.709459290240867 1.7323615849018097
      vertex 6.712413160187536 -14.741396449997735 1.7323615849018097
    endloop
  endfacet
  facet normal 0.03918452044314628 -0.7476851906187553 0.6628962430780826
    outer loop
      vertex 6.712413160187536 -14.741396449997735 1.7323615849018097
      vertex 7.307979234709778 -14.551367536875885 1.9114919304847717
      vertex 6.709643539410198 -14.58272498193231 1.9114919304847717
    endloop
  endfacet
  facet normal 0.018568475339625478 -0.35430761603810473 0.9349445571481534
    outer loop
      vertex 6.709643539410198 -14.58272498193231 1.9114919304847717
      vertex 7.307979234709778 -14.551367536875885 1.9114919304847717
      vertex 7.288476914289672 -14.328454994448856 1.9963544383645058
    endloop
  endfacet
  facet normal 0.05081694087604054 -0.9696449949079103 0.23917822302634412
    outer loop
      vertex 6.713412694185618 -14.798659714396464 1.5
      vertex 7.326802053509183 -14.766513340238468 1.5
      vertex 7.321810470926151 -14.709459290240867 1.7323615849018097
    endloop
  endfacet
  facet normal 0.11833216899053188 -0.9637381778325254 0.23917822302634423
    outer loop
      vertex 7.326802053509183 -14.766513340238468 1.5
      vertex 7.927495496797966 -14.635090520293732 1.7323615849018097
      vertex 7.321810470926151 -14.709459290240867 1.7323615849018097
    endloop
  endfacet
  facet normal 0.03918452044314643 -0.7476851906187556 0.6628962430780823
    outer loop
      vertex 6.712413160187536 -14.741396449997735 1.7323615849018097
      vertex 7.321810470926151 -14.709459290240867 1.7323615849018097
      vertex 7.307979234709778 -14.551367536875885 1.9114919304847717
    endloop
  endfacet
  facet normal 0.09124495128902156 -0.7431304931014662 0.6628962430780823
    outer loop
      vertex 7.321810470926151 -14.709459290240867 1.7323615849018097
      vertex 7.902670029535095 -14.47834868876026 1.9114919304847717
      vertex 7.307979234709778 -14.551367536875885 1.9114919304847717
    endloop
  endfacet
  facet normal 0.01856847533962617 -0.3543076160381062 0.9349445571481529
    outer loop
      vertex 6.709643539410198 -14.58272498193231 1.9114919304847717
      vertex 7.288476914289672 -14.328454994448856 1.9963544383645058
      vertex 6.705738318575499 -14.358995030152755 1.9963544383645058
    endloop
  endfacet
  facet normal 0.003161884249823906 -0.06033234556166265 0.9981733369345319
    outer loop
      vertex 6.705738318575499 -14.358995030152755 1.9963544383645058
      vertex 7.283224182135353 -14.268415991192596 2
      vertex 6.704686490966975 -14.29873586681827 2
    endloop
  endfacet
  facet normal 0.0031618842498238775 -0.06033234556166246 0.9981733369345319
    outer loop
      vertex 6.705738318575499 -14.358995030152755 1.9963544383645058
      vertex 7.288476914289672 -14.328454994448856 1.9963544383645058
      vertex 7.283224182135353 -14.268415991192596 2
    endloop
  endfacet
  facet normal 0 0 1
    outer loop
      vertex 6.704686490966975 -14.29873586681827 2
      vertex 7.283224182135353 -14.268415991192596 2
      vertex 7.213499588196972 -13.471460235688092 2
    endloop
  endfacet
  facet normal 0 0 1
    outer loop
      vertex 6.704686490966975 -14.29873586681827 2
      vertex 7.213499588196972 -13.471460235688092 2
      vertex 6.690724565869161 -13.498857713672933 2
    endloop
  endfacet
  facet normal 0.04323849338245114 -0.3521492691303775 0.9349445571481533
    outer loop
      vertex 7.307979234709778 -14.551367536875885 1.9114919304847717
      vertex 7.867665622874302 -14.257339563185374 1.9963544383645058
      vertex 7.288476914289672 -14.328454994448856 1.9963544383645058
    endloop
  endfacet
  facet normal 0.0073627537378003725 -0.059964817104512576 0.9981733369345321
    outer loop
      vertex 7.288476914289672 -14.328454994448856 1.9963544383645058
      vertex 7.85823757695724 -14.197813223996103 2
      vertex 7.283224182135353 -14.268415991192596 2
    endloop
  endfacet
  facet normal 0 0 1
    outer loop
      vertex 7.283224182135353 -14.268415991192596 2
      vertex 7.85823757695724 -14.197813223996103 2
      vertex 7.733090005391267 -13.407662554463535 2
    endloop
  endfacet
  facet normal 0 0 1
    outer loop
      vertex 7.283224182135353 -14.268415991192596 2
      vertex 7.733090005391267 -13.407662554463535 2
      vertex 7.213499588196972 -13.471460235688092 2
    endloop
  endfacet
  facet normal -0.03471700575223373 0.6624399321469565 0.7483101401215507
    outer loop
      vertex 6.686669297049044 -13.266531518565973 1.9427280128002167
      vertex 7.177635703360903 -13.061534156231623 1.7840323746204376
      vertex 6.683543041452678 -13.087428455402282 1.7840323746204376
    endloop
  endfacet
  facet normal -0.03471700575223103 0.6624399321469527 0.7483101401215542
    outer loop
      vertex 6.686669297049044 -13.266531518565973 1.9427280128002167
      vertex 7.19324794167883 -13.239982856768712 1.9427280128002167
      vertex 7.177635703360903 -13.061534156231623 1.7840323746204376
    endloop
  endfacet
  facet normal -0.048938716578022755 0.9338063403472164 0.3544160277795499
    outer loop
      vertex 6.682061986473875 -13.002578872493538 1.5602683424949646
      vertex 6.683543041452678 -13.087428455402282 1.7840323746204376
      vertex 7.170239448455216 -12.976994575815064 1.5602683424949646
    endloop
  endfacet
  facet normal -0.048938716578026065 0.9338063403472184 0.3544160277795438
    outer loop
      vertex 7.170239448455216 -12.976994575815064 1.5602683424949646
      vertex 6.683543041452678 -13.087428455402282 1.7840323746204376
      vertex 7.177635703360903 -13.061534156231623 1.7840323746204376
    endloop
  endfacet
  facet normal -0.08084191060495556 0.6584045258661275 0.7483101401215543
    outer loop
      vertex 7.19324794167883 -13.239982856768712 1.9427280128002167
      vertex 7.696740645161252 -13.178161726253808 1.9427280128002167
      vertex 7.668718485377509 -13.001236772474739 1.7840323746204376
    endloop
  endfacet
  facet normal -0.11395854178661712 0.9281178427370296 0.35441602777954384
    outer loop
      vertex 7.170239448455216 -12.976994575815064 1.5602683424949646
      vertex 7.177635703360903 -13.061534156231623 1.7840323746204376
      vertex 7.655443064355371 -12.917419062888262 1.5602683424949646
    endloop
  endfacet
  facet normal -0.11395854178661434 0.928117842737028 0.35441602777954884
    outer loop
      vertex 7.655443064355371 -12.917419062888262 1.5602683424949646
      vertex 7.177635703360903 -13.061534156231623 1.7840323746204376
      vertex 7.668718485377509 -13.001236772474739 1.7840323746204376
    endloop
  endfacet
  facet normal -0.08084191060495566 0.6584045258661276 0.7483101401215542
    outer loop
      vertex 7.19324794167883 -13.239982856768712 1.9427280128002167
      vertex 7.668718485377509 -13.001236772474739 1.7840323746204376
      vertex 7.177635703360903 -13.061534156231623 1.7840323746204376
    endloop
  endfacet
  facet normal -0.012532011009985954 0.2391250150536678 0.9709079131800444
    outer loop
      vertex 6.690724565869161 -13.498857713672933 2
      vertex 7.213499588196972 -13.471460235688092 2
      vertex 7.19324794167883 -13.239982856768712 1.9427280128002167
    endloop
  endfacet
  facet normal -0.012532011009986884 0.23912501505366954 0.970907913180044
    outer loop
      vertex 6.686669297049044 -13.266531518565973 1.9427280128002167
      vertex 6.690724565869161 -13.498857713672933 2
      vertex 7.19324794167883 -13.239982856768712 1.9427280128002167
    endloop
  endfacet
  facet normal -0.029182001495176888 0.23766832963839904 0.9709079131800444
    outer loop
      vertex 7.19324794167883 -13.239982856768712 1.9427280128002167
      vertex 7.213499588196972 -13.471460235688092 2
      vertex 7.696740645161252 -13.178161726253808 1.9427280128002167
    endloop
  endfacet
  facet normal -0.029182001495176847 0.237668329638399 0.9709079131800447
    outer loop
      vertex 7.213499588196972 -13.471460235688092 2
      vertex 7.733090005391267 -13.407662554463535 2
      vertex 7.696740645161252 -13.178161726253808 1.9427280128002167
    endloop
  endfacet
  facet normal 0.11833216899052879 -0.963738177832524 0.23917822302635153
    outer loop
      vertex 7.326802053509183 -14.766513340238468 1.5
      vertex 7.936454809477355 -14.691657394293673 1.5
      vertex 7.927495496797966 -14.635090520293732 1.7323615849018097
    endloop
  endfacet
  facet normal 0.18527089467241162 -0.9531361252293615 0.23917822302635147
    outer loop
      vertex 7.936454809477355 -14.691657394293673 1.5
      vertex 8.52651740124018 -14.518652457327988 1.7323615849018097
      vertex 7.927495496797966 -14.635090520293732 1.7323615849018097
    endloop
  endfacet
  facet normal 0.09124495128902255 -0.7431304931014674 0.6628962430780807
    outer loop
      vertex 7.321810470926151 -14.709459290240867 1.7323615849018097
      vertex 7.927495496797966 -14.635090520293732 1.7323615849018097
      vertex 7.902670029535095 -14.47834868876026 1.9114919304847717
    endloop
  endfacet
  facet normal 0.0432384933824519 -0.3521492691303788 0.9349445571481528
    outer loop
      vertex 7.307979234709778 -14.551367536875885 1.9114919304847717
      vertex 7.902670029535095 -14.47834868876026 1.9114919304847717
      vertex 7.867665622874302 -14.257339563185374 1.9963544383645058
    endloop
  endfacet
  facet normal 0.14286084590413164 -0.7349553385210031 0.6628962430780806
    outer loop
      vertex 7.927495496797966 -14.635090520293732 1.7323615849018097
      vertex 8.490818650111867 -14.364024178073622 1.9114919304847717
      vertex 7.902670029535095 -14.47834868876026 1.9114919304847717
    endloop
  endfacet
  facet normal 0.18527089467241206 -0.9531361252293616 0.23917822302635044
    outer loop
      vertex 7.936454809477355 -14.691657394293673 1.5
      vertex 8.53940079514514 -14.574456567206221 1.5
      vertex 8.52651740124018 -14.518652457327988 1.7323615849018097
    endloop
  endfacet
  facet normal 0.2513069991788103 -0.9378904892329908 0.23917822302635014
    outer loop
      vertex 8.53940079514514 -14.574456567206221 1.5
      vertex 9.115957809747822 -14.360712375882095 1.7323615849018097
      vertex 8.52651740124018 -14.518652457327988 1.7323615849018097
    endloop
  endfacet
  facet normal 0.1428608459041296 -0.7349553385210008 0.6628962430780835
    outer loop
      vertex 7.927495496797966 -14.635090520293732 1.7323615849018097
      vertex 8.52651740124018 -14.518652457327988 1.7323615849018097
      vertex 8.490818650111867 -14.364024178073622 1.9114919304847717
    endloop
  endfacet
  facet normal 0.06769785783183917 -0.34827528638136923 0.9349445571481525
    outer loop
      vertex 7.902670029535095 -14.47834868876026 1.9114919304847717
      vertex 8.490818650111867 -14.364024178073622 1.9114919304847717
      vertex 8.440482695161007 -14.14599520359492 1.9963544383645058
    endloop
  endfacet
  facet normal 0.19378073683831196 -0.7231995554087153 0.6628962430780834
    outer loop
      vertex 8.52651740124018 -14.518652457327988 1.7323615849018097
      vertex 9.06955969548114 -14.208950982340182 1.9114919304847717
      vertex 8.490818650111867 -14.364024178073622 1.9114919304847717
    endloop
  endfacet
  facet normal 0.0073627537378004 -0.059964817104512694 0.9981733369345321
    outer loop
      vertex 7.288476914289672 -14.328454994448856 1.9963544383645058
      vertex 7.867665622874302 -14.257339563185374 1.9963544383645058
      vertex 7.85823757695724 -14.197813223996103 2
    endloop
  endfacet
  facet normal 0.06769785783183888 -0.3482752863813688 0.9349445571481528
    outer loop
      vertex 7.902670029535095 -14.47834868876026 1.9114919304847717
      vertex 8.440482695161007 -14.14599520359492 1.9963544383645058
      vertex 7.867665622874302 -14.257339563185374 1.9963544383645058
    endloop
  endfacet
  facet normal 0.011527752629668353 -0.05930514608607181 0.9981733369345319
    outer loop
      vertex 7.867665622874302 -14.257339563185374 1.9963544383645058
      vertex 8.426925267973209 -14.087271534813603 2
      vertex 7.85823757695724 -14.197813223996103 2
    endloop
  endfacet
  facet normal 0 0 1
    outer loop
      vertex 7.85823757695724 -14.197813223996103 2
      vertex 8.426925267973209 -14.087271534813603 2
      vertex 8.246964425168521 -13.307775485889263 2
    endloop
  endfacet
  facet normal 0.01152775262966837 -0.05930514608607186 0.9981733369345321
    outer loop
      vertex 7.867665622874302 -14.257339563185374 1.9963544383645058
      vertex 8.440482695161007 -14.14599520359492 1.9963544383645058
      vertex 8.426925267973209 -14.087271534813603 2
    endloop
  endfacet
  facet normal 0.015636589469489676 -0.0583565463572323 0.9981733369345321
    outer loop
      vertex 8.440482695161007 -14.14599520359492 1.9963544383645058
      vertex 8.986516665916913 -13.937329471643185 2
      vertex 8.426925267973209 -14.087271534813603 2
    endloop
  endfacet
  facet normal 0.09182740512283077 -0.34270454144561924 0.9349445571481526
    outer loop
      vertex 8.490818650111867 -14.364024178073622 1.9114919304847717
      vertex 9.004137423952981 -13.994964374205129 1.9963544383645058
      vertex 8.440482695161007 -14.14599520359492 1.9963544383645058
    endloop
  endfacet
  facet normal 0 0 1
    outer loop
      vertex 8.426925267973209 -14.087271534813603 2
      vertex 8.986516665916913 -13.937329471643185 2
      vertex 8.75261930301006 -13.172285669722765 2
    endloop
  endfacet
  facet normal -0.1784231724347023 0.9179076482911027 0.3544160277795487
    outer loop
      vertex 7.655443064355371 -12.917419062888262 1.5602683424949646
      vertex 7.668718485377509 -13.001236772474739 1.7840323746204376
      vertex 8.135308970930168 -12.8241425796236 1.5602683424949646
    endloop
  endfacet
  facet normal -0.1784231724347019 0.9179076482911025 0.35441602777954934
    outer loop
      vertex 8.135308970930168 -12.8241425796236 1.5602683424949646
      vertex 7.668718485377509 -13.001236772474739 1.7840323746204376
      vertex 8.15439888155198 -12.906830066924215 1.7840323746204376
    endloop
  endfacet
  facet normal -0.1265729617954187 0.6511614389178733 0.7483101401215543
    outer loop
      vertex 7.696740645161252 -13.178161726253808 1.9427280128002167
      vertex 8.15439888155198 -12.906830066924215 1.7840323746204376
      vertex 7.668718485377509 -13.001236772474739 1.7840323746204376
    endloop
  endfacet
  facet normal -0.12657296179541896 0.6511614389178735 0.7483101401215541
    outer loop
      vertex 7.696740645161252 -13.178161726253808 1.9427280128002167
      vertex 8.194694441655848 -13.081369313354887 1.9427280128002167
      vertex 8.15439888155198 -12.906830066924215 1.7840323746204376
    endloop
  endfacet
  facet normal -0.24201854332171666 0.903225500050458 0.35441602777954956
    outer loop
      vertex 8.135308970930168 -12.8241425796236 1.5602683424949646
      vertex 8.15439888155198 -12.906830066924215 1.7840323746204376
      vertex 8.607499309718733 -12.697619559671427 1.5602683424949646
    endloop
  endfacet
  facet normal -0.24201854332171205 0.9032255000504561 0.3544160277795573
    outer loop
      vertex 8.607499309718733 -12.697619559671427 1.5602683424949646
      vertex 8.15439888155198 -12.906830066924215 1.7840323746204376
      vertex 8.632310705814579 -12.77877397955977 1.7840323746204376
    endloop
  endfacet
  facet normal -0.17168736223907752 0.640745958893732 0.7483101401215541
    outer loop
      vertex 8.15439888155198 -12.906830066924215 1.7840323746204376
      vertex 8.194694441655848 -13.081369313354887 1.9427280128002167
      vertex 8.632310705814579 -12.77877397955977 1.7840323746204376
    endloop
  endfacet
  facet normal -0.17168736223908188 0.6407459588937359 0.7483101401215496
    outer loop
      vertex 8.194694441655848 -13.081369313354887 1.9427280128002167
      vertex 8.684683350320242 -12.950077180978056 1.9427280128002167
      vertex 8.632310705814579 -12.77877397955977 1.7840323746204376
    endloop
  endfacet
  facet normal -0.04568982020244907 0.23505374801146875 0.9709079131800445
    outer loop
      vertex 7.696740645161252 -13.178161726253808 1.9427280128002167
      vertex 7.733090005391267 -13.407662554463535 2
      vertex 8.194694441655848 -13.081369313354887 1.9427280128002167
    endloop
  endfacet
  facet normal 0 0 1
    outer loop
      vertex 7.85823757695724 -14.197813223996103 2
      vertex 8.246964425168521 -13.307775485889263 2
      vertex 7.733090005391267 -13.407662554463535 2
    endloop
  endfacet
  facet normal -0.045689820202450965 0.2350537480114713 0.9709079131800438
    outer loop
      vertex 7.733090005391267 -13.407662554463535 2
      vertex 8.246964425168521 -13.307775485889263 2
      vertex 8.194694441655848 -13.081369313354887 1.9427280128002167
    endloop
  endfacet
  facet normal 0 0 1
    outer loop
      vertex 8.426925267973209 -14.087271534813603 2
      vertex 8.75261930301006 -13.172285669722765 2
      vertex 8.246964425168521 -13.307775485889263 2
    endloop
  endfacet
  facet normal -0.06197504269841889 0.23129400815174989 0.9709079131800438
    outer loop
      vertex 8.194694441655848 -13.081369313354887 1.9427280128002167
      vertex 8.246964425168521 -13.307775485889263 2
      vertex 8.684683350320242 -12.950077180978056 1.9427280128002167
    endloop
  endfacet
  facet normal -0.06197504269841831 0.2312940081517492 0.970907913180044
    outer loop
      vertex 8.246964425168521 -13.307775485889263 2
      vertex 8.75261930301006 -13.172285669722765 2
      vertex 8.684683350320242 -12.950077180978056 1.9427280128002167
    endloop
  endfacet
  facet normal 0.25130699917880905 -0.9378904892329906 0.23917822302635297
    outer loop
      vertex 8.53940079514514 -14.574456567206221 1.5
      vertex 9.132702518278283 -14.415481849624703 1.5
      vertex 9.115957809747822 -14.360712375882095 1.7323615849018097
    endloop
  endfacet
  facet normal 0.19378073683831215 -0.7231995554087154 0.6628962430780831
    outer loop
      vertex 8.52651740124018 -14.518652457327988 1.7323615849018097
      vertex 9.115957809747822 -14.360712375882095 1.7323615849018097
      vertex 9.06955969548114 -14.208950982340182 1.9114919304847717
    endloop
  endfacet
  facet normal 0.0918274051228323 -0.3427045414456212 0.934944557148152
    outer loop
      vertex 8.490818650111867 -14.364024178073622 1.9114919304847717
      vertex 9.06955969548114 -14.208950982340182 1.9114919304847717
      vertex 9.004137423952981 -13.994964374205129 1.9963544383645058
    endloop
  endfacet
  facet normal 0.24375654750139022 -0.707920416758244 0.6628962430780829
    outer loop
      vertex 9.115957809747822 -14.360712375882095 1.7323615849018097
      vertex 9.636073597444716 -14.01388460258165 1.9114919304847717
      vertex 9.06955969548114 -14.208950982340182 1.9114919304847717
    endloop
  endfacet
  facet normal 0.316118761246503 -0.9180755450494978 0.23917822302635305
    outer loop
      vertex 9.132702518278283 -14.415481849624703 1.5
      vertex 9.692945027900986 -14.162039744156772 1.7323615849018097
      vertex 9.115957809747822 -14.360712375882095 1.7323615849018097
    endloop
  endfacet
  facet normal 0.3161187612465047 -0.9180755450494982 0.2391782230263494
    outer loop
      vertex 9.132702518278283 -14.415481849624703 1.5
      vertex 9.713469472520156 -14.215507750393089 1.5
      vertex 9.692945027900986 -14.162039744156772 1.7323615849018097
    endloop
  endfacet
  facet normal 0.24375654750139267 -0.7079204167582459 0.6628962430780797
    outer loop
      vertex 9.115957809747822 -14.360712375882095 1.7323615849018097
      vertex 9.692945027900986 -14.162039744156772 1.7323615849018097
      vertex 9.636073597444716 -14.01388460258165 1.9114919304847717
    endloop
  endfacet
  facet normal 0.11550957852652499 -0.33546417443248494 0.934944557148153
    outer loop
      vertex 9.06955969548114 -14.208950982340182 1.9114919304847717
      vertex 9.636073597444716 -14.01388460258165 1.9114919304847717
      vertex 9.555883740069923 -13.804982882035215 1.9963544383645058
    endloop
  endfacet
  facet normal 0.29254480076736905 -0.6891923609972382 0.6628962430780798
    outer loop
      vertex 9.692945027900986 -14.162039744156772 1.7323615849018097
      vertex 10.187600357218011 -13.779775382592199 1.9114919304847717
      vertex 9.636073597444716 -14.01388460258165 1.9114919304847717
    endloop
  endfacet
  facet normal 0.015636589469489356 -0.05835654635723147 0.9981733369345321
    outer loop
      vertex 8.440482695161007 -14.14599520359492 1.9963544383645058
      vertex 9.004137423952981 -13.994964374205129 1.9963544383645058
      vertex 8.986516665916913 -13.937329471643185 2
    endloop
  endfacet
  facet normal 0.11550957852652716 -0.3354641744324873 0.934944557148152
    outer loop
      vertex 9.06955969548114 -14.208950982340182 1.9114919304847717
      vertex 9.555883740069923 -13.804982882035215 1.9963544383645058
      vertex 9.004137423952981 -13.994964374205129 1.9963544383645058
    endloop
  endfacet
  facet normal 0.019669246417200265 -0.05712363940051864 0.9981733369345321
    outer loop
      vertex 9.004137423952981 -13.994964374205129 1.9963544383645058
      vertex 9.534285497747508 -13.748717537144486 2
      vertex 8.986516665916913 -13.937329471643185 2
    endloop
  endfacet
  facet normal 0.019669246417200068 -0.05712363940051821 0.9981733369345321
    outer loop
      vertex 9.004137423952981 -13.994964374205129 1.9963544383645058
      vertex 9.555883740069923 -13.804982882035215 1.9963544383645058
      vertex 9.534285497747508 -13.748717537144486 2
    endloop
  endfacet
  facet normal 0.023606076773511432 -0.05561243181469456 0.9981733369345321
    outer loop
      vertex 9.534285497747508 -13.748717537144486 2
      vertex 9.555883740069923 -13.804982882035215 1.9963544383645058
      vertex 10.06756308877784 -13.522354629703187 2
    endloop
  endfacet
  facet normal 0.13862900087462116 -0.3265894596822569 0.9349445571481528
    outer loop
      vertex 9.636073597444716 -14.01388460258165 1.9114919304847717
      vertex 10.093033590921054 -13.576976297818163 1.9963544383645058
      vertex 9.555883740069923 -13.804982882035215 1.9963544383645058
    endloop
  endfacet
  facet normal -0.30443482419328516 0.8841429279654752 0.35441602777955744
    outer loop
      vertex 8.607499309718733 -12.697619559671427 1.5602683424949646
      vertex 8.632310705814579 -12.77877397955977 1.7840323746204376
      vertex 9.06971361685489 -12.5384664104669 1.5602683424949646
    endloop
  endfacet
  facet normal -0.30443482419329254 0.8841429279654774 0.3544160277795454
    outer loop
      vertex 8.632310705814579 -12.77877397955977 1.7840323746204376
      vertex 9.100125619797021 -12.617692386766883 1.7840323746204376
      vertex 9.06971361685489 -12.5384664104669 1.5602683424949646
    endloop
  endfacet
  facet normal -0.2159653191118715 0.6272088289654207 0.7483101401215496
    outer loop
      vertex 8.684683350320242 -12.950077180978056 1.9427280128002167
      vertex 9.100125619797021 -12.617692386766883 1.7840323746204376
      vertex 8.632310705814579 -12.77877397955977 1.7840323746204376
    endloop
  endfacet
  facet normal -0.21596531911186762 0.6272088289654176 0.7483101401215532
    outer loop
      vertex 8.684683350320242 -12.950077180978056 1.9427280128002167
      vertex 9.16432019444493 -12.784924971194815 1.9427280128002167
      vertex 9.100125619797021 -12.617692386766883 1.7840323746204376
    endloop
  endfacet
  facet normal -0.2591911146587022 0.6106160006691935 0.7483101401215535
    outer loop
      vertex 9.100125619797021 -12.617692386766883 1.7840323746204376
      vertex 9.16432019444493 -12.784924971194815 1.9427280128002167
      vertex 9.555564476262981 -12.42437006187378 1.7840323746204376
    endloop
  endfacet
  facet normal -0.25919111465870165 0.6106160006691932 0.7483101401215538
    outer loop
      vertex 9.16432019444493 -12.784924971194815 1.9427280128002167
      vertex 9.631268231538265 -12.586717288970185 1.9427280128002167
      vertex 9.555564476262981 -12.42437006187378 1.7840323746204376
    endloop
  endfacet
  facet normal 0 0 1
    outer loop
      vertex 8.75261930301006 -13.172285669722765 2
      vertex 8.986516665916913 -13.937329471643185 2
      vertex 9.247591139179287 -13.001853198729012 2
    endloop
  endfacet
  facet normal 0 0 1
    outer loop
      vertex 8.986516665916913 -13.937329471643185 2
      vertex 9.534285497747508 -13.748717537144486 2
      vertex 9.247591139179287 -13.001853198729012 2
    endloop
  endfacet
  facet normal -0.0779583290160709 0.22640742713390435 0.9709079131800439
    outer loop
      vertex 8.75261930301006 -13.172285669722765 2
      vertex 9.16432019444493 -12.784924971194815 1.9427280128002167
      vertex 8.684683350320242 -12.950077180978056 1.9427280128002167
    endloop
  endfacet
  facet normal -0.07795832901607092 0.2264074271339044 0.9709079131800441
    outer loop
      vertex 8.75261930301006 -13.172285669722765 2
      vertex 9.247591139179287 -13.001853198729012 2
      vertex 9.16432019444493 -12.784924971194815 1.9427280128002167
    endloop
  endfacet
  facet normal 0 0 1
    outer loop
      vertex 9.534285497747508 -13.748717537144486 2
      vertex 9.72946848064478 -12.797308402774874 2
      vertex 9.247591139179287 -13.001853198729012 2
    endloop
  endfacet
  facet normal 0 0 1
    outer loop
      vertex 9.534285497747508 -13.748717537144486 2
      vertex 10.06756308877784 -13.522354629703187 2
      vertex 9.72946848064478 -12.797308402774874 2
    endloop
  endfacet
  facet normal -0.09356181019110162 0.22041781188945797 0.970907913180044
    outer loop
      vertex 9.16432019444493 -12.784924971194815 1.9427280128002167
      vertex 9.247591139179287 -13.001853198729012 2
      vertex 9.631268231538265 -12.586717288970185 1.9427280128002167
    endloop
  endfacet
  facet normal -0.0935618101911007 0.22041781188945717 0.9709079131800443
    outer loop
      vertex 9.247591139179287 -13.001853198729012 2
      vertex 9.72946848064478 -12.797308402774874 2
      vertex 9.631268231538265 -12.586717288970185 1.9427280128002167
    endloop
  endfacet
  facet normal -0.10870946763167874 0.2133543432218072 0.9709079131800443
    outer loop
      vertex 9.631268231538265 -12.586717288970185 1.9427280128002167
      vertex 9.72946848064478 -12.797308402774874 2
      vertex 10.083252537700979 -12.356419782208203 1.9427280128002167
    endloop
  endfacet
  facet normal 0.3793904244855465 -0.8937878290951576 0.23917822302634903
    outer loop
      vertex 9.713469472520156 -14.215507750393089 1.5
      vertex 10.25466803197138 -13.923602475243285 1.7323615849018097
      vertex 9.692945027900986 -14.162039744156772 1.7323615849018097
    endloop
  endfacet
  facet normal 0.37939042448555066 -0.8937878290951583 0.23917822302634006
    outer loop
      vertex 9.713469472520156 -14.215507750393089 1.5
      vertex 10.27887221964819 -13.97550852322151 1.5
      vertex 10.25466803197138 -13.923602475243285 1.7323615849018097
    endloop
  endfacet
  facet normal 0.29254480076736256 -0.6891923609972335 0.6628962430780876
    outer loop
      vertex 9.692945027900986 -14.162039744156772 1.7323615849018097
      vertex 10.25466803197138 -13.923602475243285 1.7323615849018097
      vertex 10.187600357218011 -13.779775382592199 1.9114919304847717
    endloop
  endfacet
  facet normal 0.13862900087462166 -0.32658945968225744 0.9349445571481527
    outer loop
      vertex 9.636073597444716 -14.01388460258165 1.9114919304847717
      vertex 10.187600357218011 -13.779775382592199 1.9114919304847717
      vertex 10.093033590921054 -13.576976297818163 1.9963544383645058
    endloop
  endfacet
  facet normal 0.3399078051704978 -0.6671066293308229 0.6628962430780876
    outer loop
      vertex 10.25466803197138 -13.923602475243285 1.7323615849018097
      vertex 10.721452991866686 -13.50776387895905 1.9114919304847717
      vertex 10.187600357218011 -13.779775382592199 1.9114919304847717
    endloop
  endfacet
  facet normal 0.4408137357126948 -0.8651456686807029 0.23917822302634045
    outer loop
      vertex 10.27887221964819 -13.97550852322151 1.5
      vertex 10.798390163947374 -13.646562211548147 1.7323615849018097
      vertex 10.25466803197138 -13.923602475243285 1.7323615849018097
    endloop
  endfacet
  facet normal 0.4408137357126916 -0.8651456686807028 0.23917822302634717
    outer loop
      vertex 10.27887221964819 -13.97550852322151 1.5
      vertex 10.826156174312455 -13.696653420220112 1.5
      vertex 10.798390163947374 -13.646562211548147 1.7323615849018097
    endloop
  endfacet
  facet normal 0.33990780517050384 -0.6671066293308267 0.6628962430780806
    outer loop
      vertex 10.25466803197138 -13.923602475243285 1.7323615849018097
      vertex 10.798390163947374 -13.646562211548147 1.7323615849018097
      vertex 10.721452991866686 -13.50776387895905 1.9114919304847717
    endloop
  endfacet
  facet normal 0.16107303666539155 -0.31612363391311654 0.9349445571481525
    outer loop
      vertex 10.187600357218011 -13.779775382592199 1.9114919304847717
      vertex 10.721452991866686 -13.50776387895905 1.9114919304847717
      vertex 10.612970036427146 -13.312055446713138 1.9963544383645058
    endloop
  endfacet
  facet normal 0.38561481291426297 -0.6417708212236392 0.6628962430780806
    outer loop
      vertex 10.798390163947374 -13.646562211548147 1.7323615849018097
      vertex 11.23503062501741 -13.199175304385395 1.9114919304847717
      vertex 10.721452991866686 -13.50776387895905 1.9114919304847717
    endloop
  endfacet
  facet normal 0.023606076773513132 -0.05561243181469764 0.998173336934532
    outer loop
      vertex 9.555883740069923 -13.804982882035215 1.9963544383645058
      vertex 10.093033590921054 -13.576976297818163 1.9963544383645058
      vertex 10.06756308877784 -13.522354629703187 2
    endloop
  endfacet
  facet normal 0.02742790069665899 -0.053830286051214704 0.9981733369345319
    outer loop
      vertex 10.093033590921054 -13.576976297818163 1.9963544383645058
      vertex 10.583751364189286 -13.259343566650415 2
      vertex 10.06756308877784 -13.522354629703187 2
    endloop
  endfacet
  facet normal 0.16107303666539152 -0.3161236339131166 0.9349445571481527
    outer loop
      vertex 10.187600357218011 -13.779775382592199 1.9114919304847717
      vertex 10.612970036427146 -13.312055446713138 1.9963544383645058
      vertex 10.093033590921054 -13.576976297818163 1.9963544383645058
    endloop
  endfacet
  facet normal 0 0 1
    outer loop
      vertex 10.06756308877784 -13.522354629703187 2
      vertex 10.583751364189286 -13.259343566650415 2
      vertex 10.195903669437063 -12.559647803545468 2
    endloop
  endfacet
  facet normal 0 0 1
    outer loop
      vertex 9.72946848064478 -12.797308402774874 2
      vertex 10.06756308877784 -13.522354629703187 2
      vertex 10.195903669437063 -12.559647803545468 2
    endloop
  endfacet
  facet normal -0.10870946763167963 0.2133543432218079 0.9709079131800441
    outer loop
      vertex 9.72946848064478 -12.797308402774874 2
      vertex 10.195903669437063 -12.559647803545468 2
      vertex 10.083252537700979 -12.356419782208203 1.9427280128002167
    endloop
  endfacet
  facet normal 0.0274279006966572 -0.05383028605121194 0.9981733369345321
    outer loop
      vertex 10.093033590921054 -13.576976297818163 1.9963544383645058
      vertex 10.612970036427146 -13.312055446713138 1.9963544383645058
      vertex 10.583751364189286 -13.259343566650415 2
    endloop
  endfacet
  facet normal 0.18273234081253595 -0.30411768557618607 0.9349445571481527
    outer loop
      vertex 10.721452991866686 -13.50776387895905 1.9114919304847717
      vertex 11.113159998489522 -13.011510996476968 1.9963544383645058
      vertex 10.612970036427146 -13.312055446713138 1.9963544383645058
    endloop
  endfacet
  facet normal 0.031116098644651972 -0.051785884545088916 0.9981733369345321
    outer loop
      vertex 10.612970036427146 -13.312055446713138 1.9963544383645058
      vertex 11.080335506591108 -12.960965711447585 2
      vertex 10.583751364189286 -13.259343566650415 2
    endloop
  endfacet
  facet normal 0 0 1
    outer loop
      vertex 10.195903669437063 -12.559647803545468 2
      vertex 10.583751364189286 -13.259343566650415 2
      vertex 10.644624280202237 -12.29002925959068 2
    endloop
  endfacet
  facet normal 0 0 1
    outer loop
      vertex 10.583751364189286 -13.259343566650415 2
      vertex 11.080335506591108 -12.960965711447585 2
      vertex 10.644624280202237 -12.29002925959068 2
    endloop
  endfacet
  facet normal 0.031116098644651476 -0.051785884545088263 0.9981733369345323
    outer loop
      vertex 10.612970036427146 -13.312055446713138 1.9963544383645058
      vertex 11.113159998489522 -13.011510996476968 1.9963544383645058
      vertex 11.080335506591108 -12.960965711447585 2
    endloop
  endfacet
  facet normal -0.3653679292030772 0.8607529004091848 0.3544160277795449
    outer loop
      vertex 9.100125619797021 -12.617692386766883 1.7840323746204376
      vertex 9.519700030695892 -12.347458510154919 1.5602683424949646
      vertex 9.06971361685489 -12.5384664104669 1.5602683424949646
    endloop
  endfacet
  facet normal -0.3653679292030762 0.8607529004091846 0.35441602777954645
    outer loop
      vertex 9.100125619797021 -12.617692386766883 1.7840323746204376
      vertex 9.555564476262981 -12.42437006187378 1.7840323746204376
      vertex 9.519700030695892 -12.347458510154919 1.5602683424949646
    endloop
  endfacet
  facet normal -0.4245209983884335 0.8331693712446799 0.3544160277795464
    outer loop
      vertex 9.519700030695892 -12.347458510154919 1.5602683424949646
      vertex 9.555564476262981 -12.42437006187378 1.7840323746204376
      vertex 9.955266262665983 -12.125526430025765 1.5602683424949646
    endloop
  endfacet
  facet normal -0.4245209983884344 0.8331693712446802 0.354416027779545
    outer loop
      vertex 9.555564476262981 -12.42437006187378 1.7840323746204376
      vertex 9.996408422884308 -12.199748851814652 1.7840323746204376
      vertex 9.955266262665983 -12.125526430025765 1.5602683424949646
    endloop
  endfacet
  facet normal -0.3011541571487135 0.5910483125966168 0.748310140121554
    outer loop
      vertex 9.631268231538265 -12.586717288970185 1.9427280128002167
      vertex 9.996408422884308 -12.199748851814652 1.7840323746204376
      vertex 9.555564476262981 -12.42437006187378 1.7840323746204376
    endloop
  endfacet
  facet normal -0.48160584394235256 0.8015267246533601 0.35441602777954495
    outer loop
      vertex 9.955266262665983 -12.125526430025765 1.5602683424949646
      vertex 9.996408422884308 -12.199748851814652 1.7840323746204376
      vertex 10.374290277865967 -11.873751400865288 1.5602683424949646
    endloop
  endfacet
  facet normal -0.4816058439423522 0.8015267246533601 0.35441602777954545
    outer loop
      vertex 10.374290277865967 -11.873751400865288 1.5602683424949646
      vertex 9.996408422884308 -12.199748851814652 1.7840323746204376
      vertex 10.42050971226654 -11.944923088546057 1.7840323746204376
    endloop
  endfacet
  facet normal -0.30115415714871063 0.5910483125966152 0.7483101401215565
    outer loop
      vertex 9.631268231538265 -12.586717288970185 1.9427280128002167
      vertex 10.083252537700979 -12.356419782208203 1.9427280128002167
      vertex 9.996408422884308 -12.199748851814652 1.7840323746204376
    endloop
  endfacet
  facet normal -0.34165000685700997 0.568601096557034 0.7483101401215564
    outer loop
      vertex 10.083252537700979 -12.356419782208203 1.9427280128002167
      vertex 10.42050971226654 -11.944923088546057 1.7840323746204376
      vertex 9.996408422884308 -12.199748851814652 1.7840323746204376
    endloop
  endfacet
  facet normal -0.34165000685701385 0.5686010965570358 0.7483101401215533
    outer loop
      vertex 10.083252537700979 -12.356419782208203 1.9427280128002167
      vertex 10.518071090826753 -12.09515443721238 1.9427280128002167
      vertex 10.42050971226654 -11.944923088546057 1.7840323746204376
    endloop
  endfacet
  facet normal -0.5363443542354288 0.765979120428716 0.35441602777954545
    outer loop
      vertex 10.374290277865967 -11.873751400865288 1.5602683424949646
      vertex 10.42050971226654 -11.944923088546057 1.7840323746204376
      vertex 10.77473063341394 -11.593360045307222 1.5602683424949646
    endloop
  endfacet
  facet normal -0.5363443542354263 0.7659791204287161 0.35441602777954934
    outer loop
      vertex 10.77473063341394 -11.593360045307222 1.5602683424949646
      vertex 10.42050971226654 -11.944923088546057 1.7840323746204376
      vertex 10.825802165558322 -11.661134257571646 1.7840323746204376
    endloop
  endfacet
  facet normal -0.5884698487478194 0.7266997429252912 0.354416027779549
    outer loop
      vertex 10.77473063341394 -11.593360045307222 1.5602683424949646
      vertex 10.825802165558322 -11.661134257571646 1.7840323746204376
      vertex 11.154636424149793 -11.285718401851003 1.5602683424949646
    endloop
  endfacet
  facet normal -0.38048137207443683 0.5433837131306156 0.7483101401215534
    outer loop
      vertex 10.518071090826753 -12.09515443721238 1.9427280128002167
      vertex 10.825802165558322 -11.661134257571646 1.7840323746204376
      vertex 10.42050971226654 -11.944923088546057 1.7840323746204376
    endloop
  endfacet
  facet normal -0.3804813720744351 0.5433837131306148 0.7483101401215548
    outer loop
      vertex 10.518071090826753 -12.09515443721238 1.9427280128002167
      vertex 10.933605498632568 -11.804194112481243 1.9427280128002167
      vertex 10.825802165558322 -11.661134257571646 1.7840323746204376
    endloop
  endfacet
  facet normal -0.12332750347339616 0.20525143364028325 0.970907913180044
    outer loop
      vertex 10.195903669437063 -12.559647803545468 2
      vertex 10.518071090826753 -12.09515443721238 1.9427280128002167
      vertex 10.083252537700979 -12.356419782208203 1.9427280128002167
    endloop
  endfacet
  facet normal -0.12332750347339491 0.20525143364028245 0.9709079131800443
    outer loop
      vertex 10.195903669437063 -12.559647803545468 2
      vertex 10.644624280202237 -12.29002925959068 2
      vertex 10.518071090826753 -12.09515443721238 1.9427280128002167
    endloop
  endfacet
  facet normal 0 0 1
    outer loop
      vertex 10.644624280202237 -12.29002925959068 2
      vertex 11.080335506591108 -12.960965711447585 2
      vertex 11.073444191229898 -11.989766325354697 2
    endloop
  endfacet
  facet normal -0.13734470011502348 0.19614855970586628 0.9709079131800443
    outer loop
      vertex 10.518071090826753 -12.09515443721238 1.9427280128002167
      vertex 10.644624280202237 -12.29002925959068 2
      vertex 10.933605498632568 -11.804194112481243 1.9427280128002167
    endloop
  endfacet
  facet normal -0.1373447001150239 0.1961485597058665 0.9709079131800443
    outer loop
      vertex 10.644624280202237 -12.29002925959068 2
      vertex 11.073444191229898 -11.989766325354697 2
      vertex 10.933605498632568 -11.804194112481243 1.9427280128002167
    endloop
  endfacet
  facet normal 0.3416500068570112 -0.5686010965570398 -0.7483101401215516
    outer loop
      vertex 10.69640249592537 -13.462571587987682 0.057271987199783325
      vertex 11.206888695966594 -13.155840533825886 0.057271987199783325
      vertex 11.304450074526805 -13.306071882492208 0.21596762537956238
    endloop
  endfacet
  facet normal 0.3804813720744394 -0.5433837131306165 -0.7483101401215515
    outer loop
      vertex 11.206888695966594 -13.155840533825886 0.057271987199783325
      vertex 11.80253823362956 -12.957306798795463 0.21596762537956238
      vertex 11.304450074526805 -13.306071882492208 0.21596762537956238
    endloop
  endfacet
  facet normal 0.4816058439423503 -0.8015267246533587 -0.354416027779551
    outer loop
      vertex 10.78324661074204 -13.619242518381231 0.21596762537956238
      vertex 11.304450074526805 -13.306071882492208 0.21596762537956238
      vertex 11.350669508927378 -13.377243570172979 0.4397316575050354
    endloop
  endfacet
  facet normal 0.48160584394234973 -0.8015267246533601 -0.3544160277795482
    outer loop
      vertex 10.824388770960367 -13.693464940170118 0.4397316575050354
      vertex 10.78324661074204 -13.619242518381231 0.21596762537956238
      vertex 11.350669508927378 -13.377243570172979 0.4397316575050354
    endloop
  endfacet
  facet normal 0.53634435423543 -0.7659791204287125 -0.3544160277795507
    outer loop
      vertex 11.304450074526805 -13.306071882492208 0.21596762537956238
      vertex 11.853609765773943 -13.025081011059886 0.4397316575050354
      vertex 11.350669508927378 -13.377243570172979 0.4397316575050354
    endloop
  endfacet
  facet normal 0.137344700115024 -0.19614855970586476 -0.9709079131800445
    outer loop
      vertex 11.206888695966594 -13.155840533825886 0.057271987199783325
      vertex 11.080335506591108 -12.960965711447585 0
      vertex 11.694734900555316 -12.814246943885866 0.057271987199783325
    endloop
  endfacet
  facet normal 0.13734470011502453 -0.19614855970586723 -0.970907913180044
    outer loop
      vertex 11.694734900555316 -12.814246943885866 0.057271987199783325
      vertex 11.080335506591108 -12.960965711447585 0
      vertex 11.554896207957988 -12.628674731012412 0
    endloop
  endfacet
  facet normal 0.3804813720744391 -0.5433837131306145 -0.748310140121553
    outer loop
      vertex 11.206888695966594 -13.155840533825886 0.057271987199783325
      vertex 11.694734900555316 -12.814246943885866 0.057271987199783325
      vertex 11.80253823362956 -12.957306798795463 0.21596762537956238
    endloop
  endfacet
  facet normal 0.15069276718353578 -0.186090069705347 -0.970907913180044
    outer loop
      vertex 11.694734900555316 -12.814246943885866 0.057271987199783325
      vertex 11.554896207957988 -12.628674731012412 0
      vertex 12.157564372020914 -12.43945502780094 0.057271987199783325
    endloop
  endfacet
  facet normal 0.4174590702929737 -0.5155190188745589 -0.7483101401215528
    outer loop
      vertex 11.694734900555316 -12.814246943885866 0.057271987199783325
      vertex 12.275084452606805 -12.574646415721018 0.21596762537956238
      vertex 11.80253823362956 -12.957306798795463 0.21596762537956238
    endloop
  endfacet
  facet normal 0.4174590702929739 -0.5155190188745601 -0.748310140121552
    outer loop
      vertex 11.694734900555316 -12.814246943885866 0.057271987199783325
      vertex 12.157564372020914 -12.43945502780094 0.057271987199783325
      vertex 12.275084452606805 -12.574646415721018 0.21596762537956238
    endloop
  endfacet
  facet normal 0.5363443542354293 -0.7659791204287162 -0.354416027779544
    outer loop
      vertex 11.304450074526805 -13.306071882492208 0.21596762537956238
      vertex 11.80253823362956 -12.957306798795463 0.21596762537956238
      vertex 11.853609765773943 -13.025081011059886 0.4397316575050354
    endloop
  endfacet
  facet normal 0.5884698487478185 -0.7266997429252946 -0.354416027779544
    outer loop
      vertex 11.80253823362956 -12.957306798795463 0.21596762537956238
      vertex 12.330759267124083 -12.638692963419583 0.4397316575050354
      vertex 11.853609765773943 -13.025081011059886 0.4397316575050354
    endloop
  endfacet
  facet normal 0.5140995579731859 -0.8556053462202432 -0.06034182638197771
    outer loop
      vertex 10.824388770960367 -13.693464940170118 0.4397316575050354
      vertex 11.352655024098622 -13.380300995420297 0.5
      vertex 10.826156174312455 -13.696653420220112 0.5
    endloop
  endfacet
  facet normal 0.5140995579731852 -0.8556053462202448 -0.060341826381962275
    outer loop
      vertex 10.824388770960367 -13.693464940170118 0.4397316575050354
      vertex 11.350669508927378 -13.377243570172979 0.4397316575050354
      vertex 11.352655024098622 -13.380300995420297 0.5
    endloop
  endfacet
  facet normal 0.5725312491574602 -0.8176593622818044 -0.060341826381963955
    outer loop
      vertex 11.350669508927378 -13.377243570172979 0.4397316575050354
      vertex 11.855803719534011 -13.027992486036059 0.5
      vertex 11.352655024098622 -13.380300995420297 0.5
    endloop
  endfacet
  facet normal 0.5725312491574625 -0.8176593622817993 -0.0603418263820123
    outer loop
      vertex 11.350669508927378 -13.377243570172979 0.4397316575050354
      vertex 11.853609765773943 -13.025081011059886 0.4397316575050354
      vertex 11.855803719534011 -13.027992486036059 0.5
    endloop
  endfacet
  facet normal 0.6281736256464846 -0.7757298241211518 -0.06034182638201266
    outer loop
      vertex 11.853609765773943 -13.025081011059886 0.4397316575050354
      vertex 12.33315097075079 -12.641444303711182 0.5
      vertex 11.855803719534011 -13.027992486036059 0.5
    endloop
  endfacet
  facet normal 0.5884698487478188 -0.7266997429252925 -0.3544160277795479
    outer loop
      vertex 11.80253823362956 -12.957306798795463 0.21596762537956238
      vertex 12.275084452606805 -12.574646415721018 0.21596762537956238
      vertex 12.330759267124083 -12.638692963419583 0.4397316575050354
    endloop
  endfacet
  facet normal 0.6281736256464827 -0.7757298241211573 -0.06034182638196315
    outer loop
      vertex 11.853609765773943 -13.025081011059886 0.4397316575050354
      vertex 12.330759267124083 -12.638692963419583 0.4397316575050354
      vertex 12.33315097075079 -12.641444303711182 0.5
    endloop
  endfacet
  facet normal 0.5150380749100545 -0.8571673007021121 -1.9469315732896e-17
    outer loop
      vertex 10.826156174312455 -13.696653420220112 0.5
      vertex 11.352655024098622 -13.380300995420297 0.5
      vertex 11.352655024098622 -13.380300995420297 1.5
    endloop
  endfacet
  facet normal 0.5150380749100545 -0.8571673007021121 0
    outer loop
      vertex 10.826156174312455 -13.696653420220112 0.5
      vertex 11.352655024098622 -13.380300995420297 1.5
      vertex 10.826156174312455 -13.696653420220112 1.5
    endloop
  endfacet
  facet normal 0.5735764363510439 -0.8191520442889934 4.0373268431304615e-18
    outer loop
      vertex 11.352655024098622 -13.380300995420297 0.5
      vertex 11.855803719534011 -13.027992486036059 0.5
      vertex 11.855803719534011 -13.027992486036059 1.5
    endloop
  endfacet
  facet normal 0.5735764363510439 -0.8191520442889934 0
    outer loop
      vertex 11.352655024098622 -13.380300995420297 0.5
      vertex 11.855803719534011 -13.027992486036059 1.5
      vertex 11.352655024098622 -13.380300995420297 1.5
    endloop
  endfacet
  facet normal 0.6293203910498404 -0.7771459614569686 0
    outer loop
      vertex 11.855803719534011 -13.027992486036059 0.5
      vertex 12.33315097075079 -12.641444303711182 1.5
      vertex 11.855803719534011 -13.027992486036059 1.5
    endloop
  endfacet
  facet normal 0.6293203910498404 -0.7771459614569686 1.86378770638267e-17
    outer loop
      vertex 11.855803719534011 -13.027992486036059 0.5
      vertex 12.33315097075079 -12.641444303711182 0.5
      vertex 12.33315097075079 -12.641444303711182 1.5
    endloop
  endfacet
  facet normal -0.038020481049711355 0.04695138393838308 -0.9981733369345323
    outer loop
      vertex 11.037173797295953 -11.941633886906526 0.003645561635494232
      vertex 11.480274235018339 -11.66032185167079 0
      vertex 11.073444191229898 -11.989766325354697 0
    endloop
  endfacet
  facet normal -0.22327900359149197 0.2757266066491133 -0.9349445571481529
    outer loop
      vertex 10.902509241121766 -11.76292798497976 0.08850806951522827
      vertex 11.440734644762225 -11.614836756205694 0.003645561635494232
      vertex 11.037173797295953 -11.941633886906526 0.003645561635494232
    endloop
  endfacet
  facet normal -0.22327900359149205 0.2757266066491136 -0.9349445571481528
    outer loop
      vertex 10.902509241121766 -11.76292798497976 0.08850806951522827
      vertex 11.293932231122987 -11.445959897451322 0.08850806951522827
      vertex 11.440734644762225 -11.614836756205694 0.003645561635494232
    endloop
  endfacet
  facet normal -0.4711792713581288 0.5818579424184117 -0.6628962430780817
    outer loop
      vertex 10.902509241121766 -11.76292798497976 0.08850806951522827
      vertex 10.807003821956474 -11.63618801303977 0.2676384150981903
      vertex 11.293932231122987 -11.445959897451322 0.08850806951522827
    endloop
  endfacet
  facet normal -0.03802048104971236 0.046951383938384654 -0.9981733369345319
    outer loop
      vertex 11.037173797295953 -11.941633886906526 0.003645561635494232
      vertex 11.440734644762225 -11.614836756205694 0.003645561635494232
      vertex 11.480274235018339 -11.66032185167079 0
    endloop
  endfacet
  facet normal -0.47117927135812887 0.5818579424184117 -0.6628962430780817
    outer loop
      vertex 10.807003821956474 -11.63618801303977 0.2676384150981903
      vertex 11.189818524833733 -11.326190778977477 0.2676384150981903
      vertex 11.293932231122987 -11.445959897451322 0.08850806951522827
    endloop
  endfacet
  facet normal 0.15069276718353544 -0.1860900697053459 -0.9709079131800442
    outer loop
      vertex 12.157564372020914 -12.43945502780094 0.057271987199783325
      vertex 11.554896207957988 -12.628674731012412 0
      vertex 12.005121456255537 -12.264089513599798 0
    endloop
  endfacet
  facet normal -0.24196882295798205 0.259479794541643 -0.9349445571481527
    outer loop
      vertex 11.440734644762225 -11.614836756205694 0.003645561635494232
      vertex 11.293932231122987 -11.445959897451322 0.08850806951522827
      vertex 11.82051622281958 -11.260684705230045 0.003645561635494232
    endloop
  endfacet
  facet normal -0.0412030280497262 0.04418483803879577 -0.9981733369345319
    outer loop
      vertex 11.440734644762225 -11.614836756205694 0.003645561635494232
      vertex 11.863132376488641 -11.303300858899107 0
      vertex 11.480274235018339 -11.66032185167079 0
    endloop
  endfacet
  facet normal -0.5106198606176093 0.5475727612434882 -0.6628962430780817
    outer loop
      vertex 11.293932231122987 -11.445959897451322 0.08850806951522827
      vertex 11.189818524833733 -11.326190778977477 0.2676384150981903
      vertex 11.662291158318013 -11.102459640728476 0.08850806951522827
    endloop
  endfacet
  facet normal -0.5106198606176093 0.5475727612434883 -0.6628962430780816
    outer loop
      vertex 11.662291158318013 -11.102459640728476 0.08850806951522827
      vertex 11.189818524833733 -11.326190778977477 0.2676384150981903
      vertex 11.550076396416364 -10.990244878826829 0.2676384150981903
    endloop
  endfacet
  facet normal -0.6622038236957667 0.710126660190041 -0.2391782230263532
    outer loop
      vertex 11.189818524833733 -11.326190778977477 0.2676384150981903
      vertex 11.152244720523084 -11.282967061559404 0.5
      vertex 11.550076396416364 -10.990244878826829 0.2676384150981903
    endloop
  endfacet
  facet normal -0.2419688229579815 0.25947979454164105 -0.9349445571481535
    outer loop
      vertex 11.293932231122987 -11.445959897451322 0.08850806951522827
      vertex 11.662291158318013 -11.102459640728476 0.08850806951522827
      vertex 11.82051622281958 -11.260684705230045 0.003645561635494232
    endloop
  endfacet
  facet normal -0.04120302804972657 0.04418483803879627 -0.9981733369345321
    outer loop
      vertex 11.440734644762225 -11.614836756205694 0.003645561635494232
      vertex 11.82051622281958 -11.260684705230045 0.003645561635494232
      vertex 11.863132376488641 -11.303300858899107 0
    endloop
  endfacet
  facet normal -0.5475727612434882 0.5106198606176092 -0.6628962430780817
    outer loop
      vertex 11.662291158318013 -11.102459640728476 0.08850806951522827
      vertex 11.550076396416364 -10.990244878826829 0.2676384150981903
      vertex 12.005791415040857 -10.734100713533453 0.08850806951522827
    endloop
  endfacet
  facet normal -0.04418483803879611 0.041203028049726725 -0.9981733369345319
    outer loop
      vertex 11.82051622281958 -11.260684705230045 0.003645561635494232
      vertex 12.220153369260325 -10.920442717428806 0
      vertex 11.863132376488641 -11.303300858899107 0
    endloop
  endfacet
  facet normal -0.25947979454164233 0.24196882295798028 -0.9349445571481534
    outer loop
      vertex 11.662291158318013 -11.102459640728476 0.08850806951522827
      vertex 12.174668273795227 -10.88090312717269 0.003645561635494232
      vertex 11.82051622281958 -11.260684705230045 0.003645561635494232
    endloop
  endfacet
  facet normal -0.2594797945416438 0.24196882295798397 -0.9349445571481522
    outer loop
      vertex 11.662291158318013 -11.102459640728476 0.08850806951522827
      vertex 12.005791415040857 -10.734100713533453 0.08850806951522827
      vertex 12.174668273795227 -10.88090312717269 0.003645561635494232
    endloop
  endfacet
  facet normal -0.7101266601900409 0.6622038236957667 -0.23917822302635333
    outer loop
      vertex 11.550076396416364 -10.990244878826829 0.2676384150981903
      vertex 11.509578985895367 -10.949747468305832 0.5
      vertex 11.886022296567011 -10.629987007244198 0.2676384150981903
    endloop
  endfacet
  facet normal -0.5475727612434882 0.5106198606176091 -0.6628962430780817
    outer loop
      vertex 12.005791415040857 -10.734100713533453 0.08850806951522827
      vertex 11.550076396416364 -10.990244878826829 0.2676384150981903
      vertex 11.886022296567011 -10.629987007244198 0.2676384150981903
    endloop
  endfacet
  facet normal -0.7545898309775532 0.6110547967369406 -0.23917822302635283
    outer loop
      vertex 11.886022296567011 -10.629987007244198 0.2676384150981903
      vertex 11.842798579148939 -10.59241320293355 0.5
      vertex 12.196019530629306 -10.24717230436694 0.2676384150981903
    endloop
  endfacet
  facet normal -0.6110547967369436 0.7545898309775508 -0.2391782230263529
    outer loop
      vertex 10.772536679653873 -11.59044857033105 0.5
      vertex 11.152244720523084 -11.282967061559404 0.5
      vertex 11.189818524833733 -11.326190778977477 0.2676384150981903
    endloop
  endfacet
  facet normal -0.6622038236957668 0.7101266601900408 -0.23917822302635341
    outer loop
      vertex 11.152244720523084 -11.282967061559404 0.5
      vertex 11.509578985895367 -10.949747468305832 0.5
      vertex 11.550076396416364 -10.990244878826829 0.2676384150981903
    endloop
  endfacet
  facet normal -0.7101266601900409 0.6622038236957669 -0.23917822302635322
    outer loop
      vertex 11.509578985895367 -10.949747468305832 0.5
      vertex 11.842798579148939 -10.59241320293355 0.5
      vertex 11.886022296567011 -10.629987007244198 0.2676384150981903
    endloop
  endfacet
  facet normal 0.1633066742379116 -0.17512496759093013 -0.9709079131800442
    outer loop
      vertex 12.157564372020914 -12.43945502780094 0.057271987199783325
      vertex 12.005121456255537 -12.264089513599798 0
      vertex 12.59312225170186 -12.033290734112326 0.057271987199783325
    endloop
  endfacet
  facet normal 0.45240294988388047 -0.4851427677783381 -0.7483101401215518
    outer loop
      vertex 12.275084452606805 -12.574646415721018 0.21596762537956238
      vertex 12.157564372020914 -12.43945502780094 0.057271987199783325
      vertex 12.719786533779862 -12.159955016190327 0.21596762537956238
    endloop
  endfacet
  facet normal 0.1633066742379115 -0.17512496759092988 -0.9709079131800443
    outer loop
      vertex 12.59312225170186 -12.033290734112326 0.057271987199783325
      vertex 12.005121456255537 -12.264089513599798 0
      vertex 12.428817799330536 -11.868986281741002 0
    endloop
  endfacet
  facet normal 0.4524029498838802 -0.4851427677783372 -0.7483101401215526
    outer loop
      vertex 12.157564372020914 -12.43945502780094 0.057271987199783325
      vertex 12.59312225170186 -12.033290734112326 0.057271987199783325
      vertex 12.719786533779862 -12.159955016190327 0.21596762537956238
    endloop
  endfacet
  facet normal 0.6377283773098892 -0.6838799573219401 -0.3544160277795532
    outer loop
      vertex 12.275084452606805 -12.574646415721018 0.21596762537956238
      vertex 12.719786533779862 -12.159955016190327 0.21596762537956238
      vertex 12.77979338857012 -12.219961870980585 0.4397316575050354
    endloop
  endfacet
  facet normal 0.6377283773098888 -0.683879957321943 -0.3544160277795481
    outer loop
      vertex 12.275084452606805 -12.574646415721018 0.21596762537956238
      vertex 12.77979338857012 -12.219961870980585 0.4397316575050354
      vertex 12.330759267124083 -12.638692963419583 0.4397316575050354
    endloop
  endfacet
  facet normal 0.6838799573219402 -0.6377283773098891 -0.3544160277795531
    outer loop
      vertex 12.719786533779862 -12.159955016190327 0.21596762537956238
      vertex 13.19852448100912 -11.770927749534549 0.4397316575050354
      vertex 12.77979338857012 -12.219961870980585 0.4397316575050354
    endloop
  endfacet
  facet normal 0.1751249675909303 -0.1633066742379111 -0.9709079131800443
    outer loop
      vertex 12.59312225170186 -12.033290734112326 0.057271987199783325
      vertex 12.428817799330536 -11.868986281741002 0
      vertex 12.999286545390476 -11.597732854431378 0.057271987199783325
    endloop
  endfacet
  facet normal 0.48514276777833665 -0.45240294988388086 -0.7483101401215527
    outer loop
      vertex 12.59312225170186 -12.033290734112326 0.057271987199783325
      vertex 13.134477933310553 -11.715252935017272 0.21596762537956238
      vertex 12.719786533779862 -12.159955016190327 0.21596762537956238
    endloop
  endfacet
  facet normal 0.1751249675909309 -0.16330667423791248 -0.9709079131800439
    outer loop
      vertex 12.999286545390476 -11.597732854431378 0.057271987199783325
      vertex 12.428817799330536 -11.868986281741002 0
      vertex 12.823921031189332 -11.445289938666003 0
    endloop
  endfacet
  facet normal 0.4851427677783351 -0.4524029498838764 -0.7483101401215564
    outer loop
      vertex 12.59312225170186 -12.033290734112326 0.057271987199783325
      vertex 12.999286545390476 -11.597732854431378 0.057271987199783325
      vertex 13.134477933310553 -11.715252935017272 0.21596762537956238
    endloop
  endfacet
  facet normal 0.6838799573219402 -0.6377283773098918 -0.35441602777954845
    outer loop
      vertex 12.719786533779862 -12.159955016190327 0.21596762537956238
      vertex 13.134477933310553 -11.715252935017272 0.21596762537956238
      vertex 13.19852448100912 -11.770927749534549 0.4397316575050354
    endloop
  endfacet
  facet normal 0.6807556033751442 -0.7300210082334839 -0.06034182638196269
    outer loop
      vertex 12.330759267124083 -12.638692963419583 0.4397316575050354
      vertex 12.782371189923811 -12.222539672334277 0.5
      vertex 12.33315097075079 -12.641444303711182 0.5
    endloop
  endfacet
  facet normal 0.6807556033751448 -0.7300210082334819 -0.06034182638198145
    outer loop
      vertex 12.330759267124083 -12.638692963419583 0.4397316575050354
      vertex 12.77979338857012 -12.219961870980585 0.4397316575050354
      vertex 12.782371189923811 -12.222539672334277 0.5
    endloop
  endfacet
  facet normal 0.7300210082334804 -0.6807556033751464 -0.0603418263819817
    outer loop
      vertex 12.77979338857012 -12.219961870980585 0.4397316575050354
      vertex 13.201275821300719 -11.773319453161257 0.5
      vertex 12.782371189923811 -12.222539672334277 0.5
    endloop
  endfacet
  facet normal 0.7300210082334804 -0.6807556033751463 -0.060341826381982676
    outer loop
      vertex 12.77979338857012 -12.219961870980585 0.4397316575050354
      vertex 13.19852448100912 -11.770927749534549 0.4397316575050354
      vertex 13.201275821300719 -11.773319453161257 0.5
    endloop
  endfacet
  facet normal -0.044184838038794076 0.04120302804972432 -0.9981733369345323
    outer loop
      vertex 11.82051622281958 -11.260684705230045 0.003645561635494232
      vertex 12.174668273795227 -10.88090312717269 0.003645561635494232
      vertex 12.220153369260325 -10.920442717428806 0
    endloop
  endfacet
  facet normal -0.04695138393838275 0.03802048104971072 -0.9981733369345323
    outer loop
      vertex 12.174668273795227 -10.88090312717269 0.003645561635494232
      vertex 12.54959784294423 -10.513612673640363 0
      vertex 12.220153369260325 -10.920442717428806 0
    endloop
  endfacet
  facet normal -0.2757266066491138 0.2232790035914946 -0.9349445571481521
    outer loop
      vertex 12.005791415040857 -10.734100713533453 0.08850806951522827
      vertex 12.501465404496061 -10.47734227970642 0.003645561635494232
      vertex 12.174668273795227 -10.88090312717269 0.003645561635494232
    endloop
  endfacet
  facet normal -0.27572660664911286 0.22327900359149253 -0.9349445571481528
    outer loop
      vertex 12.005791415040857 -10.734100713533453 0.08850806951522827
      vertex 12.322759502569294 -10.342677723532233 0.08850806951522827
      vertex 12.501465404496061 -10.47734227970642 0.003645561635494232
    endloop
  endfacet
  facet normal -0.5818579424184105 0.47117927135813 -0.6628962430780817
    outer loop
      vertex 12.005791415040857 -10.734100713533453 0.08850806951522827
      vertex 11.886022296567011 -10.629987007244198 0.2676384150981903
      vertex 12.322759502569294 -10.342677723532233 0.08850806951522827
    endloop
  endfacet
  facet normal -0.04695138393838498 0.038020481049713 -0.9981733369345321
    outer loop
      vertex 12.174668273795227 -10.88090312717269 0.003645561635494232
      vertex 12.501465404496061 -10.47734227970642 0.003645561635494232
      vertex 12.54959784294423 -10.513612673640363 0
    endloop
  endfacet
  facet normal -0.2906301064449314 0.20350139136343054 -0.9349445571481529
    outer loop
      vertex 12.322759502569294 -10.342677723532233 0.08850806951522827
      vertex 12.799315492150834 -10.05196827071429 0.003645561635494232
      vertex 12.501465404496061 -10.47734227970642 0.003645561635494232
    endloop
  endfacet
  facet normal -0.5818579424184099 0.4711792713581274 -0.6628962430780844
    outer loop
      vertex 11.886022296567011 -10.629987007244198 0.2676384150981903
      vertex 12.196019530629306 -10.24717230436694 0.2676384150981903
      vertex 12.322759502569294 -10.342677723532233 0.08850806951522827
    endloop
  endfacet
  facet normal 0.1860900697053467 -0.1506927671835361 -0.9709079131800439
    outer loop
      vertex 12.999286545390476 -11.597732854431378 0.057271987199783325
      vertex 12.823921031189332 -11.445289938666003 0
      vertex 13.374078461475401 -11.134903382965781 0.057271987199783325
    endloop
  endfacet
  facet normal 0.18609006970534617 -0.15069276718353508 -0.9709079131800443
    outer loop
      vertex 13.374078461475401 -11.134903382965781 0.057271987199783325
      vertex 12.823921031189332 -11.445289938666003 0
      vertex 13.188506248601946 -10.995064690368451 0
    endloop
  endfacet
  facet normal -0.04948918741496288 0.03465270208783016 -0.9981733369345319
    outer loop
      vertex 12.501465404496061 -10.47734227970642 0.003645561635494232
      vertex 12.849860777180215 -10.084792762612704 0
      vertex 12.54959784294423 -10.513612673640363 0
    endloop
  endfacet
  facet normal -0.7545898309775523 0.6110547967369447 -0.23917822302634542
    outer loop
      vertex 11.842798579148939 -10.59241320293355 0.5
      vertex 12.150280087920585 -10.212705162064339 0.5
      vertex 12.196019530629306 -10.24717230436694 0.2676384150981903
    endloop
  endfacet
  facet normal -0.681998360062499 0.7313537016191701 0
    outer loop
      vertex 11.152244720523084 -11.282967061559404 0.5
      vertex 11.152244720523084 -11.282967061559404 1.5
      vertex 11.509578985895367 -10.949747468305832 0.5
    endloop
  endfacet
  facet normal -0.6293203910498398 0.7771459614569689 2.2886070302894565e-18
    outer loop
      vertex 10.772536679653873 -11.59044857033105 1.5
      vertex 11.152244720523084 -11.282967061559404 1.5
      vertex 11.152244720523084 -11.282967061559404 0.5
    endloop
  endfacet
  facet normal -0.681998360062499 0.7313537016191701 0
    outer loop
      vertex 11.509578985895367 -10.949747468305832 0.5
      vertex 11.152244720523084 -11.282967061559404 1.5
      vertex 11.509578985895367 -10.949747468305832 1.5
    endloop
  endfacet
  facet normal -0.7313537016191701 0.681998360062499 0
    outer loop
      vertex 11.509578985895367 -10.949747468305832 0.5
      vertex 11.509578985895367 -10.949747468305832 1.5
      vertex 11.842798579148939 -10.59241320293355 0.5
    endloop
  endfacet
  facet normal -0.7771459614569689 0.6293203910498398 0
    outer loop
      vertex 11.842798579148939 -10.59241320293355 0.5
      vertex 11.842798579148939 -10.59241320293355 1.5
      vertex 12.150280087920585 -10.212705162064339 0.5
    endloop
  endfacet
  facet normal -0.7313537016191701 0.681998360062499 0
    outer loop
      vertex 11.842798579148939 -10.59241320293355 0.5
      vertex 11.509578985895367 -10.949747468305832 1.5
      vertex 11.842798579148939 -10.59241320293355 1.5
    endloop
  endfacet
  facet normal -0.7771459614569689 0.6293203910498398 2.2886070302894565e-18
    outer loop
      vertex 11.842798579148939 -10.59241320293355 1.5
      vertex 12.150280087920585 -10.212705162064339 1.5
      vertex 12.150280087920585 -10.212705162064339 0.5
    endloop
  endfacet
  facet normal -0.6281736256464844 0.7757298241211544 0.060341826381981226
    outer loop
      vertex 10.77473063341394 -11.593360045307222 1.5602683424949646
      vertex 11.154636424149793 -11.285718401851003 1.5602683424949646
      vertex 11.152244720523084 -11.282967061559404 1.5
    endloop
  endfacet
  facet normal -0.6807556033751468 0.7300210082334797 0.060341826381982655
    outer loop
      vertex 11.152244720523084 -11.282967061559404 1.5
      vertex 11.154636424149793 -11.285718401851003 1.5602683424949646
      vertex 11.509578985895367 -10.949747468305832 1.5
    endloop
  endfacet
  facet normal -0.6807556033751442 0.7300210082334807 0.0603418263820032
    outer loop
      vertex 11.154636424149793 -11.285718401851003 1.5602683424949646
      vertex 11.512156787249058 -10.952325269659525 1.5602683424949646
      vertex 11.509578985895367 -10.949747468305832 1.5
    endloop
  endfacet
  facet normal -0.7300210082334789 0.6807556033751461 0.060341826382001675
    outer loop
      vertex 11.509578985895367 -10.949747468305832 1.5
      vertex 11.512156787249058 -10.952325269659525 1.5602683424949646
      vertex 11.842798579148939 -10.59241320293355 1.5
    endloop
  endfacet
  facet normal -0.7300210082334762 0.6807556033751472 0.06034182638202397
    outer loop
      vertex 11.512156787249058 -10.952325269659525 1.5602683424949646
      vertex 11.84554991944054 -10.59480490656026 1.5602683424949646
      vertex 11.842798579148939 -10.59241320293355 1.5
    endloop
  endfacet
  facet normal -0.7757298241211518 0.6281736256464837 0.060341826382022526
    outer loop
      vertex 11.842798579148939 -10.59241320293355 1.5
      vertex 11.84554991944054 -10.59480490656026 1.5602683424949646
      vertex 12.150280087920585 -10.212705162064339 1.5
    endloop
  endfacet
  facet normal -0.775729824121161 0.6281736256464794 0.060341826381948814
    outer loop
      vertex 11.84554991944054 -10.59480490656026 1.5602683424949646
      vertex 12.153191562896755 -10.214899115824405 1.5602683424949646
      vertex 12.150280087920585 -10.212705162064339 1.5
    endloop
  endfacet
  facet normal 0.6819983600624955 -0.7313537016191735 0
    outer loop
      vertex 12.33315097075079 -12.641444303711182 0.5
      vertex 12.782371189923811 -12.222539672334277 1.5
      vertex 12.33315097075079 -12.641444303711182 1.5
    endloop
  endfacet
  facet normal 0.6819983600624955 -0.7313537016191735 -1.632890601818947e-18
    outer loop
      vertex 12.33315097075079 -12.641444303711182 0.5
      vertex 12.782371189923811 -12.222539672334277 0.5
      vertex 12.782371189923811 -12.222539672334277 1.5
    endloop
  endfacet
  facet normal 0.7313537016191706 -0.6819983600624984 0
    outer loop
      vertex 12.782371189923811 -12.222539672334277 0.5
      vertex 13.201275821300719 -11.773319453161257 1.5
      vertex 12.782371189923811 -12.222539672334277 1.5
    endloop
  endfacet
  facet normal 0.7313537016191706 -0.6819983600624984 -4.33521126964915e-18
    outer loop
      vertex 12.782371189923811 -12.222539672334277 0.5
      vertex 13.201275821300719 -11.773319453161257 0.5
      vertex 13.201275821300719 -11.773319453161257 1.5
    endloop
  endfacet
  facet normal 0.5155190188745569 -0.4174590702929705 -0.7483101401215561
    outer loop
      vertex 12.999286545390476 -11.597732854431378 0.057271987199783325
      vertex 13.517138316384997 -11.242706716040026 0.21596762537956238
      vertex 13.134477933310553 -11.715252935017272 0.21596762537956238
    endloop
  endfacet
  facet normal 0.7266997429252919 -0.5884698487478162 -0.3544160277795532
    outer loop
      vertex 13.134477933310553 -11.715252935017272 0.21596762537956238
      vertex 13.517138316384997 -11.242706716040026 0.21596762537956238
      vertex 13.584912528649422 -11.29377824818441 0.4397316575050354
    endloop
  endfacet
  facet normal 0.7266997429252922 -0.5884698487478187 -0.35441602777954884
    outer loop
      vertex 13.134477933310553 -11.715252935017272 0.21596762537956238
      vertex 13.584912528649422 -11.29377824818441 0.4397316575050354
      vertex 13.19852448100912 -11.770927749534549 0.4397316575050354
    endloop
  endfacet
  facet normal 0.7757298241211558 -0.6281736256464827 -0.060341826381981295
    outer loop
      vertex 13.19852448100912 -11.770927749534549 0.4397316575050354
      vertex 13.587824003625594 -11.295972201944476 0.5
      vertex 13.201275821300719 -11.773319453161257 0.5
    endloop
  endfacet
  facet normal 0.7757298241211558 -0.6281736256464837 -0.060341826381971136
    outer loop
      vertex 13.19852448100912 -11.770927749534549 0.4397316575050354
      vertex 13.584912528649422 -11.29377824818441 0.4397316575050354
      vertex 13.587824003625594 -11.295972201944476 0.5
    endloop
  endfacet
  facet normal 0.5155190188745584 -0.4174590702929742 -0.7483101401215528
    outer loop
      vertex 12.999286545390476 -11.597732854431378 0.057271987199783325
      vertex 13.374078461475401 -11.134903382965781 0.057271987199783325
      vertex 13.517138316384997 -11.242706716040026 0.21596762537956238
    endloop
  endfacet
  facet normal 0.19614855970586606 -0.13734470011502442 -0.9709079131800442
    outer loop
      vertex 13.374078461475401 -11.134903382965781 0.057271987199783325
      vertex 13.188506248601946 -10.995064690368451 0
      vertex 13.715672051415421 -10.647057178377057 0.057271987199783325
    endloop
  endfacet
  facet normal 0.5433837131306151 -0.38048137207443844 -0.7483101401215531
    outer loop
      vertex 13.374078461475401 -11.134903382965781 0.057271987199783325
      vertex 13.865903400081743 -10.74461855693727 0.21596762537956238
      vertex 13.517138316384997 -11.242706716040026 0.21596762537956238
    endloop
  endfacet
  facet normal 0.7659791204287131 -0.5363443542354278 -0.35441602777955306
    outer loop
      vertex 13.517138316384997 -11.242706716040026 0.21596762537956238
      vertex 13.937075087762514 -10.790837991337845 0.4397316575050354
      vertex 13.584912528649422 -11.29377824818441 0.4397316575050354
    endloop
  endfacet
  facet normal 0.19614855970586728 -0.13734470011502634 -0.9709079131800438
    outer loop
      vertex 13.715672051415421 -10.647057178377057 0.057271987199783325
      vertex 13.188506248601946 -10.995064690368451 0
      vertex 13.520797229037122 -10.520503989001575 0
    endloop
  endfacet
  facet normal 0.5433837131306147 -0.38048137207443794 -0.7483101401215532
    outer loop
      vertex 13.374078461475401 -11.134903382965781 0.057271987199783325
      vertex 13.715672051415421 -10.647057178377057 0.057271987199783325
      vertex 13.865903400081743 -10.74461855693727 0.21596762537956238
    endloop
  endfacet
  facet normal 0.7659791204287131 -0.536344354235427 -0.3544160277795546
    outer loop
      vertex 13.517138316384997 -11.242706716040026 0.21596762537956238
      vertex 13.865903400081743 -10.74461855693727 0.21596762537956238
      vertex 13.937075087762514 -10.790837991337845 0.4397316575050354
    endloop
  endfacet
  facet normal 0.20525143364028492 -0.12332750347339547 -0.9709079131800438
    outer loop
      vertex 13.715672051415421 -10.647057178377057 0.057271987199783325
      vertex 13.520797229037122 -10.520503989001575 0
      vertex 14.022403105577215 -10.136570978335836 0.057271987199783325
    endloop
  endfacet
  facet normal 0.5686010965570379 -0.34165000685701075 -0.7483101401215533
    outer loop
      vertex 13.715672051415421 -10.647057178377057 0.057271987199783325
      vertex 14.179074035970764 -10.223415093152507 0.21596762537956238
      vertex 13.865903400081743 -10.74461855693727 0.21596762537956238
    endloop
  endfacet
  facet normal 0.5686010965570375 -0.3416500068570102 -0.7483101401215536
    outer loop
      vertex 13.715672051415421 -10.647057178377057 0.057271987199783325
      vertex 14.022403105577215 -10.136570978335836 0.057271987199783325
      vertex 14.179074035970764 -10.223415093152507 0.21596762537956238
    endloop
  endfacet
  facet normal 0.8015267246533591 -0.48160584394234746 -0.3544160277795544
    outer loop
      vertex 13.865903400081743 -10.74461855693727 0.21596762537956238
      vertex 14.253296457759653 -10.264557253370832 0.4397316575050354
      vertex 13.937075087762514 -10.790837991337845 0.4397316575050354
    endloop
  endfacet
  facet normal 0.8015267246533594 -0.4816058439423495 -0.3544160277795505
    outer loop
      vertex 13.865903400081743 -10.74461855693727 0.21596762537956238
      vertex 14.179074035970764 -10.223415093152507 0.21596762537956238
      vertex 14.253296457759653 -10.264557253370832 0.4397316575050354
    endloop
  endfacet
  facet normal 0.8176593622818027 -0.572531249157462 -0.06034182638197173
    outer loop
      vertex 13.584912528649422 -11.29377824818441 0.4397316575050354
      vertex 13.940132513009834 -10.792823506509087 0.5
      vertex 13.587824003625594 -11.295972201944476 0.5
    endloop
  endfacet
  facet normal 0.8176593622818026 -0.572531249157462 -0.06034182638197082
    outer loop
      vertex 13.584912528649422 -11.29377824818441 0.4397316575050354
      vertex 13.937075087762514 -10.790837991337845 0.4397316575050354
      vertex 13.940132513009834 -10.792823506509087 0.5
    endloop
  endfacet
  facet normal 0.8556053462202446 -0.5140995579731839 -0.060341826381972524
    outer loop
      vertex 13.937075087762514 -10.790837991337845 0.4397316575050354
      vertex 14.256484937809647 -10.26632465672292 0.5
      vertex 13.940132513009834 -10.792823506509087 0.5
    endloop
  endfacet
  facet normal 0.8556053462202448 -0.5140995579731833 -0.060341826381977985
    outer loop
      vertex 13.937075087762514 -10.790837991337845 0.4397316575050354
      vertex 14.253296457759653 -10.264557253370832 0.4397316575050354
      vertex 14.256484937809647 -10.26632465672292 0.5
    endloop
  endfacet
  facet normal 0.7771459614569711 -0.6293203910498372 -1.8015537959710924e-17
    outer loop
      vertex 13.201275821300719 -11.773319453161257 0.5
      vertex 13.587824003625594 -11.295972201944476 0.5
      vertex 13.587824003625594 -11.295972201944476 1.5
    endloop
  endfacet
  facet normal 0.7771459614569711 -0.6293203910498372 0
    outer loop
      vertex 13.201275821300719 -11.773319453161257 0.5
      vertex 13.587824003625594 -11.295972201944476 1.5
      vertex 13.201275821300719 -11.773319453161257 1.5
    endloop
  endfacet
  facet normal 0.819152044288992 -0.5735764363510459 0
    outer loop
      vertex 13.587824003625594 -11.295972201944476 0.5
      vertex 13.940132513009834 -10.792823506509087 1.5
      vertex 13.587824003625594 -11.295972201944476 1.5
    endloop
  endfacet
  facet normal 0.819152044288992 -0.5735764363510459 1.314335597713201e-17
    outer loop
      vertex 13.587824003625594 -11.295972201944476 0.5
      vertex 13.940132513009834 -10.792823506509087 0.5
      vertex 13.940132513009834 -10.792823506509087 1.5
    endloop
  endfacet
  facet normal 0.8571673007021133 -0.5150380749100524 -5.728986394933153e-18
    outer loop
      vertex 13.940132513009834 -10.792823506509087 0.5
      vertex 14.256484937809647 -10.26632465672292 0.5
      vertex 14.256484937809647 -10.26632465672292 1.5
    endloop
  endfacet
  facet normal 0.8571673007021133 -0.5150380749100524 0
    outer loop
      vertex 13.940132513009834 -10.792823506509087 0.5
      vertex 14.256484937809647 -10.26632465672292 1.5
      vertex 13.940132513009834 -10.792823506509087 1.5
    endloop
  endfacet
  facet normal 0.5000894467298863 -0.8322886055325731 0.23917822302634761
    outer loop
      vertex 10.826156174312455 -13.696653420220112 1.5
      vertex 11.32146246425674 -13.332268665388092 1.7323615849018097
      vertex 10.798390163947374 -13.646562211548147 1.7323615849018097
    endloop
  endfacet
  facet normal 0.5000894467298874 -0.8322886055325732 0.2391782230263453
    outer loop
      vertex 10.826156174312455 -13.696653420220112 1.5
      vertex 11.352655024098622 -13.380300995420297 1.5
      vertex 11.32146246425674 -13.332268665388092 1.7323615849018097
    endloop
  endfacet
  facet normal 0.5569287722314281 -0.7953767159596475 0.2391782230263451
    outer loop
      vertex 11.352655024098622 -13.380300995420297 1.5
      vertex 11.82133657723141 -12.982253043327336 1.7323615849018097
      vertex 11.32146246425674 -13.332268665388092 1.7323615849018097
    endloop
  endfacet
  facet normal 0.3856148129142602 -0.6417708212236376 0.6628962430780836
    outer loop
      vertex 10.798390163947374 -13.646562211548147 1.7323615849018097
      vertex 11.32146246425674 -13.332268665388092 1.7323615849018097
      vertex 11.23503062501741 -13.199175304385395 1.9114919304847717
    endloop
  endfacet
  facet normal 0.18273234081253742 -0.30411768557618707 0.9349445571481521
    outer loop
      vertex 10.721452991866686 -13.50776387895905 1.9114919304847717
      vertex 11.23503062501741 -13.199175304385395 1.9114919304847717
      vertex 11.113159998489522 -13.011510996476968 1.9963544383645058
    endloop
  endfacet
  facet normal 0.4294431440513641 -0.6133083701860276 0.6628962430780838
    outer loop
      vertex 11.32146246425674 -13.332268665388092 1.7323615849018097
      vertex 11.725831158066118 -12.85551307138735 1.9114919304847717
      vertex 11.23503062501741 -13.199175304385395 1.9114919304847717
    endloop
  endfacet
  facet normal 0.5569287722314255 -0.7953767159596477 0.23917822302635094
    outer loop
      vertex 11.352655024098622 -13.380300995420297 1.5
      vertex 11.855803719534011 -13.027992486036059 1.5
      vertex 11.82133657723141 -12.982253043327336 1.7323615849018097
    endloop
  endfacet
  facet normal 0.6110547967369421 -0.7545898309775528 0.23917822302635083
    outer loop
      vertex 11.855803719534011 -13.027992486036059 1.5
      vertex 12.295577166440143 -12.598220586293111 1.7323615849018097
      vertex 11.82133657723141 -12.982253043327336 1.7323615849018097
    endloop
  endfacet
  facet normal 0.4294431440513692 -0.6133083701860298 0.6628962430780785
    outer loop
      vertex 11.32146246425674 -13.332268665388092 1.7323615849018097
      vertex 11.82133657723141 -12.982253043327336 1.7323615849018097
      vertex 11.725831158066118 -12.85551307138735 1.9114919304847717
    endloop
  endfacet
  facet normal 0.20350139136342993 -0.29063010644493187 0.9349445571481529
    outer loop
      vertex 11.23503062501741 -13.199175304385395 1.9114919304847717
      vertex 11.725831158066118 -12.85551307138735 1.9114919304847717
      vertex 11.591166601891931 -12.676807169460583 1.9963544383645058
    endloop
  endfacet
  facet normal 0.4711792713581328 -0.5818579424184122 0.6628962430780784
    outer loop
      vertex 11.82133657723141 -12.982253043327336 1.7323615849018097
      vertex 12.191463460150889 -12.478451467819266 1.9114919304847717
      vertex 11.725831158066118 -12.85551307138735 1.9114919304847717
    endloop
  endfacet
  facet normal 0.22327900359149422 -0.2757266066491142 0.9349445571481522
    outer loop
      vertex 11.725831158066118 -12.85551307138735 1.9114919304847717
      vertex 12.191463460150889 -12.478451467819266 1.9114919304847717
      vertex 12.044661046511651 -12.309574609064896 1.9963544383645058
    endloop
  endfacet
  facet normal 0.034652702087828356 -0.04948918741496075 0.9981733369345323
    outer loop
      vertex 11.080335506591108 -12.960965711447585 2
      vertex 11.113159998489522 -13.011510996476968 1.9963544383645058
      vertex 11.554896207957988 -12.628674731012412 2
    endloop
  endfacet
  facet normal 0.20350139136343198 -0.29063010644493315 0.9349445571481521
    outer loop
      vertex 11.23503062501741 -13.199175304385395 1.9114919304847717
      vertex 11.591166601891931 -12.676807169460583 1.9963544383645058
      vertex 11.113159998489522 -13.011510996476968 1.9963544383645058
    endloop
  endfacet
  facet normal 0.03465270208782923 -0.04948918741496176 0.9981733369345321
    outer loop
      vertex 11.113159998489522 -13.011510996476968 1.9963544383645058
      vertex 11.591166601891931 -12.676807169460583 1.9963544383645058
      vertex 11.554896207957988 -12.628674731012412 2
    endloop
  endfacet
  facet normal 0.22327900359149222 -0.2757266066491131 0.9349445571481527
    outer loop
      vertex 11.725831158066118 -12.85551307138735 1.9114919304847717
      vertex 12.044661046511651 -12.309574609064896 1.9963544383645058
      vertex 11.591166601891931 -12.676807169460583 1.9963544383645058
    endloop
  endfacet
  facet normal 0.6110547967369456 -0.7545898309775523 0.2391782230263431
    outer loop
      vertex 11.855803719534011 -13.027992486036059 1.5
      vertex 12.33315097075079 -12.641444303711182 1.5
      vertex 12.295577166440143 -12.598220586293111 1.7323615849018097
    endloop
  endfacet
  facet normal 0.47117927135812954 -0.5818579424184109 0.6628962430780817
    outer loop
      vertex 11.82133657723141 -12.982253043327336 1.7323615849018097
      vertex 12.295577166440143 -12.598220586293111 1.7323615849018097
      vertex 12.191463460150889 -12.478451467819266 1.9114919304847717
    endloop
  endfacet
  facet normal -0.588469848747817 0.7266997429252914 0.3544160277795529
    outer loop
      vertex 10.825802165558322 -11.661134257571646 1.7840323746204376
      vertex 11.210311238667071 -11.34976494954957 1.7840323746204376
      vertex 11.154636424149793 -11.285718401851003 1.5602683424949646
    endloop
  endfacet
  facet normal -0.4174590702929718 0.5155190188745574 0.7483101401215551
    outer loop
      vertex 10.933605498632568 -11.804194112481243 1.9427280128002167
      vertex 11.210311238667071 -11.34976494954957 1.7840323746204376
      vertex 10.825802165558322 -11.661134257571646 1.7840323746204376
    endloop
  endfacet
  facet normal -0.4174590702929757 0.5155190188745586 0.7483101401215521
    outer loop
      vertex 10.933605498632568 -11.804194112481243 1.9427280128002167
      vertex 11.327831319252962 -11.484956337469647 1.9427280128002167
      vertex 11.210311238667071 -11.34976494954957 1.7840323746204376
    endloop
  endfacet
  facet normal 0 0 1
    outer loop
      vertex 11.080335506591108 -12.960965711447585 2
      vertex 11.554896207957988 -12.628674731012412 2
      vertex 11.073444191229898 -11.989766325354697 2
    endloop
  endfacet
  facet normal 0 0 1
    outer loop
      vertex 11.554896207957988 -12.628674731012412 2
      vertex 11.480274235018339 -11.66032185167079 2
      vertex 11.073444191229898 -11.989766325354697 2
    endloop
  endfacet
  facet normal -0.15069276718353572 0.18609006970534567 0.9709079131800442
    outer loop
      vertex 10.933605498632568 -11.804194112481243 1.9427280128002167
      vertex 11.073444191229898 -11.989766325354697 2
      vertex 11.327831319252962 -11.484956337469647 1.9427280128002167
    endloop
  endfacet
  facet normal -0.15069276718353572 0.18609006970534564 0.9709079131800442
    outer loop
      vertex 11.073444191229898 -11.989766325354697 2
      vertex 11.480274235018339 -11.66032185167079 2
      vertex 11.327831319252962 -11.484956337469647 1.9427280128002167
    endloop
  endfacet
  facet normal -0.16330667423791148 0.17512496759093027 0.9709079131800442
    outer loop
      vertex 11.327831319252962 -11.484956337469647 1.9427280128002167
      vertex 11.480274235018339 -11.66032185167079 2
      vertex 11.698827924117317 -11.138996406527783 1.9427280128002167
    endloop
  endfacet
  facet normal 0.03802048104971198 -0.046951383938383995 0.9981733369345319
    outer loop
      vertex 11.554896207957988 -12.628674731012412 2
      vertex 11.591166601891931 -12.676807169460583 1.9963544383645058
      vertex 12.005121456255537 -12.264089513599798 2
    endloop
  endfacet
  facet normal 0 0 1
    outer loop
      vertex 11.554896207957988 -12.628674731012412 2
      vertex 12.005121456255537 -12.264089513599798 2
      vertex 11.480274235018339 -11.66032185167079 2
    endloop
  endfacet
  facet normal 0.03802048104971153 -0.04695138393838354 0.9981733369345321
    outer loop
      vertex 11.591166601891931 -12.676807169460583 1.9963544383645058
      vertex 12.044661046511651 -12.309574609064896 1.9963544383645058
      vertex 12.005121456255537 -12.264089513599798 2
    endloop
  endfacet
  facet normal 0 0 1
    outer loop
      vertex 11.480274235018339 -11.66032185167079 2
      vertex 12.005121456255537 -12.264089513599798 2
      vertex 11.863132376488641 -11.303300858899107 2
    endloop
  endfacet
  facet normal -0.6377283773098881 0.6838799573219413 0.3544160277795529
    outer loop
      vertex 11.154636424149793 -11.285718401851003 1.5602683424949646
      vertex 11.210311238667071 -11.34976494954957 1.7840323746204376
      vertex 11.512156787249058 -10.952325269659525 1.5602683424949646
    endloop
  endfacet
  facet normal -0.6377283773098908 0.683879957321941 0.3544160277795484
    outer loop
      vertex 11.512156787249058 -10.952325269659525 1.5602683424949646
      vertex 11.210311238667071 -11.34976494954957 1.7840323746204376
      vertex 11.572163642039316 -11.012332124449781 1.7840323746204376
    endloop
  endfacet
  facet normal -0.4524029498838808 0.48514276777833787 0.7483101401215518
    outer loop
      vertex 11.327831319252962 -11.484956337469647 1.9427280128002167
      vertex 11.572163642039316 -11.012332124449781 1.7840323746204376
      vertex 11.210311238667071 -11.34976494954957 1.7840323746204376
    endloop
  endfacet
  facet normal -0.683879957321939 0.6377283773098927 0.3544160277795487
    outer loop
      vertex 11.512156787249058 -10.952325269659525 1.5602683424949646
      vertex 11.572163642039316 -11.012332124449781 1.7840323746204376
      vertex 11.84554991944054 -10.59480490656026 1.5602683424949646
    endloop
  endfacet
  facet normal -0.45240294988387986 0.48514276777833765 0.7483101401215526
    outer loop
      vertex 11.327831319252962 -11.484956337469647 1.9427280128002167
      vertex 11.698827924117317 -11.138996406527783 1.9427280128002167
      vertex 11.572163642039316 -11.012332124449781 1.7840323746204376
    endloop
  endfacet
  facet normal -0.48514276777833726 0.4524029498838803 0.7483101401215527
    outer loop
      vertex 11.698827924117317 -11.138996406527783 1.9427280128002167
      vertex 11.909596467139105 -10.650479721077536 1.7840323746204376
      vertex 11.572163642039316 -11.012332124449781 1.7840323746204376
    endloop
  endfacet
  facet normal -0.4851427677783353 0.45240294988387986 0.7483101401215541
    outer loop
      vertex 11.698827924117317 -11.138996406527783 1.9427280128002167
      vertex 12.044787855059182 -10.767999801663429 1.9427280128002167
      vertex 11.909596467139105 -10.650479721077536 1.7840323746204376
    endloop
  endfacet
  facet normal -0.6838799573219424 0.6377283773098921 0.3544160277795437
    outer loop
      vertex 11.84554991944054 -10.59480490656026 1.5602683424949646
      vertex 11.572163642039316 -11.012332124449781 1.7840323746204376
      vertex 11.909596467139105 -10.650479721077536 1.7840323746204376
    endloop
  endfacet
  facet normal -0.7266997429252976 0.5884698487478149 0.3544160277795437
    outer loop
      vertex 11.84554991944054 -10.59480490656026 1.5602683424949646
      vertex 11.909596467139105 -10.650479721077536 1.7840323746204376
      vertex 12.153191562896755 -10.214899115824405 1.5602683424949646
    endloop
  endfacet
  facet normal -0.5155190188745585 0.4174590702929723 0.7483101401215541
    outer loop
      vertex 11.909596467139105 -10.650479721077536 1.7840323746204376
      vertex 12.044787855059182 -10.767999801663429 1.9427280128002167
      vertex 12.22096577516118 -10.265970647968789 1.7840323746204376
    endloop
  endfacet
  facet normal -0.1633066742379112 0.17512496759093016 0.9709079131800442
    outer loop
      vertex 11.480274235018339 -11.66032185167079 2
      vertex 11.863132376488641 -11.303300858899107 2
      vertex 11.698827924117317 -11.138996406527783 1.9427280128002167
    endloop
  endfacet
  facet normal -0.17512496759092966 0.1633066742379117 0.9709079131800443
    outer loop
      vertex 11.698827924117317 -11.138996406527783 1.9427280128002167
      vertex 11.863132376488641 -11.303300858899107 2
      vertex 12.044787855059182 -10.767999801663429 1.9427280128002167
    endloop
  endfacet
  facet normal -0.17512496759092996 0.1633066742379118 0.9709079131800441
    outer loop
      vertex 11.863132376488641 -11.303300858899107 2
      vertex 12.220153369260325 -10.920442717428806 2
      vertex 12.044787855059182 -10.767999801663429 1.9427280128002167
    endloop
  endfacet
  facet normal 0.662203823695768 -0.7101266601900431 0.23917822302634328
    outer loop
      vertex 12.33315097075079 -12.641444303711182 1.5
      vertex 12.741873779402814 -12.18204226181328 1.7323615849018097
      vertex 12.295577166440143 -12.598220586293111 1.7323615849018097
    endloop
  endfacet
  facet normal 0.5106198606176088 -0.5475727612434885 0.6628962430780818
    outer loop
      vertex 12.295577166440143 -12.598220586293111 1.7323615849018097
      vertex 12.629659017501165 -12.069827499911632 1.9114919304847717
      vertex 12.191463460150889 -12.478451467819266 1.9114919304847717
    endloop
  endfacet
  facet normal 0.510619860617609 -0.5475727612434886 0.6628962430780815
    outer loop
      vertex 12.295577166440143 -12.598220586293111 1.7323615849018097
      vertex 12.741873779402814 -12.18204226181328 1.7323615849018097
      vertex 12.629659017501165 -12.069827499911632 1.9114919304847717
    endloop
  endfacet
  facet normal 0.24196882295798236 -0.25947979454164244 0.9349445571481527
    outer loop
      vertex 12.191463460150889 -12.478451467819266 1.9114919304847717
      vertex 12.629659017501165 -12.069827499911632 1.9114919304847717
      vertex 12.4714339529996 -11.911602435410064 1.9963544383645058
    endloop
  endfacet
  facet normal 0.6622038236957634 -0.7101266601900441 0.23917822302635333
    outer loop
      vertex 12.33315097075079 -12.641444303711182 1.5
      vertex 12.782371189923811 -12.222539672334277 1.5
      vertex 12.741873779402814 -12.18204226181328 1.7323615849018097
    endloop
  endfacet
  facet normal 0.7101266601900399 -0.6622038236957677 0.23917822302635336
    outer loop
      vertex 12.782371189923811 -12.222539672334277 1.5
      vertex 13.158052103882646 -11.73574564885061 1.7323615849018097
      vertex 12.741873779402814 -12.18204226181328 1.7323615849018097
    endloop
  endfacet
  facet normal 0.7101266601900422 -0.662203823695767 0.2391782230263485
    outer loop
      vertex 12.782371189923811 -12.222539672334277 1.5
      vertex 13.201275821300719 -11.773319453161257 1.5
      vertex 13.158052103882646 -11.73574564885061 1.7323615849018097
    endloop
  endfacet
  facet normal 0.5475727612434886 -0.5106198606176088 0.6628962430780817
    outer loop
      vertex 12.741873779402814 -12.18204226181328 1.7323615849018097
      vertex 13.038282985408799 -11.631631942561356 1.9114919304847717
      vertex 12.629659017501165 -12.069827499911632 1.9114919304847717
    endloop
  endfacet
  facet normal 0.259479794541644 -0.24196882295798383 0.934944557148152
    outer loop
      vertex 12.629659017501165 -12.069827499911632 1.9114919304847717
      vertex 13.038282985408799 -11.631631942561356 1.9114919304847717
      vertex 12.86940612665443 -11.484829528922116 1.9963544383645058
    endloop
  endfacet
  facet normal 0.5475727612434855 -0.5106198606176081 0.6628962430780848
    outer loop
      vertex 12.741873779402814 -12.18204226181328 1.7323615849018097
      vertex 13.158052103882646 -11.73574564885061 1.7323615849018097
      vertex 13.038282985408799 -11.631631942561356 1.9114919304847717
    endloop
  endfacet
  facet normal 0.0412030280497254 -0.04418483803879474 0.998173336934532
    outer loop
      vertex 12.005121456255537 -12.264089513599798 2
      vertex 12.044661046511651 -12.309574609064896 1.9963544383645058
      vertex 12.428817799330536 -11.868986281741002 2
    endloop
  endfacet
  facet normal 0.24196882295798441 -0.2594797945416434 0.9349445571481522
    outer loop
      vertex 12.044661046511651 -12.309574609064896 1.9963544383645058
      vertex 12.191463460150889 -12.478451467819266 1.9114919304847717
      vertex 12.4714339529996 -11.911602435410064 1.9963544383645058
    endloop
  endfacet
  facet normal 0.04120302804972593 -0.04418483803879521 0.9981733369345319
    outer loop
      vertex 12.044661046511651 -12.309574609064896 1.9963544383645058
      vertex 12.4714339529996 -11.911602435410064 1.9963544383645058
      vertex 12.428817799330536 -11.868986281741002 2
    endloop
  endfacet
  facet normal 0 0 1
    outer loop
      vertex 12.005121456255537 -12.264089513599798 2
      vertex 12.428817799330536 -11.868986281741002 2
      vertex 11.863132376488641 -11.303300858899107 2
    endloop
  endfacet
  facet normal 0.04418483803879518 -0.0412030280497258 0.9981733369345319
    outer loop
      vertex 12.428817799330536 -11.868986281741002 2
      vertex 12.4714339529996 -11.911602435410064 1.9963544383645058
      vertex 12.823921031189332 -11.445289938666003 2
    endloop
  endfacet
  facet normal 0.2594797945416421 -0.24196882295798314 0.9349445571481527
    outer loop
      vertex 12.4714339529996 -11.911602435410064 1.9963544383645058
      vertex 12.629659017501165 -12.069827499911632 1.9114919304847717
      vertex 12.86940612665443 -11.484829528922116 1.9963544383645058
    endloop
  endfacet
  facet normal 0.044184838038794715 -0.04120302804972546 0.9981733369345321
    outer loop
      vertex 12.4714339529996 -11.911602435410064 1.9963544383645058
      vertex 12.86940612665443 -11.484829528922116 1.9963544383645058
      vertex 12.823921031189332 -11.445289938666003 2
    endloop
  endfacet
  facet normal -0.7266997429252916 0.5884698487478165 0.35441602777955306
    outer loop
      vertex 11.909596467139105 -10.650479721077536 1.7840323746204376
      vertex 12.22096577516118 -10.265970647968789 1.7840323746204376
      vertex 12.153191562896755 -10.214899115824405 1.5602683424949646
    endloop
  endfacet
  facet normal -0.5155190188745565 0.417459070292972 0.7483101401215555
    outer loop
      vertex 12.044787855059182 -10.767999801663429 1.9427280128002167
      vertex 12.364025630070778 -10.373773981043033 1.9427280128002167
      vertex 12.22096577516118 -10.265970647968789 1.7840323746204376
    endloop
  endfacet
  facet normal 0 0 1
    outer loop
      vertex 11.863132376488641 -11.303300858899107 2
      vertex 12.428817799330536 -11.868986281741002 2
      vertex 12.220153369260325 -10.920442717428806 2
    endloop
  endfacet
  facet normal 0 0 1
    outer loop
      vertex 12.428817799330536 -11.868986281741002 2
      vertex 12.823921031189332 -11.445289938666003 2
      vertex 12.220153369260325 -10.920442717428806 2
    endloop
  endfacet
  facet normal 0 0 1
    outer loop
      vertex 12.823921031189332 -11.445289938666003 2
      vertex 12.54959784294423 -10.513612673640363 2
      vertex 12.220153369260325 -10.920442717428806 2
    endloop
  endfacet
  facet normal -0.18609006970534597 0.15069276718353533 0.9709079131800442
    outer loop
      vertex 12.044787855059182 -10.767999801663429 1.9427280128002167
      vertex 12.220153369260325 -10.920442717428806 2
      vertex 12.364025630070778 -10.373773981043033 1.9427280128002167
    endloop
  endfacet
  facet normal -0.18609006970534736 0.15069276718353564 0.9709079131800439
    outer loop
      vertex 12.220153369260325 -10.920442717428806 2
      vertex 12.54959784294423 -10.513612673640363 2
      vertex 12.364025630070778 -10.373773981043033 1.9427280128002167
    endloop
  endfacet
  facet normal 0 0 1
    outer loop
      vertex 12.823921031189332 -11.445289938666003 2
      vertex 13.188506248601946 -10.995064690368451 2
      vertex 12.54959784294423 -10.513612673640363 2
    endloop
  endfacet
  facet normal 0.04695138393838357 -0.038020481049711494 0.9981733369345321
    outer loop
      vertex 12.823921031189332 -11.445289938666003 2
      vertex 12.86940612665443 -11.484829528922116 1.9963544383645058
      vertex 13.188506248601946 -10.995064690368451 2
    endloop
  endfacet
  facet normal 0.27572660664911547 -0.22327900359149327 0.9349445571481521
    outer loop
      vertex 13.038282985408799 -11.631631942561356 1.9114919304847717
      vertex 13.236638687050117 -11.031335084302395 1.9963544383645058
      vertex 12.86940612665443 -11.484829528922116 1.9963544383645058
    endloop
  endfacet
  facet normal 0.04695138393838412 -0.03802048104971185 0.9981733369345319
    outer loop
      vertex 12.86940612665443 -11.484829528922116 1.9963544383645058
      vertex 13.236638687050117 -11.031335084302395 1.9963544383645058
      vertex 13.188506248601946 -10.995064690368451 2
    endloop
  endfacet
  facet normal 0 0 1
    outer loop
      vertex 12.54959784294423 -10.513612673640363 2
      vertex 13.188506248601946 -10.995064690368451 2
      vertex 12.849860777180215 -10.084792762612704 2
    endloop
  endfacet
  facet normal 0.7545898309775543 -0.611054796736941 0.23917822302634845
    outer loop
      vertex 13.158052103882646 -11.73574564885061 1.7323615849018097
      vertex 13.201275821300719 -11.773319453161257 1.5
      vertex 13.542084560916871 -11.261505059641875 1.7323615849018097
    endloop
  endfacet
  facet normal 0.7545898309775534 -0.6110547967369414 0.2391782230263508
    outer loop
      vertex 13.201275821300719 -11.773319453161257 1.5
      vertex 13.587824003625594 -11.295972201944476 1.5
      vertex 13.542084560916871 -11.261505059641875 1.7323615849018097
    endloop
  endfacet
  facet normal 0.5818579424184095 -0.47117927135812704 0.662896243078085
    outer loop
      vertex 13.158052103882646 -11.73574564885061 1.7323615849018097
      vertex 13.415344588976883 -11.165999640476581 1.9114919304847717
      vertex 13.038282985408799 -11.631631942561356 1.9114919304847717
    endloop
  endfacet
  facet normal 0.795376715959646 -0.5569287722314279 0.23917822302635108
    outer loop
      vertex 13.587824003625594 -11.295972201944476 1.5
      vertex 13.892100182977629 -10.761630946667204 1.7323615849018097
      vertex 13.542084560916871 -11.261505059641875 1.7323615849018097
    endloop
  endfacet
  facet normal 0.58185794241841 -0.47117927135812704 0.6628962430780843
    outer loop
      vertex 13.158052103882646 -11.73574564885061 1.7323615849018097
      vertex 13.542084560916871 -11.261505059641875 1.7323615849018097
      vertex 13.415344588976883 -11.165999640476581 1.9114919304847717
    endloop
  endfacet
  facet normal 0.2757266066491148 -0.22327900359149305 0.9349445571481521
    outer loop
      vertex 13.038282985408799 -11.631631942561356 1.9114919304847717
      vertex 13.415344588976883 -11.165999640476581 1.9114919304847717
      vertex 13.236638687050117 -11.031335084302395 1.9963544383645058
    endloop
  endfacet
  facet normal 0.6133083701860245 -0.4294431440513679 0.6628962430780843
    outer loop
      vertex 13.542084560916871 -11.261505059641875 1.7323615849018097
      vertex 13.759006821974932 -10.675199107427876 1.9114919304847717
      vertex 13.415344588976883 -11.165999640476581 1.9114919304847717
    endloop
  endfacet
  facet normal 0.29063010644493076 -0.20350139136343198 0.9349445571481527
    outer loop
      vertex 13.415344588976883 -11.165999640476581 1.9114919304847717
      vertex 13.759006821974932 -10.675199107427876 1.9114919304847717
      vertex 13.571342514066503 -10.553328480899987 1.9963544383645058
    endloop
  endfacet
  facet normal 0.7953767159596468 -0.5569287722314276 0.23917822302634917
    outer loop
      vertex 13.587824003625594 -11.295972201944476 1.5
      vertex 13.940132513009834 -10.792823506509087 1.5
      vertex 13.892100182977629 -10.761630946667204 1.7323615849018097
    endloop
  endfacet
  facet normal 0.6133083701860274 -0.42944314405136813 0.6628962430780814
    outer loop
      vertex 13.542084560916871 -11.261505059641875 1.7323615849018097
      vertex 13.892100182977629 -10.761630946667204 1.7323615849018097
      vertex 13.759006821974932 -10.675199107427876 1.9114919304847717
    endloop
  endfacet
  facet normal 0.8322886055325739 -0.5000894467298844 0.23917822302634884
    outer loop
      vertex 13.940132513009834 -10.792823506509087 1.5
      vertex 14.20639372913768 -10.238558646357841 1.7323615849018097
      vertex 13.892100182977629 -10.761630946667204 1.7323615849018097
    endloop
  endfacet
  facet normal 0.8322886055325733 -0.5000894467298846 0.23917822302635003
    outer loop
      vertex 13.940132513009834 -10.792823506509087 1.5
      vertex 14.256484937809647 -10.26632465672292 1.5
      vertex 14.20639372913768 -10.238558646357841 1.7323615849018097
    endloop
  endfacet
  facet normal 0.6417708212236405 -0.38561481291425936 0.6628962430780815
    outer loop
      vertex 13.892100182977629 -10.761630946667204 1.7323615849018097
      vertex 14.067595396548583 -10.161621474277151 1.9114919304847717
      vertex 13.759006821974932 -10.675199107427876 1.9114919304847717
    endloop
  endfacet
  facet normal 0.30411768557618657 -0.18273234081253498 0.9349445571481528
    outer loop
      vertex 13.759006821974932 -10.675199107427876 1.9114919304847717
      vertex 14.067595396548583 -10.161621474277151 1.9114919304847717
      vertex 13.871886964302671 -10.053138518837612 1.9963544383645058
    endloop
  endfacet
  facet normal 0.6417708212236392 -0.38561481291425936 0.6628962430780828
    outer loop
      vertex 13.892100182977629 -10.761630946667204 1.7323615849018097
      vertex 14.20639372913768 -10.238558646357841 1.7323615849018097
      vertex 14.067595396548583 -10.161621474277151 1.9114919304847717
    endloop
  endfacet
  facet normal 0.2906301064449326 -0.20350139136343237 0.9349445571481522
    outer loop
      vertex 13.415344588976883 -11.165999640476581 1.9114919304847717
      vertex 13.571342514066503 -10.553328480899987 1.9963544383645058
      vertex 13.236638687050117 -11.031335084302395 1.9963544383645058
    endloop
  endfacet
  facet normal 0.04948918741496164 -0.034652702087829425 0.9981733369345321
    outer loop
      vertex 13.188506248601946 -10.995064690368451 2
      vertex 13.236638687050117 -11.031335084302395 1.9963544383645058
      vertex 13.520797229037122 -10.520503989001575 2
    endloop
  endfacet
  facet normal 0 0 1
    outer loop
      vertex 13.188506248601946 -10.995064690368451 2
      vertex 13.520797229037122 -10.520503989001575 2
      vertex 12.849860777180215 -10.084792762612704 2
    endloop
  endfacet
  facet normal 0.049489187414962645 -0.03465270208782998 0.9981733369345319
    outer loop
      vertex 13.236638687050117 -11.031335084302395 1.9963544383645058
      vertex 13.571342514066503 -10.553328480899987 1.9963544383645058
      vertex 13.520797229037122 -10.520503989001575 2
    endloop
  endfacet
  facet normal 0.05178588454509052 -0.03111609864465245 0.9981733369345319
    outer loop
      vertex 13.520797229037122 -10.520503989001575 2
      vertex 13.571342514066503 -10.553328480899987 1.9963544383645058
      vertex 13.819175084239948 -10.023919846599751 2
    endloop
  endfacet
  facet normal 0.3041176855761861 -0.18273234081253492 0.9349445571481528
    outer loop
      vertex 13.571342514066503 -10.553328480899987 1.9963544383645058
      vertex 13.759006821974932 -10.675199107427876 1.9114919304847717
      vertex 13.871886964302671 -10.053138518837612 1.9963544383645058
    endloop
  endfacet
  facet normal -0.2906301064449308 0.20350139136342937 -0.9349445571481534
    outer loop
      vertex 12.322759502569294 -10.342677723532233 0.08850806951522827
      vertex 12.611651184242405 -9.9300976441864 0.08850806951522827
      vertex 12.799315492150834 -10.05196827071429 0.003645561635494232
    endloop
  endfacet
  facet normal -0.6133083701860271 0.42944314405136425 -0.6628962430780841
    outer loop
      vertex 12.322759502569294 -10.342677723532233 0.08850806951522827
      vertex 12.196019530629306 -10.24717230436694 0.2676384150981903
      vertex 12.611651184242405 -9.9300976441864 0.08850806951522827
    endloop
  endfacet
  facet normal -0.7953767159596481 0.5569287722314274 -0.23917822302634537
    outer loop
      vertex 12.196019530629306 -10.24717230436694 0.2676384150981903
      vertex 12.150280087920585 -10.212705162064339 0.5
      vertex 12.478557823239708 -9.843665804947072 0.2676384150981903
    endloop
  endfacet
  facet normal -0.6133083701860281 0.42944314405136697 -0.6628962430780814
    outer loop
      vertex 12.611651184242405 -9.9300976441864 0.08850806951522827
      vertex 12.196019530629306 -10.24717230436694 0.2676384150981903
      vertex 12.478557823239708 -9.843665804947072 0.2676384150981903
    endloop
  endfacet
  facet normal -0.8322886055325732 0.5000894467298872 -0.23917822302634528
    outer loop
      vertex 12.478557823239708 -9.843665804947072 0.2676384150981903
      vertex 12.430525493207503 -9.81247324510519 0.5
      vertex 12.73226067623727 -9.421433352089439 0.2676384150981903
    endloop
  endfacet
  facet normal -0.04948918741496187 0.03465270208782927 -0.9981733369345319
    outer loop
      vertex 12.501465404496061 -10.47734227970642 0.003645561635494232
      vertex 12.799315492150834 -10.05196827071429 0.003645561635494232
      vertex 12.849860777180215 -10.084792762612704 0
    endloop
  endfacet
  facet normal -0.30411768557618474 0.18273234081253484 -0.9349445571481534
    outer loop
      vertex 12.799315492150834 -10.05196827071429 0.003645561635494232
      vertex 12.611651184242405 -9.9300976441864 0.08850806951522827
      vertex 13.06676744107228 -9.606853479609669 0.003645561635494232
    endloop
  endfacet
  facet normal -0.6417708212236393 0.3856148129142612 -0.6628962430780815
    outer loop
      vertex 12.611651184242405 -9.9300976441864 0.08850806951522827
      vertex 12.478557823239708 -9.843665804947072 0.2676384150981903
      vertex 12.871059008826368 -9.498370524170127 0.08850806951522827
    endloop
  endfacet
  facet normal -0.051785884545089554 0.03111609864465229 -0.9981733369345321
    outer loop
      vertex 12.799315492150834 -10.05196827071429 0.003645561635494232
      vertex 13.119479321135003 -9.636072151847529 0
      vertex 12.849860777180215 -10.084792762612704 0
    endloop
  endfacet
  facet normal -0.051785884545088985 0.03111609864465186 -0.998173336934532
    outer loop
      vertex 12.799315492150834 -10.05196827071429 0.003645561635494232
      vertex 13.06676744107228 -9.606853479609669 0.003645561635494232
      vertex 13.119479321135003 -9.636072151847529 0
    endloop
  endfacet
  facet normal -0.3041176855761849 0.1827323408125352 -0.934944557148153
    outer loop
      vertex 12.611651184242405 -9.9300976441864 0.08850806951522827
      vertex 12.871059008826368 -9.498370524170127 0.08850806951522827
      vertex 13.06676744107228 -9.606853479609669 0.003645561635494232
    endloop
  endfacet
  facet normal -0.3161236339131149 0.16107303666539238 -0.9349445571481532
    outer loop
      vertex 12.871059008826368 -9.498370524170127 0.08850806951522827
      vertex 13.302518252249431 -9.14416646091203 0.003645561635494232
      vertex 13.06676744107228 -9.606853479609669 0.003645561635494232
    endloop
  endfacet
  facet normal -0.31612363391311565 0.1610730366653935 -0.9349445571481526
    outer loop
      vertex 12.871059008826368 -9.498370524170127 0.08850806951522827
      vertex 13.099719167475396 -9.049599694615074 0.08850806951522827
      vertex 13.302518252249431 -9.14416646091203 0.003645561635494232
    endloop
  endfacet
  facet normal -0.6671066293308263 0.3399078051705046 -0.6628962430780807
    outer loop
      vertex 12.871059008826368 -9.498370524170127 0.08850806951522827
      vertex 12.73226067623727 -9.421433352089439 0.2676384150981903
      vertex 13.099719167475396 -9.049599694615074 0.08850806951522827
    endloop
  endfacet
  facet normal -0.6417708212236397 0.3856148129142621 -0.6628962430780806
    outer loop
      vertex 12.871059008826368 -9.498370524170127 0.08850806951522827
      vertex 12.478557823239708 -9.843665804947072 0.2676384150981903
      vertex 12.73226067623727 -9.421433352089439 0.2676384150981903
    endloop
  endfacet
  facet normal -0.8651456686807014 0.4408137357126957 -0.23917822302634412
    outer loop
      vertex 12.73226067623727 -9.421433352089439 0.2676384150981903
      vertex 12.682169467565306 -9.39366734172436 0.5
      vertex 12.955892074824312 -8.982532019861704 0.2676384150981903
    endloop
  endfacet
  facet normal -0.7953767159596481 0.5569287722314274 -0.2391782230263451
    outer loop
      vertex 12.478557823239708 -9.843665804947072 0.2676384150981903
      vertex 12.150280087920585 -10.212705162064339 0.5
      vertex 12.430525493207503 -9.81247324510519 0.5
    endloop
  endfacet
  facet normal -0.832288605532573 0.5000894467298879 -0.23917822302634387
    outer loop
      vertex 12.430525493207503 -9.81247324510519 0.5
      vertex 12.682169467565306 -9.39366734172436 0.5
      vertex 12.73226067623727 -9.421433352089439 0.2676384150981903
    endloop
  endfacet
  facet normal -0.6891923609972398 0.29254480076736517 -0.66289624307808
    outer loop
      vertex 13.099719167475396 -9.049599694615074 0.08850806951522827
      vertex 12.955892074824312 -8.982532019861704 0.2676384150981903
      vertex 13.296517650881386 -8.585971521892542 0.08850806951522827
    endloop
  endfacet
  facet normal -0.6671066293308267 0.3399078051705052 -0.66289624307808
    outer loop
      vertex 12.73226067623727 -9.421433352089439 0.2676384150981903
      vertex 12.955892074824312 -8.982532019861704 0.2676384150981903
      vertex 13.099719167475396 -9.049599694615074 0.08850806951522827
    endloop
  endfacet
  facet normal -0.6891923609972408 0.29254480076736666 -0.6628962430780783
    outer loop
      vertex 12.955892074824312 -8.982532019861704 0.2676384150981903
      vertex 13.148362509306263 -8.529100091436273 0.2676384150981903
      vertex 13.296517650881386 -8.585971521892542 0.08850806951522827
    endloop
  endfacet
  facet normal -0.8937878290951564 0.3793904244855473 -0.23917822302635297
    outer loop
      vertex 12.955892074824312 -8.982532019861704 0.2676384150981903
      vertex 12.903986026846084 -8.958327832184896 0.5
      vertex 13.148362509306263 -8.529100091436273 0.2676384150981903
    endloop
  endfacet
  facet normal -0.8651456686807015 0.44081373571269084 -0.23917822302635297
    outer loop
      vertex 12.682169467565306 -9.39366734172436 0.5
      vertex 12.903986026846084 -8.958327832184896 0.5
      vertex 12.955892074824312 -8.982532019861704 0.2676384150981903
    endloop
  endfacet
  facet normal -0.8937878290951563 0.3793904244855444 -0.23917822302635824
    outer loop
      vertex 12.903986026846084 -8.958327832184896 0.5
      vertex 13.094894503069945 -8.508575646817102 0.5
      vertex 13.148362509306263 -8.529100091436273 0.2676384150981903
    endloop
  endfacet
  facet normal -0.8191520442889925 0.5735764363510453 0
    outer loop
      vertex 12.150280087920585 -10.212705162064339 0.5
      vertex 12.150280087920585 -10.212705162064339 1.5
      vertex 12.430525493207503 -9.81247324510519 0.5
    endloop
  endfacet
  facet normal -0.8191520442889925 0.5735764363510453 0
    outer loop
      vertex 12.430525493207503 -9.81247324510519 0.5
      vertex 12.150280087920585 -10.212705162064339 1.5
      vertex 12.430525493207503 -9.81247324510519 1.5
    endloop
  endfacet
  facet normal -0.8571673007021119 0.5150380749100549 0
    outer loop
      vertex 12.430525493207503 -9.81247324510519 0.5
      vertex 12.430525493207503 -9.81247324510519 1.5
      vertex 12.682169467565306 -9.39366734172436 0.5
    endloop
  endfacet
  facet normal -0.8571673007021119 0.5150380749100549 0
    outer loop
      vertex 12.682169467565306 -9.39366734172436 0.5
      vertex 12.430525493207503 -9.81247324510519 1.5
      vertex 12.682169467565306 -9.39366734172436 1.5
    endloop
  endfacet
  facet normal -0.8910065241883687 0.4539904997395453 0
    outer loop
      vertex 12.682169467565306 -9.39366734172436 0.5
      vertex 12.682169467565306 -9.39366734172436 1.5
      vertex 12.903986026846084 -8.958327832184896 0.5
    endloop
  endfacet
  facet normal -0.8176593622818042 0.5725312491574621 0.06034182638194771
    outer loop
      vertex 12.150280087920585 -10.212705162064339 1.5
      vertex 12.153191562896755 -10.214899115824405 1.5602683424949646
      vertex 12.430525493207503 -9.81247324510519 1.5
    endloop
  endfacet
  facet normal -0.8176593622817965 0.5725312491574663 0.060341826382011896
    outer loop
      vertex 12.153191562896755 -10.214899115824405 1.5602683424949646
      vertex 12.433582918454825 -9.814458760276434 1.5602683424949646
      vertex 12.430525493207503 -9.81247324510519 1.5
    endloop
  endfacet
  facet normal -0.855605346220241 0.5140995579731852 0.060341826382012756
    outer loop
      vertex 12.430525493207503 -9.81247324510519 1.5
      vertex 12.433582918454825 -9.814458760276434 1.5602683424949646
      vertex 12.682169467565306 -9.39366734172436 1.5
    endloop
  endfacet
  facet normal -0.8556053462202498 0.5140995579731795 0.06034182638193738
    outer loop
      vertex 12.433582918454825 -9.814458760276434 1.5602683424949646
      vertex 12.685357947615298 -9.395434745076447 1.5602683424949646
      vertex 12.682169467565306 -9.39366734172436 1.5
    endloop
  endfacet
  facet normal -0.889382906917051 0.4531632254195702 0.06034182638193792
    outer loop
      vertex 12.682169467565306 -9.39366734172436 1.5
      vertex 12.685357947615298 -9.395434745076447 1.5602683424949646
      vertex 12.903986026846084 -8.958327832184896 1.5
    endloop
  endfacet
  facet normal -0.9205048534524417 0.39073112848927055 0
    outer loop
      vertex 12.903986026846084 -8.958327832184896 0.5
      vertex 12.903986026846084 -8.958327832184896 1.5
      vertex 13.094894503069945 -8.508575646817102 0.5
    endloop
  endfacet
  facet normal -0.8910065241883687 0.4539904997395453 0
    outer loop
      vertex 12.903986026846084 -8.958327832184896 0.5
      vertex 12.682169467565306 -9.39366734172436 1.5
      vertex 12.903986026846084 -8.958327832184896 1.5
    endloop
  endfacet
  facet normal -0.9205048534524417 0.39073112848927055 0
    outer loop
      vertex 13.094894503069945 -8.508575646817102 0.5
      vertex 12.903986026846084 -8.958327832184896 1.5
      vertex 13.094894503069945 -8.508575646817102 1.5
    endloop
  endfacet
  facet normal -0.945518575599315 0.3255681544571621 0
    outer loop
      vertex 13.094894503069945 -8.508575646817102 0.5
      vertex 13.094894503069945 -8.508575646817102 1.5
      vertex 13.253964809330784 -8.046601933059158 0.5
    endloop
  endfacet
  facet normal -0.8893829069170446 0.45316322541957516 0.060341826381996685
    outer loop
      vertex 12.685357947615298 -9.395434745076447 1.5602683424949646
      vertex 12.907290027744455 -8.959868513106358 1.5602683424949646
      vertex 12.903986026846084 -8.958327832184896 1.5
    endloop
  endfacet
  facet normal -0.9188274834918105 0.39001912718351606 0.06034182638199615
    outer loop
      vertex 12.903986026846084 -8.958327832184896 1.5
      vertex 12.907290027744455 -8.959868513106358 1.5602683424949646
      vertex 13.094894503069945 -8.508575646817102 1.5
    endloop
  endfacet
  facet normal -0.9188274834918109 0.3900191271835158 0.06034182638199272
    outer loop
      vertex 12.907290027744455 -8.959868513106358 1.5602683424949646
      vertex 13.098297928056432 -8.509882099265354 1.5602683424949646
      vertex 13.094894503069945 -8.508575646817102 1.5
    endloop
  endfacet
  facet normal -0.943795624927213 0.32497489496442133 0.06034182638199343
    outer loop
      vertex 13.094894503069945 -8.508575646817102 1.5
      vertex 13.098297928056432 -8.509882099265354 1.5602683424949646
      vertex 13.253964809330784 -8.046601933059158 1.5
    endloop
  endfacet
  facet normal -0.053830286051211776 0.027427900696657497 -0.9981733369345323
    outer loop
      vertex 13.06676744107228 -9.606853479609669 0.003645561635494232
      vertex 13.35713992036441 -9.169636963055247 0
      vertex 13.119479321135003 -9.636072151847529 0
    endloop
  endfacet
  facet normal -0.05383028605121121 0.02742790069665712 -0.9981733369345323
    outer loop
      vertex 13.06676744107228 -9.606853479609669 0.003645561635494232
      vertex 13.302518252249431 -9.14416646091203 0.003645561635494232
      vertex 13.35713992036441 -9.169636963055247 0
    endloop
  endfacet
  facet normal 0.20525143364028323 -0.12332750347339319 -0.9709079131800443
    outer loop
      vertex 14.022403105577215 -10.136570978335836 0.057271987199783325
      vertex 13.520797229037122 -10.520503989001575 0
      vertex 13.819175084239948 -10.023919846599751 0
    endloop
  endfacet
  facet normal 0.5910483125966163 -0.30115415714871546 -0.7483101401215538
    outer loop
      vertex 14.022403105577215 -10.136570978335836 0.057271987199783325
      vertex 14.455124488193814 -9.681635575570104 0.21596762537956238
      vertex 14.179074035970764 -10.223415093152507 0.21596762537956238
    endloop
  endfacet
  facet normal 0.21335434322180613 -0.10870946763167966 -0.9709079131800444
    outer loop
      vertex 14.022403105577215 -10.136570978335836 0.057271987199783325
      vertex 13.819175084239948 -10.023919846599751 0
      vertex 14.29277726109741 -9.60593182029482 0.057271987199783325
    endloop
  endfacet
  facet normal 0.591048312596616 -0.3011541571487152 -0.7483101401215541
    outer loop
      vertex 14.022403105577215 -10.136570978335836 0.057271987199783325
      vertex 14.29277726109741 -9.60593182029482 0.057271987199783325
      vertex 14.455124488193814 -9.681635575570104 0.21596762537956238
    endloop
  endfacet
  facet normal 0.21335434322180655 -0.10870946763168017 -0.9709079131800442
    outer loop
      vertex 14.29277726109741 -9.60593182029482 0.057271987199783325
      vertex 13.819175084239948 -10.023919846599751 0
      vertex 14.08218614729272 -9.507731571188305 0
    endloop
  endfacet
  facet normal -0.3265894596822577 0.138629000874621 -0.9349445571481527
    outer loop
      vertex 13.099719167475396 -9.049599694615074 0.08850806951522827
      vertex 13.50541937142782 -8.666161379267338 0.003645561635494232
      vertex 13.302518252249431 -9.14416646091203 0.003645561635494232
    endloop
  endfacet
  facet normal -0.05561243181469415 0.02360607677351122 -0.9981733369345323
    outer loop
      vertex 13.302518252249431 -9.14416646091203 0.003645561635494232
      vertex 13.561684716318547 -8.687759621589752 0
      vertex 13.35713992036441 -9.169636963055247 0
    endloop
  endfacet
  facet normal -0.3265894596822558 0.13862900087461877 -0.9349445571481536
    outer loop
      vertex 13.099719167475396 -9.049599694615074 0.08850806951522827
      vertex 13.296517650881386 -8.585971521892542 0.08850806951522827
      vertex 13.50541937142782 -8.666161379267338 0.003645561635494232
    endloop
  endfacet
  facet normal -0.055612431814696585 0.0236060767735126 -0.9981733369345319
    outer loop
      vertex 13.302518252249431 -9.14416646091203 0.003645561635494232
      vertex 13.50541937142782 -8.666161379267338 0.003645561635494232
      vertex 13.561684716318547 -8.687759621589752 0
    endloop
  endfacet
  facet normal -0.7079204167582465 0.24375654750139483 -0.6628962430780784
    outer loop
      vertex 13.148362509306263 -8.529100091436273 0.2676384150981903
      vertex 13.460495676615302 -8.109744755856301 0.08850806951522827
      vertex 13.296517650881386 -8.585971521892542 0.08850806951522827
    endloop
  endfacet
  facet normal -0.3354641744324832 0.11550957852652494 -0.9349445571481536
    outer loop
      vertex 13.50541937142782 -8.666161379267338 0.003645561635494232
      vertex 13.296517650881386 -8.585971521892542 0.08850806951522827
      vertex 13.674482284750358 -8.17516702738446 0.003645561635494232
    endloop
  endfacet
  facet normal -0.057123639400520336 0.019669246417200806 -0.9981733369345319
    outer loop
      vertex 13.50541937142782 -8.666161379267338 0.003645561635494232
      vertex 13.732117187312301 -8.192787785420526 0
      vertex 13.561684716318547 -8.687759621589752 0
    endloop
  endfacet
  facet normal -0.05712363940051924 0.019669246417200283 -0.9981733369345319
    outer loop
      vertex 13.50541937142782 -8.666161379267338 0.003645561635494232
      vertex 13.674482284750358 -8.17516702738446 0.003645561635494232
      vertex 13.732117187312301 -8.192787785420526 0
    endloop
  endfacet
  facet normal -0.33546417443248494 0.11550957852652675 -0.9349445571481528
    outer loop
      vertex 13.296517650881386 -8.585971521892542 0.08850806951522827
      vertex 13.460495676615302 -8.109744755856301 0.08850806951522827
      vertex 13.674482284750358 -8.17516702738446 0.003645561635494232
    endloop
  endfacet
  facet normal -0.9180755450494964 0.3161187612465035 -0.23917822302635833
    outer loop
      vertex 13.148362509306263 -8.529100091436273 0.2676384150981903
      vertex 13.094894503069945 -8.508575646817102 0.5
      vertex 13.308734283073392 -8.063346641589616 0.2676384150981903
    endloop
  endfacet
  facet normal -0.7079204167582454 0.24375654750139322 -0.6628962430780803
    outer loop
      vertex 13.148362509306263 -8.529100091436273 0.2676384150981903
      vertex 13.308734283073392 -8.063346641589616 0.2676384150981903
      vertex 13.460495676615302 -8.109744755856301 0.08850806951522827
    endloop
  endfacet
  facet normal -0.9180755450494968 0.3161187612465077 -0.2391782230263507
    outer loop
      vertex 13.094894503069945 -8.508575646817102 0.5
      vertex 13.253964809330784 -8.046601933059158 0.5
      vertex 13.308734283073392 -8.063346641589616 0.2676384150981903
    endloop
  endfacet
  facet normal 0.8331693712446772 -0.42452099838843527 -0.35441602777955084
    outer loop
      vertex 14.179074035970764 -10.223415093152507 0.21596762537956238
      vertex 14.532036039912676 -9.717500021137194 0.4397316575050354
      vertex 14.253296457759653 -10.264557253370832 0.4397316575050354
    endloop
  endfacet
  facet normal 0.8331693712446774 -0.4245209983884361 -0.35441602777954934
    outer loop
      vertex 14.179074035970764 -10.223415093152507 0.21596762537956238
      vertex 14.455124488193814 -9.681635575570104 0.21596762537956238
      vertex 14.532036039912676 -9.717500021137194 0.4397316575050354
    endloop
  endfacet
  facet normal 0.6106160006691942 -0.25919111465869926 -0.748310140121554
    outer loop
      vertex 14.29277726109741 -9.60593182029482 0.057271987199783325
      vertex 14.692709866696152 -9.121919499540237 0.21596762537956238
      vertex 14.455124488193814 -9.681635575570104 0.21596762537956238
    endloop
  endfacet
  facet normal 0.22041781188945742 -0.09356181019110006 -0.9709079131800442
    outer loop
      vertex 14.29277726109741 -9.60593182029482 0.057271987199783325
      vertex 14.08218614729272 -9.507731571188305 0
      vertex 14.525477282268218 -9.05772492489233 0.057271987199783325
    endloop
  endfacet
  facet normal 0.22041781188945897 -0.09356181019110162 -0.9709079131800438
    outer loop
      vertex 14.525477282268218 -9.05772492489233 0.057271987199783325
      vertex 14.08218614729272 -9.507731571188305 0
      vertex 14.308549054734023 -8.974453980157971 0
    endloop
  endfacet
  facet normal 0.6106160006691932 -0.259191114658698 -0.7483101401215553
    outer loop
      vertex 14.29277726109741 -9.60593182029482 0.057271987199783325
      vertex 14.525477282268218 -9.05772492489233 0.057271987199783325
      vertex 14.692709866696152 -9.121919499540237 0.21596762537956238
    endloop
  endfacet
  facet normal 0.8607529004091855 -0.3653679292030713 -0.3544160277795489
    outer loop
      vertex 14.455124488193814 -9.681635575570104 0.21596762537956238
      vertex 14.771935842996136 -9.152331502482369 0.4397316575050354
      vertex 14.532036039912676 -9.717500021137194 0.4397316575050354
    endloop
  endfacet
  facet normal 0.8607529004091858 -0.3653679292030722 -0.3544160277795476
    outer loop
      vertex 14.455124488193814 -9.681635575570104 0.21596762537956238
      vertex 14.692709866696152 -9.121919499540237 0.21596762537956238
      vertex 14.771935842996136 -9.152331502482369 0.4397316575050354
    endloop
  endfacet
  facet normal 0.8893829069170477 -0.4531632254195716 -0.06034182638197736
    outer loop
      vertex 14.253296457759653 -10.264557253370832 0.4397316575050354
      vertex 14.535340040811047 -9.719040702058654 0.5
      vertex 14.256484937809647 -10.26632465672292 0.5
    endloop
  endfacet
  facet normal 0.8893829069170475 -0.4531632254195708 -0.06034182638198337
    outer loop
      vertex 14.253296457759653 -10.264557253370832 0.4397316575050354
      vertex 14.532036039912676 -9.717500021137194 0.4397316575050354
      vertex 14.535340040811047 -9.719040702058654 0.5
    endloop
  endfacet
  facet normal 0.9188274834918096 -0.39001912718351966 -0.060341826381984716
    outer loop
      vertex 14.532036039912676 -9.717500021137194 0.4397316575050354
      vertex 14.775339267982623 -9.153637954930623 0.5
      vertex 14.535340040811047 -9.719040702058654 0.5
    endloop
  endfacet
  facet normal 0.9188274834918094 -0.3900191271835175 -0.06034182638200383
    outer loop
      vertex 14.532036039912676 -9.717500021137194 0.4397316575050354
      vertex 14.771935842996136 -9.152331502482369 0.4397316575050354
      vertex 14.775339267982623 -9.153637954930623 0.5
    endloop
  endfacet
  facet normal 0.22640742713390502 -0.07795832901607232 -0.9709079131800438
    outer loop
      vertex 14.525477282268218 -9.05772492489233 0.057271987199783325
      vertex 14.308549054734023 -8.974453980157971 0
      vertex 14.719369477977429 -8.494621101017199 0.057271987199783325
    endloop
  endfacet
  facet normal 0.22640742713390416 -0.07795832901607157 -0.9709079131800439
    outer loop
      vertex 14.719369477977429 -8.494621101017199 0.057271987199783325
      vertex 14.308549054734023 -8.974453980157971 0
      vertex 14.49716098923272 -8.42668514832738 0
    endloop
  endfacet
  facet normal 0.627208828965415 -0.21596531911186828 -0.7483101401215553
    outer loop
      vertex 14.525477282268218 -9.05772492489233 0.057271987199783325
      vertex 14.890672679395717 -8.546993745522862 0.21596762537956238
      vertex 14.692709866696152 -9.121919499540237 0.21596762537956238
    endloop
  endfacet
  facet normal 0.6272088289654173 -0.21596531911187078 -0.7483101401215527
    outer loop
      vertex 14.525477282268218 -9.05772492489233 0.057271987199783325
      vertex 14.719369477977429 -8.494621101017199 0.057271987199783325
      vertex 14.890672679395717 -8.546993745522862 0.21596762537956238
    endloop
  endfacet
  facet normal 0.2312940081517492 -0.061975042698418505 -0.9709079131800441
    outer loop
      vertex 14.719369477977429 -8.494621101017199 0.057271987199783325
      vertex 14.49716098923272 -8.42668514832738 0
      vertex 14.873509224937514 -7.919363733896347 0.057271987199783325
    endloop
  endfacet
  facet normal 0.23129400815174986 -0.06197504269841904 -0.9709079131800438
    outer loop
      vertex 14.873509224937514 -7.919363733896347 0.057271987199783325
      vertex 14.49716098923272 -8.42668514832738 0
      vertex 14.64710305240314 -7.867093750383674 0
    endloop
  endfacet
  facet normal 0.8841429279654769 -0.30443482419329226 -0.3544160277795476
    outer loop
      vertex 14.692709866696152 -9.121919499540237 0.21596762537956238
      vertex 14.971827099284058 -8.571805141618707 0.4397316575050354
      vertex 14.771935842996136 -9.152331502482369 0.4397316575050354
    endloop
  endfacet
  facet normal 0.8841429279654759 -0.30443482419329027 -0.35441602777955117
    outer loop
      vertex 14.692709866696152 -9.121919499540237 0.21596762537956238
      vertex 14.890672679395717 -8.546993745522862 0.21596762537956238
      vertex 14.971827099284058 -8.571805141618707 0.4397316575050354
    endloop
  endfacet
  facet normal 0.6407459588937324 -0.17168736223908138 -0.7483101401215527
    outer loop
      vertex 14.719369477977429 -8.494621101017199 0.057271987199783325
      vertex 15.048048471368187 -7.9596592940002155 0.21596762537956238
      vertex 14.890672679395717 -8.546993745522862 0.21596762537956238
    endloop
  endfacet
  facet normal 0.6407459588937309 -0.17168736223908 -0.7483101401215544
    outer loop
      vertex 14.719369477977429 -8.494621101017199 0.057271987199783325
      vertex 14.873509224937514 -7.919363733896347 0.057271987199783325
      vertex 15.048048471368187 -7.9596592940002155 0.21596762537956238
    endloop
  endfacet
  facet normal 0.9032255000504573 -0.2420185433217167 -0.354416027779551
    outer loop
      vertex 14.890672679395717 -8.546993745522862 0.21596762537956238
      vertex 15.1307359586688 -7.9787492046220265 0.4397316575050354
      vertex 14.971827099284058 -8.571805141618707 0.4397316575050354
    endloop
  endfacet
  facet normal 0.9032255000504581 -0.2420185433217179 -0.3544160277795487
    outer loop
      vertex 14.890672679395717 -8.546993745522862 0.21596762537956238
      vertex 15.048048471368187 -7.9596592940002155 0.21596762537956238
      vertex 15.1307359586688 -7.9787492046220265 0.4397316575050354
    endloop
  endfacet
  facet normal 0.9437956249272139 -0.32497489496441717 -0.06034182638200297
    outer loop
      vertex 14.771935842996136 -9.152331502482369 0.4397316575050354
      vertex 14.975313367214238 -8.572871000688748 0.5
      vertex 14.775339267982623 -9.153637954930623 0.5
    endloop
  endfacet
  facet normal 0.9437956249272142 -0.3249748949644192 -0.06034182638198492
    outer loop
      vertex 14.771935842996136 -9.152331502482369 0.4397316575050354
      vertex 14.971827099284058 -8.571805141618707 0.4397316575050354
      vertex 14.975313367214238 -8.572871000688748 0.5
    endloop
  endfacet
  facet normal 0.9641656889479803 -0.25834741772340736 -0.06034182638198588
    outer loop
      vertex 14.971827099284058 -8.571805141618707 0.4397316575050354
      vertex 15.134288084795756 -7.979569277555606 0.5
      vertex 14.975313367214238 -8.572871000688748 0.5
    endloop
  endfacet
  facet normal 0.9641656889479805 -0.2583474177234081 -0.06034182638197947
    outer loop
      vertex 14.971827099284058 -8.571805141618707 0.4397316575050354
      vertex 15.1307359586688 -7.9787492046220265 0.4397316575050354
      vertex 15.134288084795756 -7.979569277555606 0.5
    endloop
  endfacet
  facet normal -0.945518575599315 0.3255681544571621 0
    outer loop
      vertex 13.253964809330784 -8.046601933059158 0.5
      vertex 13.094894503069945 -8.508575646817102 1.5
      vertex 13.253964809330784 -8.046601933059158 1.5
    endloop
  endfacet
  facet normal -0.9437956249272139 0.32497489496442056 0.060341826381984764
    outer loop
      vertex 13.098297928056432 -8.509882099265354 1.5602683424949646
      vertex 13.257451077260964 -8.047667792129198 1.5602683424949646
      vertex 13.253964809330784 -8.046601933059158 1.5
    endloop
  endfacet
  facet normal 0.8910065241883673 -0.45399049973954775 1.5221696030445577e-17
    outer loop
      vertex 14.256484937809647 -10.26632465672292 0.5
      vertex 14.535340040811047 -9.719040702058654 0.5
      vertex 14.535340040811047 -9.719040702058654 1.5
    endloop
  endfacet
  facet normal 0.8910065241883673 -0.45399049973954775 0
    outer loop
      vertex 14.256484937809647 -10.26632465672292 0.5
      vertex 14.535340040811047 -9.719040702058654 1.5
      vertex 14.256484937809647 -10.26632465672292 1.5
    endloop
  endfacet
  facet normal 0.9205048534524404 -0.3907311284892739 1.1478444540856058e-17
    outer loop
      vertex 14.535340040811047 -9.719040702058654 0.5
      vertex 14.775339267982623 -9.153637954930623 0.5
      vertex 14.775339267982623 -9.153637954930623 1.5
    endloop
  endfacet
  facet normal 0.9205048534524404 -0.3907311284892739 0
    outer loop
      vertex 14.535340040811047 -9.719040702058654 0.5
      vertex 14.775339267982623 -9.153637954930623 1.5
      vertex 14.535340040811047 -9.719040702058654 1.5
    endloop
  endfacet
  facet normal 0.9455185755993163 -0.32556815445715803 -2.7320289626363804e-18
    outer loop
      vertex 14.775339267982623 -9.153637954930623 0.5
      vertex 14.975313367214238 -8.572871000688748 0.5
      vertex 14.975313367214238 -8.572871000688748 1.5
    endloop
  endfacet
  facet normal 0.9455185755993163 -0.32556815445715803 0
    outer loop
      vertex 14.775339267982623 -9.153637954930623 0.5
      vertex 14.975313367214238 -8.572871000688748 1.5
      vertex 14.775339267982623 -9.153637954930623 1.5
    endloop
  endfacet
  facet normal 0.9659258262890685 -0.25881904510251985 7.853950165577442e-18
    outer loop
      vertex 14.975313367214238 -8.572871000688748 0.5
      vertex 15.134288084795756 -7.979569277555606 0.5
      vertex 15.134288084795756 -7.979569277555606 1.5
    endloop
  endfacet
  facet normal 0.9659258262890685 -0.25881904510251985 0
    outer loop
      vertex 14.975313367214238 -8.572871000688748 0.5
      vertex 15.134288084795756 -7.979569277555606 1.5
      vertex 14.975313367214238 -8.572871000688748 1.5
    endloop
  endfacet
  facet normal -0.3427045414456189 0.09182740512283152 -0.9349445571481527
    outer loop
      vertex 13.674482284750358 -8.17516702738446 0.003645561635494232
      vertex 13.460495676615302 -8.109744755856301 0.08850806951522827
      vertex 13.808883334697482 -7.673575480391188 0.003645561635494232
    endloop
  endfacet
  facet normal -0.3427045414456193 0.0918274051228319 -0.9349445571481525
    outer loop
      vertex 13.460495676615302 -8.109744755856301 0.08850806951522827
      vertex 13.59085436021878 -7.6232395254403285 0.08850806951522827
      vertex 13.808883334697482 -7.673575480391188 0.003645561635494232
    endloop
  endfacet
  facet normal -0.7231995554087179 0.19378073683831287 -0.6628962430780801
    outer loop
      vertex 13.460495676615302 -8.109744755856301 0.08850806951522827
      vertex 13.308734283073392 -8.063346641589616 0.2676384150981903
      vertex 13.59085436021878 -7.6232395254403285 0.08850806951522827
    endloop
  endfacet
  facet normal -0.9378904892329913 0.2513069991788078 -0.23917822302635114
    outer loop
      vertex 13.308734283073392 -8.063346641589616 0.2676384150981903
      vertex 13.253964809330784 -8.046601933059158 0.5
      vertex 13.436226080964413 -7.587540774312015 0.2676384150981903
    endloop
  endfacet
  facet normal -0.7231995554087157 0.19378073683831015 -0.6628962430780834
    outer loop
      vertex 13.308734283073392 -8.063346641589616 0.2676384150981903
      vertex 13.436226080964413 -7.587540774312015 0.2676384150981903
      vertex 13.59085436021878 -7.6232395254403285 0.08850806951522827
    endloop
  endfacet
  facet normal -0.734955338521001 0.14286084590412834 -0.6628962430780835
    outer loop
      vertex 13.59085436021878 -7.6232395254403285 0.08850806951522827
      vertex 13.436226080964413 -7.587540774312015 0.2676384150981903
      vertex 13.686958607288911 -7.128826035223877 0.08850806951522827
    endloop
  endfacet
  facet normal -0.7431304931014671 0.09124495128902384 -0.6628962430780809
    outer loop
      vertex 13.686958607288911 -7.128826035223877 0.08850806951522827
      vertex 13.53021677575544 -7.104000567961005 0.2676384150981903
      vertex 13.748340207594339 -6.628913018033011 0.08850806951522827
    endloop
  endfacet
  facet normal -0.7349553385210029 0.1428608459041304 -0.6628962430780809
    outer loop
      vertex 13.686958607288911 -7.128826035223877 0.08850806951522827
      vertex 13.436226080964413 -7.587540774312015 0.2676384150981903
      vertex 13.53021677575544 -7.104000567961005 0.2676384150981903
    endloop
  endfacet
  facet normal -0.9531361252293631 0.1852708946724124 -0.2391782230263442
    outer loop
      vertex 13.436226080964413 -7.587540774312015 0.2676384150981903
      vertex 13.380421971086182 -7.574657380407055 0.5
      vertex 13.53021677575544 -7.104000567961005 0.2676384150981903
    endloop
  endfacet
  facet normal -0.9637381778325241 0.11833216899052892 -0.2391782230263515
    outer loop
      vertex 13.53021677575544 -7.104000567961005 0.2676384150981903
      vertex 13.473649901755499 -7.095041255281616 0.5
      vertex 13.590248454229355 -6.615081781816639 0.2676384150981903
    endloop
  endfacet
  facet normal -0.058356546357231844 0.015636589469489603 -0.9981733369345319
    outer loop
      vertex 13.674482284750358 -8.17516702738446 0.003645561635494232
      vertex 13.867607003478799 -7.687132907578988 0
      vertex 13.732117187312301 -8.192787785420526 0
    endloop
  endfacet
  facet normal -0.058356546357231844 0.0156365894694896 -0.9981733369345319
    outer loop
      vertex 13.674482284750358 -8.17516702738446 0.003645561635494232
      vertex 13.808883334697482 -7.673575480391188 0.003645561635494232
      vertex 13.867607003478799 -7.687132907578988 0
    endloop
  endfacet
  facet normal -0.34827528638136995 0.06769785783183725 -0.9349445571481526
    outer loop
      vertex 13.59085436021878 -7.6232395254403285 0.08850806951522827
      vertex 13.907967732863796 -7.163830441884671 0.003645561635494232
      vertex 13.808883334697482 -7.673575480391188 0.003645561635494232
    endloop
  endfacet
  facet normal -0.059305146086071556 0.011527752629668146 -0.9981733369345319
    outer loop
      vertex 13.808883334697482 -7.673575480391188 0.003645561635494232
      vertex 13.967494072053068 -7.173258487801732 0
      vertex 13.867607003478799 -7.687132907578988 0
    endloop
  endfacet
  facet normal -0.3482752863813711 0.06769785783183818 -0.9349445571481521
    outer loop
      vertex 13.59085436021878 -7.6232395254403285 0.08850806951522827
      vertex 13.686958607288911 -7.128826035223877 0.08850806951522827
      vertex 13.907967732863796 -7.163830441884671 0.003645561635494232
    endloop
  endfacet
  facet normal -0.0593051460860703 0.01152775262966775 -0.998173336934532
    outer loop
      vertex 13.808883334697482 -7.673575480391188 0.003645561635494232
      vertex 13.907967732863796 -7.163830441884671 0.003645561635494232
      vertex 13.967494072053068 -7.173258487801732 0
    endloop
  endfacet
  facet normal -0.3521492691303808 0.04323849338245373 -0.934944557148152
    outer loop
      vertex 13.686958607288911 -7.128826035223877 0.08850806951522827
      vertex 13.971252750021366 -6.648415338453118 0.003645561635494232
      vertex 13.907967732863796 -7.163830441884671 0.003645561635494232
    endloop
  endfacet
  facet normal -0.05996481710451102 0.007362753737800369 -0.9981733369345323
    outer loop
      vertex 13.907967732863796 -7.163830441884671 0.003645561635494232
      vertex 14.031291753277626 -6.653668070607436 0
      vertex 13.967494072053068 -7.173258487801732 0
    endloop
  endfacet
  facet normal -0.9378904892329921 0.2513069991788115 -0.23917822302634426
    outer loop
      vertex 13.253964809330784 -8.046601933059158 0.5
      vertex 13.380421971086182 -7.574657380407055 0.5
      vertex 13.436226080964413 -7.587540774312015 0.2676384150981903
    endloop
  endfacet
  facet normal -0.9531361252293621 0.18527089467240848 -0.23917822302635153
    outer loop
      vertex 13.380421971086182 -7.574657380407055 0.5
      vertex 13.473649901755499 -7.095041255281616 0.5
      vertex 13.53021677575544 -7.104000567961005 0.2676384150981903
    endloop
  endfacet
  facet normal -0.747685190618752 0.03918452044314349 -0.6628962430780863
    outer loop
      vertex 13.748340207594339 -6.628913018033011 0.08850806951522827
      vertex 13.590248454229355 -6.615081781816639 0.2676384150981903
      vertex 13.774700116148427 -6.125935999836404 0.08850806951522827
    endloop
  endfacet
  facet normal -0.7431304931014626 0.0912449512890198 -0.6628962430780864
    outer loop
      vertex 13.53021677575544 -7.104000567961005 0.2676384150981903
      vertex 13.590248454229355 -6.615081781816639 0.2676384150981903
      vertex 13.748340207594339 -6.628913018033011 0.08850806951522827
    endloop
  endfacet
  facet normal -0.9696449949079103 0.0508169408760391 -0.2391782230263441
    outer loop
      vertex 13.590248454229355 -6.615081781816639 0.2676384150981903
      vertex 13.533194404231754 -6.610090199233607 0.5
      vertex 13.616028648083002 -6.123166379059066 0.2676384150981903
    endloop
  endfacet
  facet normal -0.7476851906187553 0.03918452044314611 -0.6628962430780825
    outer loop
      vertex 13.774700116148427 -6.125935999836404 0.08850806951522827
      vertex 13.590248454229355 -6.615081781816639 0.2676384150981903
      vertex 13.616028648083002 -6.123166379059066 0.2676384150981903
    endloop
  endfacet
  facet normal -0.7485972410444001 -0.013066813447515249 -0.6628962430780856
    outer loop
      vertex 13.616028648083002 -6.123166379059066 0.2676384150981903
      vertex 13.60743175880334 -5.630650922083359 0.2676384150981903
      vertex 13.765909910126394 -5.622345434107636 0.08850806951522827
    endloop
  endfacet
  facet normal -0.9708277990364774 -0.01694586226630119 -0.2391782230263464
    outer loop
      vertex 13.616028648083002 -6.123166379059066 0.2676384150981903
      vertex 13.558765383684273 -6.122166845060984 0.5
      vertex 13.60743175880334 -5.630650922083359 0.2676384150981903
    endloop
  endfacet
  facet normal -0.35214926913037975 0.04323849338245304 -0.9349445571481525
    outer loop
      vertex 13.686958607288911 -7.128826035223877 0.08850806951522827
      vertex 13.748340207594339 -6.628913018033011 0.08850806951522827
      vertex 13.971252750021366 -6.648415338453118 0.003645561635494232
    endloop
  endfacet
  facet normal -0.059964817104512645 0.007362753737800762 -0.9981733369345319
    outer loop
      vertex 13.907967732863796 -7.163830441884671 0.003645561635494232
      vertex 13.971252750021366 -6.648415338453118 0.003645561635494232
      vertex 14.031291753277626 -6.653668070607436 0
    endloop
  endfacet
  facet normal -0.3543076160381073 0.018568475339624895 -0.9349445571481524
    outer loop
      vertex 13.971252750021366 -6.648415338453118 0.003645561635494232
      vertex 13.748340207594339 -6.628913018033011 0.08850806951522827
      vertex 13.998430067927982 -6.129841220671103 0.003645561635494232
    endloop
  endfacet
  facet normal -0.06033234556166253 0.0031618842498238524 -0.9981733369345321
    outer loop
      vertex 13.971252750021366 -6.648415338453118 0.003645561635494232
      vertex 14.05868923126247 -6.130893048279627 0
      vertex 14.031291753277626 -6.653668070607436 0
    endloop
  endfacet
  facet normal -0.35430761603810623 0.018568475339624323 -0.9349445571481528
    outer loop
      vertex 13.748340207594339 -6.628913018033011 0.08850806951522827
      vertex 13.774700116148427 -6.125935999836404 0.08850806951522827
      vertex 13.998430067927982 -6.129841220671103 0.003645561635494232
    endloop
  endfacet
  facet normal -0.35473981185537407 -0.006192006448558648 -0.9349445571481525
    outer loop
      vertex 13.774700116148427 -6.125935999836404 0.08850806951522827
      vertex 13.765909910126394 -5.622345434107636 0.08850806951522827
      vertex 13.989367281422663 -5.610634529513573 0.003645561635494232
    endloop
  endfacet
  facet normal -0.35473981185537296 -0.006192006448559199 -0.9349445571481529
    outer loop
      vertex 13.774700116148427 -6.125935999836404 0.08850806951522827
      vertex 13.989367281422663 -5.610634529513573 0.003645561635494232
      vertex 13.998430067927982 -6.129841220671103 0.003645561635494232
    endloop
  endfacet
  facet normal -0.7485972410444027 -0.013066813447513342 -0.6628962430780825
    outer loop
      vertex 13.774700116148427 -6.125935999836404 0.08850806951522827
      vertex 13.616028648083002 -6.123166379059066 0.2676384150981903
      vertex 13.765909910126394 -5.622345434107636 0.08850806951522827
    endloop
  endfacet
  facet normal -0.060332345561660845 0.0031618842498235666 -0.9981733369345323
    outer loop
      vertex 13.971252750021366 -6.648415338453118 0.003645561635494232
      vertex 13.998430067927982 -6.129841220671103 0.003645561635494232
      vertex 14.05868923126247 -6.130893048279627 0
    endloop
  endfacet
  facet normal -0.06040594089582055 -0.0010543896203866643 -0.998173336934532
    outer loop
      vertex 13.998430067927982 -6.129841220671103 0.003645561635494232
      vertex 14.04955302824884 -5.607480328177922 0
      vertex 14.05868923126247 -6.130893048279627 0
    endloop
  endfacet
  facet normal -0.06040594089582096 -0.0010543896203866244 -0.998173336934532
    outer loop
      vertex 13.998430067927982 -6.129841220671103 0.003645561635494232
      vertex 13.989367281422663 -5.610634529513573 0.003645561635494232
      vertex 14.04955302824884 -5.607480328177922 0
    endloop
  endfacet
  facet normal -0.9637381778325255 0.11833216899053274 -0.23917822302634423
    outer loop
      vertex 13.473649901755499 -7.095041255281616 0.5
      vertex 13.533194404231754 -6.610090199233607 0.5
      vertex 13.590248454229355 -6.615081781816639 0.2676384150981903
    endloop
  endfacet
  facet normal -0.9696449949079098 0.050816940876037775 -0.23917822302634667
    outer loop
      vertex 13.533194404231754 -6.610090199233607 0.5
      vertex 13.558765383684273 -6.122166845060984 0.5
      vertex 13.616028648083002 -6.123166379059066 0.2676384150981903
    endloop
  endfacet
  facet normal -0.9708277990364785 -0.016945862266298885 -0.23917822302634179
    outer loop
      vertex 13.558765383684273 -6.122166845060984 0.5
      vertex 13.550238260871552 -5.633648306299393 0.5
      vertex 13.60743175880334 -5.630650922083359 0.2676384150981903
    endloop
  endfacet
  facet normal 0.2350537480114722 -0.04568982020244926 -0.9709079131800437
    outer loop
      vertex 14.987145569795361 -7.3347554195977205 0.057271987199783325
      vertex 14.64710305240314 -7.867093750383674 0
      vertex 14.757644741585638 -7.298406059367705 0
    endloop
  endfacet
  facet normal 0.23505374801147175 -0.04568982020244897 -0.9709079131800438
    outer loop
      vertex 14.873509224937514 -7.919363733896347 0.057271987199783325
      vertex 14.64710305240314 -7.867093750383674 0
      vertex 14.987145569795361 -7.3347554195977205 0.057271987199783325
    endloop
  endfacet
  facet normal 0.6511614389178736 -0.12657296179541688 -0.7483101401215543
    outer loop
      vertex 14.873509224937514 -7.919363733896347 0.057271987199783325
      vertex 15.16407052357443 -7.362777579381462 0.21596762537956238
      vertex 15.048048471368187 -7.9596592940002155 0.21596762537956238
    endloop
  endfacet
  facet normal 0.6511614389178738 -0.12657296179541713 -0.7483101401215541
    outer loop
      vertex 14.873509224937514 -7.919363733896347 0.057271987199783325
      vertex 14.987145569795361 -7.3347554195977205 0.057271987199783325
      vertex 15.16407052357443 -7.362777579381462 0.21596762537956238
    endloop
  endfacet
  facet normal 0.9179076482911033 -0.17842317243469974 -0.3544160277795488
    outer loop
      vertex 15.048048471368187 -7.9596592940002155 0.21596762537956238
      vertex 15.247888233160907 -7.376053000403601 0.4397316575050354
      vertex 15.1307359586688 -7.9787492046220265 0.4397316575050354
    endloop
  endfacet
  facet normal 0.9179076482911029 -0.1784231724346994 -0.35441602777954934
    outer loop
      vertex 15.048048471368187 -7.9596592940002155 0.21596762537956238
      vertex 15.16407052357443 -7.362777579381462 0.21596762537956238
      vertex 15.247888233160907 -7.376053000403601 0.4397316575050354
    endloop
  endfacet
  facet normal 0.23766832963840215 -0.029182001495178644 -0.9709079131800435
    outer loop
      vertex 14.987145569795361 -7.3347554195977205 0.057271987199783325
      vertex 14.757644741585638 -7.298406059367705 0
      vertex 15.05972488770151 -6.743644311063959 0.057271987199783325
    endloop
  endfacet
  facet normal 0.23766832963839907 -0.029182001495176916 -0.9709079131800443
    outer loop
      vertex 15.05972488770151 -6.743644311063959 0.057271987199783325
      vertex 14.757644741585638 -7.298406059367705 0
      vertex 14.82824750878213 -6.723392664545819 0
    endloop
  endfacet
  facet normal 0.6584045258661274 -0.08084191060495739 -0.7483101401215541
    outer loop
      vertex 14.987145569795361 -7.3347554195977205 0.057271987199783325
      vertex 15.238173588238597 -6.759256549381886 0.21596762537956238
      vertex 15.16407052357443 -7.362777579381462 0.21596762537956238
    endloop
  endfacet
  facet normal 0.658404525866131 -0.08084191060495981 -0.7483101401215508
    outer loop
      vertex 14.987145569795361 -7.3347554195977205 0.057271987199783325
      vertex 15.05972488770151 -6.743644311063959 0.057271987199783325
      vertex 15.238173588238597 -6.759256549381886 0.21596762537956238
    endloop
  endfacet
  facet normal 0.928117842737027 -0.11395854178661671 -0.3544160277795503
    outer loop
      vertex 15.16407052357443 -7.362777579381462 0.21596762537956238
      vertex 15.238173588238597 -6.759256549381886 0.21596762537956238
      vertex 15.322713168655158 -6.766652804287574 0.4397316575050354
    endloop
  endfacet
  facet normal 0.9281178427370275 -0.11395854178661718 -0.3544160277795492
    outer loop
      vertex 15.16407052357443 -7.362777579381462 0.21596762537956238
      vertex 15.322713168655158 -6.766652804287574 0.4397316575050354
      vertex 15.247888233160907 -7.376053000403601 0.4397316575050354
    endloop
  endfacet
  facet normal 0.9798384346497869 -0.1904612978322425 -0.06034182638198047
    outer loop
      vertex 15.1307359586688 -7.9787492046220265 0.4397316575050354
      vertex 15.251488911883206 -7.376623291887821 0.5
      vertex 15.134288084795756 -7.979569277555606 0.5
    endloop
  endfacet
  facet normal 0.979838434649787 -0.19046129783224264 -0.06034182638197915
    outer loop
      vertex 15.1307359586688 -7.9787492046220265 0.4397316575050354
      vertex 15.247888233160907 -7.376053000403601 0.4397316575050354
      vertex 15.251488911883206 -7.376623291887821 0.5
    endloop
  endfacet
  facet normal 0.990737505990994 -0.12164726964314544 -0.06034182638197931
    outer loop
      vertex 15.247888233160907 -7.376053000403601 0.4397316575050354
      vertex 15.326344857828005 -6.766970535919648 0.5
      vertex 15.251488911883206 -7.376623291887821 0.5
    endloop
  endfacet
  facet normal 0.9907375059909929 -0.12164726964314311 -0.06034182638200156
    outer loop
      vertex 15.247888233160907 -7.376053000403601 0.4397316575050354
      vertex 15.322713168655158 -6.766652804287574 0.4397316575050354
      vertex 15.326344857828005 -6.766970535919648 0.5
    endloop
  endfacet
  facet normal 0.23912501505366782 -0.012532011009986296 -0.9709079131800444
    outer loop
      vertex 15.05972488770151 -6.743644311063959 0.057271987199783325
      vertex 14.82824750878213 -6.723392664545819 0
      vertex 15.090893579514765 -6.148910242197559 0.057271987199783325
    endloop
  endfacet
  facet normal 0.6624399321469564 -0.034717005752231606 -0.7483101401215508
    outer loop
      vertex 15.05972488770151 -6.743644311063959 0.057271987199783325
      vertex 15.269996642678457 -6.152036497793923 0.21596762537956238
      vertex 15.238173588238597 -6.759256549381886 0.21596762537956238
    endloop
  endfacet
  facet normal 0.6624399321469533 -0.03471700575222968 -0.7483101401215538
    outer loop
      vertex 15.05972488770151 -6.743644311063959 0.057271987199783325
      vertex 15.090893579514765 -6.148910242197559 0.057271987199783325
      vertex 15.269996642678457 -6.152036497793923 0.21596762537956238
    endloop
  endfacet
  facet normal 0.9338063403472187 -0.04893871657802306 -0.35441602777954373
    outer loop
      vertex 15.238173588238597 -6.759256549381886 0.21596762537956238
      vertex 15.269996642678457 -6.152036497793923 0.21596762537956238
      vertex 15.354846225587199 -6.153517552772728 0.4397316575050354
    endloop
  endfacet
  facet normal 0.9338063403472164 -0.04893871657802025 -0.35441602777955017
    outer loop
      vertex 15.238173588238597 -6.759256549381886 0.21596762537956238
      vertex 15.354846225587199 -6.153517552772728 0.4397316575050354
      vertex 15.322713168655158 -6.766652804287574 0.4397316575050354
    endloop
  endfacet
  facet normal 0.2391250150536694 -0.012532011009987066 -0.970907913180044
    outer loop
      vertex 15.090893579514765 -6.148910242197559 0.057271987199783325
      vertex 14.82824750878213 -6.723392664545819 0
      vertex 14.858567384407804 -6.1448549733774405 0
    endloop
  endfacet
  facet normal 0.23941670743235915 0.004179034173131808 -0.970907913180044
    outer loop
      vertex 15.090893579514765 -6.148910242197559 0.057271987199783325
      vertex 14.858567384407804 -6.1448549733774405 0
      vertex 15.08049979450168 -5.553450697599577 0.057271987199783325
    endloop
  endfacet
  facet normal 0.6632479976665879 0.011577036862781593 -0.7483101401215538
    outer loop
      vertex 15.090893579514765 -6.148910242197559 0.057271987199783325
      vertex 15.259384648171618 -5.544075739671364 0.21596762537956238
      vertex 15.269996642678457 -6.152036497793923 0.21596762537956238
    endloop
  endfacet
  facet normal 0.9349454273331215 0.016319533138439774 -0.3544160277795437
    outer loop
      vertex 15.269996642678457 -6.152036497793923 0.21596762537956238
      vertex 15.344130854933663 -5.539634379172304 0.4397316575050354
      vertex 15.354846225587199 -6.153517552772728 0.4397316575050354
    endloop
  endfacet
  facet normal 0.9968098037915986 -0.052240588184279936 -0.06034182638200152
    outer loop
      vertex 15.322713168655158 -6.766652804287574 0.4397316575050354
      vertex 15.358491231986 -6.153581176596083 0.5
      vertex 15.326344857828005 -6.766970535919648 0.5
    endloop
  endfacet
  facet normal 0.9968098037915988 -0.05224058818428052 -0.060341826381995665
    outer loop
      vertex 15.322713168655158 -6.766652804287574 0.4397316575050354
      vertex 15.354846225587199 -6.153517552772728 0.4397316575050354
      vertex 15.358491231986 -6.153581176596083 0.5
    endloop
  endfacet
  facet normal 0.9980257444271023 0.01742060416900584 -0.06034182638199586
    outer loop
      vertex 15.354846225587199 -6.153517552772728 0.4397316575050354
      vertex 15.347771420453638 -5.539443585218067 0.5
      vertex 15.358491231986 -6.153581176596083 0.5
    endloop
  endfacet
  facet normal -0.9659258262890681 0.2588190451025214 0
    outer loop
      vertex 13.253964809330784 -8.046601933059158 0.5
      vertex 13.253964809330784 -8.046601933059158 1.5
      vertex 13.380421971086182 -7.574657380407055 0.5
    endloop
  endfacet
  facet normal -0.9659258262890681 0.2588190451025214 0
    outer loop
      vertex 13.380421971086182 -7.574657380407055 0.5
      vertex 13.253964809330784 -8.046601933059158 1.5
      vertex 13.380421971086182 -7.574657380407055 1.5
    endloop
  endfacet
  facet normal -0.9816271834476643 0.19080899537654275 0
    outer loop
      vertex 13.380421971086182 -7.574657380407055 0.5
      vertex 13.380421971086182 -7.574657380407055 1.5
      vertex 13.473649901755499 -7.095041255281616 0.5
    endloop
  endfacet
  facet normal -0.992546151641322 0.12186934340514824 0
    outer loop
      vertex 13.473649901755499 -7.095041255281616 0.5
      vertex 13.473649901755499 -7.095041255281616 1.5
      vertex 13.533194404231754 -6.610090199233607 0.5
    endloop
  endfacet
  facet normal -0.9816271834476643 0.19080899537654275 0
    outer loop
      vertex 13.473649901755499 -7.095041255281616 0.5
      vertex 13.380421971086182 -7.574657380407055 1.5
      vertex 13.473649901755499 -7.095041255281616 1.5
    endloop
  endfacet
  facet normal -0.9641656889479798 0.25834741772340897 0.06034182638198588
    outer loop
      vertex 13.253964809330784 -8.046601933059158 1.5
      vertex 13.257451077260964 -8.047667792129198 1.5602683424949646
      vertex 13.380421971086182 -7.574657380407055 1.5
    endloop
  endfacet
  facet normal -0.96416568894798 0.25834741772340875 0.06034182638198341
    outer loop
      vertex 13.257451077260964 -8.047667792129198 1.5602683424949646
      vertex 13.383974097213137 -7.5754774533406355 1.5602683424949646
      vertex 13.380421971086182 -7.574657380407055 1.5
    endloop
  endfacet
  facet normal -0.9798384346497869 0.1904612978322416 0.060341826381983266
    outer loop
      vertex 13.380421971086182 -7.574657380407055 1.5
      vertex 13.383974097213137 -7.5754774533406355 1.5602683424949646
      vertex 13.473649901755499 -7.095041255281616 1.5
    endloop
  endfacet
  facet normal -0.9798384346497871 0.19046129783224117 0.06034182638197927
    outer loop
      vertex 13.383974097213137 -7.5754774533406355 1.5602683424949646
      vertex 13.477250580477797 -7.095611546765836 1.5602683424949646
      vertex 13.473649901755499 -7.095041255281616 1.5
    endloop
  endfacet
  facet normal -0.9907375059909942 0.12164726964314379 0.060341826381979304
    outer loop
      vertex 13.473649901755499 -7.095041255281616 1.5
      vertex 13.477250580477797 -7.095611546765836 1.5602683424949646
      vertex 13.533194404231754 -6.610090199233607 1.5
    endloop
  endfacet
  facet normal -0.9986295347545739 0.05233595624294222 0
    outer loop
      vertex 13.533194404231754 -6.610090199233607 0.5
      vertex 13.533194404231754 -6.610090199233607 1.5
      vertex 13.558765383684273 -6.122166845060984 0.5
    endloop
  endfacet
  facet normal -0.992546151641322 0.12186934340514824 0
    outer loop
      vertex 13.533194404231754 -6.610090199233607 0.5
      vertex 13.473649901755499 -7.095041255281616 1.5
      vertex 13.533194404231754 -6.610090199233607 1.5
    endloop
  endfacet
  facet normal -0.9998476951563913 -0.01745240643728205 0
    outer loop
      vertex 13.558765383684273 -6.122166845060984 0.5
      vertex 13.558765383684273 -6.122166845060984 1.5
      vertex 13.550238260871552 -5.633648306299393 0.5
    endloop
  endfacet
  facet normal -0.9986295347545739 0.05233595624294222 0
    outer loop
      vertex 13.558765383684273 -6.122166845060984 0.5
      vertex 13.533194404231754 -6.610090199233607 1.5
      vertex 13.558765383684273 -6.122166845060984 1.5
    endloop
  endfacet
  facet normal -0.9998476951563913 -0.01745240643728205 -4.739610442547984e-19
    outer loop
      vertex 13.558765383684273 -6.122166845060984 1.5
      vertex 13.550238260871552 -5.633648306299393 1.5
      vertex 13.550238260871552 -5.633648306299393 0.5
    endloop
  endfacet
  facet normal -0.9907375059909949 0.121647269643143 0.06034182638197233
    outer loop
      vertex 13.477250580477797 -7.095611546765836 1.5602683424949646
      vertex 13.5368260934046 -6.610407930865681 1.5602683424949646
      vertex 13.533194404231754 -6.610090199233607 1.5
    endloop
  endfacet
  facet normal -0.9968098037916001 0.05224058818428017 0.06034182638197224
    outer loop
      vertex 13.533194404231754 -6.610090199233607 1.5
      vertex 13.5368260934046 -6.610407930865681 1.5602683424949646
      vertex 13.558765383684273 -6.122166845060984 1.5
    endloop
  endfacet
  facet normal -0.9968098037915984 0.052240588184283086 0.06034182638199642
    outer loop
      vertex 13.5368260934046 -6.610407930865681 1.5602683424949646
      vertex 13.562410390083073 -6.122230468884339 1.5602683424949646
      vertex 13.558765383684273 -6.122166845060984 1.5
    endloop
  endfacet
  facet normal -0.9980257444271025 -0.017420604169006305 0.06034182638199561
    outer loop
      vertex 13.558765383684273 -6.122166845060984 1.5
      vertex 13.562410390083073 -6.122230468884339 1.5602683424949646
      vertex 13.550238260871552 -5.633648306299393 1.5
    endloop
  endfacet
  facet normal -0.9980257444271029 -0.01742060416900752 0.06034182638198584
    outer loop
      vertex 13.562410390083073 -6.122230468884339 1.5602683424949646
      vertex 13.553878826391525 -5.633457512345157 1.5602683424949646
      vertex 13.550238260871552 -5.633648306299393 1.5
    endloop
  endfacet
  facet normal 0.9816271834476643 -0.1908089953765436 8.757177835887969e-18
    outer loop
      vertex 15.134288084795756 -7.979569277555606 0.5
      vertex 15.251488911883206 -7.376623291887821 0.5
      vertex 15.251488911883206 -7.376623291887821 1.5
    endloop
  endfacet
  facet normal 0.9816271834476643 -0.1908089953765436 0
    outer loop
      vertex 15.134288084795756 -7.979569277555606 0.5
      vertex 15.251488911883206 -7.376623291887821 1.5
      vertex 15.134288084795756 -7.979569277555606 1.5
    endloop
  endfacet
  facet normal 0.9925461516413217 -0.12186934340514988 -4.838418673301541e-18
    outer loop
      vertex 15.251488911883206 -7.376623291887821 0.5
      vertex 15.326344857828005 -6.766970535919648 0.5
      vertex 15.326344857828005 -6.766970535919648 1.5
    endloop
  endfacet
  facet normal 0.9925461516413217 -0.12186934340514988 0
    outer loop
      vertex 15.251488911883206 -7.376623291887821 0.5
      vertex 15.326344857828005 -6.766970535919648 1.5
      vertex 15.251488911883206 -7.376623291887821 1.5
    endloop
  endfacet
  facet normal 0.9986295347545739 -0.052335956242942065 2.68114891658213e-18
    outer loop
      vertex 15.326344857828005 -6.766970535919648 0.5
      vertex 15.358491231986 -6.153581176596083 0.5
      vertex 15.358491231986 -6.153581176596083 1.5
    endloop
  endfacet
  facet normal 0.9986295347545739 -0.052335956242942065 0
    outer loop
      vertex 15.326344857828005 -6.766970535919648 0.5
      vertex 15.358491231986 -6.153581176596083 1.5
      vertex 15.326344857828005 -6.766970535919648 1.5
    endloop
  endfacet
  facet normal 0.9998476951563913 0.017452406437281586 0
    outer loop
      vertex 15.358491231986 -6.153581176596083 0.5
      vertex 15.347771420453638 -5.539443585218067 1.5
      vertex 15.358491231986 -6.153581176596083 1.5
    endloop
  endfacet
  facet normal -0.7659791204287093 0.5363443542354333 0.35441602777955317
    outer loop
      vertex 12.153191562896755 -10.214899115824405 1.5602683424949646
      vertex 12.22096577516118 -10.265970647968789 1.7840323746204376
      vertex 12.433582918454825 -9.814458760276434 1.5602683424949646
    endloop
  endfacet
  facet normal -0.7659791204287173 0.5363443542354305 0.3544160277795401
    outer loop
      vertex 12.433582918454825 -9.814458760276434 1.5602683424949646
      vertex 12.22096577516118 -10.265970647968789 1.7840323746204376
      vertex 12.504754606135592 -9.860678194677007 1.7840323746204376
    endloop
  endfacet
  facet normal -0.5433837131306123 0.38048137207443694 0.7483101401215556
    outer loop
      vertex 12.364025630070778 -10.373773981043033 1.9427280128002167
      vertex 12.504754606135592 -9.860678194677007 1.7840323746204376
      vertex 12.22096577516118 -10.265970647968789 1.7840323746204376
    endloop
  endfacet
  facet normal -0.5433837131306143 0.380481372074437 0.7483101401215542
    outer loop
      vertex 12.364025630070778 -10.373773981043033 1.9427280128002167
      vertex 12.654985954801916 -9.958239573237218 1.9427280128002167
      vertex 12.504754606135592 -9.860678194677007 1.7840323746204376
    endloop
  endfacet
  facet normal -0.8015267246533665 0.4816058439423455 0.3544160277795398
    outer loop
      vertex 12.433582918454825 -9.814458760276434 1.5602683424949646
      vertex 12.504754606135592 -9.860678194677007 1.7840323746204376
      vertex 12.685357947615298 -9.395434745076447 1.5602683424949646
    endloop
  endfacet
  facet normal -0.5686010965570361 0.34165000685701125 0.7483101401215544
    outer loop
      vertex 12.504754606135592 -9.860678194677007 1.7840323746204376
      vertex 12.654985954801916 -9.958239573237218 1.9427280128002167
      vertex 12.759580369404187 -9.436576905294775 1.7840323746204376
    endloop
  endfacet
  facet normal -0.8015267246533563 0.4816058439423499 0.3544160277795571
    outer loop
      vertex 12.685357947615298 -9.395434745076447 1.5602683424949646
      vertex 12.504754606135592 -9.860678194677007 1.7840323746204376
      vertex 12.759580369404187 -9.436576905294775 1.7840323746204376
    endloop
  endfacet
  facet normal -0.833169371244673 0.4245209983884385 0.35441602777955683
    outer loop
      vertex 12.685357947615298 -9.395434745076447 1.5602683424949646
      vertex 12.759580369404187 -9.436576905294775 1.7840323746204376
      vertex 12.907290027744455 -8.959868513106358 1.5602683424949646
    endloop
  endfacet
  facet normal -0.568601096557039 0.3416500068570112 0.7483101401215521
    outer loop
      vertex 12.654985954801916 -9.958239573237218 1.9427280128002167
      vertex 12.916251299797736 -9.523421020111444 1.9427280128002167
      vertex 12.759580369404187 -9.436576905294775 1.7840323746204376
    endloop
  endfacet
  facet normal -0.5910483125966183 0.3011541571487154 0.7483101401215523
    outer loop
      vertex 12.759580369404187 -9.436576905294775 1.7840323746204376
      vertex 12.916251299797736 -9.523421020111444 1.9427280128002167
      vertex 12.984201579463317 -8.995732958673447 1.7840323746204376
    endloop
  endfacet
  facet normal -0.5910483125966177 0.30115415714871546 0.7483101401215525
    outer loop
      vertex 12.916251299797736 -9.523421020111444 1.9427280128002167
      vertex 13.146548806559721 -9.071436713948728 1.9427280128002167
      vertex 12.984201579463317 -8.995732958673447 1.7840323746204376
    endloop
  endfacet
  facet normal -0.19614855970586734 0.1373447001150251 0.9709079131800439
    outer loop
      vertex 12.364025630070778 -10.373773981043033 1.9427280128002167
      vertex 12.54959784294423 -10.513612673640363 2
      vertex 12.654985954801916 -9.958239573237218 1.9427280128002167
    endloop
  endfacet
  facet normal -0.19614855970586592 0.13734470011502486 0.9709079131800443
    outer loop
      vertex 12.54959784294423 -10.513612673640363 2
      vertex 12.849860777180215 -10.084792762612704 2
      vertex 12.654985954801916 -9.958239573237218 1.9427280128002167
    endloop
  endfacet
  facet normal -0.2052514336402834 0.12332750347339454 0.9709079131800442
    outer loop
      vertex 12.654985954801916 -9.958239573237218 1.9427280128002167
      vertex 12.849860777180215 -10.084792762612704 2
      vertex 12.916251299797736 -9.523421020111444 1.9427280128002167
    endloop
  endfacet
  facet normal -0.20525143364028256 0.12332750347339447 0.9709079131800444
    outer loop
      vertex 12.849860777180215 -10.084792762612704 2
      vertex 13.119479321135003 -9.636072151847529 2
      vertex 12.916251299797736 -9.523421020111444 1.9427280128002167
    endloop
  endfacet
  facet normal -0.21335434322180621 0.10870946763167948 0.9709079131800444
    outer loop
      vertex 12.916251299797736 -9.523421020111444 1.9427280128002167
      vertex 13.119479321135003 -9.636072151847529 2
      vertex 13.146548806559721 -9.071436713948728 1.9427280128002167
    endloop
  endfacet
  facet normal -0.8331693712446792 0.4245209983884355 0.3544160277795464
    outer loop
      vertex 12.759580369404187 -9.436576905294775 1.7840323746204376
      vertex 12.984201579463317 -8.995732958673447 1.7840323746204376
      vertex 12.907290027744455 -8.959868513106358 1.5602683424949646
    endloop
  endfacet
  facet normal -0.8607529004091873 0.36536792920306993 0.3544160277795464
    outer loop
      vertex 12.907290027744455 -8.959868513106358 1.5602683424949646
      vertex 12.984201579463317 -8.995732958673447 1.7840323746204376
      vertex 13.098297928056432 -8.509882099265354 1.5602683424949646
    endloop
  endfacet
  facet normal -0.8607529004091866 0.3653679292030704 0.35441602777954756
    outer loop
      vertex 13.098297928056432 -8.509882099265354 1.5602683424949646
      vertex 12.984201579463317 -8.995732958673447 1.7840323746204376
      vertex 13.177523904356416 -8.540294102207486 1.7840323746204376
    endloop
  endfacet
  facet normal -0.6106160006691962 0.25919111465869854 0.7483101401215526
    outer loop
      vertex 12.984201579463317 -8.995732958673447 1.7840323746204376
      vertex 13.146548806559721 -9.071436713948728 1.9427280128002167
      vertex 13.177523904356416 -8.540294102207486 1.7840323746204376
    endloop
  endfacet
  facet normal 0.6671066293308251 -0.33990780517050334 0.6628962430780825
    outer loop
      vertex 14.20639372913768 -10.238558646357841 1.7323615849018097
      vertex 14.339606900181735 -9.627768839628477 1.9114919304847717
      vertex 14.067595396548583 -10.161621474277151 1.9114919304847717
    endloop
  endfacet
  facet normal 0.31612363391311576 -0.16107303666539324 0.9349445571481525
    outer loop
      vertex 14.067595396548583 -10.161621474277151 1.9114919304847717
      vertex 14.339606900181735 -9.627768839628477 1.9114919304847717
      vertex 14.1368078154077 -9.53320207333152 1.9963544383645058
    endloop
  endfacet
  facet normal 0 0 1
    outer loop
      vertex 13.520797229037122 -10.520503989001575 2
      vertex 13.119479321135003 -9.636072151847529 2
      vertex 12.849860777180215 -10.084792762612704 2
    endloop
  endfacet
  facet normal 0 0 1
    outer loop
      vertex 13.520797229037122 -10.520503989001575 2
      vertex 13.819175084239948 -10.023919846599751 2
      vertex 13.119479321135003 -9.636072151847529 2
    endloop
  endfacet
  facet normal 0 0 1
    outer loop
      vertex 13.119479321135003 -9.636072151847529 2
      vertex 13.819175084239948 -10.023919846599751 2
      vertex 13.35713992036441 -9.169636963055247 2
    endloop
  endfacet
  facet normal -0.21335434322180513 0.10870946763167944 0.9709079131800445
    outer loop
      vertex 13.119479321135003 -9.636072151847529 2
      vertex 13.35713992036441 -9.169636963055247 2
      vertex 13.146548806559721 -9.071436713948728 1.9427280128002167
    endloop
  endfacet
  facet normal 0.05178588454508904 -0.031116098644651757 0.9981733369345321
    outer loop
      vertex 13.571342514066503 -10.553328480899987 1.9963544383645058
      vertex 13.871886964302671 -10.053138518837612 1.9963544383645058
      vertex 13.819175084239948 -10.023919846599751 2
    endloop
  endfacet
  facet normal 0.05383028605121176 -0.027427900696657494 0.9981733369345319
    outer loop
      vertex 13.819175084239948 -10.023919846599751 2
      vertex 13.871886964302671 -10.053138518837612 1.9963544383645058
      vertex 14.08218614729272 -9.507731571188305 2
    endloop
  endfacet
  facet normal 0.31612363391311565 -0.16107303666539324 0.9349445571481526
    outer loop
      vertex 14.067595396548583 -10.161621474277151 1.9114919304847717
      vertex 14.1368078154077 -9.53320207333152 1.9963544383645058
      vertex 13.871886964302671 -10.053138518837612 1.9963544383645058
    endloop
  endfacet
  facet normal 0 0 1
    outer loop
      vertex 13.35713992036441 -9.169636963055247 2
      vertex 13.819175084239948 -10.023919846599751 2
      vertex 14.08218614729272 -9.507731571188305 2
    endloop
  endfacet
  facet normal 0.05383028605121189 -0.02742790069665754 0.9981733369345321
    outer loop
      vertex 13.871886964302671 -10.053138518837612 1.9963544383645058
      vertex 14.1368078154077 -9.53320207333152 1.9963544383645058
      vertex 14.08218614729272 -9.507731571188305 2
    endloop
  endfacet
  facet normal 0.055612431814694656 -0.023606076773511765 0.998173336934532
    outer loop
      vertex 14.08218614729272 -9.507731571188305 2
      vertex 14.1368078154077 -9.53320207333152 1.9963544383645058
      vertex 14.308549054734023 -8.974453980157971 2
    endloop
  endfacet
  facet normal -0.610616000669191 0.25919111465869943 0.7483101401215565
    outer loop
      vertex 13.146548806559721 -9.071436713948728 1.9427280128002167
      vertex 13.34475648878435 -8.604488676855395 1.9427280128002167
      vertex 13.177523904356416 -8.540294102207486 1.7840323746204376
    endloop
  endfacet
  facet normal -0.8841429279654763 0.3044348241932935 0.35441602777954756
    outer loop
      vertex 13.098297928056432 -8.509882099265354 1.5602683424949646
      vertex 13.177523904356416 -8.540294102207486 1.7840323746204376
      vertex 13.257451077260964 -8.047667792129198 1.5602683424949646
    endloop
  endfacet
  facet normal -0.8841429279654776 0.3044348241932926 0.3544160277795451
    outer loop
      vertex 13.257451077260964 -8.047667792129198 1.5602683424949646
      vertex 13.177523904356416 -8.540294102207486 1.7840323746204376
      vertex 13.338605497149302 -8.072479188225044 1.7840323746204376
    endloop
  endfacet
  facet normal -0.6272088289654135 0.21596531911186898 0.7483101401215564
    outer loop
      vertex 13.34475648878435 -8.604488676855395 1.9427280128002167
      vertex 13.338605497149302 -8.072479188225044 1.7840323746204376
      vertex 13.177523904356416 -8.540294102207486 1.7840323746204376
    endloop
  endfacet
  facet normal -0.6272088289654142 0.21596531911186878 0.7483101401215558
    outer loop
      vertex 13.34475648878435 -8.604488676855395 1.9427280128002167
      vertex 13.509908698567592 -8.124851832730707 1.9427280128002167
      vertex 13.338605497149302 -8.072479188225044 1.7840323746204376
    endloop
  endfacet
  facet normal -0.2204178118894559 0.09356181019110026 0.9709079131800447
    outer loop
      vertex 13.146548806559721 -9.071436713948728 1.9427280128002167
      vertex 13.35713992036441 -9.169636963055247 2
      vertex 13.34475648878435 -8.604488676855395 1.9427280128002167
    endloop
  endfacet
  facet normal -0.22041781188945855 0.09356181019110013 0.9709079131800441
    outer loop
      vertex 13.35713992036441 -9.169636963055247 2
      vertex 13.561684716318547 -8.687759621589752 2
      vertex 13.34475648878435 -8.604488676855395 1.9427280128002167
    endloop
  endfacet
  facet normal 0 0 1
    outer loop
      vertex 13.35713992036441 -9.169636963055247 2
      vertex 14.08218614729272 -9.507731571188305 2
      vertex 13.561684716318547 -8.687759621589752 2
    endloop
  endfacet
  facet normal -0.2264074271339041 0.07795832901607165 0.9709079131800441
    outer loop
      vertex 13.34475648878435 -8.604488676855395 1.9427280128002167
      vertex 13.561684716318547 -8.687759621589752 2
      vertex 13.509908698567592 -8.124851832730707 1.9427280128002167
    endloop
  endfacet
  facet normal -0.22640742713390416 0.07795832901607164 0.9709079131800439
    outer loop
      vertex 13.561684716318547 -8.687759621589752 2
      vertex 13.732117187312301 -8.192787785420526 2
      vertex 13.509908698567592 -8.124851832730707 1.9427280128002167
    endloop
  endfacet
  facet normal 0 0 1
    outer loop
      vertex 13.561684716318547 -8.687759621589752 2
      vertex 14.308549054734023 -8.974453980157971 2
      vertex 13.732117187312301 -8.192787785420526 2
    endloop
  endfacet
  facet normal 0 0 1
    outer loop
      vertex 14.08218614729272 -9.507731571188305 2
      vertex 14.308549054734023 -8.974453980157971 2
      vertex 13.561684716318547 -8.687759621589752 2
    endloop
  endfacet
  facet normal 0 0 1
    outer loop
      vertex 13.732117187312301 -8.192787785420526 2
      vertex 14.308549054734023 -8.974453980157971 2
      vertex 14.49716098923272 -8.42668514832738 2
    endloop
  endfacet
  facet normal 0 0 1
    outer loop
      vertex 13.732117187312301 -8.192787785420526 2
      vertex 14.49716098923272 -8.42668514832738 2
      vertex 13.867607003478799 -7.687132907578988 2
    endloop
  endfacet
  facet normal 0.8651456686807015 -0.4408137357126926 0.23917822302635036
    outer loop
      vertex 14.256484937809647 -10.26632465672292 1.5
      vertex 14.483433992832818 -9.694836514381846 1.7323615849018097
      vertex 14.20639372913768 -10.238558646357841 1.7323615849018097
    endloop
  endfacet
  facet normal 0.8651456686807003 -0.4408137357126931 0.23917822302635292
    outer loop
      vertex 14.256484937809647 -10.26632465672292 1.5
      vertex 14.535340040811047 -9.719040702058654 1.5
      vertex 14.483433992832818 -9.694836514381846 1.7323615849018097
    endloop
  endfacet
  facet normal 0.6671066293308276 -0.33990780517050323 0.6628962430780801
    outer loop
      vertex 14.20639372913768 -10.238558646357841 1.7323615849018097
      vertex 14.483433992832818 -9.694836514381846 1.7323615849018097
      vertex 14.339606900181735 -9.627768839628477 1.9114919304847717
    endloop
  endfacet
  facet normal 0.8937878290951558 -0.3793904244855485 0.23917822302635294
    outer loop
      vertex 14.535340040811047 -9.719040702058654 1.5
      vertex 14.721871261746307 -9.133113510311452 1.7323615849018097
      vertex 14.483433992832818 -9.694836514381846 1.7323615849018097
    endloop
  endfacet
  facet normal 0.8937878290951562 -0.37939042448554816 0.23917822302635172
    outer loop
      vertex 14.535340040811047 -9.719040702058654 1.5
      vertex 14.775339267982623 -9.153637954930623 1.5
      vertex 14.721871261746307 -9.133113510311452 1.7323615849018097
    endloop
  endfacet
  facet normal 0.689192360997239 -0.29254480076736716 0.66289624307808
    outer loop
      vertex 14.483433992832818 -9.694836514381846 1.7323615849018097
      vertex 14.573716120171184 -9.07624207985518 1.9114919304847717
      vertex 14.339606900181735 -9.627768839628477 1.9114919304847717
    endloop
  endfacet
  facet normal 0.32658945968225633 -0.13862900087462013 0.9349445571481532
    outer loop
      vertex 14.339606900181735 -9.627768839628477 1.9114919304847717
      vertex 14.573716120171184 -9.07624207985518 1.9114919304847717
      vertex 14.36481439962475 -8.996052222480387 1.9963544383645058
    endloop
  endfacet
  facet normal 0.689192360997239 -0.2925448007673671 0.6628962430780799
    outer loop
      vertex 14.483433992832818 -9.694836514381846 1.7323615849018097
      vertex 14.721871261746307 -9.133113510311452 1.7323615849018097
      vertex 14.573716120171184 -9.07624207985518 1.9114919304847717
    endloop
  endfacet
  facet normal 0.32658945968225805 -0.1386290008746201 0.9349445571481526
    outer loop
      vertex 14.1368078154077 -9.53320207333152 1.9963544383645058
      vertex 14.339606900181735 -9.627768839628477 1.9114919304847717
      vertex 14.36481439962475 -8.996052222480387 1.9963544383645058
    endloop
  endfacet
  facet normal 0.055612431814696016 -0.02360607677351218 0.9981733369345319
    outer loop
      vertex 14.1368078154077 -9.53320207333152 1.9963544383645058
      vertex 14.36481439962475 -8.996052222480387 1.9963544383645058
      vertex 14.308549054734023 -8.974453980157971 2
    endloop
  endfacet
  facet normal 0.9180755450494982 -0.3161187612465032 0.23917822302635167
    outer loop
      vertex 14.775339267982623 -9.153637954930623 1.5
      vertex 14.92054389347163 -8.556126292158288 1.7323615849018097
      vertex 14.721871261746307 -9.133113510311452 1.7323615849018097
    endloop
  endfacet
  facet normal 0.707920416758246 -0.24375654750139242 0.6628962430780798
    outer loop
      vertex 14.721871261746307 -9.133113510311452 1.7323615849018097
      vertex 14.768782499929719 -8.509728177891603 1.9114919304847717
      vertex 14.573716120171184 -9.07624207985518 1.9114919304847717
    endloop
  endfacet
  facet normal 0.7079204167582455 -0.24375654750139253 0.6628962430780804
    outer loop
      vertex 14.721871261746307 -9.133113510311452 1.7323615849018097
      vertex 14.92054389347163 -8.556126292158288 1.7323615849018097
      vertex 14.768782499929719 -8.509728177891603 1.9114919304847717
    endloop
  endfacet
  facet normal 0.33546417443248594 -0.11550957852652603 0.9349445571481524
    outer loop
      vertex 14.573716120171184 -9.07624207985518 1.9114919304847717
      vertex 14.768782499929719 -8.509728177891603 1.9114919304847717
      vertex 14.554795891794663 -8.444305906363446 1.9963544383645058
    endloop
  endfacet
  facet normal 0.34270454144561896 -0.09182740512283198 0.9349445571481527
    outer loop
      vertex 14.768782499929719 -8.509728177891603 1.9114919304847717
      vertex 14.923855695663159 -7.930987132522333 1.9114919304847717
      vertex 14.705826721184456 -7.8806511775714725 1.9963544383645058
    endloop
  endfacet
  facet normal 0.9180755450494975 -0.3161187612465035 0.23917822302635303
    outer loop
      vertex 14.775339267982623 -9.153637954930623 1.5
      vertex 14.975313367214238 -8.572871000688748 1.5
      vertex 14.92054389347163 -8.556126292158288 1.7323615849018097
    endloop
  endfacet
  facet normal 0.9378904892329902 -0.2513069991788101 0.23917822302635294
    outer loop
      vertex 14.975313367214238 -8.572871000688748 1.5
      vertex 15.078483974917523 -7.966685883650646 1.7323615849018097
      vertex 14.92054389347163 -8.556126292158288 1.7323615849018097
    endloop
  endfacet
  facet normal 0.937890489232991 -0.25130699917880955 0.23917822302635108
    outer loop
      vertex 14.975313367214238 -8.572871000688748 1.5
      vertex 15.134288084795756 -7.979569277555606 1.5
      vertex 15.078483974917523 -7.966685883650646 1.7323615849018097
    endloop
  endfacet
  facet normal 0.7231995554087179 -0.19378073683831326 0.6628962430780803
    outer loop
      vertex 14.92054389347163 -8.556126292158288 1.7323615849018097
      vertex 14.923855695663159 -7.930987132522333 1.9114919304847717
      vertex 14.768782499929719 -8.509728177891603 1.9114919304847717
    endloop
  endfacet
  facet normal 0.7231995554087187 -0.19378073683831304 0.6628962430780794
    outer loop
      vertex 14.92054389347163 -8.556126292158288 1.7323615849018097
      vertex 15.078483974917523 -7.966685883650646 1.7323615849018097
      vertex 14.923855695663159 -7.930987132522333 1.9114919304847717
    endloop
  endfacet
  facet normal 0.0571236394005198 -0.01966924641720061 0.9981733369345321
    outer loop
      vertex 14.308549054734023 -8.974453980157971 2
      vertex 14.36481439962475 -8.996052222480387 1.9963544383645058
      vertex 14.49716098923272 -8.42668514832738 2
    endloop
  endfacet
  facet normal 0.33546417443248355 -0.11550957852652624 0.9349445571481533
    outer loop
      vertex 14.573716120171184 -9.07624207985518 1.9114919304847717
      vertex 14.554795891794663 -8.444305906363446 1.9963544383645058
      vertex 14.36481439962475 -8.996052222480387 1.9963544383645058
    endloop
  endfacet
  facet normal 0.05712363940051919 -0.019669246417200466 0.9981733369345321
    outer loop
      vertex 14.36481439962475 -8.996052222480387 1.9963544383645058
      vertex 14.554795891794663 -8.444305906363446 1.9963544383645058
      vertex 14.49716098923272 -8.42668514832738 2
    endloop
  endfacet
  facet normal 0.05835654635723183 -0.015636589469489683 0.9981733369345319
    outer loop
      vertex 14.49716098923272 -8.42668514832738 2
      vertex 14.554795891794663 -8.444305906363446 1.9963544383645058
      vertex 14.64710305240314 -7.867093750383674 2
    endloop
  endfacet
  facet normal 0.05835654635723229 -0.015636589469489755 0.9981733369345321
    outer loop
      vertex 14.554795891794663 -8.444305906363446 1.9963544383645058
      vertex 14.705826721184456 -7.8806511775714725 1.9963544383645058
      vertex 14.64710305240314 -7.867093750383674 2
    endloop
  endfacet
  facet normal 0.34270454144561946 -0.09182740512283191 0.9349445571481526
    outer loop
      vertex 14.768782499929719 -8.509728177891603 1.9114919304847717
      vertex 14.705826721184456 -7.8806511775714725 1.9963544383645058
      vertex 14.554795891794663 -8.444305906363446 1.9963544383645058
    endloop
  endfacet
  facet normal -0.9032255000504594 0.242018543321718 0.3544160277795448
    outer loop
      vertex 13.257451077260964 -8.047667792129198 1.5602683424949646
      vertex 13.338605497149302 -8.072479188225044 1.7840323746204376
      vertex 13.383974097213137 -7.5754774533406355 1.5602683424949646
    endloop
  endfacet
  facet normal -0.903225500050458 0.24201854332171924 0.3544160277795479
    outer loop
      vertex 13.338605497149302 -8.072479188225044 1.7840323746204376
      vertex 13.466661584513751 -7.594567363962446 1.7840323746204376
      vertex 13.383974097213137 -7.5754774533406355 1.5602683424949646
    endloop
  endfacet
  facet normal -0.6407459588937287 0.1716873622390814 0.748310140121556
    outer loop
      vertex 13.338605497149302 -8.072479188225044 1.7840323746204376
      vertex 13.509908698567592 -8.124851832730707 1.9427280128002167
      vertex 13.466661584513751 -7.594567363962446 1.7840323746204376
    endloop
  endfacet
  facet normal -0.6407459588937306 0.17168736223908077 0.7483101401215544
    outer loop
      vertex 13.509908698567592 -8.124851832730707 1.9427280128002167
      vertex 13.641200830944424 -7.634862924066314 1.9427280128002167
      vertex 13.466661584513751 -7.594567363962446 1.7840323746204376
    endloop
  endfacet
  facet normal -0.9179076482911036 0.17842317243469843 0.35441602777954806
    outer loop
      vertex 13.383974097213137 -7.5754774533406355 1.5602683424949646
      vertex 13.466661584513751 -7.594567363962446 1.7840323746204376
      vertex 13.477250580477797 -7.095611546765836 1.5602683424949646
    endloop
  endfacet
  facet normal -0.9179076482911033 0.17842317243469874 0.3544160277795488
    outer loop
      vertex 13.477250580477797 -7.095611546765836 1.5602683424949646
      vertex 13.466661584513751 -7.594567363962446 1.7840323746204376
      vertex 13.561068290064274 -7.108886967787974 1.7840323746204376
    endloop
  endfacet
  facet normal -0.9281178427370277 0.1139585417866169 0.3544160277795489
    outer loop
      vertex 13.477250580477797 -7.095611546765836 1.5602683424949646
      vertex 13.561068290064274 -7.108886967787974 1.7840323746204376
      vertex 13.5368260934046 -6.610407930865681 1.5602683424949646
    endloop
  endfacet
  facet normal -0.6511614389178738 0.1265729617954164 0.7483101401215544
    outer loop
      vertex 13.466661584513751 -7.594567363962446 1.7840323746204376
      vertex 13.641200830944424 -7.634862924066314 1.9427280128002167
      vertex 13.561068290064274 -7.108886967787974 1.7840323746204376
    endloop
  endfacet
  facet normal -0.6511614389178736 0.12657296179541644 0.7483101401215544
    outer loop
      vertex 13.641200830944424 -7.634862924066314 1.9427280128002167
      vertex 13.737993243843343 -7.136909127571717 1.9427280128002167
      vertex 13.561068290064274 -7.108886967787974 1.7840323746204376
    endloop
  endfacet
  facet normal -0.6584045258661272 0.08084191060495798 0.7483101401215543
    outer loop
      vertex 13.561068290064274 -7.108886967787974 1.7840323746204376
      vertex 13.737993243843343 -7.136909127571717 1.9427280128002167
      vertex 13.62136567382116 -6.6178041857713685 1.7840323746204376
    endloop
  endfacet
  facet normal -0.23129400815174905 0.061975042698418775 0.970907913180044
    outer loop
      vertex 13.509908698567592 -8.124851832730707 1.9427280128002167
      vertex 13.732117187312301 -8.192787785420526 2
      vertex 13.641200830944424 -7.634862924066314 1.9427280128002167
    endloop
  endfacet
  facet normal -0.23129400815174972 0.061975042698418664 0.9709079131800439
    outer loop
      vertex 13.732117187312301 -8.192787785420526 2
      vertex 13.867607003478799 -7.687132907578988 2
      vertex 13.641200830944424 -7.634862924066314 1.9427280128002167
    endloop
  endfacet
  facet normal -0.23505374801147164 0.04568982020244872 0.9709079131800438
    outer loop
      vertex 13.641200830944424 -7.634862924066314 1.9427280128002167
      vertex 13.867607003478799 -7.687132907578988 2
      vertex 13.737993243843343 -7.136909127571717 1.9427280128002167
    endloop
  endfacet
  facet normal 0 0 1
    outer loop
      vertex 13.867607003478799 -7.687132907578988 2
      vertex 14.64710305240314 -7.867093750383674 2
      vertex 13.967494072053068 -7.173258487801732 2
    endloop
  endfacet
  facet normal -0.23505374801147044 0.04568982020244902 0.970907913180044
    outer loop
      vertex 13.867607003478799 -7.687132907578988 2
      vertex 13.967494072053068 -7.173258487801732 2
      vertex 13.737993243843343 -7.136909127571717 1.9427280128002167
    endloop
  endfacet
  facet normal -0.2376683296384005 0.029182001495177905 0.970907913180044
    outer loop
      vertex 13.737993243843343 -7.136909127571717 1.9427280128002167
      vertex 13.967494072053068 -7.173258487801732 2
      vertex 13.799814374358249 -6.633416424089296 1.9427280128002167
    endloop
  endfacet
  facet normal 0 0 1
    outer loop
      vertex 13.967494072053068 -7.173258487801732 2
      vertex 14.757644741585638 -7.298406059367705 2
      vertex 14.031291753277626 -6.653668070607436 2
    endloop
  endfacet
  facet normal -0.9281178427370269 0.11395854178661757 0.3544160277795503
    outer loop
      vertex 13.561068290064274 -7.108886967787974 1.7840323746204376
      vertex 13.62136567382116 -6.6178041857713685 1.7840323746204376
      vertex 13.5368260934046 -6.610407930865681 1.5602683424949646
    endloop
  endfacet
  facet normal -0.9338063403472163 0.048938716578022665 0.3544160277795502
    outer loop
      vertex 13.5368260934046 -6.610407930865681 1.5602683424949646
      vertex 13.62136567382116 -6.6178041857713685 1.7840323746204376
      vertex 13.562410390083073 -6.122230468884339 1.5602683424949646
    endloop
  endfacet
  facet normal -0.6624399321469531 0.03471700575222879 0.7483101401215542
    outer loop
      vertex 13.62136567382116 -6.6178041857713685 1.7840323746204376
      vertex 13.799814374358249 -6.633416424089296 1.9427280128002167
      vertex 13.647259972991815 -6.123711523863143 1.7840323746204376
    endloop
  endfacet
  facet normal -0.9338063403472189 0.04893871657801937 0.3544160277795436
    outer loop
      vertex 13.562410390083073 -6.122230468884339 1.5602683424949646
      vertex 13.62136567382116 -6.6178041857713685 1.7840323746204376
      vertex 13.647259972991815 -6.123711523863143 1.7840323746204376
    endloop
  endfacet
  facet normal -0.9349454273331215 -0.016319533138439538 0.3544160277795438
    outer loop
      vertex 13.562410390083073 -6.122230468884339 1.5602683424949646
      vertex 13.647259972991815 -6.123711523863143 1.7840323746204376
      vertex 13.553878826391525 -5.633457512345157 1.5602683424949646
    endloop
  endfacet
  facet normal -0.9349454273331202 -0.01631953313843781 0.35441602777954706
    outer loop
      vertex 13.647259972991815 -6.123711523863143 1.7840323746204376
      vertex 13.63862503315357 -5.6290161518460975 1.7840323746204376
      vertex 13.553878826391525 -5.633457512345157 1.5602683424949646
    endloop
  endfacet
  facet normal -0.6632479976665843 -0.011577036862779156 0.7483101401215572
    outer loop
      vertex 13.647259972991815 -6.123711523863143 1.7840323746204376
      vertex 13.82636303615551 -6.126837779459509 1.9427280128002167
      vertex 13.63862503315357 -5.6290161518460975 1.7840323746204376
    endloop
  endfacet
  facet normal -0.6584045258661274 0.08084191060495785 0.7483101401215542
    outer loop
      vertex 13.737993243843343 -7.136909127571717 1.9427280128002167
      vertex 13.799814374358249 -6.633416424089296 1.9427280128002167
      vertex 13.62136567382116 -6.6178041857713685 1.7840323746204376
    endloop
  endfacet
  facet normal -0.6624399321469495 0.03471700575223079 0.7483101401215573
    outer loop
      vertex 13.647259972991815 -6.123711523863143 1.7840323746204376
      vertex 13.799814374358249 -6.633416424089296 1.9427280128002167
      vertex 13.82636303615551 -6.126837779459509 1.9427280128002167
    endloop
  endfacet
  facet normal -0.6632479976665866 -0.0115770368627807 0.7483101401215551
    outer loop
      vertex 13.82636303615551 -6.126837779459509 1.9427280128002167
      vertex 13.81750988682351 -5.619641193917883 1.9427280128002167
      vertex 13.63862503315357 -5.6290161518460975 1.7840323746204376
    endloop
  endfacet
  facet normal -0.2376683296384008 0.029182001495177825 0.970907913180044
    outer loop
      vertex 13.967494072053068 -7.173258487801732 2
      vertex 14.031291753277626 -6.653668070607436 2
      vertex 13.799814374358249 -6.633416424089296 1.9427280128002167
    endloop
  endfacet
  facet normal -0.2391250150536695 0.012532011009986861 0.9709079131800441
    outer loop
      vertex 13.799814374358249 -6.633416424089296 1.9427280128002167
      vertex 14.031291753277626 -6.653668070607436 2
      vertex 13.82636303615551 -6.126837779459509 1.9427280128002167
    endloop
  endfacet
  facet normal -0.23912501505366943 0.012532011009986894 0.970907913180044
    outer loop
      vertex 14.031291753277626 -6.653668070607436 2
      vertex 14.05868923126247 -6.130893048279627 2
      vertex 13.82636303615551 -6.126837779459509 1.9427280128002167
    endloop
  endfacet
  facet normal -0.23941670743235918 -0.004179034173131949 0.9709079131800441
    outer loop
      vertex 13.82636303615551 -6.126837779459509 1.9427280128002167
      vertex 14.05868923126247 -6.130893048279627 2
      vertex 13.81750988682351 -5.619641193917883 1.9427280128002167
    endloop
  endfacet
  facet normal -0.23941670743235943 -0.004179034173132077 0.970907913180044
    outer loop
      vertex 14.05868923126247 -6.130893048279627 2
      vertex 14.04955302824884 -5.607480328177922 2
      vertex 13.81750988682351 -5.619641193917883 1.9427280128002167
    endloop
  endfacet
  facet normal 0.9531361252293615 -0.18527089467241187 0.23917822302635108
    outer loop
      vertex 15.134288084795756 -7.979569277555606 1.5
      vertex 15.194922037883266 -7.367663979208432 1.7323615849018097
      vertex 15.078483974917523 -7.966685883650646 1.7323615849018097
    endloop
  endfacet
  facet normal 0.9531361252293636 -0.18527089467240965 0.23917822302634462
    outer loop
      vertex 15.134288084795756 -7.979569277555606 1.5
      vertex 15.251488911883206 -7.376623291887821 1.5
      vertex 15.194922037883266 -7.367663979208432 1.7323615849018097
    endloop
  endfacet
  facet normal 0.734955338521005 -0.14286084590412754 0.6628962430780794
    outer loop
      vertex 15.078483974917523 -7.966685883650646 1.7323615849018097
      vertex 15.038180206349793 -7.34283851194556 1.9114919304847717
      vertex 14.923855695663159 -7.930987132522333 1.9114919304847717
    endloop
  endfacet
  facet normal 0.34827528638137145 -0.0676978578318375 0.934944557148152
    outer loop
      vertex 14.923855695663159 -7.930987132522333 1.9114919304847717
      vertex 15.038180206349793 -7.34283851194556 1.9114919304847717
      vertex 14.817171080774909 -7.307834105284767 1.9963544383645058
    endloop
  endfacet
  facet normal 0.7349553385209996 -0.14286084590412956 0.662896243078085
    outer loop
      vertex 15.078483974917523 -7.966685883650646 1.7323615849018097
      vertex 15.194922037883266 -7.367663979208432 1.7323615849018097
      vertex 15.038180206349793 -7.34283851194556 1.9114919304847717
    endloop
  endfacet
  facet normal 0.9637381778325254 -0.11833216899053188 0.23917822302634462
    outer loop
      vertex 15.251488911883206 -7.376623291887821 1.5
      vertex 15.269290807830401 -6.761978953336617 1.7323615849018097
      vertex 15.194922037883266 -7.367663979208432 1.7323615849018097
    endloop
  endfacet
  facet normal 0.9637381778325237 -0.11833216899053418 0.23917822302635078
    outer loop
      vertex 15.251488911883206 -7.376623291887821 1.5
      vertex 15.326344857828005 -6.766970535919648 1.5
      vertex 15.269290807830401 -6.761978953336617 1.7323615849018097
    endloop
  endfacet
  facet normal 0.3521492691303775 -0.04323849338245279 0.9349445571481533
    outer loop
      vertex 15.038180206349793 -7.34283851194556 1.9114919304847717
      vertex 15.11119905446542 -6.7481477171202435 1.9114919304847717
      vertex 14.888286512038391 -6.728645396700138 1.9963544383645058
    endloop
  endfacet
  facet normal 0.7431304931014634 -0.09124495128902345 0.6628962430780851
    outer loop
      vertex 15.194922037883266 -7.367663979208432 1.7323615849018097
      vertex 15.11119905446542 -6.7481477171202435 1.9114919304847717
      vertex 15.038180206349793 -7.34283851194556 1.9114919304847717
    endloop
  endfacet
  facet normal 0.7431304931014658 -0.09124495128902235 0.6628962430780825
    outer loop
      vertex 15.194922037883266 -7.367663979208432 1.7323615849018097
      vertex 15.269290807830401 -6.761978953336617 1.7323615849018097
      vertex 15.11119905446542 -6.7481477171202435 1.9114919304847717
    endloop
  endfacet
  facet normal 0 0 1
    outer loop
      vertex 14.49716098923272 -8.42668514832738 2
      vertex 14.64710305240314 -7.867093750383674 2
      vertex 13.867607003478799 -7.687132907578988 2
    endloop
  endfacet
  facet normal 0.0593051460860719 -0.011527752629668188 0.9981733369345321
    outer loop
      vertex 14.64710305240314 -7.867093750383674 2
      vertex 14.705826721184456 -7.8806511775714725 1.9963544383645058
      vertex 14.757644741585638 -7.298406059367705 2
    endloop
  endfacet
  facet normal 0.05930514608607183 -0.011527752629668181 0.9981733369345321
    outer loop
      vertex 14.705826721184456 -7.8806511775714725 1.9963544383645058
      vertex 14.817171080774909 -7.307834105284767 1.9963544383645058
      vertex 14.757644741585638 -7.298406059367705 2
    endloop
  endfacet
  facet normal 0 0 1
    outer loop
      vertex 13.967494072053068 -7.173258487801732 2
      vertex 14.64710305240314 -7.867093750383674 2
      vertex 14.757644741585638 -7.298406059367705 2
    endloop
  endfacet
  facet normal 0.059964817104512694 -0.007362753737800398 0.9981733369345321
    outer loop
      vertex 14.757644741585638 -7.298406059367705 2
      vertex 14.817171080774909 -7.307834105284767 1.9963544383645058
      vertex 14.82824750878213 -6.723392664545819 2
    endloop
  endfacet
  facet normal 0.3482752863813695 -0.06769785783183793 0.9349445571481527
    outer loop
      vertex 14.705826721184456 -7.8806511775714725 1.9963544383645058
      vertex 14.923855695663159 -7.930987132522333 1.9114919304847717
      vertex 14.817171080774909 -7.307834105284767 1.9963544383645058
    endloop
  endfacet
  facet normal 0.35214926913038125 -0.04323849338245167 0.934944557148152
    outer loop
      vertex 15.038180206349793 -7.34283851194556 1.9114919304847717
      vertex 14.888286512038391 -6.728645396700138 1.9963544383645058
      vertex 14.817171080774909 -7.307834105284767 1.9963544383645058
    endloop
  endfacet
  facet normal 0.059964817104512576 -0.007362753737800396 0.9981733369345321
    outer loop
      vertex 14.817171080774909 -7.307834105284767 1.9963544383645058
      vertex 14.888286512038391 -6.728645396700138 1.9963544383645058
      vertex 14.82824750878213 -6.723392664545819 2
    endloop
  endfacet
  facet normal 0.9696449949079088 -0.05081694087603935 0.23917822302635092
    outer loop
      vertex 15.326344857828005 -6.766970535919648 1.5
      vertex 15.30122796758727 -6.152581642598001 1.7323615849018097
      vertex 15.269290807830401 -6.761978953336617 1.7323615849018097
    endloop
  endfacet
  facet normal 0.9696449949079099 -0.05081694087603763 0.23917822302634648
    outer loop
      vertex 15.326344857828005 -6.766970535919648 1.5
      vertex 15.358491231986 -6.153581176596083 1.5
      vertex 15.30122796758727 -6.152581642598001 1.7323615849018097
    endloop
  endfacet
  facet normal 0.3543076160381062 -0.01856847533962558 0.9349445571481528
    outer loop
      vertex 15.11119905446542 -6.7481477171202435 1.9114919304847717
      vertex 15.142556499521845 -6.149812021820664 1.9114919304847717
      vertex 14.91882654774229 -6.145906800985965 1.9963544383645058
    endloop
  endfacet
  facet normal 0.7476851906187554 -0.03918452044314633 0.6628962430780823
    outer loop
      vertex 15.269290807830401 -6.761978953336617 1.7323615849018097
      vertex 15.142556499521845 -6.149812021820664 1.9114919304847717
      vertex 15.11119905446542 -6.7481477171202435 1.9114919304847717
    endloop
  endfacet
  facet normal 0.7476851906187553 -0.03918452044314637 0.6628962430780825
    outer loop
      vertex 15.269290807830401 -6.761978953336617 1.7323615849018097
      vertex 15.30122796758727 -6.152581642598001 1.7323615849018097
      vertex 15.142556499521845 -6.149812021820664 1.9114919304847717
    endloop
  endfacet
  facet normal 0.9708277990364773 0.01694586226630218 0.23917822302634642
    outer loop
      vertex 15.358491231986 -6.153581176596083 1.5
      vertex 15.290577922521846 -5.542440969434102 1.7323615849018097
      vertex 15.30122796758727 -6.152581642598001 1.7323615849018097
    endloop
  endfacet
  facet normal 0.7485972410444027 0.013066813447513275 0.6628962430780825
    outer loop
      vertex 15.30122796758727 -6.152581642598001 1.7323615849018097
      vertex 15.132099771198796 -5.550746457409825 1.9114919304847717
      vertex 15.142556499521845 -6.149812021820664 1.9114919304847717
    endloop
  endfacet
  facet normal 0 0 1
    outer loop
      vertex 14.031291753277626 -6.653668070607436 2
      vertex 14.82824750878213 -6.723392664545819 2
      vertex 14.05868923126247 -6.130893048279627 2
    endloop
  endfacet
  facet normal 0 0 1
    outer loop
      vertex 14.031291753277626 -6.653668070607436 2
      vertex 14.757644741585638 -7.298406059367705 2
      vertex 14.82824750878213 -6.723392664545819 2
    endloop
  endfacet
  facet normal 0 0 1
    outer loop
      vertex 14.05868923126247 -6.130893048279627 2
      vertex 14.858567384407804 -6.1448549733774405 2
      vertex 14.04955302824884 -5.607480328177922 2
    endloop
  endfacet
  facet normal 0 0 1
    outer loop
      vertex 14.05868923126247 -6.130893048279627 2
      vertex 14.82824750878213 -6.723392664545819 2
      vertex 14.858567384407804 -6.1448549733774405 2
    endloop
  endfacet
  facet normal 0.060332345561662455 -0.0031618842498238914 0.9981733369345319
    outer loop
      vertex 14.82824750878213 -6.723392664545819 2
      vertex 14.888286512038391 -6.728645396700138 1.9963544383645058
      vertex 14.858567384407804 -6.1448549733774405 2
    endloop
  endfacet
  facet normal 0.06033234556166261 -0.003161884249823885 0.9981733369345319
    outer loop
      vertex 14.888286512038391 -6.728645396700138 1.9963544383645058
      vertex 14.91882654774229 -6.145906800985965 1.9963544383645058
      vertex 14.858567384407804 -6.1448549733774405 2
    endloop
  endfacet
  facet normal 0.3543076160381048 -0.018568475339626102 0.9349445571481534
    outer loop
      vertex 15.11119905446542 -6.7481477171202435 1.9114919304847717
      vertex 14.91882654774229 -6.145906800985965 1.9963544383645058
      vertex 14.888286512038391 -6.728645396700138 1.9963544383645058
    endloop
  endfacet
  facet normal 0.06040594089582235 0.0010543896203866032 0.9981733369345321
    outer loop
      vertex 14.858567384407804 -6.1448549733774405 2
      vertex 14.91882654774229 -6.145906800985965 1.9963544383645058
      vertex 14.84845665307635 -5.56561156333954 2
    endloop
  endfacet
  facet normal 0.3547398118553729 0.006192006448558083 0.9349445571481527
    outer loop
      vertex 15.142556499521845 -6.149812021820664 1.9114919304847717
      vertex 14.908642399902527 -5.562457362003888 1.9963544383645058
      vertex 14.91882654774229 -6.145906800985965 1.9963544383645058
    endloop
  endfacet
  facet normal -0.9064838925673054 -0.347966564695496 -0.23917822302634761
    outer loop
      vertex 13.056084633940884 -3.242504152385689 0.2676384150981903
      vertex 13.232613274543635 -3.702376983625177 0.2676384150981903
      vertex 13.178461546784753 -3.7210229187999038 0.5
    endloop
  endfacet
  facet normal -0.9335804264972022 -0.35836794954529916 -1.229672200351955e-17
    outer loop
      vertex 13.003365491756618 -3.264882100575084 0.5
      vertex 13.178461546784753 -3.7210229187999038 0.5
      vertex 13.178461546784753 -3.7210229187999038 1.5
    endloop
  endfacet
  facet normal -0.9318792298578088 -0.3577149213389129 0.060341826381974654
    outer loop
      vertex 13.003365491756618 -3.264882100575084 1.5
      vertex 13.178461546784753 -3.7210229187999038 1.5
      vertex 13.181908493029605 -3.7198360400262764 1.5602683424949646
    endloop
  endfacet
  facet normal -0.6785628573225585 -0.3164190569090478 -0.6628962430780806
    outer loop
      vertex 12.989305750134768 -2.7240192516495423 0.08850806951522827
      vertex 13.202164739107102 -3.180496826593379 0.08850806951522827
      vertex 13.056084633940884 -3.242504152385689 0.2676384150981903
    endloop
  endfacet
  facet normal -0.8800028228307176 -0.41035205548398124 -0.2391782230263459
    outer loop
      vertex 13.056084633940884 -3.242504152385689 0.2676384150981903
      vertex 13.003365491756618 -3.264882100575084 0.5
      vertex 12.84790690115635 -2.7960655637332663 0.2676384150981903
    endloop
  endfacet
  facet normal -0.6548376346711555 -0.3629824281301408 -0.6628962430780805
    outer loop
      vertex 12.989305750134768 -2.7240192516495423 0.08850806951522827
      vertex 12.84790690115635 -2.7960655637332663 0.2676384150981903
      vertex 12.745123008989966 -2.283501925611235 0.08850806951522827
    endloop
  endfacet
  facet normal -0.3215524278486764 -0.14994235960417096 -0.9349445571481527
    outer loop
      vertex 12.989305750134768 -2.7240192516495423 0.08850806951522827
      vertex 13.18868096263726 -2.6224325068811627 0.003645561635494232
      vertex 13.202164739107102 -3.180496826593379 0.08850806951522827
    endloop
  endfacet
  facet normal -0.31030969202474595 -0.17200747104283673 -0.9349445571481525
    outer loop
      vertex 12.989305750134768 -2.7240192516495423 0.08850806951522827
      vertex 12.745123008989966 -2.283501925611235 0.08850806951522827
      vertex 12.936926220401178 -2.16825492927122 0.003645561635494232
    endloop
  endfacet
  facet normal -0.31030969202474556 -0.17200747104283673 -0.9349445571481527
    outer loop
      vertex 12.989305750134768 -2.7240192516495423 0.08850806951522827
      vertex 12.936926220401178 -2.16825492927122 0.003645561635494232
      vertex 13.18868096263726 -2.6224325068811627 0.003645561635494232
    endloop
  endfacet
  facet normal -0.05284027416547546 -0.02928984225116891 -0.998173336934532
    outer loop
      vertex 13.18868096263726 -2.6224325068811627 0.003645561635494232
      vertex 12.988586272855377 -2.1372144381745932 0
      vertex 13.242380449002294 -2.5950712519533994 0
    endloop
  endfacet
  facet normal -0.6548376346711549 -0.3629824281301409 -0.662896243078081
    outer loop
      vertex 12.84790690115635 -2.7960655637332663 0.2676384150981903
      vertex 12.609094297178206 -2.3652362215959712 0.2676384150981903
      vertex 12.745123008989966 -2.283501925611235 0.08850806951522827
    endloop
  endfacet
  facet normal -0.849234467798873 -0.470738352306588 -0.23917822302635208
    outer loop
      vertex 12.84790690115635 -2.7960655637332663 0.2676384150981903
      vertex 12.796877186908109 -2.822066501823173 0.5
      vertex 12.609094297178206 -2.3652362215959712 0.2676384150981903
    endloop
  endfacet
  facet normal -0.6785628573225588 -0.31641905690904776 -0.6628962430780804
    outer loop
      vertex 12.989305750134768 -2.7240192516495423 0.08850806951522827
      vertex 13.056084633940884 -3.242504152385689 0.2676384150981903
      vertex 12.84790690115635 -2.7960655637332663 0.2676384150981903
    endloop
  endfacet
  facet normal -0.8800028228307147 -0.4103520554839834 -0.2391782230263521
    outer loop
      vertex 13.003365491756618 -3.264882100575084 0.5
      vertex 12.796877186908109 -2.822066501823173 0.5
      vertex 12.84790690115635 -2.7960655637332663 0.2676384150981903
    endloop
  endfacet
  facet normal -0.9064838925673061 -0.34796656469549525 -0.23917822302634567
    outer loop
      vertex 13.056084633940884 -3.242504152385689 0.2676384150981903
      vertex 13.178461546784753 -3.7210229187999038 0.5
      vertex 13.003365491756618 -3.264882100575084 0.5
    endloop
  endfacet
  facet normal -0.849234467798873 -0.4707383523065879 -0.23917822302635194
    outer loop
      vertex 12.56000262250432 -2.394733475629621 0.5
      vertex 12.609094297178206 -2.3652362215959712 0.2676384150981903
      vertex 12.796877186908109 -2.822066501823173 0.5
    endloop
  endfacet
  facet normal -0.6279221088876802 -0.4077773854482539 -0.6628962430780811
    outer loop
      vertex 12.470806149442385 -1.8610910046102704 0.08850806951522827
      vertex 12.745123008989966 -2.283501925611235 0.08850806951522827
      vertex 12.609094297178206 -2.3652362215959712 0.2676384150981903
    endloop
  endfacet
  facet normal -0.8143287278046601 -0.5288312591952185 -0.23917822302635183
    outer loop
      vertex 12.56000262250432 -2.394733475629621 0.5
      vertex 12.340810293007673 -1.9521150832218837 0.2676384150981903
      vertex 12.609094297178206 -2.3652362215959712 0.2676384150981903
    endloop
  endfacet
  facet normal -0.627922108887677 -0.40777738544825404 -0.662896243078084
    outer loop
      vertex 12.470806149442385 -1.8610910046102704 0.08850806951522827
      vertex 12.609094297178206 -2.3652362215959712 0.2676384150981903
      vertex 12.340810293007673 -1.9521150832218837 0.2676384150981903
    endloop
  endfacet
  facet normal -0.2975551585734916 -0.19323457937271493 -0.9349445571481521
    outer loop
      vertex 12.470806149442385 -1.8610910046102704 0.08850806951522827
      vertex 12.654102913796313 -1.7327452284802014 0.003645561635494232
      vertex 12.745123008989966 -2.283501925611235 0.08850806951522827
    endloop
  endfacet
  facet normal -0.29755515857349035 -0.19323457937271482 -0.9349445571481525
    outer loop
      vertex 12.745123008989966 -2.283501925611235 0.08850806951522827
      vertex 12.654102913796313 -1.7327452284802014 0.003645561635494232
      vertex 12.936926220401178 -2.16825492927122 0.003645561635494232
    endloop
  endfacet
  facet normal -0.050668401801388506 -0.03290444486500427 -0.9981733369345321
    outer loop
      vertex 12.936926220401178 -2.16825492927122 0.003645561635494232
      vertex 12.703471849756973 -1.698176727367155 0
      vertex 12.988586272855377 -2.1372144381745932 0
    endloop
  endfacet
  facet normal -0.05066840180138855 -0.032904444865004295 -0.9981733369345319
    outer loop
      vertex 12.936926220401178 -2.16825492927122 0.003645561635494232
      vertex 12.654102913796313 -1.7327452284802014 0.003645561635494232
      vertex 12.703471849756973 -1.698176727367155 0
    endloop
  endfacet
  facet normal -0.05284027416547612 -0.029289842251169176 -0.9981733369345319
    outer loop
      vertex 12.936926220401178 -2.16825492927122 0.003645561635494232
      vertex 12.988586272855377 -2.1372144381745932 0
      vertex 13.18868096263726 -2.6224325068811627 0.003645561635494232
    endloop
  endfacet
  facet normal -0.5735764363510473 0.819152044288991 4.4546396631654695e-15
    outer loop
      vertex 12.654102913796313 -1.7327452284802014 0.003645561635494232
      vertex 13.765383235625102 -0.9546183700715716 0.4397316575050354
      vertex 12.703471849756973 -1.698176727367155 0
    endloop
  endfacet
  facet normal -0.5735764363510456 0.8191520442889921 -5.736247919095475e-16
    outer loop
      vertex 12.470806149442385 -1.8610910046102704 0.08850806951522827
      vertex 13.7683695048914 -0.9525273618201862 0.5
      vertex 12.654102913796313 -1.7327452284802014 0.003645561635494232
    endloop
  endfacet
  facet normal -0.8143287278046628 -0.5288312591952169 -0.2391782230263463
    outer loop
      vertex 12.56000262250432 -2.394733475629621 0.5
      vertex 12.293895827612477 -1.9849649455426777 0.5
      vertex 12.340810293007673 -1.9521150832218837 0.2676384150981903
    endloop
  endfacet
  facet normal -0.5735764363510465 0.8191520442889916 8.666981426948009e-16
    outer loop
      vertex 12.470806149442385 -1.8610910046102704 0.08850806951522827
      vertex 12.340810293007673 -1.9521150832218837 0.2676384150981903
      vertex 13.7683695048914 -0.9525273618201862 1.5
    endloop
  endfacet
  facet normal -0.9063077870366482 -0.4226182617407034 0
    outer loop
      vertex 13.003365491756618 -3.264882100575084 0.5
      vertex 13.003365491756618 -3.264882100575084 1.5
      vertex 12.796877186908109 -2.822066501823173 0.5
    endloop
  endfacet
  facet normal -0.9063077870366482 -0.4226182617407034 0
    outer loop
      vertex 12.796877186908109 -2.822066501823173 0.5
      vertex 13.003365491756618 -3.264882100575084 1.5
      vertex 12.796877186908109 -2.822066501823173 1.5
    endloop
  endfacet
  facet normal -0.9335804264972022 -0.35836794954529916 0
    outer loop
      vertex 13.003365491756618 -3.264882100575084 0.5
      vertex 13.178461546784753 -3.7210229187999038 1.5
      vertex 13.003365491756618 -3.264882100575084 1.5
    endloop
  endfacet
  facet normal -0.8746197071393969 -0.48480962024633517 -8.571298495123088e-18
    outer loop
      vertex 12.56000262250432 -2.394733475629621 0.5
      vertex 12.796877186908109 -2.822066501823173 0.5
      vertex 12.796877186908109 -2.822066501823173 1.5
    endloop
  endfacet
  facet normal -0.8746197071393969 -0.48480962024633517 0
    outer loop
      vertex 12.56000262250432 -2.394733475629621 0.5
      vertex 12.796877186908109 -2.822066501823173 1.5
      vertex 12.56000262250432 -2.394733475629621 1.5
    endloop
  endfacet
  facet normal -0.9046562873716998 -0.42184815479949656 0.06034182638197712
    outer loop
      vertex 13.00672124893565 -3.2634576661632697 1.5602683424949646
      vertex 12.800125406109665 -2.8204114514744436 1.5602683424949646
      vertex 12.796877186908109 -2.822066501823173 1.5
    endloop
  endfacet
  facet normal -0.9318792298578089 -0.35771492133891364 0.06034182638196915
    outer loop
      vertex 13.003365491756618 -3.264882100575084 1.5
      vertex 13.181908493029605 -3.7198360400262764 1.5602683424949646
      vertex 13.00672124893565 -3.2634576661632697 1.5602683424949646
    endloop
  endfacet
  facet normal -0.9046562873716998 -0.4218481547994975 0.06034182638196992
    outer loop
      vertex 13.003365491756618 -3.264882100575084 1.5
      vertex 13.00672124893565 -3.2634576661632697 1.5602683424949646
      vertex 12.796877186908109 -2.822066501823173 1.5
    endloop
  endfacet
  facet normal -0.8730259503892522 -0.483926186453916 0.060341826381977944
    outer loop
      vertex 12.56000262250432 -2.394733475629621 1.5
      vertex 12.796877186908109 -2.822066501823173 1.5
      vertex 12.800125406109665 -2.8204114514744436 1.5602683424949646
    endloop
  endfacet
  facet normal -0.8730259503892523 -0.48392618645391206 0.06034182638200614
    outer loop
      vertex 12.56000262250432 -2.394733475629621 1.5
      vertex 12.800125406109665 -2.8204114514744436 1.5602683424949646
      vertex 12.563127478730962 -2.39285587258291 1.5602683424949646
    endloop
  endfacet
  facet normal -0.8386705679454239 -0.5446390350150271 0
    outer loop
      vertex 12.56000262250432 -2.394733475629621 0.5
      vertex 12.56000262250432 -2.394733475629621 1.5
      vertex 12.293895827612477 -1.9849649455426777 0.5
    endloop
  endfacet
  facet normal -0.8386705679454239 -0.5446390350150271 0
    outer loop
      vertex 12.293895827612477 -1.9849649455426777 0.5
      vertex 12.56000262250432 -2.394733475629621 1.5
      vertex 12.293895827612477 -1.9849649455426777 1.5
    endloop
  endfacet
  facet normal -0.5735764363510457 0.819152044288992 -1.2027536062902092e-15
    outer loop
      vertex 12.340810293007673 -1.9521150832218837 0.2676384150981903
      vertex 12.293895827612477 -1.9849649455426777 0.5
      vertex 13.721455039496202 -0.9853772241409802 1.7323615849018097
    endloop
  endfacet
  facet normal -0.8371423187327645 -0.5436465783720313 0.06034182638198314
    outer loop
      vertex 12.563127478730962 -2.39285587258291 1.5602683424949646
      vertex 12.296882096878774 -1.9828739372912922 1.5602683424949646
      vertex 12.293895827612477 -1.9849649455426777 1.5
    endloop
  endfacet
  facet normal -0.8371423187327649 -0.5436465783720281 0.06034182638200551
    outer loop
      vertex 12.56000262250432 -2.394733475629621 1.5
      vertex 12.563127478730962 -2.39285587258291 1.5602683424949646
      vertex 12.293895827612477 -1.9849649455426777 1.5
    endloop
  endfacet
  facet normal -0.5735764363510462 0.8191520442889917 0
    outer loop
      vertex 12.293895827612477 -1.9849649455426777 0.5
      vertex 12.293895827612477 -1.9849649455426777 1.5
      vertex 13.591459183061492 -1.0764013027525925 1.9114919304847717
    endloop
  endfacet
  facet normal -0.7458622009604104 -0.06525448713653383 -0.6628962430780855
    outer loop
      vertex 13.765909910126394 -5.622345434107636 0.08850806951522827
      vertex 13.60743175880334 -5.630650922083359 0.2676384150981903
      vertex 13.722012414528386 -5.120594763462192 0.08850806951522827
    endloop
  endfacet
  facet normal -0.7458622009604163 -0.06525448713653034 -0.6628962430780792
    outer loop
      vertex 13.722012414528386 -5.120594763462192 0.08850806951522827
      vertex 13.60743175880334 -5.630650922083359 0.2676384150981903
      vertex 13.564499669570784 -5.139934896688422 0.2676384150981903
    endloop
  endfacet
  facet normal -0.9672808277154096 -0.0846261068710699 -0.23917822302634167
    outer loop
      vertex 13.60743175880334 -5.630650922083359 0.2676384150981903
      vertex 13.550238260871552 -5.633648306299393 0.5
      vertex 13.564499669570784 -5.139934896688422 0.2676384150981903
    endloop
  endfacet
  facet normal -0.7394933952071543 -0.11712424752357369 -0.6628962430780794
    outer loop
      vertex 13.722012414528386 -5.120594763462192 0.08850806951522827
      vertex 13.564499669570784 -5.139934896688422 0.2676384150981903
      vertex 13.643221493540402 -4.623128466731654 0.08850806951522827
    endloop
  endfacet
  facet normal -0.9590213614324397 -0.15189406158974805 -0.2391782230263446
    outer loop
      vertex 13.564499669570784 -5.139934896688422 0.2676384150981903
      vertex 13.507654579078789 -5.146914596163968 0.5
      vertex 13.487441541208558 -4.653409022023378 0.2676384150981903
    endloop
  endfacet
  facet normal -0.7394933952071548 -0.11712424752357345 -0.6628962430780789
    outer loop
      vertex 13.564499669570784 -5.139934896688422 0.2676384150981903
      vertex 13.487441541208558 -4.653409022023378 0.2676384150981903
      vertex 13.643221493540402 -4.623128466731654 0.08850806951522827
    endloop
  endfacet
  facet normal -0.3534437509675992 -0.030922321403746362 -0.9349445571481536
    outer loop
      vertex 13.765909910126394 -5.622345434107636 0.08850806951522827
      vertex 13.722012414528386 -5.120594763462192 0.08850806951522827
      vertex 13.944108543490271 -5.093324787789372 0.003645561635494232
    endloop
  endfacet
  facet normal -0.3534437509676025 -0.030922321403745054 -0.9349445571481524
    outer loop
      vertex 13.765909910126394 -5.622345434107636 0.08850806951522827
      vertex 13.944108543490271 -5.093324787789372 0.003645561635494232
      vertex 13.989367281422663 -5.610634529513573 0.003645561635494232
    endloop
  endfacet
  facet normal -0.060185244557921236 -0.005265526610353421 -0.9981733369345319
    outer loop
      vertex 13.989367281422663 -5.610634529513573 0.003645561635494232
      vertex 13.944108543490271 -5.093324787789372 0.003645561635494232
      vertex 14.00392765489945 -5.085979924461395 0
    endloop
  endfacet
  facet normal -0.060185244557920174 -0.005265526610353451 -0.9981733369345323
    outer loop
      vertex 13.989367281422663 -5.610634529513573 0.003645561635494232
      vertex 14.00392765489945 -5.085979924461395 0
      vertex 14.04955302824884 -5.607480328177922 0
    endloop
  endfacet
  facet normal -0.3504257476531555 -0.05550198591735204 -0.9349445571481536
    outer loop
      vertex 13.944108543490271 -5.093324787789372 0.003645561635494232
      vertex 13.722012414528386 -5.120594763462192 0.08850806951522827
      vertex 13.862874350152623 -4.580432276560388 0.003645561635494232
    endloop
  endfacet
  facet normal -0.3504257476531577 -0.055501985917351344 -0.9349445571481528
    outer loop
      vertex 13.722012414528386 -5.120594763462192 0.08850806951522827
      vertex 13.643221493540402 -4.623128466731654 0.08850806951522827
      vertex 13.862874350152623 -4.580432276560388 0.003645561635494232
    endloop
  endfacet
  facet normal -0.05967133175833386 -0.009451010483963325 -0.9981733369345319
    outer loop
      vertex 13.944108543490271 -5.093324787789372 0.003645561635494232
      vertex 13.922035393447015 -4.568932534675914 0
      vertex 14.00392765489945 -5.085979924461395 0
    endloop
  endfacet
  facet normal -0.059671331758333175 -0.009451010483963296 -0.9981733369345319
    outer loop
      vertex 13.944108543490271 -5.093324787789372 0.003645561635494232
      vertex 13.862874350152623 -4.580432276560388 0.003645561635494232
      vertex 13.922035393447015 -4.568932534675914 0
    endloop
  endfacet
  facet normal -0.9672808277154087 -0.08462610687107132 -0.23917822302634464
    outer loop
      vertex 13.550238260871552 -5.633648306299393 0.5
      vertex 13.507654579078789 -5.146914596163968 0.5
      vertex 13.564499669570784 -5.139934896688422 0.2676384150981903
    endloop
  endfacet
  facet normal -0.9590213614324377 -0.15189406158975075 -0.23917822302635047
    outer loop
      vertex 13.487441541208558 -4.653409022023378 0.2676384150981903
      vertex 13.507654579078789 -5.146914596163968 0.5
      vertex 13.431221801723183 -4.664337032364187 0.5
    endloop
  endfacet
  facet normal -0.7295218519660589 -0.16842339034997442 -0.662896243078079
    outer loop
      vertex 13.487441541208558 -4.653409022023378 0.2676384150981903
      vertex 13.529921008609454 -4.132370149708557 0.08850806951522827
      vertex 13.643221493540402 -4.623128466731654 0.08850806951522827
    endloop
  endfacet
  facet normal -0.34570050532082097 -0.07981125033461083 -0.9349445571481526
    outer loop
      vertex 13.643221493540402 -4.623128466731654 0.08850806951522827
      vertex 13.529921008609454 -4.132370149708557 0.08850806951522827
      vertex 13.746060466234026 -4.074455756585554 0.003645561635494232
    endloop
  endfacet
  facet normal -0.9460896394770583 -0.21842200370870932 -0.2391782230263504
    outer loop
      vertex 13.487441541208558 -4.653409022023378 0.2676384150981903
      vertex 13.431221801723183 -4.664337032364187 0.5
      vertex 13.37663279317218 -4.173443603244184 0.2676384150981903
    endloop
  endfacet
  facet normal -0.7295218519660527 -0.16842339034997705 -0.6628962430780854
    outer loop
      vertex 13.487441541208558 -4.653409022023378 0.2676384150981903
      vertex 13.37663279317218 -4.173443603244184 0.2676384150981903
      vertex 13.529921008609454 -4.132370149708557 0.08850806951522827
    endloop
  endfacet
  facet normal -0.7159961515934599 -0.21890199134844596 -0.6628962430780854
    outer loop
      vertex 13.529921008609454 -4.132370149708557 0.08850806951522827
      vertex 13.37663279317218 -4.173443603244184 0.2676384150981903
      vertex 13.382662948309203 -3.6507107375825845 0.08850806951522827
    endloop
  endfacet
  facet normal -0.33929104487625394 -0.1037316823628381 -0.9349445571481525
    outer loop
      vertex 13.529921008609454 -4.132370149708557 0.08850806951522827
      vertex 13.59423599723484 -3.577860294609603 0.003645561635494232
      vertex 13.746060466234026 -4.074455756585554 0.003645561635494232
    endloop
  endfacet
  facet normal -0.3392910448762549 -0.10373168236283795 -0.9349445571481523
    outer loop
      vertex 13.529921008609454 -4.132370149708557 0.08850806951522827
      vertex 13.382662948309203 -3.6507107375825845 0.08850806951522827
      vertex 13.59423599723484 -3.577860294609603 0.003645561635494232
    endloop
  endfacet
  facet normal -0.05777528802330286 -0.017663678178834772 -0.9981733369345319
    outer loop
      vertex 13.59423599723484 -3.577860294609603 0.003645561635494232
      vertex 13.65122083458441 -3.5582388415713253 0
      vertex 13.746060466234026 -4.074455756585554 0.003645561635494232
    endloop
  endfacet
  facet normal -0.7159961515934632 -0.21890199134844485 -0.6628962430780823
    outer loop
      vertex 13.382662948309203 -3.6507107375825845 0.08850806951522827
      vertex 13.37663279317218 -4.173443603244184 0.2676384150981903
      vertex 13.232613274543635 -3.702376983625177 0.2676384150981903
    endloop
  endfacet
  facet normal -0.9285486638987492 -0.2838858157812894 -0.23917822302634398
    outer loop
      vertex 13.37663279317218 -4.173443603244184 0.2676384150981903
      vertex 13.321312301613013 -4.188266684282356 0.5
      vertex 13.232613274543635 -3.702376983625177 0.2676384150981903
    endloop
  endfacet
  facet normal -0.3457005053208203 -0.07981125033461099 -0.9349445571481528
    outer loop
      vertex 13.643221493540402 -4.623128466731654 0.08850806951522827
      vertex 13.746060466234026 -4.074455756585554 0.003645561635494232
      vertex 13.862874350152623 -4.580432276560388 0.003645561635494232
    endloop
  endfacet
  facet normal -0.05886670622856046 -0.013590449984507858 -0.9981733369345319
    outer loop
      vertex 13.862874350152623 -4.580432276560388 0.003645561635494232
      vertex 13.804275214757546 -4.058857161731095 0
      vertex 13.922035393447015 -4.568932534675914 0
    endloop
  endfacet
  facet normal -0.05886670622856189 -0.01359044998450802 -0.9981733369345321
    outer loop
      vertex 13.862874350152623 -4.580432276560388 0.003645561635494232
      vertex 13.746060466234026 -4.074455756585554 0.003645561635494232
      vertex 13.804275214757546 -4.058857161731095 0
    endloop
  endfacet
  facet normal -0.057775288023304235 -0.017663678178835022 -0.9981733369345319
    outer loop
      vertex 13.746060466234026 -4.074455756585554 0.003645561635494232
      vertex 13.65122083458441 -3.5582388415713253 0
      vertex 13.804275214757546 -4.058857161731095 0
    endloop
  endfacet
  facet normal -0.9460896394770605 -0.21842200370870649 -0.23917822302634395
    outer loop
      vertex 13.431221801723183 -4.664337032364187 0.5
      vertex 13.321312301613013 -4.188266684282356 0.5
      vertex 13.37663279317218 -4.173443603244184 0.2676384150981903
    endloop
  endfacet
  facet normal -0.9285486638987477 -0.2838858157812909 -0.23917822302634772
    outer loop
      vertex 13.321312301613013 -4.188266684282356 0.5
      vertex 13.178461546784753 -3.7210229187999038 0.5
      vertex 13.232613274543635 -3.702376983625177 0.2676384150981903
    endloop
  endfacet
  facet normal 0.23941670743235946 0.004179034173131714 -0.9709079131800441
    outer loop
      vertex 15.08049979450168 -5.553450697599577 0.057271987199783325
      vertex 14.858567384407804 -6.1448549733774405 0
      vertex 14.84845665307635 -5.56561156333954 0
    endloop
  endfacet
  facet normal 0.2385419856785219 0.020869719521833835 -0.9709079131800441
    outer loop
      vertex 15.08049979450168 -5.553450697599577 0.057271987199783325
      vertex 14.84845665307635 -5.56561156333954 0
      vertex 15.02859417013806 -4.960166696315913 0.057271987199783325
    endloop
  endfacet
  facet normal 0.6632479976665903 0.011577036862780376 -0.7483101401215518
    outer loop
      vertex 15.090893579514765 -6.148910242197559 0.057271987199783325
      vertex 15.08049979450168 -5.553450697599577 0.057271987199783325
      vertex 15.259384648171618 -5.544075739671364 0.21596762537956238
    endloop
  endfacet
  facet normal 0.6608247856110488 0.057814677317917146 -0.7483101401215518
    outer loop
      vertex 15.08049979450168 -5.553450697599577 0.057271987199783325
      vertex 15.206389305288607 -4.9383361987157794 0.21596762537956238
      vertex 15.259384648171618 -5.544075739671364 0.21596762537956238
    endloop
  endfacet
  facet normal 0.93494542733312 0.016319533138441162 -0.35441602777954706
    outer loop
      vertex 15.269996642678457 -6.152036497793923 0.21596762537956238
      vertex 15.259384648171618 -5.544075739671364 0.21596762537956238
      vertex 15.344130854933663 -5.539634379172304 0.4397316575050354
    endloop
  endfacet
  facet normal 0.9315295541774419 0.08149827572988204 -0.354416027779547
    outer loop
      vertex 15.259384648171618 -5.544075739671364 0.21596762537956238
      vertex 15.29061926090327 -4.927994060600762 0.4397316575050354
      vertex 15.344130854933663 -5.539634379172304 0.4397316575050354
    endloop
  endfacet
  facet normal 0.2385419856785205 0.02086971952183427 -0.9709079131800443
    outer loop
      vertex 15.02859417013806 -4.960166696315913 0.057271987199783325
      vertex 14.84845665307635 -5.56561156333954 0
      vertex 14.79796457325449 -4.988484450100476 0
    endloop
  endfacet
  facet normal 0.23650511134861385 0.037458729694842895 -0.9709079131800443
    outer loop
      vertex 15.02859417013806 -4.960166696315913 0.057271987199783325
      vertex 14.79796457325449 -4.988484450100476 0
      vertex 14.935429585408267 -4.371948658364118 0.057271987199783325
    endloop
  endfacet
  facet normal 0.660824785611052 0.05781467731791577 -0.748310140121549
    outer loop
      vertex 15.08049979450168 -5.553450697599577 0.057271987199783325
      vertex 15.02859417013806 -4.960166696315913 0.057271987199783325
      vertex 15.206389305288607 -4.9383361987157794 0.21596762537956238
    endloop
  endfacet
  facet normal 0.6551821016258887 0.1037706504766685 -0.7483101401215491
    outer loop
      vertex 15.02859417013806 -4.960166696315913 0.057271987199783325
      vertex 15.111268802012876 -4.3377689770819785 0.21596762537956238
      vertex 15.206389305288607 -4.9383361987157794 0.21596762537956238
    endloop
  endfacet
  facet normal 0.931529554177438 0.08149827572988559 -0.3544160277795562
    outer loop
      vertex 15.259384648171618 -5.544075739671364 0.21596762537956238
      vertex 15.206389305288607 -4.9383361987157794 0.21596762537956238
      vertex 15.29061926090327 -4.927994060600762 0.4397316575050354
    endloop
  endfacet
  facet normal 0.9235753626708305 0.14627996691415024 -0.3544160277795563
    outer loop
      vertex 15.206389305288607 -4.9383361987157794 0.21596762537956238
      vertex 15.194572146603166 -4.321576447208313 0.4397316575050354
      vertex 15.29061926090327 -4.927994060600762 0.4397316575050354
    endloop
  endfacet
  facet normal 0.9980257444271011 0.01742060416900774 -0.06034182638201539
    outer loop
      vertex 15.354846225587199 -6.153517552772728 0.4397316575050354
      vertex 15.344130854933663 -5.539634379172304 0.4397316575050354
      vertex 15.347771420453638 -5.539443585218067 0.5
    endloop
  endfacet
  facet normal 0.9943794039569528 0.08699692508990167 -0.06034182638201562
    outer loop
      vertex 15.344130854933663 -5.539634379172304 0.4397316575050354
      vertex 15.29423764907515 -4.927549778397902 0.5
      vertex 15.347771420453638 -5.539443585218067 0.5
    endloop
  endfacet
  facet normal 0.9943794039569565 0.0869969250898967 -0.06034182638196237
    outer loop
      vertex 15.344130854933663 -5.539634379172304 0.4397316575050354
      vertex 15.29061926090327 -4.927994060600762 0.4397316575050354
      vertex 15.29423764907515 -4.927549778397902 0.5
    endloop
  endfacet
  facet normal 0.9858885469853984 0.15614940573665043 -0.0603418263819619
    outer loop
      vertex 15.29061926090327 -4.927994060600762 0.4397316575050354
      vertex 15.198150729003501 -4.320880841255061 0.5
      vertex 15.29423764907515 -4.927549778397902 0.5
    endloop
  endfacet
  facet normal 0.23331600788962842 0.05386524470211633 -0.9709079131800441
    outer loop
      vertex 14.801459928804237 -3.7916623228976243 0.057271987199783325
      vertex 14.70733713727967 -4.416285338943333 0
      vertex 14.577015872910119 -3.8518019264204195 0
    endloop
  endfacet
  facet normal 0.22899021229304678 0.07000933365171638 -0.970907913180044
    outer loop
      vertex 14.801459928804237 -3.7916623228976243 0.057271987199783325
      vertex 14.577015872910119 -3.8518019264204195 0
      vertex 14.627337887026359 -3.222134786612647 0.057271987199783325
    endloop
  endfacet
  facet normal 0.23650511134861615 0.03745872969484233 -0.9709079131800437
    outer loop
      vertex 14.935429585408267 -4.371948658364118 0.057271987199783325
      vertex 14.79796457325449 -4.988484450100476 0
      vertex 14.70733713727967 -4.416285338943333 0
    endloop
  endfacet
  facet normal 0.6551821016258832 0.1037706504766705 -0.748310140121554
    outer loop
      vertex 15.02859417013806 -4.960166696315913 0.057271987199783325
      vertex 14.935429585408267 -4.371948658364118 0.057271987199783325
      vertex 15.111268802012876 -4.3377689770819785 0.21596762537956238
    endloop
  endfacet
  facet normal 0.23331600788962967 0.053865244702116115 -0.9709079131800439
    outer loop
      vertex 14.801459928804237 -3.7916623228976243 0.057271987199783325
      vertex 14.935429585408267 -4.371948658364118 0.057271987199783325
      vertex 14.70733713727967 -4.416285338943333 0
    endloop
  endfacet
  facet normal 0.6463474363002731 0.1492210634572901 -0.748310140121554
    outer loop
      vertex 14.935429585408267 -4.371948658364118 0.057271987199783325
      vertex 14.974486555874904 -3.7452999779049576 0.21596762537956238
      vertex 15.111268802012876 -4.3377689770819785 0.21596762537956238
    endloop
  endfacet
  facet normal 0.9235753626708325 0.14627996691414855 -0.35441602777955145
    outer loop
      vertex 15.206389305288607 -4.9383361987157794 0.21596762537956238
      vertex 15.111268802012876 -4.3377689770819785 0.21596762537956238
      vertex 15.194572146603166 -4.321576447208313 0.4397316575050354
    endloop
  endfacet
  facet normal 0.911121604834763 0.21034899680362298 -0.35441602777955117
    outer loop
      vertex 15.111268802012876 -4.3377689770819785 0.21596762537956238
      vertex 15.0564574439196 -3.72333594465052 0.4397316575050354
      vertex 15.194572146603166 -4.321576447208313 0.4397316575050354
    endloop
  endfacet
  facet normal 0.6463474363002767 0.14922106345728917 -0.7483101401215512
    outer loop
      vertex 14.801459928804237 -3.7916623228976243 0.057271987199783325
      vertex 14.974486555874904 -3.7452999779049576 0.21596762537956238
      vertex 14.935429585408267 -4.371948658364118 0.057271987199783325
    endloop
  endfacet
  facet normal 0.6343638312356291 0.1939444864163936 -0.7483101401215512
    outer loop
      vertex 14.801459928804237 -3.7916623228976243 0.057271987199783325
      vertex 14.796708956228574 -3.163815650593929 0.21596762537956238
      vertex 14.974486555874904 -3.7452999779049576 0.21596762537956238
    endloop
  endfacet
  facet normal 0.9111216048347627 0.2103489968036231 -0.3544160277795516
    outer loop
      vertex 15.111268802012876 -4.3377689770819785 0.21596762537956238
      vertex 14.974486555874904 -3.7452999779049576 0.21596762537956238
      vertex 15.0564574439196 -3.72333594465052 0.4397316575050354
    endloop
  endfacet
  facet normal 0.8942289541255626 0.27339322752487255 -0.3544160277795514
    outer loop
      vertex 14.974486555874904 -3.7452999779049576 0.21596762537956238
      vertex 14.876948033800806 -3.136187120520919 0.4397316575050354
      vertex 15.0564574439196 -3.72333594465052 0.4397316575050354
    endloop
  endfacet
  facet normal 0.9858885469853967 0.15614940573665248 -0.06034182638198517
    outer loop
      vertex 15.29061926090327 -4.927994060600762 0.4397316575050354
      vertex 15.194572146603166 -4.321576447208313 0.4397316575050354
      vertex 15.198150729003501 -4.320880841255061 0.5
    endloop
  endfacet
  facet normal 0.9725945401140953 0.22454114217474222 -0.060341826381985535
    outer loop
      vertex 15.194572146603166 -4.321576447208313 0.4397316575050354
      vertex 15.059978786054652 -3.7223924038691583 0.5
      vertex 15.198150729003501 -4.320880841255061 0.5
    endloop
  endfacet
  facet normal 0.9545621504082201 0.2918389367389513 -0.06034182638197799
    outer loop
      vertex 15.0564574439196 -3.72333594465052 0.4397316575050354
      vertex 14.880394980045656 -3.135000241747291 0.5
      vertex 15.059978786054652 -3.7223924038691583 0.5
    endloop
  endfacet
  facet normal 0.9725945401140961 0.2245411421747415 -0.060341826381976896
    outer loop
      vertex 15.194572146603166 -4.321576447208313 0.4397316575050354
      vertex 15.0564574439196 -3.72333594465052 0.4397316575050354
      vertex 15.059978786054652 -3.7223924038691583 0.5
    endloop
  endfacet
  facet normal -0.9961946980917455 -0.08715574274765885 0
    outer loop
      vertex 13.550238260871552 -5.633648306299393 0.5
      vertex 13.550238260871552 -5.633648306299393 1.5
      vertex 13.507654579078789 -5.146914596163968 0.5
    endloop
  endfacet
  facet normal -0.9961946980917455 -0.08715574274765885 0
    outer loop
      vertex 13.507654579078789 -5.146914596163968 0.5
      vertex 13.550238260871552 -5.633648306299393 1.5
      vertex 13.507654579078789 -5.146914596163968 1.5
    endloop
  endfacet
  facet normal -0.9876883405951379 -0.15643446504023012 -2.455392671891154e-18
    outer loop
      vertex 13.431221801723183 -4.664337032364187 0.5
      vertex 13.507654579078789 -5.146914596163968 0.5
      vertex 13.507654579078789 -5.146914596163968 1.5
    endloop
  endfacet
  facet normal -0.9876883405951379 -0.15643446504023012 0
    outer loop
      vertex 13.431221801723183 -4.664337032364187 0.5
      vertex 13.507654579078789 -5.146914596163968 1.5
      vertex 13.431221801723183 -4.664337032364187 1.5
    endloop
  endfacet
  facet normal -0.9943794039569548 -0.08699692508989956 0.06034182638198516
    outer loop
      vertex 13.550238260871552 -5.633648306299393 1.5
      vertex 13.553878826391525 -5.633457512345157 1.5602683424949646
      vertex 13.507654579078789 -5.146914596163968 1.5
    endloop
  endfacet
  facet normal -0.994379403956956 -0.08699692508990248 0.06034182638196237
    outer loop
      vertex 13.553878826391525 -5.633457512345157 1.5602683424949646
      vertex 13.511272967250669 -5.146470313961108 1.5602683424949646
      vertex 13.507654579078789 -5.146914596163968 1.5
    endloop
  endfacet
  facet normal -0.9858885469853982 -0.15614940573665181 0.06034182638196195
    outer loop
      vertex 13.431221801723183 -4.664337032364187 1.5
      vertex 13.507654579078789 -5.146914596163968 1.5
      vertex 13.511272967250669 -5.146470313961108 1.5602683424949646
    endloop
  endfacet
  facet normal -0.9858885469853984 -0.1561494057366526 0.06034182638195613
    outer loop
      vertex 13.431221801723183 -4.664337032364187 1.5
      vertex 13.511272967250669 -5.146470313961108 1.5602683424949646
      vertex 13.434800384123516 -4.663641426410934 1.5602683424949646
    endloop
  endfacet
  facet normal -0.9743700647852349 -0.22495105434386636 0
    outer loop
      vertex 13.431221801723183 -4.664337032364187 0.5
      vertex 13.431221801723183 -4.664337032364187 1.5
      vertex 13.321312301613013 -4.188266684282356 0.5
    endloop
  endfacet
  facet normal -0.9743700647852349 -0.22495105434386636 0
    outer loop
      vertex 13.321312301613013 -4.188266684282356 0.5
      vertex 13.431221801723183 -4.664337032364187 1.5
      vertex 13.321312301613013 -4.188266684282356 1.5
    endloop
  endfacet
  facet normal -0.956304755963036 -0.292371704722735 0
    outer loop
      vertex 13.321312301613013 -4.188266684282356 0.5
      vertex 13.321312301613013 -4.188266684282356 1.5
      vertex 13.178461546784753 -3.7210229187999038 0.5
    endloop
  endfacet
  facet normal -0.956304755963036 -0.292371704722735 0
    outer loop
      vertex 13.178461546784753 -3.7210229187999038 0.5
      vertex 13.321312301613013 -4.188266684282356 1.5
      vertex 13.178461546784753 -3.7210229187999038 1.5
    endloop
  endfacet
  facet normal -0.9725945401140971 -0.22454114217474197 0.06034182638195698
    outer loop
      vertex 13.431221801723183 -4.664337032364187 1.5
      vertex 13.434800384123516 -4.663641426410934 1.5602683424949646
      vertex 13.321312301613013 -4.188266684282356 1.5
    endloop
  endfacet
  facet normal -0.9725945401140966 -0.22454114217473953 0.060341826381975196
    outer loop
      vertex 13.434800384123516 -4.663641426410934 1.5602683424949646
      vertex 13.324833643748065 -4.187323143500994 1.5602683424949646
      vertex 13.321312301613013 -4.188266684282356 1.5
    endloop
  endfacet
  facet normal -0.9545621504082213 -0.2918389367389479 0.06034182638197586
    outer loop
      vertex 13.321312301613013 -4.188266684282356 1.5
      vertex 13.324833643748065 -4.187323143500994 1.5602683424949646
      vertex 13.178461546784753 -3.7210229187999038 1.5
    endloop
  endfacet
  facet normal -0.9545621504082215 -0.291838936738948 0.060341826381974974
    outer loop
      vertex 13.324833643748065 -4.187323143500994 1.5602683424949646
      vertex 13.181908493029605 -3.7198360400262764 1.5602683424949646
      vertex 13.178461546784753 -3.7210229187999038 1.5
    endloop
  endfacet
  facet normal 0.9998476951563913 0.017452406437281586 -6.445857846972088e-19
    outer loop
      vertex 15.358491231986 -6.153581176596083 0.5
      vertex 15.347771420453638 -5.539443585218067 0.5
      vertex 15.347771420453638 -5.539443585218067 1.5
    endloop
  endfacet
  facet normal 0.9961946980917453 0.08715574274766111 0
    outer loop
      vertex 15.347771420453638 -5.539443585218067 0.5
      vertex 15.29423764907515 -4.927549778397902 1.5
      vertex 15.347771420453638 -5.539443585218067 1.5
    endloop
  endfacet
  facet normal 0.9961946980917453 0.08715574274766111 -2.8628326326330115e-18
    outer loop
      vertex 15.347771420453638 -5.539443585218067 0.5
      vertex 15.29423764907515 -4.927549778397902 0.5
      vertex 15.29423764907515 -4.927549778397902 1.5
    endloop
  endfacet
  facet normal 0.987688340595138 0.15643446504022873 0
    outer loop
      vertex 15.29423764907515 -4.927549778397902 0.5
      vertex 15.198150729003501 -4.320880841255061 1.5
      vertex 15.29423764907515 -4.927549778397902 1.5
    endloop
  endfacet
  facet normal 0.987688340595138 0.15643446504022873 3.229070759253223e-18
    outer loop
      vertex 15.29423764907515 -4.927549778397902 0.5
      vertex 15.198150729003501 -4.320880841255061 0.5
      vertex 15.198150729003501 -4.320880841255061 1.5
    endloop
  endfacet
  facet normal 0.9743700647852347 0.22495105434386697 0
    outer loop
      vertex 15.198150729003501 -4.320880841255061 0.5
      vertex 15.059978786054652 -3.7223924038691583 1.5
      vertex 15.198150729003501 -4.320880841255061 1.5
    endloop
  endfacet
  facet normal 0.9743700647852347 0.22495105434386697 3.5583773811046575e-19
    outer loop
      vertex 15.198150729003501 -4.320880841255061 0.5
      vertex 15.059978786054652 -3.7223924038691583 0.5
      vertex 15.059978786054652 -3.7223924038691583 1.5
    endloop
  endfacet
  facet normal 0.956304755963035 0.2923717047227385 0
    outer loop
      vertex 15.059978786054652 -3.7223924038691583 0.5
      vertex 14.880394980045656 -3.135000241747291 1.5
      vertex 15.059978786054652 -3.7223924038691583 1.5
    endloop
  endfacet
  facet normal -0.33122859256646525 -0.1271467440616656 -0.9349445571481529
    outer loop
      vertex 13.382662948309203 -3.6507107375825845 0.08850806951522827
      vertex 13.202164739107102 -3.180496826593379 0.08850806951522827
      vertex 13.408140616706689 -3.093065253805683 0.003645561635494232
    endloop
  endfacet
  facet normal -0.6989821899419861 -0.26831412384902326 -0.6628962430780825
    outer loop
      vertex 13.382662948309203 -3.6507107375825845 0.08850806951522827
      vertex 13.232613274543635 -3.702376983625177 0.2676384150981903
      vertex 13.202164739107102 -3.180496826593379 0.08850806951522827
    endloop
  endfacet
  facet normal -0.32155242784867555 -0.149942359604171 -0.9349445571481529
    outer loop
      vertex 13.408140616706689 -3.093065253805683 0.003645561635494232
      vertex 13.202164739107102 -3.180496826593379 0.08850806951522827
      vertex 13.18868096263726 -2.6224325068811627 0.003645561635494232
    endloop
  endfacet
  facet normal -0.3312285925664674 -0.12714674406166537 -0.9349445571481522
    outer loop
      vertex 13.382662948309203 -3.6507107375825845 0.08850806951522827
      vertex 13.408140616706689 -3.093065253805683 0.003645561635494232
      vertex 13.59423599723484 -3.577860294609603 0.003645561635494232
    endloop
  endfacet
  facet normal -0.056402394422347284 -0.021650850708621397 -0.998173336934532
    outer loop
      vertex 13.59423599723484 -3.577860294609603 0.003645561635494232
      vertex 13.463617918482836 -3.0695165363304464 0
      vertex 13.65122083458441 -3.5582388415713253 0
    endloop
  endfacet
  facet normal -0.056402394422349074 -0.021650850708621855 -0.9981733369345319
    outer loop
      vertex 13.59423599723484 -3.577860294609603 0.003645561635494232
      vertex 13.408140616706689 -3.093065253805683 0.003645561635494232
      vertex 13.463617918482836 -3.0695165363304464 0
    endloop
  endfacet
  facet normal -0.6989821899419879 -0.26831412384902276 -0.6628962430780807
    outer loop
      vertex 13.056084633940884 -3.242504152385689 0.2676384150981903
      vertex 13.202164739107102 -3.180496826593379 0.08850806951522827
      vertex 13.232613274543635 -3.702376983625177 0.2676384150981903
    endloop
  endfacet
  facet normal -0.05475471402531439 -0.02553254247009117 -0.998173336934532
    outer loop
      vertex 13.408140616706689 -3.093065253805683 0.003645561635494232
      vertex 13.18868096263726 -2.6224325068811627 0.003645561635494232
      vertex 13.242380449002294 -2.5950712519533994 0
    endloop
  endfacet
  facet normal -0.054754714025316634 -0.025532542470091915 -0.9981733369345319
    outer loop
      vertex 13.408140616706689 -3.093065253805683 0.003645561635494232
      vertex 13.242380449002294 -2.5950712519533994 0
      vertex 13.463617918482836 -3.0695165363304464 0
    endloop
  endfacet
  facet normal -0.5735764363510457 0.8191520442889921 -2.8643990946116437e-15
    outer loop
      vertex 13.695867938811928 -1.0032935049210412 0.21596762537956238
      vertex 13.358793482746904 -1.2393155799957087 0
      vertex 12.703471849756973 -1.698176727367155 0
    endloop
  endfacet
  facet normal 0.2008223322118207 0.13041554742198957 -0.970907913180044
    outer loop
      vertex 13.549132950033451 -1.1060384501828473 0.057271987199783325
      vertex 13.67432011086251 -1.725183979781483 0
      vertex 13.358793482746904 -1.2393155799957087 0
    endloop
  endfacet
  facet normal 0.20082233221182014 0.1304155474219895 -0.9709079131800443
    outer loop
      vertex 13.87349286337966 -1.6055089164106064 0.057271987199783325
      vertex 13.67432011086251 -1.725183979781483 0
      vertex 13.549132950033451 -1.1060384501828473 0.057271987199783325
    endloop
  endfacet
  facet normal 0.2094304678134155 0.11608920395896306 -0.9709079131800442
    outer loop
      vertex 13.87349286337966 -1.6055089164106064 0.057271987199783325
      vertex 13.95518566569758 -2.2318788535147593 0
      vertex 13.67432011086251 -1.725183979781483 0
    endloop
  endfacet
  facet normal 0.2170182792277002 0.10119728556349675 -0.9709079131800442
    outer loop
      vertex 14.162221353815843 -2.126388901464914 0.057271987199783325
      vertex 14.20002179850147 -2.756931634703497 0
      vertex 13.95518566569758 -2.2318788535147593 0
    endloop
  endfacet
  facet normal 0.20943046781341584 0.1160892039589631 -0.9709079131800442
    outer loop
      vertex 14.162221353815843 -2.126388901464914 0.057271987199783325
      vertex 13.95518566569758 -2.2318788535147593 0
      vertex 13.87349286337966 -1.6055089164106064 0.057271987199783325
    endloop
  endfacet
  facet normal 0.5801781334198204 0.32159799080957685 -0.7483101401215518
    outer loop
      vertex 14.162221353815843 -2.126388901464914 0.057271987199783325
      vertex 14.027037538176842 -1.513249968063585 0.21596762537956238
      vertex 14.321827660410378 -2.0450654263551873 0.21596762537956238
    endloop
  endfacet
  facet normal 0.5563313068443897 0.36128577499824066 -0.7483101401215504
    outer loop
      vertex 13.87349286337966 -1.6055089164106064 0.057271987199783325
      vertex 13.695867938811928 -1.0032935049210412 0.21596762537956238
      vertex 14.027037538176842 -1.513249968063585 0.21596762537956238
    endloop
  endfacet
  facet normal 0.5801781334198225 0.32159799080957685 -0.7483101401215501
    outer loop
      vertex 14.162221353815843 -2.126388901464914 0.057271987199783325
      vertex 13.87349286337966 -1.6055089164106064 0.057271987199783325
      vertex 14.027037538176842 -1.513249968063585 0.21596762537956238
    endloop
  endfacet
  facet normal 0.7842306546666524 0.509285341958784 -0.35441602777955505
    outer loop
      vertex 14.027037538176842 -1.513249968063585 0.21596762537956238
      vertex 13.765383235625102 -0.9546183700715716 0.4397316575050354
      vertex 14.099778904986927 -1.4695425453731668 0.4397316575050354
    endloop
  endfacet
  facet normal 0.8178462577917983 0.45333958339076585 -0.35441602777955517
    outer loop
      vertex 14.027037538176842 -1.513249968063585 0.21596762537956238
      vertex 14.099778904986927 -1.4695425453731668 0.4397316575050354
      vertex 14.321827660410378 -2.0450654263551873 0.21596762537956238
    endloop
  endfacet
  facet normal 0.8730259503892532 0.4839261864539174 -0.06034182638195133
    outer loop
      vertex 14.099778904986927 -1.4695425453731668 0.4397316575050354
      vertex 14.102903761213565 -1.467664942326456 0.5
      vertex 14.39744070859021 -2.006538653993715 0.4397316575050354
    endloop
  endfacet
  facet normal 0.8371423187327681 0.5436465783720292 -0.060341826381952346
    outer loop
      vertex 14.099778904986927 -1.4695425453731668 0.4397316575050354
      vertex 13.7683695048914 -0.9525273618201862 0.5
      vertex 14.102903761213565 -1.467664942326456 0.5
    endloop
  endfacet
  facet normal 0.22354879940018896 0.08581234416507952 -0.970907913180044
    outer loop
      vertex 14.627337887026359 -3.222134786612647 0.057271987199783325
      vertex 14.407635692246 -3.2977843189758693 0
      vertex 14.413911765159488 -2.6661407304172577 0.057271987199783325
    endloop
  endfacet
  facet normal 0.22899021229304678 0.07000933365171638 -0.970907913180044
    outer loop
      vertex 14.627337887026359 -3.222134786612647 0.057271987199783325
      vertex 14.577015872910119 -3.8518019264204195 0
      vertex 14.407635692246 -3.2977843189758693 0
    endloop
  endfacet
  facet normal 0.634363831235626 0.19394448641639422 -0.7483101401215537
    outer loop
      vertex 14.801459928804237 -3.7916623228976243 0.057271987199783325
      vertex 14.627337887026359 -3.222134786612647 0.057271987199783325
      vertex 14.796708956228574 -3.163815650593929 0.21596762537956238
    endloop
  endfacet
  facet normal 0.6192896693512273 0.23772303133291073 -0.7483101401215538
    outer loop
      vertex 14.627337887026359 -3.222134786612647 0.057271987199783325
      vertex 14.578802117669218 -2.5961489283409525 0.21596762537956238
      vertex 14.796708956228574 -3.163815650593929 0.21596762537956238
    endloop
  endfacet
  facet normal 0.2235487994001888 0.08581234416507952 -0.9709079131800441
    outer loop
      vertex 14.413911765159488 -2.6661407304172577 0.057271987199783325
      vertex 14.407635692246 -3.2977843189758693 0
      vertex 14.20002179850147 -2.756931634703497 0
    endloop
  endfacet
  facet normal 0.21701827922770023 0.10119728556349673 -0.9709079131800442
    outer loop
      vertex 14.162221353815843 -2.126388901464914 0.057271987199783325
      vertex 14.413911765159488 -2.6661407304172577 0.057271987199783325
      vertex 14.20002179850147 -2.756931634703497 0
    endloop
  endfacet
  facet normal 0.6011983904485277 0.28034341353661013 -0.7483101401215547
    outer loop
      vertex 14.413911765159488 -2.6661407304172577 0.057271987199783325
      vertex 14.321827660410378 -2.0450654263551873 0.21596762537956238
      vertex 14.578802117669218 -2.5961489283409525 0.21596762537956238
    endloop
  endfacet
  facet normal 0.6192896693512262 0.23772303133291084 -0.7483101401215546
    outer loop
      vertex 14.627337887026359 -3.222134786612647 0.057271987199783325
      vertex 14.413911765159488 -2.6661407304172577 0.057271987199783325
      vertex 14.578802117669218 -2.5961489283409525 0.21596762537956238
    endloop
  endfacet
  facet normal 0.8729797098394437 0.33510551392301546 -0.3544160277795464
    outer loop
      vertex 14.796708956228574 -3.163815650593929 0.21596762537956238
      vertex 14.578802117669218 -2.5961489283409525 0.21596762537956238
      vertex 14.656918468048659 -2.5629905048706743 0.4397316575050354
    endloop
  endfacet
  facet normal 0.8729797098394435 0.3351055139230157 -0.35441602777954706
    outer loop
      vertex 14.796708956228574 -3.163815650593929 0.21596762537956238
      vertex 14.656918468048659 -2.5629905048706743 0.4397316575050354
      vertex 14.876948033800806 -3.136187120520919 0.4397316575050354
    endloop
  endfacet
  facet normal 0.8942289541255647 0.2733932275248714 -0.3544160277795473
    outer loop
      vertex 14.974486555874904 -3.7452999779049576 0.21596762537956238
      vertex 14.796708956228574 -3.163815650593929 0.21596762537956238
      vertex 14.876948033800806 -3.136187120520919 0.4397316575050354
    endloop
  endfacet
  facet normal 0.9318792298578109 0.3577149213389111 -0.06034182638195252
    outer loop
      vertex 14.660274225227692 -2.5615660704588605 0.5
      vertex 14.880394980045656 -3.135000241747291 0.5
      vertex 14.876948033800806 -3.136187120520919 0.4397316575050354
    endloop
  endfacet
  facet normal 0.9318792298578071 0.357714921338914 -0.0603418263819939
    outer loop
      vertex 14.656918468048659 -2.5629905048706743 0.4397316575050354
      vertex 14.660274225227692 -2.5615660704588605 0.5
      vertex 14.876948033800806 -3.136187120520919 0.4397316575050354
    endloop
  endfacet
  facet normal 0.9545621504082227 0.2918389367389493 -0.06034182638195124
    outer loop
      vertex 15.0564574439196 -3.72333594465052 0.4397316575050354
      vertex 14.876948033800806 -3.136187120520919 0.4397316575050354
      vertex 14.880394980045656 -3.135000241747291 0.5
    endloop
  endfacet
  facet normal 0.6011983904485315 0.2803434135366099 -0.7483101401215517
    outer loop
      vertex 14.162221353815843 -2.126388901464914 0.057271987199783325
      vertex 14.321827660410378 -2.0450654263551873 0.21596762537956238
      vertex 14.413911765159488 -2.6661407304172577 0.057271987199783325
    endloop
  endfacet
  facet normal 0.8474773961585941 0.39518519994201384 -0.35441602777955733
    outer loop
      vertex 14.578802117669218 -2.5961489283409525 0.21596762537956238
      vertex 14.321827660410378 -2.0450654263551873 0.21596762537956238
      vertex 14.39744070859021 -2.006538653993715 0.4397316575050354
    endloop
  endfacet
  facet normal 0.8178462577917972 0.4533395833907663 -0.3544160277795572
    outer loop
      vertex 14.099778904986927 -1.4695425453731668 0.4397316575050354
      vertex 14.39744070859021 -2.006538653993715 0.4397316575050354
      vertex 14.321827660410378 -2.0450654263551873 0.21596762537956238
    endloop
  endfacet
  facet normal 0.8474773961585996 0.39518519994201146 -0.3544160277795465
    outer loop
      vertex 14.578802117669218 -2.5961489283409525 0.21596762537956238
      vertex 14.39744070859021 -2.006538653993715 0.4397316575050354
      vertex 14.656918468048659 -2.5629905048706743 0.4397316575050354
    endloop
  endfacet
  facet normal 0.9046562873717019 0.4218481547994924 -0.06034182638197397
    outer loop
      vertex 14.656918468048659 -2.5629905048706743 0.4397316575050354
      vertex 14.39744070859021 -2.006538653993715 0.4397316575050354
      vertex 14.400688927791766 -2.004883603644986 0.5
    endloop
  endfacet
  facet normal 0.9046562873716998 0.4218481547994936 -0.06034182638199339
    outer loop
      vertex 14.656918468048659 -2.5629905048706743 0.4397316575050354
      vertex 14.400688927791766 -2.004883603644986 0.5
      vertex 14.660274225227692 -2.5615660704588605 0.5
    endloop
  endfacet
  facet normal 0.873025950389251 0.48392618645391877 -0.060341826381974016
    outer loop
      vertex 14.102903761213565 -1.467664942326456 0.5
      vertex 14.400688927791766 -2.004883603644986 0.5
      vertex 14.39744070859021 -2.006538653993715 0.4397316575050354
    endloop
  endfacet
  facet normal -0.5735764363510432 0.8191520442889938 -4.909589748403394e-15
    outer loop
      vertex 12.340810293007673 -1.9521150832218837 0.2676384150981903
      vertex 13.721455039496202 -0.9853772241409802 1.7323615849018097
      vertex 13.7683695048914 -0.9525273618201862 1.5
    endloop
  endfacet
  facet normal 0.8746197071393954 0.4848096202463378 0
    outer loop
      vertex 14.102903761213565 -1.467664942326456 0.5
      vertex 14.102903761213565 -1.467664942326456 1.5
      vertex 14.400688927791766 -2.004883603644986 0.5
    endloop
  endfacet
  facet normal 0.8386705679454245 0.5446390350150264 0
    outer loop
      vertex 14.102903761213565 -1.467664942326456 0.5
      vertex 13.7683695048914 -0.9525273618201862 1.5
      vertex 14.102903761213565 -1.467664942326456 1.5
    endloop
  endfacet
  facet normal -0.5735764363510474 0.8191520442889909 1.5276490989516946e-15
    outer loop
      vertex 12.293895827612477 -1.9849649455426777 0.5
      vertex 13.591459183061492 -1.0764013027525925 1.9114919304847717
      vertex 13.721455039496202 -0.9853772241409802 1.7323615849018097
    endloop
  endfacet
  facet normal 0.9335804264972032 0.3583679495452969 0
    outer loop
      vertex 14.660274225227692 -2.5615660704588605 0.5
      vertex 14.660274225227692 -2.5615660704588605 1.5
      vertex 14.880394980045656 -3.135000241747291 0.5
    endloop
  endfacet
  facet normal 0.9335804264972032 0.3583679495452969 0
    outer loop
      vertex 14.880394980045656 -3.135000241747291 0.5
      vertex 14.660274225227692 -2.5615660704588605 1.5
      vertex 14.880394980045656 -3.135000241747291 1.5
    endloop
  endfacet
  facet normal 0.956304755963035 0.2923717047227385 2.8375825814161965e-18
    outer loop
      vertex 15.059978786054652 -3.7223924038691583 0.5
      vertex 14.880394980045656 -3.135000241747291 0.5
      vertex 14.880394980045656 -3.135000241747291 1.5
    endloop
  endfacet
  facet normal 0.9063077870366497 0.4226182617407001 -1.0680488578517971e-17
    outer loop
      vertex 14.660274225227692 -2.5615660704588605 0.5
      vertex 14.400688927791766 -2.004883603644986 0.5
      vertex 14.400688927791766 -2.004883603644986 1.5
    endloop
  endfacet
  facet normal 0.9063077870366497 0.4226182617407001 0
    outer loop
      vertex 14.660274225227692 -2.5615660704588605 0.5
      vertex 14.400688927791766 -2.004883603644986 1.5
      vertex 14.660274225227692 -2.5615660704588605 1.5
    endloop
  endfacet
  facet normal 0.8746197071393954 0.4848096202463378 0
    outer loop
      vertex 14.400688927791766 -2.004883603644986 0.5
      vertex 14.102903761213565 -1.467664942326456 1.5
      vertex 14.400688927791766 -2.004883603644986 1.5
    endloop
  endfacet
  facet normal -0.872979709839443 -0.3351055139230145 0.3544160277795494
    outer loop
      vertex 13.00672124893565 -3.2634576661632697 1.5602683424949646
      vertex 13.181908493029605 -3.7198360400262764 1.5602683424949646
      vertex 13.262147570601837 -3.6922075099532647 1.7840323746204376
    endloop
  endfacet
  facet normal -0.8729797098394435 -0.3351055139230167 0.3544160277795459
    outer loop
      vertex 13.00672124893565 -3.2634576661632697 1.5602683424949646
      vertex 13.262147570601837 -3.6922075099532647 1.7840323746204376
      vertex 13.08483759931509 -3.230299242692992 1.7840323746204376
    endloop
  endfacet
  facet normal -0.8474773961585982 -0.39518519994201545 0.3544160277795458
    outer loop
      vertex 13.00672124893565 -3.2634576661632697 1.5602683424949646
      vertex 13.08483759931509 -3.230299242692992 1.7840323746204376
      vertex 12.800125406109665 -2.8204114514744436 1.5602683424949646
    endloop
  endfacet
  facet normal -0.6011983904485301 -0.28034341353660686 0.7483101401215541
    outer loop
      vertex 13.08483759931509 -3.230299242692992 1.7840323746204376
      vertex 13.24972795182482 -3.1603074406166876 1.9427280128002167
      vertex 12.875738454289497 -2.7818846791129723 1.7840323746204376
    endloop
  endfacet
  facet normal -0.8178462577917995 -0.4533395833907631 0.35441602777955566
    outer loop
      vertex 12.563127478730962 -2.39285587258291 1.5602683424949646
      vertex 12.800125406109665 -2.8204114514744436 1.5602683424949646
      vertex 12.875738454289497 -2.7818846791129723 1.7840323746204376
    endloop
  endfacet
  facet normal -0.8178462577918005 -0.4533395833907715 0.35441602777954223
    outer loop
      vertex 12.563127478730962 -2.39285587258291 1.5602683424949646
      vertex 12.875738454289497 -2.7818846791129723 1.7840323746204376
      vertex 12.635868845541044 -2.3491484498924926 1.7840323746204376
    endloop
  endfacet
  facet normal -0.847477396158597 -0.395185199942009 0.3544160277795559
    outer loop
      vertex 12.800125406109665 -2.8204114514744436 1.5602683424949646
      vertex 13.08483759931509 -3.230299242692992 1.7840323746204376
      vertex 12.875738454289497 -2.7818846791129723 1.7840323746204376
    endloop
  endfacet
  facet normal -0.5801781334198186 -0.321597990809579 0.7483101401215522
    outer loop
      vertex 12.875738454289497 -2.7818846791129723 1.7840323746204376
      vertex 13.035344760884032 -2.700561204003245 1.9427280128002167
      vertex 12.635868845541044 -2.3491484498924926 1.7840323746204376
    endloop
  endfacet
  facet normal -0.5801781334198161 -0.3215979908095743 0.7483101401215562
    outer loop
      vertex 13.035344760884032 -2.700561204003245 1.9427280128002167
      vertex 12.789413520338229 -2.2568895015454706 1.9427280128002167
      vertex 12.635868845541044 -2.3491484498924926 1.7840323746204376
    endloop
  endfacet
  facet normal -0.6011983904485315 -0.2803434135366092 0.7483101401215521
    outer loop
      vertex 12.875738454289497 -2.7818846791129723 1.7840323746204376
      vertex 13.24972795182482 -3.1603074406166876 1.9427280128002167
      vertex 13.035344760884032 -2.700561204003245 1.9427280128002167
    endloop
  endfacet
  facet normal -0.2094304678134155 -0.1160892039589633 0.9709079131800441
    outer loop
      vertex 13.035344760884032 -2.700561204003245 1.9427280128002167
      vertex 13.242380449002294 -2.5950712519533994 2
      vertex 12.789413520338229 -2.2568895015454706 1.9427280128002167
    endloop
  endfacet
  facet normal -0.7842306546666572 -0.5092853419587852 0.3544160277795424
    outer loop
      vertex 12.563127478730962 -2.39285587258291 1.5602683424949646
      vertex 12.635868845541044 -2.3491484498924926 1.7840323746204376
      vertex 12.296882096878774 -1.9828739372912922 1.5602683424949646
    endloop
  endfacet
  facet normal -0.7842306546666571 -0.5092853419587839 0.3544160277795444
    outer loop
      vertex 12.296882096878774 -1.9828739372912922 1.5602683424949646
      vertex 12.635868845541044 -2.3491484498924926 1.7840323746204376
      vertex 12.366397393691948 -1.9341988024418226 1.7840323746204376
    endloop
  endfacet
  facet normal -0.5563313068443835 -0.3612857749982381 0.7483101401215561
    outer loop
      vertex 12.366397393691948 -1.9341988024418226 1.7840323746204376
      vertex 12.635868845541044 -2.3491484498924926 1.7840323746204376
      vertex 12.789413520338229 -2.2568895015454706 1.9427280128002167
    endloop
  endfacet
  facet normal -0.556331306844385 -0.3612857749982417 0.7483101401215533
    outer loop
      vertex 12.366397393691948 -1.9341988024418226 1.7840323746204376
      vertex 12.789413520338229 -2.2568895015454706 1.9427280128002167
      vertex 12.513132382470424 -1.8314538571800156 1.9427280128002167
    endloop
  endfacet
  facet normal -0.5735764363510395 0.8191520442889965 -1.2599338341411001e-14
    outer loop
      vertex 12.366397393691948 -1.9341988024418226 1.7840323746204376
      vertex 12.513132382470424 -1.8314538571800156 1.9427280128002167
      vertex 12.703471849756973 -1.698176727367155 2
    endloop
  endfacet
  facet normal -0.5735764363510433 0.8191520442889937 -1.0625290981850456e-14
    outer loop
      vertex 12.293895827612477 -1.9849649455426777 1.5
      vertex 12.296882096878774 -1.9828739372912922 1.5602683424949646
      vertex 13.408162418707562 -1.2047470788826624 1.9963544383645058
    endloop
  endfacet
  facet normal -0.5735764363510456 0.8191520442889922 6.955196797951052e-16
    outer loop
      vertex 12.296882096878774 -1.9828739372912922 1.5602683424949646
      vertex 12.366397393691948 -1.9341988024418226 1.7840323746204376
      vertex 13.358793482746904 -1.2393155799957087 2
    endloop
  endfacet
  facet normal -0.5735764363510457 0.8191520442889921 1.7096160875346798e-15
    outer loop
      vertex 12.366397393691948 -1.9341988024418226 1.7840323746204376
      vertex 12.703471849756973 -1.698176727367155 2
      vertex 13.358793482746904 -1.2393155799957087 2
    endloop
  endfacet
  facet normal -0.5735764363510586 0.819152044288983 4.9944961488217055e-14
    outer loop
      vertex 12.296882096878774 -1.9828739372912922 1.5602683424949646
      vertex 13.358793482746904 -1.2393155799957087 2
      vertex 13.408162418707562 -1.2047470788826624 1.9963544383645058
    endloop
  endfacet
  facet normal -0.5735764363510453 0.8191520442889925 -3.198588913412662e-15
    outer loop
      vertex 12.293895827612477 -1.9849649455426777 1.5
      vertex 13.408162418707562 -1.2047470788826624 1.9963544383645058
      vertex 13.591459183061492 -1.0764013027525925 1.9114919304847717
    endloop
  endfacet
  facet normal -0.2008223322118197 -0.1304155474219893 0.9709079131800443
    outer loop
      vertex 12.513132382470424 -1.8314538571800156 1.9427280128002167
      vertex 12.988586272855377 -2.1372144381745932 2
      vertex 12.703471849756973 -1.698176727367155 2
    endloop
  endfacet
  facet normal -0.2008223322118205 -0.13041554742199066 0.9709079131800439
    outer loop
      vertex 12.513132382470424 -1.8314538571800156 1.9427280128002167
      vertex 12.789413520338229 -2.2568895015454706 1.9427280128002167
      vertex 12.988586272855377 -2.1372144381745932 2
    endloop
  endfacet
  facet normal -0.2094304678134161 -0.11608920395896416 0.970907913180044
    outer loop
      vertex 12.789413520338229 -2.2568895015454706 1.9427280128002167
      vertex 13.242380449002294 -2.5950712519533994 2
      vertex 12.988586272855377 -2.1372144381745932 2
    endloop
  endfacet
  facet normal 0 0 1
    outer loop
      vertex 12.988586272855377 -2.1372144381745932 2
      vertex 13.67432011086251 -1.725183979781483 2
      vertex 12.703471849756973 -1.698176727367155 2
    endloop
  endfacet
  facet normal -0.9315295541774413 -0.08149827572988745 0.3544160277795469
    outer loop
      vertex 13.553878826391525 -5.633457512345157 1.5602683424949646
      vertex 13.63862503315357 -5.6290161518460975 1.7840323746204376
      vertex 13.511272967250669 -5.146470313961108 1.5602683424949646
    endloop
  endfacet
  facet normal -0.9315295541774404 -0.08149827572988588 0.3544160277795498
    outer loop
      vertex 13.511272967250669 -5.146470313961108 1.5602683424949646
      vertex 13.63862503315357 -5.6290161518460975 1.7840323746204376
      vertex 13.59550292286533 -5.13612817584609 1.7840323746204376
    endloop
  endfacet
  facet normal -0.660824785611045 -0.05781467731791685 0.7483101401215552
    outer loop
      vertex 13.63862503315357 -5.6290161518460975 1.7840323746204376
      vertex 13.81750988682351 -5.619641193917883 1.9427280128002167
      vertex 13.59550292286533 -5.13612817584609 1.7840323746204376
    endloop
  endfacet
  facet normal -0.9235753626708327 -0.14627996691415043 0.35441602777954984
    outer loop
      vertex 13.511272967250669 -5.146470313961108 1.5602683424949646
      vertex 13.59550292286533 -5.13612817584609 1.7840323746204376
      vertex 13.434800384123516 -4.663641426410934 1.5602683424949646
    endloop
  endfacet
  facet normal -0.9235753626708324 -0.14627996691414952 0.3544160277795515
    outer loop
      vertex 13.434800384123516 -4.663641426410934 1.5602683424949646
      vertex 13.59550292286533 -5.13612817584609 1.7840323746204376
      vertex 13.518103728713806 -4.647448896537269 1.7840323746204376
    endloop
  endfacet
  facet normal -0.6551821016258854 -0.10377065047666868 0.7483101401215522
    outer loop
      vertex 13.59550292286533 -5.13612817584609 1.7840323746204376
      vertex 13.773298058015879 -5.114297678245958 1.9427280128002167
      vertex 13.518103728713806 -4.647448896537269 1.7840323746204376
    endloop
  endfacet
  facet normal -0.6551821016258838 -0.10377065047666716 0.7483101401215538
    outer loop
      vertex 13.773298058015879 -5.114297678245958 1.9427280128002167
      vertex 13.693942945318415 -4.61326921525513 1.9427280128002167
      vertex 13.518103728713806 -4.647448896537269 1.7840323746204376
    endloop
  endfacet
  facet normal -0.6608247856110482 -0.05781467731791925 0.7483101401215523
    outer loop
      vertex 13.59550292286533 -5.13612817584609 1.7840323746204376
      vertex 13.81750988682351 -5.619641193917883 1.9427280128002167
      vertex 13.773298058015879 -5.114297678245958 1.9427280128002167
    endloop
  endfacet
  facet normal -0.23854198567852197 -0.02086971952183522 0.970907913180044
    outer loop
      vertex 13.81750988682351 -5.619641193917883 1.9427280128002167
      vertex 14.04955302824884 -5.607480328177922 2
      vertex 13.773298058015879 -5.114297678245958 1.9427280128002167
    endloop
  endfacet
  facet normal -0.2385419856785205 -0.02086971952183436 0.9709079131800442
    outer loop
      vertex 14.04955302824884 -5.607480328177922 2
      vertex 14.00392765489945 -5.085979924461395 2
      vertex 13.773298058015879 -5.114297678245958 1.9427280128002167
    endloop
  endfacet
  facet normal -0.236505111348614 -0.03745872969484167 0.9709079131800443
    outer loop
      vertex 13.773298058015879 -5.114297678245958 1.9427280128002167
      vertex 14.00392765489945 -5.085979924461395 2
      vertex 13.693942945318415 -4.61326921525513 1.9427280128002167
    endloop
  endfacet
  facet normal -0.23650511134861446 -0.03745872969484199 0.9709079131800442
    outer loop
      vertex 14.00392765489945 -5.085979924461395 2
      vertex 13.922035393447015 -4.568932534675914 2
      vertex 13.693942945318415 -4.61326921525513 1.9427280128002167
    endloop
  endfacet
  facet normal 0 0 1
    outer loop
      vertex 14.00392765489945 -5.085979924461395 2
      vertex 14.79796457325449 -4.988484450100476 2
      vertex 13.922035393447015 -4.568932534675914 2
    endloop
  endfacet
  facet normal -0.9111216048347632 -0.21034899680362107 0.35441602777955117
    outer loop
      vertex 13.434800384123516 -4.663641426410934 1.5602683424949646
      vertex 13.518103728713806 -4.647448896537269 1.7840323746204376
      vertex 13.324833643748065 -4.187323143500994 1.5602683424949646
    endloop
  endfacet
  facet normal -0.9111216048347647 -0.2103489968036244 0.3544160277795456
    outer loop
      vertex 13.324833643748065 -4.187323143500994 1.5602683424949646
      vertex 13.518103728713806 -4.647448896537269 1.7840323746204376
      vertex 13.406804531792758 -4.165359110246556 1.7840323746204376
    endloop
  endfacet
  facet normal -0.646347436300273 -0.1492210634572907 0.7483101401215541
    outer loop
      vertex 13.406804531792758 -4.165359110246556 1.7840323746204376
      vertex 13.518103728713806 -4.647448896537269 1.7840323746204376
      vertex 13.693942945318415 -4.61326921525513 1.9427280128002167
    endloop
  endfacet
  facet normal -0.6463474363002727 -0.14922106345729036 0.7483101401215544
    outer loop
      vertex 13.406804531792758 -4.165359110246556 1.7840323746204376
      vertex 13.693942945318415 -4.61326921525513 1.9427280128002167
      vertex 13.579831158863428 -4.11899676525389 1.9427280128002167
    endloop
  endfacet
  facet normal -0.8942289541255649 -0.27339322752487244 0.35441602777954573
    outer loop
      vertex 13.324833643748065 -4.187323143500994 1.5602683424949646
      vertex 13.406804531792758 -4.165359110246556 1.7840323746204376
      vertex 13.181908493029605 -3.7198360400262764 1.5602683424949646
    endloop
  endfacet
  facet normal -0.8942289541255641 -0.27339322752487033 0.35441602777954917
    outer loop
      vertex 13.181908493029605 -3.7198360400262764 1.5602683424949646
      vertex 13.406804531792758 -4.165359110246556 1.7840323746204376
      vertex 13.262147570601837 -3.6922075099532647 1.7840323746204376
    endloop
  endfacet
  facet normal -0.6343638312356259 -0.193944486416392 0.7483101401215544
    outer loop
      vertex 13.406804531792758 -4.165359110246556 1.7840323746204376
      vertex 13.579831158863428 -4.11899676525389 1.9427280128002167
      vertex 13.262147570601837 -3.6922075099532647 1.7840323746204376
    endloop
  endfacet
  facet normal -0.6343638312356269 -0.1939444864163932 0.7483101401215532
    outer loop
      vertex 13.579831158863428 -4.11899676525389 1.9427280128002167
      vertex 13.431518639804052 -3.6338883739345476 1.9427280128002167
      vertex 13.262147570601837 -3.6922075099532647 1.7840323746204376
    endloop
  endfacet
  facet normal -0.22899021229304703 -0.07000933365171598 0.970907913180044
    outer loop
      vertex 13.579831158863428 -4.11899676525389 1.9427280128002167
      vertex 13.804275214757546 -4.058857161731095 2
      vertex 13.431518639804052 -3.6338883739345476 1.9427280128002167
    endloop
  endfacet
  facet normal -0.228990212293047 -0.07000933365171591 0.9709079131800441
    outer loop
      vertex 13.431518639804052 -3.6338883739345476 1.9427280128002167
      vertex 13.804275214757546 -4.058857161731095 2
      vertex 13.65122083458441 -3.5582388415713253 2
    endloop
  endfacet
  facet normal -0.23331600788962786 -0.05386524470211645 0.9709079131800441
    outer loop
      vertex 13.693942945318415 -4.61326921525513 1.9427280128002167
      vertex 13.922035393447015 -4.568932534675914 2
      vertex 13.579831158863428 -4.11899676525389 1.9427280128002167
    endloop
  endfacet
  facet normal -0.2333160078896284 -0.05386524470211685 0.9709079131800441
    outer loop
      vertex 13.579831158863428 -4.11899676525389 1.9427280128002167
      vertex 13.922035393447015 -4.568932534675914 2
      vertex 13.804275214757546 -4.058857161731095 2
    endloop
  endfacet
  facet normal 0 0 1
    outer loop
      vertex 13.922035393447015 -4.568932534675914 2
      vertex 14.70733713727967 -4.416285338943333 2
      vertex 13.804275214757546 -4.058857161731095 2
    endloop
  endfacet
  facet normal 0 0 1
    outer loop
      vertex 13.65122083458441 -3.5582388415713253 2
      vertex 13.804275214757546 -4.058857161731095 2
      vertex 14.577015872910119 -3.8518019264204195 2
    endloop
  endfacet
  facet normal 0 0 1
    outer loop
      vertex 13.65122083458441 -3.5582388415713253 2
      vertex 14.577015872910119 -3.8518019264204195 2
      vertex 14.407635692246 -3.2977843189758693 2
    endloop
  endfacet
  facet normal 0.970827799036475 0.01694586226629837 0.23917822302635586
    outer loop
      vertex 15.358491231986 -6.153581176596083 1.5
      vertex 15.347771420453638 -5.539443585218067 1.5
      vertex 15.290577922521846 -5.542440969434102 1.7323615849018097
    endloop
  endfacet
  facet normal 0.9672808277154061 0.08462610687106875 0.23917822302635594
    outer loop
      vertex 15.347771420453638 -5.539443585218067 1.5
      vertex 15.237392558583155 -4.934529477873447 1.7323615849018097
      vertex 15.290577922521846 -5.542440969434102 1.7323615849018097
    endloop
  endfacet
  facet normal 0.35473981185537407 0.006192006448558612 0.9349445571481524
    outer loop
      vertex 15.142556499521845 -6.149812021820664 1.9114919304847717
      vertex 15.132099771198796 -5.550746457409825 1.9114919304847717
      vertex 14.908642399902527 -5.562457362003888 1.9963544383645058
    endloop
  endfacet
  facet normal 0.7485972410444074 0.01306681344751615 0.6628962430780774
    outer loop
      vertex 15.30122796758727 -6.152581642598001 1.7323615849018097
      vertex 15.290577922521846 -5.542440969434102 1.7323615849018097
      vertex 15.132099771198796 -5.550746457409825 1.9114919304847717
    endloop
  endfacet
  facet normal 0.745862200960418 0.06525448713653312 0.6628962430780773
    outer loop
      vertex 15.290577922521846 -5.542440969434102 1.7323615849018097
      vertex 15.079879813625551 -4.953869611099678 1.9114919304847717
      vertex 15.132099771198796 -5.550746457409825 1.9114919304847717
    endloop
  endfacet
  facet normal 0.9672808277154086 0.08462610687107353 0.23917822302634473
    outer loop
      vertex 15.347771420453638 -5.539443585218067 1.5
      vertex 15.29423764907515 -4.927549778397902 1.5
      vertex 15.237392558583155 -4.934529477873447 1.7323615849018097
    endloop
  endfacet
  facet normal 0.959021361432439 0.151894061589752 0.23917822302634456
    outer loop
      vertex 15.29423764907515 -4.927549778397902 1.5
      vertex 15.141930989518126 -4.33180885159587 1.7323615849018097
      vertex 15.237392558583155 -4.934529477873447 1.7323615849018097
    endloop
  endfacet
  facet normal 0.3534437509676018 0.030922321403745925 0.9349445571481526
    outer loop
      vertex 15.132099771198796 -5.550746457409825 1.9114919304847717
      vertex 15.079879813625551 -4.953869611099678 1.9114919304847717
      vertex 14.857783684663668 -4.981139586772497 1.9963544383645058
    endloop
  endfacet
  facet normal 0.7458622009604127 0.06525448713652936 0.6628962430780834
    outer loop
      vertex 15.290577922521846 -5.542440969434102 1.7323615849018097
      vertex 15.237392558583155 -4.934529477873447 1.7323615849018097
      vertex 15.079879813625551 -4.953869611099678 1.9114919304847717
    endloop
  endfacet
  facet normal 0.7394933952071504 0.11712424752357552 0.6628962430780835
    outer loop
      vertex 15.237392558583155 -4.934529477873447 1.7323615849018097
      vertex 14.98615103718628 -4.362089406887593 1.9114919304847717
      vertex 15.079879813625551 -4.953869611099678 1.9114919304847717
    endloop
  endfacet
  facet normal 0 0 1
    outer loop
      vertex 14.04955302824884 -5.607480328177922 2
      vertex 14.84845665307635 -5.56561156333954 2
      vertex 14.00392765489945 -5.085979924461395 2
    endloop
  endfacet
  facet normal 0 0 1
    outer loop
      vertex 14.858567384407804 -6.1448549733774405 2
      vertex 14.84845665307635 -5.56561156333954 2
      vertex 14.04955302824884 -5.607480328177922 2
    endloop
  endfacet
  facet normal 0 0 1
    outer loop
      vertex 14.00392765489945 -5.085979924461395 2
      vertex 14.84845665307635 -5.56561156333954 2
      vertex 14.79796457325449 -4.988484450100476 2
    endloop
  endfacet
  facet normal 0 0 1
    outer loop
      vertex 13.922035393447015 -4.568932534675914 2
      vertex 14.79796457325449 -4.988484450100476 2
      vertex 14.70733713727967 -4.416285338943333 2
    endloop
  endfacet
  facet normal 0.059671331758333716 0.009451010483963322 0.9981733369345319
    outer loop
      vertex 14.79796457325449 -4.988484450100476 2
      vertex 14.857783684663668 -4.981139586772497 1.9963544383645058
      vertex 14.70733713727967 -4.416285338943333 2
    endloop
  endfacet
  facet normal 0.06040594089582095 0.0010543896203864356 0.9981733369345321
    outer loop
      vertex 14.91882654774229 -6.145906800985965 1.9963544383645058
      vertex 14.908642399902527 -5.562457362003888 1.9963544383645058
      vertex 14.84845665307635 -5.56561156333954 2
    endloop
  endfacet
  facet normal 0.0601852445579201 0.005265526610353423 0.9981733369345321
    outer loop
      vertex 14.79796457325449 -4.988484450100476 2
      vertex 14.84845665307635 -5.56561156333954 2
      vertex 14.908642399902527 -5.562457362003888 1.9963544383645058
    endloop
  endfacet
  facet normal 0.3534437509676025 0.030922321403746324 0.9349445571481525
    outer loop
      vertex 15.132099771198796 -5.550746457409825 1.9114919304847717
      vertex 14.857783684663668 -4.981139586772497 1.9963544383645058
      vertex 14.908642399902527 -5.562457362003888 1.9963544383645058
    endloop
  endfacet
  facet normal 0.060185244557921146 0.0052655266103536266 0.9981733369345321
    outer loop
      vertex 14.79796457325449 -4.988484450100476 2
      vertex 14.908642399902527 -5.562457362003888 1.9963544383645058
      vertex 14.857783684663668 -4.981139586772497 1.9963544383645058
    endloop
  endfacet
  facet normal 0.35042574765315787 0.055501985917352815 0.9349445571481528
    outer loop
      vertex 15.079879813625551 -4.953869611099678 1.9114919304847717
      vertex 14.76649818057406 -4.40478559705886 1.9963544383645058
      vertex 14.857783684663668 -4.981139586772497 1.9963544383645058
    endloop
  endfacet
  facet normal 0.959021361432438 0.1518940615897494 0.23917822302635044
    outer loop
      vertex 15.29423764907515 -4.927549778397902 1.5
      vertex 15.198150729003501 -4.320880841255061 1.5
      vertex 15.141930989518126 -4.33180885159587 1.7323615849018097
    endloop
  endfacet
  facet normal 0.9460896394770587 0.218422003708707 0.23917822302635042
    outer loop
      vertex 15.198150729003501 -4.320880841255061 1.5
      vertex 15.004658294495483 -3.7372154849073302 1.7323615849018097
      vertex 15.141930989518126 -4.33180885159587 1.7323615849018097
    endloop
  endfacet
  facet normal 0.3504257476531573 0.055501985917352434 0.934944557148153
    outer loop
      vertex 15.079879813625551 -4.953869611099678 1.9114919304847717
      vertex 14.98615103718628 -4.362089406887593 1.9114919304847717
      vertex 14.76649818057406 -4.40478559705886 1.9963544383645058
    endloop
  endfacet
  facet normal 0.7295218519660556 0.16842339034997472 0.6628962430780826
    outer loop
      vertex 15.141930989518126 -4.33180885159587 1.7323615849018097
      vertex 14.85137007905821 -3.7782889384429557 1.9114919304847717
      vertex 14.98615103718628 -4.362089406887593 1.9114919304847717
    endloop
  endfacet
  facet normal 0.739493395207151 0.11712424752357598 0.6628962430780827
    outer loop
      vertex 15.237392558583155 -4.934529477873447 1.7323615849018097
      vertex 15.141930989518126 -4.33180885159587 1.7323615849018097
      vertex 14.98615103718628 -4.362089406887593 1.9114919304847717
    endloop
  endfacet
  facet normal 0.9285486638987471 0.28388581578129035 0.23917822302635117
    outer loop
      vertex 15.059978786054652 -3.7223924038691583 1.5
      vertex 14.826243252286776 -3.153646176922018 1.7323615849018097
      vertex 15.004658294495483 -3.7372154849073302 1.7323615849018097
    endloop
  endfacet
  facet normal 0.9460896394770586 0.2184220037087067 0.23917822302635114
    outer loop
      vertex 15.198150729003501 -4.320880841255061 1.5
      vertex 15.059978786054652 -3.7223924038691583 1.5
      vertex 15.004658294495483 -3.7372154849073302 1.7323615849018097
    endloop
  endfacet
  facet normal 0.7295218519660573 0.16842339034997628 0.6628962430780806
    outer loop
      vertex 15.141930989518126 -4.33180885159587 1.7323615849018097
      vertex 15.004658294495483 -3.7372154849073302 1.7323615849018097
      vertex 14.85137007905821 -3.7782889384429557 1.9114919304847717
    endloop
  endfacet
  facet normal 0.34570050532082025 0.07981125033461116 0.9349445571481527
    outer loop
      vertex 14.635230621433639 -3.836203331565961 1.9963544383645058
      vertex 14.98615103718628 -4.362089406887593 1.9114919304847717
      vertex 14.85137007905821 -3.7782889384429557 1.9114919304847717
    endloop
  endfacet
  facet normal 0.7159961515934641 0.21890199134844698 0.6628962430780806
    outer loop
      vertex 15.004658294495483 -3.7372154849073302 1.7323615849018097
      vertex 14.676193578521207 -3.2053124229646097 1.9114919304847717
      vertex 14.85137007905821 -3.7782889384429557 1.9114919304847717
    endloop
  endfacet
  facet normal 0 0 1
    outer loop
      vertex 13.804275214757546 -4.058857161731095 2
      vertex 14.70733713727967 -4.416285338943333 2
      vertex 14.577015872910119 -3.8518019264204195 2
    endloop
  endfacet
  facet normal 0.0596713317583349 0.009451010483963636 0.9981733369345319
    outer loop
      vertex 14.857783684663668 -4.981139586772497 1.9963544383645058
      vertex 14.76649818057406 -4.40478559705886 1.9963544383645058
      vertex 14.70733713727967 -4.416285338943333 2
    endloop
  endfacet
  facet normal 0.05886670622856218 0.01359044998450812 0.9981733369345321
    outer loop
      vertex 14.70733713727967 -4.416285338943333 2
      vertex 14.76649818057406 -4.40478559705886 1.9963544383645058
      vertex 14.577015872910119 -3.8518019264204195 2
    endloop
  endfacet
  facet normal 0.34570050532082003 0.079811250334611 0.934944557148153
    outer loop
      vertex 14.76649818057406 -4.40478559705886 1.9963544383645058
      vertex 14.98615103718628 -4.362089406887593 1.9114919304847717
      vertex 14.635230621433639 -3.836203331565961 1.9963544383645058
    endloop
  endfacet
  facet normal 0.05886670622856199 0.013590449984508054 0.9981733369345321
    outer loop
      vertex 14.76649818057406 -4.40478559705886 1.9963544383645058
      vertex 14.635230621433639 -3.836203331565961 1.9963544383645058
      vertex 14.577015872910119 -3.8518019264204195 2
    endloop
  endfacet
  facet normal 0.05777528802330433 0.01766367817883518 0.9981733369345319
    outer loop
      vertex 14.577015872910119 -3.8518019264204195 2
      vertex 14.635230621433639 -3.836203331565961 1.9963544383645058
      vertex 14.407635692246 -3.2977843189758693 2
    endloop
  endfacet
  facet normal 0.33929104487625356 0.10373168236283688 0.9349445571481528
    outer loop
      vertex 14.635230621433639 -3.836203331565961 1.9963544383645058
      vertex 14.85137007905821 -3.7782889384429557 1.9114919304847717
      vertex 14.464620529595571 -3.278162865937592 1.9963544383645058
    endloop
  endfacet
  facet normal -0.6192896693512278 -0.23772303133291173 0.7483101401215532
    outer loop
      vertex 13.08483759931509 -3.230299242692992 1.7840323746204376
      vertex 13.262147570601837 -3.6922075099532647 1.7840323746204376
      vertex 13.431518639804052 -3.6338883739345476 1.9427280128002167
    endloop
  endfacet
  facet normal -0.619289669351227 -0.23772303133291078 0.748310140121554
    outer loop
      vertex 13.08483759931509 -3.230299242692992 1.7840323746204376
      vertex 13.431518639804052 -3.6338883739345476 1.9427280128002167
      vertex 13.24972795182482 -3.1603074406166876 1.9427280128002167
    endloop
  endfacet
  facet normal -0.2170182792277011 -0.10119728556349687 0.9709079131800439
    outer loop
      vertex 13.035344760884032 -2.700561204003245 1.9427280128002167
      vertex 13.24972795182482 -3.1603074406166876 1.9427280128002167
      vertex 13.463617918482836 -3.0695165363304464 2
    endloop
  endfacet
  facet normal -0.22354879940018904 -0.08581234416507941 0.9709079131800441
    outer loop
      vertex 13.431518639804052 -3.6338883739345476 1.9427280128002167
      vertex 13.65122083458441 -3.5582388415713253 2
      vertex 13.24972795182482 -3.1603074406166876 1.9427280128002167
    endloop
  endfacet
  facet normal -0.22354879940018968 -0.08581234416508009 0.970907913180044
    outer loop
      vertex 13.65122083458441 -3.5582388415713253 2
      vertex 13.463617918482836 -3.0695165363304464 2
      vertex 13.24972795182482 -3.1603074406166876 1.9427280128002167
    endloop
  endfacet
  facet normal -0.21701827922770034 -0.10119728556349596 0.9709079131800442
    outer loop
      vertex 13.035344760884032 -2.700561204003245 1.9427280128002167
      vertex 13.463617918482836 -3.0695165363304464 2
      vertex 13.242380449002294 -2.5950712519533994 2
    endloop
  endfacet
  facet normal 0 0 1
    outer loop
      vertex 13.463617918482836 -3.0695165363304464 2
      vertex 14.20002179850147 -2.756931634703497 2
      vertex 13.242380449002294 -2.5950712519533994 2
    endloop
  endfacet
  facet normal 0 0 1
    outer loop
      vertex 13.65122083458441 -3.5582388415713253 2
      vertex 14.407635692246 -3.2977843189758693 2
      vertex 13.463617918482836 -3.0695165363304464 2
    endloop
  endfacet
  facet normal 0 0 1
    outer loop
      vertex 13.463617918482836 -3.0695165363304464 2
      vertex 14.407635692246 -3.2977843189758693 2
      vertex 14.20002179850147 -2.756931634703497 2
    endloop
  endfacet
  facet normal 0 0 1
    outer loop
      vertex 13.242380449002294 -2.5950712519533994 2
      vertex 14.20002179850147 -2.756931634703497 2
      vertex 13.95518566569758 -2.2318788535147593 2
    endloop
  endfacet
  facet normal 0.05475471402531414 0.02553254247009097 0.9981733369345321
    outer loop
      vertex 14.20002179850147 -2.756931634703497 2
      vertex 14.255499100277621 -2.733382917228262 1.9963544383645058
      vertex 13.95518566569758 -2.2318788535147593 2
    endloop
  endfacet
  facet normal 0.32155242784867766 0.1499423596041718 0.9349445571481522
    outer loop
      vertex 14.255499100277621 -2.733382917228262 1.9963544383645058
      vertex 14.461474977877206 -2.645951344440566 1.9114919304847717
      vertex 14.008885152062614 -2.2045175985869965 1.9963544383645058
    endloop
  endfacet
  facet normal 0.29755515857348913 0.19323457937271357 0.9349445571481532
    outer loop
      vertex 13.917783374727922 -1.5788964923448416 1.9114919304847717
      vertex 13.591459183061492 -1.0764013027525925 1.9114919304847717
      vertex 13.408162418707562 -1.2047470788826624 1.9963544383645058
    endloop
  endfacet
  facet normal 0.3215524278486764 0.14994235960417038 0.9349445571481527
    outer loop
      vertex 14.208260364565106 -2.1029308538186164 1.9114919304847717
      vertex 14.008885152062614 -2.2045175985869965 1.9963544383645058
      vertex 14.461474977877206 -2.645951344440566 1.9114919304847717
    endloop
  endfacet
  facet normal 0.6548376346711546 0.3629824281301414 0.6628962430780809
    outer loop
      vertex 14.208260364565106 -2.1029308538186164 1.9114919304847717
      vertex 14.349659213543525 -2.030884541734892 1.7323615849018097
      vertex 13.917783374727922 -1.5788964923448416 1.9114919304847717
    endloop
  endfacet
  facet normal 0.814328727804662 0.5288312591952214 0.2391782230263391
    outer loop
      vertex 14.102903761213565 -1.467664942326456 1.5
      vertex 13.721455039496202 -0.9853772241409802 1.7323615849018097
      vertex 14.053812086539683 -1.4971621963601054 1.7323615849018097
    endloop
  endfacet
  facet normal 0.8492344677988746 0.47073835230659206 0.23917822302633893
    outer loop
      vertex 14.102903761213565 -1.467664942326456 1.5
      vertex 14.053812086539683 -1.4971621963601054 1.7323615849018097
      vertex 14.400688927791766 -2.004883603644986 1.5
    endloop
  endfacet
  facet normal 0.3103096920247458 0.17200747104283712 0.9349445571481526
    outer loop
      vertex 14.208260364565106 -2.1029308538186164 1.9114919304847717
      vertex 13.917783374727922 -1.5788964923448416 1.9114919304847717
      vertex 13.72598016331671 -1.6941434886848565 1.9963544383645058
    endloop
  endfacet
  facet normal 0.6279221088876774 0.4077773854482526 0.6628962430780846
    outer loop
      vertex 14.053812086539683 -1.4971621963601054 1.7323615849018097
      vertex 13.591459183061492 -1.0764013027525925 1.9114919304847717
      vertex 13.917783374727922 -1.5788964923448416 1.9114919304847717
    endloop
  endfacet
  facet normal 0.6548376346711527 0.3629824281301381 0.6628962430780847
    outer loop
      vertex 14.053812086539683 -1.4971621963601054 1.7323615849018097
      vertex 13.917783374727922 -1.5788964923448416 1.9114919304847717
      vertex 14.349659213543525 -2.030884541734892 1.7323615849018097
    endloop
  endfacet
  facet normal 0 0 1
    outer loop
      vertex 12.988586272855377 -2.1372144381745932 2
      vertex 13.242380449002294 -2.5950712519533994 2
      vertex 13.95518566569758 -2.2318788535147593 2
    endloop
  endfacet
  facet normal 0 0 1
    outer loop
      vertex 12.988586272855377 -2.1372144381745932 2
      vertex 13.95518566569758 -2.2318788535147593 2
      vertex 13.67432011086251 -1.725183979781483 2
    endloop
  endfacet
  facet normal 0 0 1
    outer loop
      vertex 12.703471849756973 -1.698176727367155 2
      vertex 13.67432011086251 -1.725183979781483 2
      vertex 13.358793482746904 -1.2393155799957087 2
    endloop
  endfacet
  facet normal 0.05066840180138874 0.032904444865004316 0.9981733369345321
    outer loop
      vertex 13.67432011086251 -1.725183979781483 2
      vertex 13.72598016331671 -1.6941434886848565 1.9963544383645058
      vertex 13.358793482746904 -1.2393155799957087 2
    endloop
  endfacet
  facet normal 0.05066840180138975 0.032904444865005135 0.9981733369345319
    outer loop
      vertex 13.72598016331671 -1.6941434886848565 1.9963544383645058
      vertex 13.408162418707562 -1.2047470788826624 1.9963544383645058
      vertex 13.358793482746904 -1.2393155799957087 2
    endloop
  endfacet
  facet normal 0.29755515857349024 0.1932345793727151 0.9349445571481524
    outer loop
      vertex 13.917783374727922 -1.5788964923448416 1.9114919304847717
      vertex 13.408162418707562 -1.2047470788826624 1.9963544383645058
      vertex 13.72598016331671 -1.6941434886848565 1.9963544383645058
    endloop
  endfacet
  facet normal 0.0528402741654763 0.02928984225116927 0.9981733369345319
    outer loop
      vertex 13.67432011086251 -1.725183979781483 2
      vertex 14.008885152062614 -2.2045175985869965 1.9963544383645058
      vertex 13.72598016331671 -1.6941434886848565 1.9963544383645058
    endloop
  endfacet
  facet normal 0.05284027416547573 0.029289842251168863 0.9981733369345321
    outer loop
      vertex 13.67432011086251 -1.725183979781483 2
      vertex 13.95518566569758 -2.2318788535147593 2
      vertex 14.008885152062614 -2.2045175985869965 1.9963544383645058
    endloop
  endfacet
  facet normal 0.3103096920247453 0.17200747104283653 0.9349445571481527
    outer loop
      vertex 14.208260364565106 -2.1029308538186164 1.9114919304847717
      vertex 13.72598016331671 -1.6941434886848565 1.9963544383645058
      vertex 14.008885152062614 -2.2045175985869965 1.9963544383645058
    endloop
  endfacet
  facet normal 0.05475471402531457 0.02553254247009123 0.9981733369345321
    outer loop
      vertex 14.255499100277621 -2.733382917228262 1.9963544383645058
      vertex 14.008885152062614 -2.2045175985869965 1.9963544383645058
      vertex 13.95518566569758 -2.2318788535147593 2
    endloop
  endfacet
  facet normal 0.9064838925673074 0.34796656469549453 0.23917822302634167
    outer loop
      vertex 14.607555083043426 -2.583944018648255 1.7323615849018097
      vertex 14.826243252286776 -3.153646176922018 1.7323615849018097
      vertex 14.880394980045656 -3.135000241747291 1.5
    endloop
  endfacet
  facet normal 0.3392910448762546 0.10373168236283774 0.9349445571481524
    outer loop
      vertex 14.85137007905821 -3.7782889384429557 1.9114919304847717
      vertex 14.676193578521207 -3.2053124229646097 1.9114919304847717
      vertex 14.464620529595571 -3.278162865937592 1.9963544383645058
    endloop
  endfacet
  facet normal 0.698982189941987 0.2683141238490227 0.6628962430780817
    outer loop
      vertex 14.826243252286776 -3.153646176922018 1.7323615849018097
      vertex 14.461474977877206 -2.645951344440566 1.9114919304847717
      vertex 14.676193578521207 -3.2053124229646097 1.9114919304847717
    endloop
  endfacet
  facet normal 0.9064838925673072 0.3479665646954931 0.23917822302634506
    outer loop
      vertex 14.660274225227692 -2.5615660704588605 1.5
      vertex 14.607555083043426 -2.583944018648255 1.7323615849018097
      vertex 14.880394980045656 -3.135000241747291 1.5
    endloop
  endfacet
  facet normal 0.8800028228307168 0.41035205548398296 0.23917822302634512
    outer loop
      vertex 14.660274225227692 -2.5615660704588605 1.5
      vertex 14.349659213543525 -2.030884541734892 1.7323615849018097
      vertex 14.607555083043426 -2.583944018648255 1.7323615849018097
    endloop
  endfacet
  facet normal 0.3312285925664676 0.12714674406166607 0.9349445571481521
    outer loop
      vertex 14.255499100277621 -2.733382917228262 1.9963544383645058
      vertex 14.676193578521207 -3.2053124229646097 1.9114919304847717
      vertex 14.461474977877206 -2.645951344440566 1.9114919304847717
    endloop
  endfacet
  facet normal 0.6785628573225552 0.31641905690904504 0.6628962430780854
    outer loop
      vertex 14.208260364565106 -2.1029308538186164 1.9114919304847717
      vertex 14.461474977877206 -2.645951344440566 1.9114919304847717
      vertex 14.607555083043426 -2.583944018648255 1.7323615849018097
    endloop
  endfacet
  facet normal 0.6989821899419847 0.2683141238490198 0.6628962430780851
    outer loop
      vertex 14.607555083043426 -2.583944018648255 1.7323615849018097
      vertex 14.461474977877206 -2.645951344440566 1.9114919304847717
      vertex 14.826243252286776 -3.153646176922018 1.7323615849018097
    endloop
  endfacet
  facet normal 0.9285486638987481 0.2838858157812947 0.2391782230263416
    outer loop
      vertex 15.059978786054652 -3.7223924038691583 1.5
      vertex 14.880394980045656 -3.135000241747291 1.5
      vertex 14.826243252286776 -3.153646176922018 1.7323615849018097
    endloop
  endfacet
  facet normal 0.7159961515934634 0.21890199134844615 0.6628962430780816
    outer loop
      vertex 15.004658294495483 -3.7372154849073302 1.7323615849018097
      vertex 14.826243252286776 -3.153646176922018 1.7323615849018097
      vertex 14.676193578521207 -3.2053124229646097 1.9114919304847717
    endloop
  endfacet
  facet normal 0.05777528802330305 0.017663678178834644 0.9981733369345319
    outer loop
      vertex 14.635230621433639 -3.836203331565961 1.9963544383645058
      vertex 14.464620529595571 -3.278162865937592 1.9963544383645058
      vertex 14.407635692246 -3.2977843189758693 2
    endloop
  endfacet
  facet normal 0.05640239442234746 0.021650850708621404 0.9981733369345321
    outer loop
      vertex 14.20002179850147 -2.756931634703497 2
      vertex 14.407635692246 -3.2977843189758693 2
      vertex 14.464620529595571 -3.278162865937592 1.9963544383645058
    endloop
  endfacet
  facet normal 0.331228592566467 0.12714674406166546 0.9349445571481524
    outer loop
      vertex 14.255499100277621 -2.733382917228262 1.9963544383645058
      vertex 14.464620529595571 -3.278162865937592 1.9963544383645058
      vertex 14.676193578521207 -3.2053124229646097 1.9114919304847717
    endloop
  endfacet
  facet normal 0.05640239442234643 0.021650850708620877 0.9981733369345321
    outer loop
      vertex 14.20002179850147 -2.756931634703497 2
      vertex 14.464620529595571 -3.278162865937592 1.9963544383645058
      vertex 14.255499100277621 -2.733382917228262 1.9963544383645058
    endloop
  endfacet
  facet normal 0.8800028228307167 0.4103520554839804 0.23917822302635058
    outer loop
      vertex 14.660274225227692 -2.5615660704588605 1.5
      vertex 14.400688927791766 -2.004883603644986 1.5
      vertex 14.349659213543525 -2.030884541734892 1.7323615849018097
    endloop
  endfacet
  facet normal 0.8492344677988742 0.4707383523065866 0.23917822302635036
    outer loop
      vertex 14.053812086539683 -1.4971621963601054 1.7323615849018097
      vertex 14.349659213543525 -2.030884541734892 1.7323615849018097
      vertex 14.400688927791766 -2.004883603644986 1.5
    endloop
  endfacet
  facet normal 0.6785628573225578 0.3164190569090489 0.6628962430780808
    outer loop
      vertex 14.208260364565106 -2.1029308538186164 1.9114919304847717
      vertex 14.607555083043426 -2.583944018648255 1.7323615849018097
      vertex 14.349659213543525 -2.030884541734892 1.7323615849018097
    endloop
  endfacet
  facet normal -0.5735764363510494 0.8191520442889896 5.5028252460095696e-15
    outer loop
      vertex 13.549132950033451 -1.1060384501828473 0.057271987199783325
      vertex 13.358793482746904 -1.2393155799957087 0
      vertex 13.695867938811928 -1.0032935049210412 0.21596762537956238
    endloop
  endfacet
  facet normal 0.5563313068443871 0.3612857749982405 -0.7483101401215523
    outer loop
      vertex 13.87349286337966 -1.6055089164106064 0.057271987199783325
      vertex 13.549132950033451 -1.1060384501828473 0.057271987199783325
      vertex 13.695867938811928 -1.0032935049210412 0.21596762537956238
    endloop
  endfacet
  facet normal -0.5735764363510463 0.8191520442889917 1.0301559273244101e-15
    outer loop
      vertex 13.695867938811928 -1.0032935049210412 0.21596762537956238
      vertex 12.703471849756973 -1.698176727367155 0
      vertex 13.765383235625102 -0.9546183700715716 0.4397316575050354
    endloop
  endfacet
  facet normal -0.5735764363510478 0.8191520442889906 6.312301098024809e-15
    outer loop
      vertex 12.654102913796313 -1.7327452284802014 0.003645561635494232
      vertex 13.7683695048914 -0.9525273618201862 0.5
      vertex 13.765383235625102 -0.9546183700715716 0.4397316575050354
    endloop
  endfacet
  facet normal 0.7842306546666583 0.5092853419587824 -0.3544160277795444
    outer loop
      vertex 14.027037538176842 -1.513249968063585 0.21596762537956238
      vertex 13.695867938811928 -1.0032935049210412 0.21596762537956238
      vertex 13.765383235625102 -0.9546183700715716 0.4397316575050354
    endloop
  endfacet
  facet normal -0.5735764363510457 0.8191520442889919 -3.905888182809212e-17
    outer loop
      vertex 12.470806149442385 -1.8610910046102704 0.08850806951522827
      vertex 13.7683695048914 -0.9525273618201862 1.5
      vertex 13.7683695048914 -0.9525273618201862 0.5
    endloop
  endfacet
  facet normal 0.8371423187327623 0.5436465783720319 -0.06034182638200802
    outer loop
      vertex 14.099778904986927 -1.4695425453731668 0.4397316575050354
      vertex 13.765383235625102 -0.9546183700715716 0.4397316575050354
      vertex 13.7683695048914 -0.9525273618201862 0.5
    endloop
  endfacet
  facet normal 0.8386705679454245 0.5446390350150264 6.27994615086908e-18
    outer loop
      vertex 14.102903761213565 -1.467664942326456 0.5
      vertex 13.7683695048914 -0.9525273618201862 0.5
      vertex 13.7683695048914 -0.9525273618201862 1.5
    endloop
  endfacet
  facet normal 0.8143287278046623 0.5288312591952153 0.23917822302635214
    outer loop
      vertex 14.102903761213565 -1.467664942326456 1.5
      vertex 13.7683695048914 -0.9525273618201862 1.5
      vertex 13.721455039496202 -0.9853772241409802 1.7323615849018097
    endloop
  endfacet
  facet normal 0.6279221088876797 0.4077773854482573 0.6628962430780794
    outer loop
      vertex 14.053812086539683 -1.4971621963601054 1.7323615849018097
      vertex 13.721455039496202 -0.9853772241409802 1.7323615849018097
      vertex 13.591459183061492 -1.0764013027525925 1.9114919304847717
    endloop
  endfacet
  facet normal 0 0 -1
    outer loop
      vertex -0.23913044756783375 -10.760684420004292 0
      vertex -0.5546570756834406 -10.274816020218516 0
      vertex 0.41619118542209677 -10.301823272632845 0
    endloop
  endfacet
  facet normal 0 0 -1
    outer loop
      vertex 0.899245131103311 -12.070235721259511 0
      vertex 0.4895957963300237 -11.660586386486225 0
      vertex 1.4448438171207965 -11.485152762143779 0
    endloop
  endfacet
  facet normal 0 0 -1
    outer loop
      vertex 0.4895957963300237 -11.660586386486225 0
      vertex 1.0746787554457562 -11.114987700468738 0
      vertex 1.4448438171207965 -11.485152762143779 0
    endloop
  endfacet
  facet normal 0 0 -1
    outer loop
      vertex -0.23913044756783375 -10.760684420004292 0
      vertex 0.7312368066622525 -10.71990293287378 0
      vertex 0.10952003981275116 -11.22335924383813 0
    endloop
  endfacet
  facet normal 0 0 -1
    outer loop
      vertex -0.23913044756783375 -10.760684420004292 0
      vertex 0.41619118542209677 -10.301823272632845 0
      vertex 0.7312368066622525 -10.71990293287378 0
    endloop
  endfacet
  facet normal 0 0 -1
    outer loop
      vertex 0.10952003981275116 -11.22335924383813 0
      vertex 1.0746787554457562 -11.114987700468738 0
      vertex 0.4895957963300237 -11.660586386486225 0
    endloop
  endfacet
  facet normal 0 0 -1
    outer loop
      vertex 0.10952003981275116 -11.22335924383813 0
      vertex 0.7312368066622525 -10.71990293287378 0
      vertex 1.0746787554457562 -11.114987700468738 0
    endloop
  endfacet
  facet normal 0 0 -1
    outer loop
      vertex 1.3364722737514052 -12.450311477776783 0
      vertex 0.899245131103311 -12.070235721259511 0
      vertex 1.8399285847157536 -11.82859471092728 0
    endloop
  endfacet
  facet normal 0 0 -1
    outer loop
      vertex 0.899245131103311 -12.070235721259511 0
      vertex 1.4448438171207965 -11.485152762143779 0
      vertex 1.8399285847157536 -11.82859471092728 0
    endloop
  endfacet
  facet normal 0 0 -1
    outer loop
      vertex 1.3364722737514052 -12.450311477776783 0
      vertex 2.258008244956689 -12.143640332167438 0
      vertex 1.7991470975852435 -12.798961965157368 0
    endloop
  endfacet
  facet normal 0 0 -1
    outer loop
      vertex 1.3364722737514052 -12.450311477776783 0
      vertex 1.8399285847157536 -11.82859471092728 0
      vertex 2.258008244956689 -12.143640332167438 0
    endloop
  endfacet
  facet normal 0 0 -1
    outer loop
      vertex -1.080358763322402 -9.243068365296503 0
      vertex -0.12271741382322343 -9.4049287480466 0
      vertex -0.8355226305185122 -9.76812114648524 0
    endloop
  endfacet
  facet normal 0 0 -1
    outer loop
      vertex -0.5546570756834406 -10.274816020218516 0
      vertex -0.8355226305185122 -9.76812114648524 0
      vertex 0.13107676232369236 -9.862785561825406 0
    endloop
  endfacet
  facet normal 0 0 -1
    outer loop
      vertex -1.080358763322402 -9.243068365296503 0
      vertex -0.3439548833037671 -8.930483463669553 0
      vertex -0.12271741382322343 -9.4049287480466 0
    endloop
  endfacet
  facet normal 0 0 -1
    outer loop
      vertex -0.8355226305185122 -9.76812114648524 0
      vertex -0.12271741382322343 -9.4049287480466 0
      vertex 0.13107676232369236 -9.862785561825406 0
    endloop
  endfacet
  facet normal 0 0 -1
    outer loop
      vertex -1.080358763322402 -9.243068365296503 0
      vertex -1.2879726570669305 -8.70221568102413 0
      vertex -0.3439548833037671 -8.930483463669553 0
    endloop
  endfacet
  facet normal 0 0 -1
    outer loop
      vertex -1.2879726570669305 -8.70221568102413 0
      vertex -0.5315577994053413 -8.441761158428674 0
      vertex -0.3439548833037671 -8.930483463669553 0
    endloop
  endfacet
  facet normal 0 0 -1
    outer loop
      vertex -1.2879726570669305 -8.70221568102413 0
      vertex -1.4573528377310492 -8.14819807357958 0
      vertex -0.5315577994053413 -8.441761158428674 0
    endloop
  endfacet
  facet normal 0 0 -1
    outer loop
      vertex -0.6846121795784761 -7.941142838268905 0
      vertex -0.5315577994053413 -8.441761158428674 0
      vertex -1.4573528377310492 -8.14819807357958 0
    endloop
  endfacet
  facet normal 0 0 -1
    outer loop
      vertex -0.6846121795784761 -7.941142838268905 0
      vertex -1.4573528377310492 -8.14819807357958 0
      vertex -1.5876741021005998 -7.583714661056667 0
    endloop
  endfacet
  facet normal 0 0 -1
    outer loop
      vertex -1.5876741021005998 -7.583714661056667 0
      vertex -1.67830153807542 -7.011515549899524 0
      vertex -0.8023723582679452 -7.431067465324086 0
    endloop
  endfacet
  facet normal 0 0 -1
    outer loop
      vertex -1.67830153807542 -7.011515549899524 0
      vertex -1.7287936178972814 -6.43438843666046 0
      vertex -0.8842646197203807 -6.914020075538605 0
    endloop
  endfacet
  facet normal 0 0 -1
    outer loop
      vertex -1.7287936178972814 -6.43438843666046 0
      vertex -0.9298899930697697 -6.392519671822078 0
      vertex -0.8842646197203807 -6.914020075538605 0
    endloop
  endfacet
  facet normal 0 0 -1
    outer loop
      vertex -1.7287936178972814 -6.43438843666046 0
      vertex -1.7389043492287346 -5.8551450266225595 0
      vertex -0.9298899930697697 -6.392519671822078 0
    endloop
  endfacet
  facet normal 0 0 -1
    outer loop
      vertex -1.7389043492287346 -5.8551450266225595 0
      vertex -0.9390261960833994 -5.869106951720373 0
      vertex -0.9298899930697697 -6.392519671822078 0
    endloop
  endfacet
  facet normal 0 0 -1
    outer loop
      vertex -0.6846121795784761 -7.941142838268905 0
      vertex -1.5876741021005998 -7.583714661056667 0
      vertex -0.8023723582679452 -7.431067465324086 0
    endloop
  endfacet
  facet normal 0 0 -1
    outer loop
      vertex -1.67830153807542 -7.011515549899524 0
      vertex -0.8842646197203807 -6.914020075538605 0
      vertex -0.8023723582679452 -7.431067465324086 0
    endloop
  endfacet
  facet normal 0 0 -1
    outer loop
      vertex -0.5546570756834406 -10.274816020218516 0
      vertex 0.13107676232369236 -9.862785561825406 0
      vertex 0.41619118542209677 -10.301823272632845 0
    endloop
  endfacet
  facet normal 0 0 -1
    outer loop
      vertex 1.7991470975852435 -12.798961965157368 0
      vertex 2.6970459557641284 -12.428754755265842 0
      vertex 2.2850154973710186 -13.114488593272974 0
    endloop
  endfacet
  facet normal 0 0 -1
    outer loop
      vertex 2.791710371104293 -13.395354148108048 0
      vertex 3.629348053919981 -12.903786400893303 0
      vertex 3.316763152293032 -13.640190280911938 0
    endloop
  endfacet
  facet normal 0 0 -1
    outer loop
      vertex 2.2850154973710186 -13.114488593272974 0
      vertex 3.1549027695429337 -12.682548931412759 0
      vertex 2.791710371104293 -13.395354148108048 0
    endloop
  endfacet
  facet normal 0 0 -1
    outer loop
      vertex 2.2850154973710186 -13.114488593272974 0
      vertex 2.6970459557641284 -12.428754755265842 0
      vertex 3.1549027695429337 -12.682548931412759 0
    endloop
  endfacet
  facet normal 0 0 -1
    outer loop
      vertex 2.791710371104293 -13.395354148108048 0
      vertex 3.1549027695429337 -12.682548931412759 0
      vertex 3.629348053919981 -12.903786400893303 0
    endloop
  endfacet
  facet normal 0 0 -1
    outer loop
      vertex 3.8576158365654036 -13.847804174656464 0
      vertex 4.618688679320629 -13.244443697168013 0
      vertex 4.411633444009953 -14.017184355320582 0
    endloop
  endfacet
  facet normal 0 0 -1
    outer loop
      vertex 3.316763152293032 -13.640190280911938 0
      vertex 4.11807035916086 -13.091389316994876 0
      vertex 3.8576158365654036 -13.847804174656464 0
    endloop
  endfacet
  facet normal 0 0 -1
    outer loop
      vertex 3.316763152293032 -13.640190280911938 0
      vertex 3.629348053919981 -12.903786400893303 0
      vertex 4.11807035916086 -13.091389316994876 0
    endloop
  endfacet
  facet normal 0 0 -1
    outer loop
      vertex 3.8576158365654036 -13.847804174656464 0
      vertex 4.11807035916086 -13.091389316994876 0
      vertex 4.618688679320629 -13.244443697168013 0
    endloop
  endfacet
  facet normal 0 0 -1
    outer loop
      vertex 1.7991470975852435 -12.798961965157368 0
      vertex 2.258008244956689 -12.143640332167438 0
      vertex 2.6970459557641284 -12.428754755265842 0
    endloop
  endfacet
  facet normal 0 0 -1
    outer loop
      vertex 4.411633444009953 -14.017184355320582 0
      vertex 5.128764052265448 -13.36220387585748 0
      vertex 4.976116856532868 -14.147505619690133 0
    endloop
  endfacet
  facet normal 0 0 -1
    outer loop
      vertex 4.976116856532868 -14.147505619690133 0
      vertex 5.645811442050928 -13.444096137309915 0
      vertex 5.54831596769001 -14.238133055664955 0
    endloop
  endfacet
  facet normal 0 0 -1
    outer loop
      vertex 4.411633444009953 -14.017184355320582 0
      vertex 4.618688679320629 -13.244443697168013 0
      vertex 5.128764052265448 -13.36220387585748 0
    endloop
  endfacet
  facet normal 0 0 -1
    outer loop
      vertex 4.976116856532868 -14.147505619690133 0
      vertex 5.128764052265448 -13.36220387585748 0
      vertex 5.645811442050928 -13.444096137309915 0
    endloop
  endfacet
  facet normal 0 0 -1
    outer loop
      vertex 5.54831596769001 -14.238133055664955 0
      vertex 6.167311845767456 -13.489721510659304 0
      vertex 6.125443080929074 -14.288625135486816 0
    endloop
  endfacet
  facet normal 0 0 -1
    outer loop
      vertex 5.54831596769001 -14.238133055664955 0
      vertex 5.645811442050928 -13.444096137309915 0
      vertex 6.167311845767456 -13.489721510659304 0
    endloop
  endfacet
  facet normal 0 0 -1
    outer loop
      vertex 6.125443080929074 -14.288625135486816 0
      vertex 6.690724565869161 -13.498857713672933 0
      vertex 6.704686490966975 -14.29873586681827 0
    endloop
  endfacet
  facet normal 0 0 -1
    outer loop
      vertex 6.125443080929074 -14.288625135486816 0
      vertex 6.167311845767456 -13.489721510659304 0
      vertex 6.690724565869161 -13.498857713672933 0
    endloop
  endfacet
  facet normal 0 0 -1
    outer loop
      vertex -1.7389043492287346 -5.8551450266225595 0
      vertex -1.7085844736030609 -5.276607335454181 0
      vertex -0.9390261960833994 -5.869106951720373 0
    endloop
  endfacet
  facet normal 0 0 -1
    outer loop
      vertex -0.9390261960833994 -5.869106951720373 0
      vertex -1.7085844736030609 -5.276607335454181 0
      vertex -0.911628718098557 -5.346331929392564 0
    endloop
  endfacet
  facet normal 0 0 -1
    outer loop
      vertex -1.7085844736030609 -5.276607335454181 0
      vertex -1.6379817064065687 -4.701593940632295 0
      vertex -0.911628718098557 -5.346331929392564 0
    endloop
  endfacet
  facet normal 0 0 -1
    outer loop
      vertex -1.6379817064065687 -4.701593940632295 0
      vertex -1.5274400172240696 -4.132906249616326 0
      vertex -0.8478310368739983 -4.826741512198268 0
    endloop
  endfacet
  facet normal 0 0 -1
    outer loop
      vertex -1.5274400172240696 -4.132906249616326 0
      vertex -1.3774979540536503 -3.57331485167262 0
      vertex -0.7479439682997304 -4.312867092421012 0
    endloop
  endfacet
  facet normal 0 0 -1
    outer loop
      vertex -1.6379817064065687 -4.701593940632295 0
      vertex -0.8478310368739983 -4.826741512198268 0
      vertex -0.911628718098557 -5.346331929392564 0
    endloop
  endfacet
  facet normal 0 0 -1
    outer loop
      vertex -1.5274400172240696 -4.132906249616326 0
      vertex -0.7479439682997304 -4.312867092421012 0
      vertex -0.8478310368739983 -4.826741512198268 0
    endloop
  endfacet
  facet normal 0 0 -1
    outer loop
      vertex -0.7479439682997304 -4.312867092421012 0
      vertex -1.3774979540536503 -3.57331485167262 0
      vertex -0.6124541521332318 -3.807212214579474 0
    endloop
  endfacet
  facet normal 0 0 -1
    outer loop
      vertex -0.6124541521332318 -3.807212214579474 0
      vertex -1.3774979540536503 -3.57331485167262 0
      vertex -1.1888860195549524 -3.025546019842028 0
    endloop
  endfacet
  facet normal 0 0 -1
    outer loop
      vertex -0.6124541521332318 -3.807212214579474 0
      vertex -1.1888860195549524 -3.025546019842028 0
      vertex -0.4420216811394777 -3.312240378410248 0
    endloop
  endfacet
  facet normal 0 0 -1
    outer loop
      vertex -1.1888860195549524 -3.025546019842028 0
      vertex -0.9625231121136517 -2.492268428811695 0
      vertex -0.4420216811394777 -3.312240378410248 0
    endloop
  endfacet
  facet normal 0 0 -1
    outer loop
      vertex -0.9625231121136517 -2.492268428811695 0
      vertex -0.23747688518534016 -2.830363036944754 0
      vertex -0.4420216811394777 -3.312240378410248 0
    endloop
  endfacet
  facet normal 0 0 -1
    outer loop
      vertex -1.0155072000777112 -1.209108627356999 0
      vertex 0 -1.246989362256641 0
      vertex -1 -1.246989362256641 0
    endloop
  endfacet
  facet normal 0 0 -1
    outer loop
      vertex -1.1033549895926675 -0.9494076161066756 0
      vertex 0 1.2469893622566408 0
      vertex -1.0155072000777112 -1.209108627356999 0
    endloop
  endfacet
  facet normal 0 0 -1
    outer loop
      vertex 0 -1.246989362256641 0
      vertex -1.0155072000777112 -1.209108627356999 0
      vertex 0 1.2469893622566408 0
    endloop
  endfacet
  facet normal 0 0 -1
    outer loop
      vertex -1.1689544015187145 -0.7020270507045292 0
      vertex 0 1.2469893622566408 0
      vertex -1.1033549895926675 -0.9494076161066756 0
    endloop
  endfacet
  facet normal 0 0 -1
    outer loop
      vertex -1.1689544015187145 -0.7020270507045292 0
      vertex -1.2 -0.5390844807024858 0
      vertex 0 1.2469893622566408 0
    endloop
  endfacet
  facet normal 0 0 -1
    outer loop
      vertex -1.2 -0.5390844807024858 0
      vertex -1.2 0.5390844807024857 0
      vertex 0 1.2469893622566408 0
    endloop
  endfacet
  facet normal 0 0 -1
    outer loop
      vertex -1.2 0.5390844807024857 0
      vertex -1.168954401518715 0.7020270507045282 0
      vertex 0 1.2469893622566408 0
    endloop
  endfacet
  facet normal 0 0 -1
    outer loop
      vertex -1.168954401518715 0.7020270507045282 0
      vertex -1.1033549895926675 0.9494076161066756 0
      vertex 0 1.2469893622566408 0
    endloop
  endfacet
  facet normal 0 0 -1
    outer loop
      vertex -1.1033549895926675 0.9494076161066756 0
      vertex -1.0155072000777108 1.2091086273569998 0
      vertex 0 1.2469893622566408 0
    endloop
  endfacet
  facet normal 0 0 -1
    outer loop
      vertex -1.0155072000777108 1.2091086273569998 0
      vertex -1 1.2469893622566408 0
      vertex 0 1.2469893622566408 0
    endloop
  endfacet
  facet normal 0 0 -1
    outer loop
      vertex 6.704686490966975 -14.29873586681827 0
      vertex 7.213499588196972 -13.471460235688092 0
      vertex 7.283224182135353 -14.268415991192596 0
    endloop
  endfacet
  facet normal 0 0 -1
    outer loop
      vertex 6.704686490966975 -14.29873586681827 0
      vertex 6.690724565869161 -13.498857713672933 0
      vertex 7.213499588196972 -13.471460235688092 0
    endloop
  endfacet
  facet normal 0 0 -1
    outer loop
      vertex 7.283224182135353 -14.268415991192596 0
      vertex 7.733090005391267 -13.407662554463535 0
      vertex 7.85823757695724 -14.197813223996103 0
    endloop
  endfacet
  facet normal 0 0 -1
    outer loop
      vertex 7.283224182135353 -14.268415991192596 0
      vertex 7.213499588196972 -13.471460235688092 0
      vertex 7.733090005391267 -13.407662554463535 0
    endloop
  endfacet
  facet normal 0 0 -1
    outer loop
      vertex 7.85823757695724 -14.197813223996103 0
      vertex 8.246964425168521 -13.307775485889263 0
      vertex 8.426925267973209 -14.087271534813603 0
    endloop
  endfacet
  facet normal 0 0 -1
    outer loop
      vertex 8.426925267973209 -14.087271534813603 0
      vertex 8.75261930301006 -13.172285669722765 0
      vertex 8.986516665916913 -13.937329471643185 0
    endloop
  endfacet
  facet normal 0 0 -1
    outer loop
      vertex 7.85823757695724 -14.197813223996103 0
      vertex 7.733090005391267 -13.407662554463535 0
      vertex 8.246964425168521 -13.307775485889263 0
    endloop
  endfacet
  facet normal 0 0 -1
    outer loop
      vertex 8.426925267973209 -14.087271534813603 0
      vertex 8.246964425168521 -13.307775485889263 0
      vertex 8.75261930301006 -13.172285669722765 0
    endloop
  endfacet
  facet normal 0 0 -1
    outer loop
      vertex 8.986516665916913 -13.937329471643185 0
      vertex 8.75261930301006 -13.172285669722765 0
      vertex 9.247591139179287 -13.001853198729012 0
    endloop
  endfacet
  facet normal 0 0 -1
    outer loop
      vertex 8.986516665916913 -13.937329471643185 0
      vertex 9.247591139179287 -13.001853198729012 0
      vertex 9.534285497747508 -13.748717537144486 0
    endloop
  endfacet
  facet normal 0 0 -1
    outer loop
      vertex 9.534285497747508 -13.748717537144486 0
      vertex 9.247591139179287 -13.001853198729012 0
      vertex 9.72946848064478 -12.797308402774874 0
    endloop
  endfacet
  facet normal 0 0 -1
    outer loop
      vertex 9.534285497747508 -13.748717537144486 0
      vertex 9.72946848064478 -12.797308402774874 0
      vertex 10.06756308877784 -13.522354629703187 0
    endloop
  endfacet
  facet normal 0 0 -1
    outer loop
      vertex 10.06756308877784 -13.522354629703187 0
      vertex 10.195903669437063 -12.559647803545468 0
      vertex 10.583751364189286 -13.259343566650415 0
    endloop
  endfacet
  facet normal 0 0 -1
    outer loop
      vertex 9.72946848064478 -12.797308402774874 0
      vertex 10.195903669437063 -12.559647803545468 0
      vertex 10.06756308877784 -13.522354629703187 0
    endloop
  endfacet
  facet normal 0 0 -1
    outer loop
      vertex 10.583751364189286 -13.259343566650415 0
      vertex 10.195903669437063 -12.559647803545468 0
      vertex 10.644624280202237 -12.29002925959068 0
    endloop
  endfacet
  facet normal 0 0 -1
    outer loop
      vertex 10.583751364189286 -13.259343566650415 0
      vertex 10.644624280202237 -12.29002925959068 0
      vertex 11.080335506591108 -12.960965711447585 0
    endloop
  endfacet
  facet normal 0 0 -1
    outer loop
      vertex 10.644624280202237 -12.29002925959068 0
      vertex 11.073444191229898 -11.989766325354697 0
      vertex 11.080335506591108 -12.960965711447585 0
    endloop
  endfacet
  facet normal 0 0 -1
    outer loop
      vertex 11.080335506591108 -12.960965711447585 0
      vertex 11.073444191229898 -11.989766325354697 0
      vertex 11.554896207957988 -12.628674731012412 0
    endloop
  endfacet
  facet normal 0 0 -1
    outer loop
      vertex 11.554896207957988 -12.628674731012412 0
      vertex 11.073444191229898 -11.989766325354697 0
      vertex 11.480274235018339 -11.66032185167079 0
    endloop
  endfacet
  facet normal 0 0 -1
    outer loop
      vertex 11.554896207957988 -12.628674731012412 0
      vertex 11.480274235018339 -11.66032185167079 0
      vertex 12.428817799330536 -11.868986281741002 0
    endloop
  endfacet
  facet normal 0 0 -1
    outer loop
      vertex 11.554896207957988 -12.628674731012412 0
      vertex 12.428817799330536 -11.868986281741002 0
      vertex 12.005121456255537 -12.264089513599798 0
    endloop
  endfacet
  facet normal 0 0 -1
    outer loop
      vertex 11.863132376488641 -11.303300858899107 0
      vertex 12.428817799330536 -11.868986281741002 0
      vertex 11.480274235018339 -11.66032185167079 0
    endloop
  endfacet
  facet normal 0 0 -1
    outer loop
      vertex 11.863132376488641 -11.303300858899107 0
      vertex 12.220153369260325 -10.920442717428806 0
      vertex 12.428817799330536 -11.868986281741002 0
    endloop
  endfacet
  facet normal 0 0 -1
    outer loop
      vertex 12.428817799330536 -11.868986281741002 0
      vertex 12.220153369260325 -10.920442717428806 0
      vertex 12.823921031189332 -11.445289938666003 0
    endloop
  endfacet
  facet normal 0 0 -1
    outer loop
      vertex 12.823921031189332 -11.445289938666003 0
      vertex 12.220153369260325 -10.920442717428806 0
      vertex 12.54959784294423 -10.513612673640363 0
    endloop
  endfacet
  facet normal 0 0 -1
    outer loop
      vertex 12.823921031189332 -11.445289938666003 0
      vertex 12.54959784294423 -10.513612673640363 0
      vertex 13.188506248601946 -10.995064690368451 0
    endloop
  endfacet
  facet normal 0 0 -1
    outer loop
      vertex 12.54959784294423 -10.513612673640363 0
      vertex 12.849860777180215 -10.084792762612704 0
      vertex 13.188506248601946 -10.995064690368451 0
    endloop
  endfacet
  facet normal 0 0 -1
    outer loop
      vertex 13.188506248601946 -10.995064690368451 0
      vertex 12.849860777180215 -10.084792762612704 0
      vertex 13.520797229037122 -10.520503989001575 0
    endloop
  endfacet
  facet normal 0 0 -1
    outer loop
      vertex 13.520797229037122 -10.520503989001575 0
      vertex 12.849860777180215 -10.084792762612704 0
      vertex 13.119479321135003 -9.636072151847529 0
    endloop
  endfacet
  facet normal 0 0 -1
    outer loop
      vertex 13.520797229037122 -10.520503989001575 0
      vertex 13.119479321135003 -9.636072151847529 0
      vertex 13.819175084239948 -10.023919846599751 0
    endloop
  endfacet
  facet normal 0 0 -1
    outer loop
      vertex 13.119479321135003 -9.636072151847529 0
      vertex 13.35713992036441 -9.169636963055247 0
      vertex 13.819175084239948 -10.023919846599751 0
    endloop
  endfacet
  facet normal 0 0 -1
    outer loop
      vertex 13.819175084239948 -10.023919846599751 0
      vertex 13.35713992036441 -9.169636963055247 0
      vertex 14.08218614729272 -9.507731571188305 0
    endloop
  endfacet
  facet normal 0 0 -1
    outer loop
      vertex 14.08218614729272 -9.507731571188305 0
      vertex 13.35713992036441 -9.169636963055247 0
      vertex 14.308549054734023 -8.974453980157971 0
    endloop
  endfacet
  facet normal 0 0 -1
    outer loop
      vertex 13.35713992036441 -9.169636963055247 0
      vertex 13.561684716318547 -8.687759621589752 0
      vertex 14.308549054734023 -8.974453980157971 0
    endloop
  endfacet
  facet normal 0 0 -1
    outer loop
      vertex 13.561684716318547 -8.687759621589752 0
      vertex 14.49716098923272 -8.42668514832738 0
      vertex 14.308549054734023 -8.974453980157971 0
    endloop
  endfacet
  facet normal 0 0 -1
    outer loop
      vertex 13.561684716318547 -8.687759621589752 0
      vertex 13.732117187312301 -8.192787785420526 0
      vertex 14.49716098923272 -8.42668514832738 0
    endloop
  endfacet
  facet normal 0 0 -1
    outer loop
      vertex 13.732117187312301 -8.192787785420526 0
      vertex 14.64710305240314 -7.867093750383674 0
      vertex 14.49716098923272 -8.42668514832738 0
    endloop
  endfacet
  facet normal 0 0 -1
    outer loop
      vertex 13.732117187312301 -8.192787785420526 0
      vertex 13.867607003478799 -7.687132907578988 0
      vertex 14.64710305240314 -7.867093750383674 0
    endloop
  endfacet
  facet normal 0 0 -1
    outer loop
      vertex 13.867607003478799 -7.687132907578988 0
      vertex 13.967494072053068 -7.173258487801732 0
      vertex 14.757644741585638 -7.298406059367705 0
    endloop
  endfacet
  facet normal 0 0 -1
    outer loop
      vertex 14.64710305240314 -7.867093750383674 0
      vertex 13.867607003478799 -7.687132907578988 0
      vertex 14.757644741585638 -7.298406059367705 0
    endloop
  endfacet
  facet normal 0 0 -1
    outer loop
      vertex 13.967494072053068 -7.173258487801732 0
      vertex 14.82824750878213 -6.723392664545819 0
      vertex 14.757644741585638 -7.298406059367705 0
    endloop
  endfacet
  facet normal 0 0 -1
    outer loop
      vertex 13.967494072053068 -7.173258487801732 0
      vertex 14.031291753277626 -6.653668070607436 0
      vertex 14.82824750878213 -6.723392664545819 0
    endloop
  endfacet
  facet normal 0 0 -1
    outer loop
      vertex 14.031291753277626 -6.653668070607436 0
      vertex 14.858567384407804 -6.1448549733774405 0
      vertex 14.82824750878213 -6.723392664545819 0
    endloop
  endfacet
  facet normal 0 0 -1
    outer loop
      vertex 14.031291753277626 -6.653668070607436 0
      vertex 14.05868923126247 -6.130893048279627 0
      vertex 14.858567384407804 -6.1448549733774405 0
    endloop
  endfacet
  facet normal 0 0 -1
    outer loop
      vertex 14.05868923126247 -6.130893048279627 0
      vertex 14.84845665307635 -5.56561156333954 0
      vertex 14.858567384407804 -6.1448549733774405 0
    endloop
  endfacet
  facet normal 0 0 -1
    outer loop
      vertex 12.988586272855377 -2.1372144381745932 0
      vertex 12.703471849756973 -1.698176727367155 0
      vertex 13.358793482746904 -1.2393155799957087 0
    endloop
  endfacet
  facet normal 0 0 -1
    outer loop
      vertex 14.00392765489945 -5.085979924461395 0
      vertex 13.922035393447015 -4.568932534675914 0
      vertex 14.70733713727967 -4.416285338943333 0
    endloop
  endfacet
  facet normal 0 0 -1
    outer loop
      vertex 13.922035393447015 -4.568932534675914 0
      vertex 13.804275214757546 -4.058857161731095 0
      vertex 14.577015872910119 -3.8518019264204195 0
    endloop
  endfacet
  facet normal 0 0 -1
    outer loop
      vertex 13.65122083458441 -3.5582388415713253 0
      vertex 14.407635692246 -3.2977843189758693 0
      vertex 13.804275214757546 -4.058857161731095 0
    endloop
  endfacet
  facet normal 0 0 -1
    outer loop
      vertex 14.05868923126247 -6.130893048279627 0
      vertex 14.04955302824884 -5.607480328177922 0
      vertex 14.84845665307635 -5.56561156333954 0
    endloop
  endfacet
  facet normal 0 0 -1
    outer loop
      vertex 14.04955302824884 -5.607480328177922 0
      vertex 14.00392765489945 -5.085979924461395 0
      vertex 14.79796457325449 -4.988484450100476 0
    endloop
  endfacet
  facet normal 0 0 -1
    outer loop
      vertex 14.04955302824884 -5.607480328177922 0
      vertex 14.79796457325449 -4.988484450100476 0
      vertex 14.84845665307635 -5.56561156333954 0
    endloop
  endfacet
  facet normal 0 0 -1
    outer loop
      vertex 14.00392765489945 -5.085979924461395 0
      vertex 14.70733713727967 -4.416285338943333 0
      vertex 14.79796457325449 -4.988484450100476 0
    endloop
  endfacet
  facet normal 0 0 -1
    outer loop
      vertex 13.922035393447015 -4.568932534675914 0
      vertex 14.577015872910119 -3.8518019264204195 0
      vertex 14.70733713727967 -4.416285338943333 0
    endloop
  endfacet
  facet normal 0 0 -1
    outer loop
      vertex 13.804275214757546 -4.058857161731095 0
      vertex 14.407635692246 -3.2977843189758693 0
      vertex 14.577015872910119 -3.8518019264204195 0
    endloop
  endfacet
  facet normal 0 0 -1
    outer loop
      vertex 13.463617918482836 -3.0695165363304464 0
      vertex 13.242380449002294 -2.5950712519533994 0
      vertex 13.95518566569758 -2.2318788535147593 0
    endloop
  endfacet
  facet normal 0 0 -1
    outer loop
      vertex 13.65122083458441 -3.5582388415713253 0
      vertex 13.463617918482836 -3.0695165363304464 0
      vertex 14.20002179850147 -2.756931634703497 0
    endloop
  endfacet
  facet normal 0 0 -1
    outer loop
      vertex 13.65122083458441 -3.5582388415713253 0
      vertex 14.20002179850147 -2.756931634703497 0
      vertex 14.407635692246 -3.2977843189758693 0
    endloop
  endfacet
  facet normal 0 0 -1
    outer loop
      vertex 13.463617918482836 -3.0695165363304464 0
      vertex 13.95518566569758 -2.2318788535147593 0
      vertex 14.20002179850147 -2.756931634703497 0
    endloop
  endfacet
  facet normal 0 0 -1
    outer loop
      vertex 12.988586272855377 -2.1372144381745932 0
      vertex 13.67432011086251 -1.725183979781483 0
      vertex 13.242380449002294 -2.5950712519533994 0
    endloop
  endfacet
  facet normal 0 0 -1
    outer loop
      vertex 13.242380449002294 -2.5950712519533994 0
      vertex 13.67432011086251 -1.725183979781483 0
      vertex 13.95518566569758 -2.2318788535147593 0
    endloop
  endfacet
  facet normal 0 0 -1
    outer loop
      vertex 12.988586272855377 -2.1372144381745932 0
      vertex 13.358793482746904 -1.2393155799957087 0
      vertex 13.67432011086251 -1.725183979781483 0
    endloop
  endfacet
endsolid OpenSCAD_Model
