solid OpenSCAD_Model
  facet normal 0 0 -1
    outer loop
      vertex -70.79999999701977 -23.581793069839478 0
      vertex -27.625988461077213 -22.374011538922787 0
      vertex -69.9083940833807 -24.021484449505806 0
    endloop
  endfacet
  facet normal 0 0 -1
    outer loop
      vertex -70.79999999701977 -23.581793069839478 0
      vertex -71.62658686190844 -23.029485389590263 0
      vertex -26.970514610409737 -21.626586861908436 0
    endloop
  endfacet
  facet normal 0 0 -1
    outer loop
      vertex -72.37401153892279 -22.374011538922787 0
      vertex -26.418206930160522 -20.799999997019768 0
      vertex -71.62658686190844 -23.029485389590263 0
    endloop
  endfacet
  facet normal 0 0 -1
    outer loop
      vertex -72.37401153892279 -22.374011538922787 0
      vertex -73.02948538959026 -21.626586861908436 0
      vertex -25.978515550494194 -19.9083940833807 0
    endloop
  endfacet
  facet normal 0 0 -1
    outer loop
      vertex -73.02948538959026 -21.626586861908436 0
      vertex -73.58179306983948 -20.799999997019768 0
      vertex -25.658963717520237 -18.967024743556976 0
    endloop
  endfacet
  facet normal 0 0 -1
    outer loop
      vertex -73.58179306983948 -20.799999997019768 0
      vertex -74.0214844495058 -19.9083940833807 0
      vertex -25.465019054710865 -17.991999059915543 0
    endloop
  endfacet
  facet normal 0 0 -1
    outer loop
      vertex -74.0214844495058 -19.9083940833807 0
      vertex -74.34103628247976 -18.967024743556976 0
      vertex -25.399999998509884 -17 0
    endloop
  endfacet
  facet normal 0 0 -1
    outer loop
      vertex -67.99199905991554 -24.534980945289135 0
      vertex -30.0916059166193 -24.021484449505806 0
      vertex -67 -24.600000001490116 0
    endloop
  endfacet
  facet normal 0 0 -1
    outer loop
      vertex -68.96702474355698 -24.341036282479763 0
      vertex -29.200000002980232 -23.581793069839478 0
      vertex -67.99199905991554 -24.534980945289135 0
    endloop
  endfacet
  facet normal 0 0 -1
    outer loop
      vertex -68.96702474355698 -24.341036282479763 0
      vertex -69.9083940833807 -24.021484449505806 0
      vertex -28.373413138091564 -23.029485389590263 0
    endloop
  endfacet
  facet normal 0 0 -1
    outer loop
      vertex -67 -24.600000001490116 0
      vertex -31.032975256443024 -24.341036282479763 0
      vertex -33 -24.600000001490116 0
    endloop
  endfacet
  facet normal 0 0 -1
    outer loop
      vertex -67 -24.600000001490116 0
      vertex -30.0916059166193 -24.021484449505806 0
      vertex -31.032975256443024 -24.341036282479763 0
    endloop
  endfacet
  facet normal 0 0 -1
    outer loop
      vertex -67.99199905991554 -24.534980945289135 0
      vertex -29.200000002980232 -23.581793069839478 0
      vertex -30.0916059166193 -24.021484449505806 0
    endloop
  endfacet
  facet normal 0 0 -1
    outer loop
      vertex -68.96702474355698 -24.341036282479763 0
      vertex -28.373413138091564 -23.029485389590263 0
      vertex -29.200000002980232 -23.581793069839478 0
    endloop
  endfacet
  facet normal 0 0 -1
    outer loop
      vertex -69.9083940833807 -24.021484449505806 0
      vertex -27.625988461077213 -22.374011538922787 0
      vertex -28.373413138091564 -23.029485389590263 0
    endloop
  endfacet
  facet normal 0 0 -1
    outer loop
      vertex -70.79999999701977 -23.581793069839478 0
      vertex -26.970514610409737 -21.626586861908436 0
      vertex -27.625988461077213 -22.374011538922787 0
    endloop
  endfacet
  facet normal 0 0 -1
    outer loop
      vertex -71.62658686190844 -23.029485389590263 0
      vertex -26.418206930160522 -20.799999997019768 0
      vertex -26.970514610409737 -21.626586861908436 0
    endloop
  endfacet
  facet normal 0 0 -1
    outer loop
      vertex -72.37401153892279 -22.374011538922787 0
      vertex -25.978515550494194 -19.9083940833807 0
      vertex -26.418206930160522 -20.799999997019768 0
    endloop
  endfacet
  facet normal 0 0 -1
    outer loop
      vertex -73.02948538959026 -21.626586861908436 0
      vertex -25.658963717520237 -18.967024743556976 0
      vertex -25.978515550494194 -19.9083940833807 0
    endloop
  endfacet
  facet normal 0 0 -1
    outer loop
      vertex -73.58179306983948 -20.799999997019768 0
      vertex -25.465019054710865 -17.991999059915543 0
      vertex -25.658963717520237 -18.967024743556976 0
    endloop
  endfacet
  facet normal 0 0 -1
    outer loop
      vertex -74.0214844495058 -19.9083940833807 0
      vertex -25.399999998509884 -17 0
      vertex -25.465019054710865 -17.991999059915543 0
    endloop
  endfacet
  facet normal 0 0 -1
    outer loop
      vertex -74.34103628247976 -18.967024743556976 0
      vertex -25.399999998509884 -15 0
      vertex -25.399999998509884 -17 0
    endloop
  endfacet
  facet normal 0 0 -1
    outer loop
      vertex -74.34103628247976 -18.967024743556976 0
      vertex -25.399999998509884 -7.619999999552965 0
      vertex -25.399999998509884 -15 0
    endloop
  endfacet
  facet normal -0.555570229365781 -0.8314696147439505 0
    outer loop
      vertex -70.79999999701977 -23.581793069839478 0
      vertex -71.62658686190844 -23.029485389590263 4
      vertex -71.62658686190844 -23.029485389590263 0
    endloop
  endfacet
  facet normal -0.44228869145920674 -0.8968727409210866 0
    outer loop
      vertex -70.79999999701977 -23.581793069839478 0
      vertex -69.9083940833807 -24.021484449505806 0
      vertex -70.79999999701977 -23.581793069839478 4
    endloop
  endfacet
  facet normal -0.7518398069474519 -0.6593458157061576 0
    outer loop
      vertex -72.37401153892279 -22.374011538922787 0
      vertex -73.02948538959026 -21.626586861908436 4
      vertex -73.02948538959026 -21.626586861908436 0
    endloop
  endfacet
  facet normal -0.6593458157061576 -0.7518398069474519 0
    outer loop
      vertex -72.37401153892279 -22.374011538922787 0
      vertex -71.62658686190844 -23.029485389590263 0
      vertex -72.37401153892279 -22.374011538922787 4
    endloop
  endfacet
  facet normal -0.32143946657258987 -0.9469301290641928 0
    outer loop
      vertex -68.96702474355698 -24.341036282479763 0
      vertex -69.9083940833807 -24.021484449505806 4
      vertex -69.9083940833807 -24.021484449505806 0
    endloop
  endfacet
  facet normal -0.1950903179717437 -0.9807852812077086 0
    outer loop
      vertex -68.96702474355698 -24.341036282479763 0
      vertex -67.99199905991554 -24.534980945289135 0
      vertex -68.96702474355698 -24.341036282479763 4
    endloop
  endfacet
  facet normal -0.0654031319391376 -0.9978589230610466 0
    outer loop
      vertex -67.99199905991554 -24.534980945289135 0
      vertex -67 -24.600000001490116 0
      vertex -67.99199905991554 -24.534980945289135 4
    endloop
  endfacet
  facet normal -0.8314696147439505 -0.555570229365781 0
    outer loop
      vertex -73.02948538959026 -21.626586861908436 0
      vertex -73.58179306983948 -20.799999997019768 4
      vertex -73.58179306983948 -20.799999997019768 0
    endloop
  endfacet
  facet normal -0.8968727409210866 -0.44228869145920674 0
    outer loop
      vertex -73.58179306983948 -20.799999997019768 0
      vertex -74.0214844495058 -19.9083940833807 4
      vertex -74.0214844495058 -19.9083940833807 0
    endloop
  endfacet
  facet normal -0.9469301290641928 -0.32143946657258987 0
    outer loop
      vertex -74.0214844495058 -19.9083940833807 0
      vertex -74.34103628247976 -18.967024743556976 4
      vertex -74.34103628247976 -18.967024743556976 0
    endloop
  endfacet
  facet normal -0.9807852812077086 -0.1950903179717437 0
    outer loop
      vertex -74.34103628247976 -18.967024743556976 0
      vertex -74.53498094528913 -17.991999059915543 4
      vertex -74.53498094528913 -17.991999059915543 0
    endloop
  endfacet
  facet normal -0.9978589230610466 -0.0654031319391376 0
    outer loop
      vertex -74.53498094528913 -17.991999059915543 0
      vertex -74.60000000149012 -17 4
      vertex -74.60000000149012 -17 0
    endloop
  endfacet
  facet normal 0 -1 0
    outer loop
      vertex -67 -24.600000001490116 0
      vertex -33 -24.600000001490116 0
      vertex -67 -24.600000001490116 4
    endloop
  endfacet
  facet normal 0 0 -1
    outer loop
      vertex -74.34103628247976 -18.967024743556976 0
      vertex -74.53498094528913 -17.991999059915543 0
      vertex -25.399999998509884 17 0
    endloop
  endfacet
  facet normal 0 0 -1
    outer loop
      vertex -74.53498094528913 -17.991999059915543 0
      vertex -74.60000000149012 -17 0
      vertex -25.465019054710865 17.991999059915543 0
    endloop
  endfacet
  facet normal 0 0 -1
    outer loop
      vertex -74.34103628247976 -18.967024743556976 0
      vertex -25.399999998509884 15 0
      vertex -25.399999998509884 -7.619999999552965 0
    endloop
  endfacet
  facet normal 0 0 -1
    outer loop
      vertex -33 -24.600000001490116 0
      vertex -31.032975256443024 -24.341036282479763 0
      vertex -32.00800094008446 -24.534980945289135 0
    endloop
  endfacet
  facet normal 1 0 0
    outer loop
      vertex -25.399999998509884 -17 0
      vertex -25.399999998509884 -15 0
      vertex -25.399999998509884 -14.871672920607155 0.5221047688802063
    endloop
  endfacet
  facet normal 0.0654031319391376 -0.9978589230610466 0
    outer loop
      vertex -33 -24.600000001490116 0
      vertex -32.00800094008446 -24.534980945289135 0
      vertex -33 -24.600000001490116 4
    endloop
  endfacet
  facet normal 0.1950903179717437 -0.9807852812077086 0
    outer loop
      vertex -32.00800094008446 -24.534980945289135 0
      vertex -31.032975256443024 -24.341036282479763 0
      vertex -32.00800094008446 -24.534980945289135 4
    endloop
  endfacet
  facet normal 0.32143946657258987 -0.9469301290641928 0
    outer loop
      vertex -31.032975256443024 -24.341036282479763 0
      vertex -30.0916059166193 -24.021484449505806 0
      vertex -31.032975256443024 -24.341036282479763 4
    endloop
  endfacet
  facet normal 0.44228869145920674 -0.8968727409210866 0
    outer loop
      vertex -30.0916059166193 -24.021484449505806 0
      vertex -29.200000002980232 -23.581793069839478 0
      vertex -30.0916059166193 -24.021484449505806 4
    endloop
  endfacet
  facet normal 0.555570229365781 -0.8314696147439505 0
    outer loop
      vertex -29.200000002980232 -23.581793069839478 0
      vertex -28.373413138091564 -23.029485389590263 0
      vertex -29.200000002980232 -23.581793069839478 4
    endloop
  endfacet
  facet normal 0.6593458157061576 -0.7518398069474519 0
    outer loop
      vertex -28.373413138091564 -23.029485389590263 0
      vertex -27.625988461077213 -22.374011538922787 0
      vertex -28.373413138091564 -23.029485389590263 4
    endloop
  endfacet
  facet normal 0.7518398069474519 -0.6593458157061576 0
    outer loop
      vertex -27.625988461077213 -22.374011538922787 0
      vertex -26.970514610409737 -21.626586861908436 0
      vertex -27.625988461077213 -22.374011538922787 4
    endloop
  endfacet
  facet normal 0.8314696147439505 -0.555570229365781 0
    outer loop
      vertex -26.970514610409737 -21.626586861908436 0
      vertex -26.418206930160522 -20.799999997019768 0
      vertex -26.970514610409737 -21.626586861908436 4
    endloop
  endfacet
  facet normal 0.8968727409210866 -0.44228869145920674 0
    outer loop
      vertex -26.418206930160522 -20.799999997019768 0
      vertex -25.978515550494194 -19.9083940833807 0
      vertex -26.418206930160522 -20.799999997019768 4
    endloop
  endfacet
  facet normal 0.9469301290641928 -0.32143946657258987 0
    outer loop
      vertex -25.978515550494194 -19.9083940833807 0
      vertex -25.658963717520237 -18.967024743556976 0
      vertex -25.978515550494194 -19.9083940833807 4
    endloop
  endfacet
  facet normal 0.9807852812077086 -0.1950903179717437 0
    outer loop
      vertex -25.658963717520237 -18.967024743556976 0
      vertex -25.465019054710865 -17.991999059915543 0
      vertex -25.658963717520237 -18.967024743556976 4
    endloop
  endfacet
  facet normal 0.9978589230610466 -0.0654031319391376 0
    outer loop
      vertex -25.465019054710865 -17.991999059915543 0
      vertex -25.399999998509884 -17 0
      vertex -25.465019054710865 -17.991999059915543 4
    endloop
  endfacet
  facet normal 1 0 0
    outer loop
      vertex -25.399999998509884 -17 0
      vertex -25.399999998509884 -14.871672920607155 0.5221047688802063
      vertex -25.399999998509884 -17 4
    endloop
  endfacet
  facet normal 1 0 0
    outer loop
      vertex -25.399999998509884 -17 4
      vertex -25.399999998509884 -14.871672920607155 0.5221047688802063
      vertex -25.399999998509884 -14.488887394336025 1.035276180410083
    endloop
  endfacet
  facet normal -0.44228869145920674 -0.8968727409210866 0
    outer loop
      vertex -69.9083940833807 -24.021484449505806 0
      vertex -69.9083940833807 -24.021484449505806 4
      vertex -70.79999999701977 -23.581793069839478 4
    endloop
  endfacet
  facet normal -0.555570229365781 -0.8314696147439505 0
    outer loop
      vertex -70.79999999701977 -23.581793069839478 0
      vertex -70.79999999701977 -23.581793069839478 4
      vertex -71.62658686190844 -23.029485389590263 4
    endloop
  endfacet
  facet normal -0.7518398069474519 -0.6593458157061576 0
    outer loop
      vertex -72.37401153892279 -22.374011538922787 0
      vertex -72.37401153892279 -22.374011538922787 4
      vertex -73.02948538959026 -21.626586861908436 4
    endloop
  endfacet
  facet normal -0.6593458157061576 -0.7518398069474519 0
    outer loop
      vertex -71.62658686190844 -23.029485389590263 0
      vertex -71.62658686190844 -23.029485389590263 4
      vertex -72.37401153892279 -22.374011538922787 4
    endloop
  endfacet
  facet normal -0.32143946657258987 -0.9469301290641928 0
    outer loop
      vertex -68.96702474355698 -24.341036282479763 0
      vertex -68.96702474355698 -24.341036282479763 4
      vertex -69.9083940833807 -24.021484449505806 4
    endloop
  endfacet
  facet normal -0.1950903179717437 -0.9807852812077086 0
    outer loop
      vertex -67.99199905991554 -24.534980945289135 0
      vertex -67.99199905991554 -24.534980945289135 4
      vertex -68.96702474355698 -24.341036282479763 4
    endloop
  endfacet
  facet normal -0.0654031319391376 -0.9978589230610466 0
    outer loop
      vertex -67 -24.600000001490116 0
      vertex -67 -24.600000001490116 4
      vertex -67.99199905991554 -24.534980945289135 4
    endloop
  endfacet
  facet normal -0.8314696147439505 -0.555570229365781 0
    outer loop
      vertex -73.02948538959026 -21.626586861908436 0
      vertex -73.02948538959026 -21.626586861908436 4
      vertex -73.58179306983948 -20.799999997019768 4
    endloop
  endfacet
  facet normal -0.8968727409210866 -0.44228869145920674 0
    outer loop
      vertex -73.58179306983948 -20.799999997019768 0
      vertex -73.58179306983948 -20.799999997019768 4
      vertex -74.0214844495058 -19.9083940833807 4
    endloop
  endfacet
  facet normal -0.9469301290641928 -0.32143946657258987 0
    outer loop
      vertex -74.0214844495058 -19.9083940833807 0
      vertex -74.0214844495058 -19.9083940833807 4
      vertex -74.34103628247976 -18.967024743556976 4
    endloop
  endfacet
  facet normal -0.9807852812077086 -0.1950903179717437 0
    outer loop
      vertex -74.34103628247976 -18.967024743556976 0
      vertex -74.34103628247976 -18.967024743556976 4
      vertex -74.53498094528913 -17.991999059915543 4
    endloop
  endfacet
  facet normal -0.9978589230610466 -0.0654031319391376 0
    outer loop
      vertex -74.53498094528913 -17.991999059915543 0
      vertex -74.53498094528913 -17.991999059915543 4
      vertex -74.60000000149012 -17 4
    endloop
  endfacet
  facet normal 0 -1 0
    outer loop
      vertex -33 -24.600000001490116 0
      vertex -33 -24.600000001490116 4
      vertex -67 -24.600000001490116 4
    endloop
  endfacet
  facet normal 0 0 1
    outer loop
      vertex -70.79999999701977 -23.581793069839478 4
      vertex -69.9083940833807 -24.021484449505806 4
      vertex -27.625988461077213 -22.374011538922787 4
    endloop
  endfacet
  facet normal 0 0 1
    outer loop
      vertex -70.79999999701977 -23.581793069839478 4
      vertex -26.970514610409737 -21.626586861908436 4
      vertex -71.62658686190844 -23.029485389590263 4
    endloop
  endfacet
  facet normal 0 0 1
    outer loop
      vertex -72.37401153892279 -22.374011538922787 4
      vertex -71.62658686190844 -23.029485389590263 4
      vertex -26.418206930160522 -20.799999997019768 4
    endloop
  endfacet
  facet normal 0 0 1
    outer loop
      vertex -72.37401153892279 -22.374011538922787 4
      vertex -25.978515550494194 -19.9083940833807 4
      vertex -73.02948538959026 -21.626586861908436 4
    endloop
  endfacet
  facet normal 0 0 1
    outer loop
      vertex -73.02948538959026 -21.626586861908436 4
      vertex -25.658963717520237 -18.967024743556976 4
      vertex -73.58179306983948 -20.799999997019768 4
    endloop
  endfacet
  facet normal 0 0 1
    outer loop
      vertex -73.58179306983948 -20.799999997019768 4
      vertex -25.465019054710865 -17.991999059915543 4
      vertex -74.0214844495058 -19.9083940833807 4
    endloop
  endfacet
  facet normal 0 0 1
    outer loop
      vertex -74.0214844495058 -19.9083940833807 4
      vertex -25.399999998509884 -17 4
      vertex -74.34103628247976 -18.967024743556976 4
    endloop
  endfacet
  facet normal 0 0 1
    outer loop
      vertex -67.99199905991554 -24.534980945289135 4
      vertex -67 -24.600000001490116 4
      vertex -30.0916059166193 -24.021484449505806 4
    endloop
  endfacet
  facet normal 0 0 1
    outer loop
      vertex -68.96702474355698 -24.341036282479763 4
      vertex -67.99199905991554 -24.534980945289135 4
      vertex -29.200000002980232 -23.581793069839478 4
    endloop
  endfacet
  facet normal 0 0 1
    outer loop
      vertex -68.96702474355698 -24.341036282479763 4
      vertex -28.373413138091564 -23.029485389590263 4
      vertex -69.9083940833807 -24.021484449505806 4
    endloop
  endfacet
  facet normal 0 0 1
    outer loop
      vertex -67 -24.600000001490116 4
      vertex -33 -24.600000001490116 4
      vertex -31.032975256443024 -24.341036282479763 4
    endloop
  endfacet
  facet normal 0 0 1
    outer loop
      vertex -67 -24.600000001490116 4
      vertex -31.032975256443024 -24.341036282479763 4
      vertex -30.0916059166193 -24.021484449505806 4
    endloop
  endfacet
  facet normal 0 0 1
    outer loop
      vertex -67.99199905991554 -24.534980945289135 4
      vertex -30.0916059166193 -24.021484449505806 4
      vertex -29.200000002980232 -23.581793069839478 4
    endloop
  endfacet
  facet normal 0 0 1
    outer loop
      vertex -68.96702474355698 -24.341036282479763 4
      vertex -29.200000002980232 -23.581793069839478 4
      vertex -28.373413138091564 -23.029485389590263 4
    endloop
  endfacet
  facet normal 0 0 1
    outer loop
      vertex -69.9083940833807 -24.021484449505806 4
      vertex -28.373413138091564 -23.029485389590263 4
      vertex -27.625988461077213 -22.374011538922787 4
    endloop
  endfacet
  facet normal 0 0 1
    outer loop
      vertex -70.79999999701977 -23.581793069839478 4
      vertex -27.625988461077213 -22.374011538922787 4
      vertex -26.970514610409737 -21.626586861908436 4
    endloop
  endfacet
  facet normal 0 0 1
    outer loop
      vertex -71.62658686190844 -23.029485389590263 4
      vertex -26.970514610409737 -21.626586861908436 4
      vertex -26.418206930160522 -20.799999997019768 4
    endloop
  endfacet
  facet normal 0 0 1
    outer loop
      vertex -72.37401153892279 -22.374011538922787 4
      vertex -26.418206930160522 -20.799999997019768 4
      vertex -25.978515550494194 -19.9083940833807 4
    endloop
  endfacet
  facet normal 0 0 1
    outer loop
      vertex -73.02948538959026 -21.626586861908436 4
      vertex -25.978515550494194 -19.9083940833807 4
      vertex -25.658963717520237 -18.967024743556976 4
    endloop
  endfacet
  facet normal 0 0 1
    outer loop
      vertex -73.58179306983948 -20.799999997019768 4
      vertex -25.658963717520237 -18.967024743556976 4
      vertex -25.465019054710865 -17.991999059915543 4
    endloop
  endfacet
  facet normal 0 0 1
    outer loop
      vertex -74.0214844495058 -19.9083940833807 4
      vertex -25.465019054710865 -17.991999059915543 4
      vertex -25.399999998509884 -17 4
    endloop
  endfacet
  facet normal -1 0 0
    outer loop
      vertex -74.60000000149012 -17 0
      vertex -74.60000000149012 -17 4
      vertex -74.60000000149012 17 4
    endloop
  endfacet
  facet normal 0 0 1
    outer loop
      vertex -74.34103628247976 -18.967024743556976 4
      vertex -25.399999998509884 17 4
      vertex -74.53498094528913 -17.991999059915543 4
    endloop
  endfacet
  facet normal 0 0 1
    outer loop
      vertex -74.53498094528913 -17.991999059915543 4
      vertex -25.465019054710865 17.991999059915543 4
      vertex -74.60000000149012 -17 4
    endloop
  endfacet
  facet normal 0 0 1
    outer loop
      vertex -74.34103628247976 -18.967024743556976 4
      vertex -25.399999998509884 -17 4
      vertex -25.399999998509884 0 4
    endloop
  endfacet
  facet normal 0 0 1
    outer loop
      vertex -74.34103628247976 -18.967024743556976 4
      vertex -25.399999998509884 0 4
      vertex -25.399999998509884 17 4
    endloop
  endfacet
  facet normal 0.0654031319391376 -0.9978589230610466 0
    outer loop
      vertex -32.00800094008446 -24.534980945289135 0
      vertex -32.00800094008446 -24.534980945289135 4
      vertex -33 -24.600000001490116 4
    endloop
  endfacet
  facet normal 0.1950903179717437 -0.9807852812077086 0
    outer loop
      vertex -31.032975256443024 -24.341036282479763 0
      vertex -31.032975256443024 -24.341036282479763 4
      vertex -32.00800094008446 -24.534980945289135 4
    endloop
  endfacet
  facet normal 0.32143946657258987 -0.9469301290641928 0
    outer loop
      vertex -30.0916059166193 -24.021484449505806 0
      vertex -30.0916059166193 -24.021484449505806 4
      vertex -31.032975256443024 -24.341036282479763 4
    endloop
  endfacet
  facet normal 0.44228869145920674 -0.8968727409210866 0
    outer loop
      vertex -29.200000002980232 -23.581793069839478 0
      vertex -29.200000002980232 -23.581793069839478 4
      vertex -30.0916059166193 -24.021484449505806 4
    endloop
  endfacet
  facet normal 0.555570229365781 -0.8314696147439505 0
    outer loop
      vertex -28.373413138091564 -23.029485389590263 0
      vertex -28.373413138091564 -23.029485389590263 4
      vertex -29.200000002980232 -23.581793069839478 4
    endloop
  endfacet
  facet normal 0.6593458157061576 -0.7518398069474519 0
    outer loop
      vertex -27.625988461077213 -22.374011538922787 0
      vertex -27.625988461077213 -22.374011538922787 4
      vertex -28.373413138091564 -23.029485389590263 4
    endloop
  endfacet
  facet normal 0.7518398069474519 -0.6593458157061576 0
    outer loop
      vertex -26.970514610409737 -21.626586861908436 0
      vertex -26.970514610409737 -21.626586861908436 4
      vertex -27.625988461077213 -22.374011538922787 4
    endloop
  endfacet
  facet normal 0.8314696147439505 -0.555570229365781 0
    outer loop
      vertex -26.418206930160522 -20.799999997019768 0
      vertex -26.418206930160522 -20.799999997019768 4
      vertex -26.970514610409737 -21.626586861908436 4
    endloop
  endfacet
  facet normal 0.8968727409210866 -0.44228869145920674 0
    outer loop
      vertex -25.978515550494194 -19.9083940833807 0
      vertex -25.978515550494194 -19.9083940833807 4
      vertex -26.418206930160522 -20.799999997019768 4
    endloop
  endfacet
  facet normal 0.9469301290641928 -0.32143946657258987 0
    outer loop
      vertex -25.658963717520237 -18.967024743556976 0
      vertex -25.658963717520237 -18.967024743556976 4
      vertex -25.978515550494194 -19.9083940833807 4
    endloop
  endfacet
  facet normal 1 0 0
    outer loop
      vertex -25.399999998509884 -17 4
      vertex -25.399999998509884 -14.488887394336025 1.035276180410083
      vertex -25.399999998509884 -13.858192987669302 1.5307337294603591
    endloop
  endfacet
  facet normal 0.9807852812077086 -0.1950903179717437 0
    outer loop
      vertex -25.465019054710865 -17.991999059915543 0
      vertex -25.465019054710865 -17.991999059915543 4
      vertex -25.658963717520237 -18.967024743556976 4
    endloop
  endfacet
  facet normal 0.9978589230610466 -0.0654031319391376 0
    outer loop
      vertex -25.399999998509884 -17 0
      vertex -25.399999998509884 -17 4
      vertex -25.465019054710865 -17.991999059915543 4
    endloop
  endfacet
  facet normal 1 0 0
    outer loop
      vertex -25.399999998509884 -17 4
      vertex -25.399999998509884 -13.858192987669302 1.5307337294603591
      vertex -25.399999998509884 -12.990381056766578 2
    endloop
  endfacet
  facet normal 1 0 0
    outer loop
      vertex -25.399999998509884 -17 4
      vertex -25.399999998509884 -12.990381056766578 2
      vertex -25.399999998509884 -11.900300104368528 2.4350457160348826
    endloop
  endfacet
  facet normal 0 0 1
    outer loop
      vertex -33 -24.600000001490116 4
      vertex -32.00800094008446 -24.534980945289135 4
      vertex -31.032975256443024 -24.341036282479763 4
    endloop
  endfacet
  facet normal 1 0 0
    outer loop
      vertex -25.399999998509884 -17 4
      vertex -25.399999998509884 -11.900300104368528 2.4350457160348826
      vertex -25.399999998509884 -10.606601717798213 2.8284271247461903
    endloop
  endfacet
  facet normal 1 0 0
    outer loop
      vertex -25.399999998509884 -17 4
      vertex -25.399999998509884 -10.606601717798213 2.8284271247461903
      vertex -25.399999998509884 -9.13142143513081 3.1734133611649407
    endloop
  endfacet
  facet normal 1 0 0
    outer loop
      vertex -25.399999998509884 -17 4
      vertex -25.399999998509884 -9.13142143513081 3.1734133611649407
      vertex -25.399999998509884 -7.5 3.464101615137754
    endloop
  endfacet
  facet normal 1 0 0
    outer loop
      vertex -25.399999998509884 -17 4
      vertex -25.399999998509884 -7.5 3.464101615137754
      vertex -25.399999998509884 -5.740251485476347 3.695518130045147
    endloop
  endfacet
  facet normal 1 0 0
    outer loop
      vertex -25.399999998509884 -17 4
      vertex -25.399999998509884 -5.740251485476347 3.695518130045147
      vertex -25.399999998509884 -3.882285676537811 3.8637033051562732
    endloop
  endfacet
  facet normal 1 0 0
    outer loop
      vertex -25.399999998509884 -17 4
      vertex -25.399999998509884 -3.882285676537811 3.8637033051562732
      vertex -25.399999998509884 -1.9578928833007736 3.9657794454952415
    endloop
  endfacet
  facet normal 1 0 0
    outer loop
      vertex -25.399999998509884 -17 4
      vertex -25.399999998509884 -1.9578928833007736 3.9657794454952415
      vertex -25.399999998509884 0 4
    endloop
  endfacet
  facet normal 0 0 -1
    outer loop
      vertex -74.60000000149012 -17 0
      vertex -74.60000000149012 17 0
      vertex -25.658963717520237 18.967024743556976 0
    endloop
  endfacet
  facet normal 0 0 -1
    outer loop
      vertex -25.399999998509884 17 0
      vertex -25.399999998509884 15 0
      vertex -74.34103628247976 -18.967024743556976 0
    endloop
  endfacet
  facet normal 0 0 -1
    outer loop
      vertex -74.53498094528913 -17.991999059915543 0
      vertex -25.465019054710865 17.991999059915543 0
      vertex -25.399999998509884 17 0
    endloop
  endfacet
  facet normal 0 0 -1
    outer loop
      vertex -74.60000000149012 -17 0
      vertex -25.658963717520237 18.967024743556976 0
      vertex -25.465019054710865 17.991999059915543 0
    endloop
  endfacet
  facet normal -1 0 0
    outer loop
      vertex -74.60000000149012 -17 0
      vertex -74.60000000149012 17 4
      vertex -74.60000000149012 17 0
    endloop
  endfacet
  facet normal 0 0 -1
    outer loop
      vertex -74.60000000149012 17 0
      vertex -74.53498094528913 17.991999059915543 0
      vertex -25.978515550494194 19.9083940833807 0
    endloop
  endfacet
  facet normal 0 0 -1
    outer loop
      vertex -68.96702474355698 24.341036282479763 0
      vertex -67.99199905991554 24.534980945289135 0
      vertex -67 24.600000001490116 0
    endloop
  endfacet
  facet normal 0 0 -1
    outer loop
      vertex -74.53498094528913 17.991999059915543 0
      vertex -74.34103628247976 18.967024743556976 0
      vertex -26.418206930160522 20.799999997019768 0
    endloop
  endfacet
  facet normal 0 0 -1
    outer loop
      vertex -74.34103628247976 18.967024743556976 0
      vertex -74.0214844495058 19.9083940833807 0
      vertex -26.970514610409737 21.626586861908436 0
    endloop
  endfacet
  facet normal 0 0 -1
    outer loop
      vertex -74.0214844495058 19.9083940833807 0
      vertex -73.58179306983948 20.799999997019768 0
      vertex -27.625988461077213 22.374011538922787 0
    endloop
  endfacet
  facet normal 0 0 -1
    outer loop
      vertex -73.58179306983948 20.799999997019768 0
      vertex -73.02948538959026 21.626586861908436 0
      vertex -28.373413138091564 23.029485389590263 0
    endloop
  endfacet
  facet normal 0 0 -1
    outer loop
      vertex -73.02948538959026 21.626586861908436 0
      vertex -72.37401153892279 22.374011538922787 0
      vertex -29.200000002980232 23.581793069839478 0
    endloop
  endfacet
  facet normal 0 0 -1
    outer loop
      vertex -72.37401153892279 22.374011538922787 0
      vertex -71.62658686190844 23.029485389590263 0
      vertex -30.0916059166193 24.021484449505806 0
    endloop
  endfacet
  facet normal 0 0 -1
    outer loop
      vertex -71.62658686190844 23.029485389590263 0
      vertex -70.79999999701977 23.581793069839478 0
      vertex -31.032975256443024 24.341036282479763 0
    endloop
  endfacet
  facet normal 0 0 -1
    outer loop
      vertex -70.79999999701977 23.581793069839478 0
      vertex -69.9083940833807 24.021484449505806 0
      vertex -32.00800094008446 24.534980945289135 0
    endloop
  endfacet
  facet normal 0 0 -1
    outer loop
      vertex -69.9083940833807 24.021484449505806 0
      vertex -68.96702474355698 24.341036282479763 0
      vertex -33 24.600000001490116 0
    endloop
  endfacet
  facet normal 0 0 -1
    outer loop
      vertex -68.96702474355698 24.341036282479763 0
      vertex -67 24.600000001490116 0
      vertex -33 24.600000001490116 0
    endloop
  endfacet
  facet normal 0 0 -1
    outer loop
      vertex -74.60000000149012 17 0
      vertex -25.978515550494194 19.9083940833807 0
      vertex -25.658963717520237 18.967024743556976 0
    endloop
  endfacet
  facet normal 0 0 -1
    outer loop
      vertex -74.53498094528913 17.991999059915543 0
      vertex -26.418206930160522 20.799999997019768 0
      vertex -25.978515550494194 19.9083940833807 0
    endloop
  endfacet
  facet normal 0 0 -1
    outer loop
      vertex -74.34103628247976 18.967024743556976 0
      vertex -26.970514610409737 21.626586861908436 0
      vertex -26.418206930160522 20.799999997019768 0
    endloop
  endfacet
  facet normal 0 0 -1
    outer loop
      vertex -74.0214844495058 19.9083940833807 0
      vertex -27.625988461077213 22.374011538922787 0
      vertex -26.970514610409737 21.626586861908436 0
    endloop
  endfacet
  facet normal 0 0 -1
    outer loop
      vertex -73.58179306983948 20.799999997019768 0
      vertex -28.373413138091564 23.029485389590263 0
      vertex -27.625988461077213 22.374011538922787 0
    endloop
  endfacet
  facet normal 0 0 -1
    outer loop
      vertex -73.02948538959026 21.626586861908436 0
      vertex -29.200000002980232 23.581793069839478 0
      vertex -28.373413138091564 23.029485389590263 0
    endloop
  endfacet
  facet normal 0 0 -1
    outer loop
      vertex -70.79999999701977 23.581793069839478 0
      vertex -32.00800094008446 24.534980945289135 0
      vertex -31.032975256443024 24.341036282479763 0
    endloop
  endfacet
  facet normal 0 0 -1
    outer loop
      vertex -69.9083940833807 24.021484449505806 0
      vertex -33 24.600000001490116 0
      vertex -32.00800094008446 24.534980945289135 0
    endloop
  endfacet
  facet normal 0 0 -1
    outer loop
      vertex -72.37401153892279 22.374011538922787 0
      vertex -30.0916059166193 24.021484449505806 0
      vertex -29.200000002980232 23.581793069839478 0
    endloop
  endfacet
  facet normal 0 0 -1
    outer loop
      vertex -71.62658686190844 23.029485389590263 0
      vertex -31.032975256443024 24.341036282479763 0
      vertex -30.0916059166193 24.021484449505806 0
    endloop
  endfacet
  facet normal -0.9978589230610466 0.0654031319391376 0
    outer loop
      vertex -74.60000000149012 17 0
      vertex -74.53498094528913 17.991999059915543 4
      vertex -74.53498094528913 17.991999059915543 0
    endloop
  endfacet
  facet normal -0.9807852812077086 0.1950903179717437 0
    outer loop
      vertex -74.53498094528913 17.991999059915543 0
      vertex -74.34103628247976 18.967024743556976 4
      vertex -74.34103628247976 18.967024743556976 0
    endloop
  endfacet
  facet normal -0.9469301290641928 0.32143946657258987 0
    outer loop
      vertex -74.34103628247976 18.967024743556976 0
      vertex -74.0214844495058 19.9083940833807 4
      vertex -74.0214844495058 19.9083940833807 0
    endloop
  endfacet
  facet normal -0.8968727409210866 0.44228869145920674 0
    outer loop
      vertex -74.0214844495058 19.9083940833807 0
      vertex -73.58179306983948 20.799999997019768 4
      vertex -73.58179306983948 20.799999997019768 0
    endloop
  endfacet
  facet normal -0.8314696147439505 0.555570229365781 0
    outer loop
      vertex -73.58179306983948 20.799999997019768 0
      vertex -73.02948538959026 21.626586861908436 4
      vertex -73.02948538959026 21.626586861908436 0
    endloop
  endfacet
  facet normal -0.7518398069474519 0.6593458157061576 0
    outer loop
      vertex -73.02948538959026 21.626586861908436 0
      vertex -72.37401153892279 22.374011538922787 4
      vertex -72.37401153892279 22.374011538922787 0
    endloop
  endfacet
  facet normal -0.6593458157061576 0.7518398069474519 0
    outer loop
      vertex -72.37401153892279 22.374011538922787 0
      vertex -71.62658686190844 23.029485389590263 4
      vertex -71.62658686190844 23.029485389590263 0
    endloop
  endfacet
  facet normal -0.555570229365781 0.8314696147439505 0
    outer loop
      vertex -71.62658686190844 23.029485389590263 0
      vertex -70.79999999701977 23.581793069839478 4
      vertex -70.79999999701977 23.581793069839478 0
    endloop
  endfacet
  facet normal -0.44228869145920674 0.8968727409210866 0
    outer loop
      vertex -70.79999999701977 23.581793069839478 0
      vertex -69.9083940833807 24.021484449505806 4
      vertex -69.9083940833807 24.021484449505806 0
    endloop
  endfacet
  facet normal -0.32143946657258987 0.9469301290641928 0
    outer loop
      vertex -69.9083940833807 24.021484449505806 0
      vertex -68.96702474355698 24.341036282479763 4
      vertex -68.96702474355698 24.341036282479763 0
    endloop
  endfacet
  facet normal -0.1950903179717437 0.9807852812077086 0
    outer loop
      vertex -68.96702474355698 24.341036282479763 0
      vertex -67.99199905991554 24.534980945289135 4
      vertex -67.99199905991554 24.534980945289135 0
    endloop
  endfacet
  facet normal -0.0654031319391376 0.9978589230610466 0
    outer loop
      vertex -67.99199905991554 24.534980945289135 0
      vertex -67 24.600000001490116 4
      vertex -67 24.600000001490116 0
    endloop
  endfacet
  facet normal 0 1 0
    outer loop
      vertex -67 24.600000001490116 0
      vertex -33 24.600000001490116 4
      vertex -33 24.600000001490116 0
    endloop
  endfacet
  facet normal 1 0 0
    outer loop
      vertex -25.399999998509884 17 0
      vertex -25.399999998509884 17 4
      vertex -25.399999998509884 15 0
    endloop
  endfacet
  facet normal 0.9978589230610466 0.0654031319391376 0
    outer loop
      vertex -25.399999998509884 17 0
      vertex -25.465019054710865 17.991999059915543 0
      vertex -25.399999998509884 17 4
    endloop
  endfacet
  facet normal 0.9807852812077086 0.1950903179717437 0
    outer loop
      vertex -25.465019054710865 17.991999059915543 0
      vertex -25.658963717520237 18.967024743556976 0
      vertex -25.465019054710865 17.991999059915543 4
    endloop
  endfacet
  facet normal 1 0 0
    outer loop
      vertex -25.399999998509884 17 4
      vertex -25.399999998509884 14.871672920607155 0.5221047688802063
      vertex -25.399999998509884 15 0
    endloop
  endfacet
  facet normal 1 0 0
    outer loop
      vertex -25.399999998509884 17 4
      vertex -25.399999998509884 14.488887394336025 1.035276180410083
      vertex -25.399999998509884 14.871672920607155 0.5221047688802063
    endloop
  endfacet
  facet normal 0.0654031319391376 0.9978589230610466 0
    outer loop
      vertex -33 24.600000001490116 0
      vertex -32.00800094008446 24.534980945289135 4
      vertex -32.00800094008446 24.534980945289135 0
    endloop
  endfacet
  facet normal 0.32143946657258987 0.9469301290641928 0
    outer loop
      vertex -31.032975256443024 24.341036282479763 0
      vertex -30.0916059166193 24.021484449505806 4
      vertex -30.0916059166193 24.021484449505806 0
    endloop
  endfacet
  facet normal 0.1950903179717437 0.9807852812077086 0
    outer loop
      vertex -32.00800094008446 24.534980945289135 0
      vertex -31.032975256443024 24.341036282479763 4
      vertex -31.032975256443024 24.341036282479763 0
    endloop
  endfacet
  facet normal 0.44228869145920674 0.8968727409210866 0
    outer loop
      vertex -29.200000002980232 23.581793069839478 0
      vertex -30.0916059166193 24.021484449505806 0
      vertex -29.200000002980232 23.581793069839478 4
    endloop
  endfacet
  facet normal 0.555570229365781 0.8314696147439505 0
    outer loop
      vertex -28.373413138091564 23.029485389590263 0
      vertex -29.200000002980232 23.581793069839478 0
      vertex -28.373413138091564 23.029485389590263 4
    endloop
  endfacet
  facet normal 0.9469301290641928 0.32143946657258987 0
    outer loop
      vertex -25.658963717520237 18.967024743556976 0
      vertex -25.978515550494194 19.9083940833807 0
      vertex -25.658963717520237 18.967024743556976 4
    endloop
  endfacet
  facet normal 0.8968727409210866 0.44228869145920674 0
    outer loop
      vertex -25.978515550494194 19.9083940833807 0
      vertex -26.418206930160522 20.799999997019768 0
      vertex -25.978515550494194 19.9083940833807 4
    endloop
  endfacet
  facet normal 0.8314696147439505 0.555570229365781 0
    outer loop
      vertex -26.418206930160522 20.799999997019768 0
      vertex -26.970514610409737 21.626586861908436 0
      vertex -26.418206930160522 20.799999997019768 4
    endloop
  endfacet
  facet normal 0.7518398069474519 0.6593458157061576 0
    outer loop
      vertex -26.970514610409737 21.626586861908436 0
      vertex -27.625988461077213 22.374011538922787 0
      vertex -26.970514610409737 21.626586861908436 4
    endloop
  endfacet
  facet normal 0.6593458157061576 0.7518398069474519 0
    outer loop
      vertex -28.373413138091564 23.029485389590263 0
      vertex -27.625988461077213 22.374011538922787 4
      vertex -27.625988461077213 22.374011538922787 0
    endloop
  endfacet
  facet normal 0 0 1
    outer loop
      vertex -74.60000000149012 -17 4
      vertex -25.658963717520237 18.967024743556976 4
      vertex -74.60000000149012 17 4
    endloop
  endfacet
  facet normal 0 0 1
    outer loop
      vertex -74.53498094528913 -17.991999059915543 4
      vertex -25.399999998509884 17 4
      vertex -25.465019054710865 17.991999059915543 4
    endloop
  endfacet
  facet normal 0 0 1
    outer loop
      vertex -74.60000000149012 -17 4
      vertex -25.465019054710865 17.991999059915543 4
      vertex -25.658963717520237 18.967024743556976 4
    endloop
  endfacet
  facet normal -0.9978589230610466 0.0654031319391376 0
    outer loop
      vertex -74.60000000149012 17 0
      vertex -74.60000000149012 17 4
      vertex -74.53498094528913 17.991999059915543 4
    endloop
  endfacet
  facet normal -0.9807852812077086 0.1950903179717437 0
    outer loop
      vertex -74.53498094528913 17.991999059915543 0
      vertex -74.53498094528913 17.991999059915543 4
      vertex -74.34103628247976 18.967024743556976 4
    endloop
  endfacet
  facet normal -0.9469301290641928 0.32143946657258987 0
    outer loop
      vertex -74.34103628247976 18.967024743556976 0
      vertex -74.34103628247976 18.967024743556976 4
      vertex -74.0214844495058 19.9083940833807 4
    endloop
  endfacet
  facet normal -0.8968727409210866 0.44228869145920674 0
    outer loop
      vertex -74.0214844495058 19.9083940833807 0
      vertex -74.0214844495058 19.9083940833807 4
      vertex -73.58179306983948 20.799999997019768 4
    endloop
  endfacet
  facet normal -0.8314696147439505 0.555570229365781 0
    outer loop
      vertex -73.58179306983948 20.799999997019768 0
      vertex -73.58179306983948 20.799999997019768 4
      vertex -73.02948538959026 21.626586861908436 4
    endloop
  endfacet
  facet normal -0.7518398069474519 0.6593458157061576 0
    outer loop
      vertex -73.02948538959026 21.626586861908436 0
      vertex -73.02948538959026 21.626586861908436 4
      vertex -72.37401153892279 22.374011538922787 4
    endloop
  endfacet
  facet normal -0.6593458157061576 0.7518398069474519 0
    outer loop
      vertex -72.37401153892279 22.374011538922787 0
      vertex -72.37401153892279 22.374011538922787 4
      vertex -71.62658686190844 23.029485389590263 4
    endloop
  endfacet
  facet normal -0.555570229365781 0.8314696147439505 0
    outer loop
      vertex -71.62658686190844 23.029485389590263 0
      vertex -71.62658686190844 23.029485389590263 4
      vertex -70.79999999701977 23.581793069839478 4
    endloop
  endfacet
  facet normal -0.44228869145920674 0.8968727409210866 0
    outer loop
      vertex -70.79999999701977 23.581793069839478 0
      vertex -70.79999999701977 23.581793069839478 4
      vertex -69.9083940833807 24.021484449505806 4
    endloop
  endfacet
  facet normal -0.32143946657258987 0.9469301290641928 0
    outer loop
      vertex -69.9083940833807 24.021484449505806 0
      vertex -69.9083940833807 24.021484449505806 4
      vertex -68.96702474355698 24.341036282479763 4
    endloop
  endfacet
  facet normal -0.1950903179717437 0.9807852812077086 0
    outer loop
      vertex -68.96702474355698 24.341036282479763 0
      vertex -68.96702474355698 24.341036282479763 4
      vertex -67.99199905991554 24.534980945289135 4
    endloop
  endfacet
  facet normal -0.0654031319391376 0.9978589230610466 0
    outer loop
      vertex -67.99199905991554 24.534980945289135 0
      vertex -67.99199905991554 24.534980945289135 4
      vertex -67 24.600000001490116 4
    endloop
  endfacet
  facet normal 0 1 0
    outer loop
      vertex -67 24.600000001490116 0
      vertex -67 24.600000001490116 4
      vertex -33 24.600000001490116 4
    endloop
  endfacet
  facet normal 0 0 1
    outer loop
      vertex -74.60000000149012 17 4
      vertex -25.978515550494194 19.9083940833807 4
      vertex -74.53498094528913 17.991999059915543 4
    endloop
  endfacet
  facet normal 0 0 1
    outer loop
      vertex -68.96702474355698 24.341036282479763 4
      vertex -67 24.600000001490116 4
      vertex -67.99199905991554 24.534980945289135 4
    endloop
  endfacet
  facet normal 0 0 1
    outer loop
      vertex -74.53498094528913 17.991999059915543 4
      vertex -26.418206930160522 20.799999997019768 4
      vertex -74.34103628247976 18.967024743556976 4
    endloop
  endfacet
  facet normal 0 0 1
    outer loop
      vertex -74.34103628247976 18.967024743556976 4
      vertex -26.970514610409737 21.626586861908436 4
      vertex -74.0214844495058 19.9083940833807 4
    endloop
  endfacet
  facet normal 0 0 1
    outer loop
      vertex -74.0214844495058 19.9083940833807 4
      vertex -27.625988461077213 22.374011538922787 4
      vertex -73.58179306983948 20.799999997019768 4
    endloop
  endfacet
  facet normal 0 0 1
    outer loop
      vertex -73.58179306983948 20.799999997019768 4
      vertex -28.373413138091564 23.029485389590263 4
      vertex -73.02948538959026 21.626586861908436 4
    endloop
  endfacet
  facet normal 0 0 1
    outer loop
      vertex -73.02948538959026 21.626586861908436 4
      vertex -29.200000002980232 23.581793069839478 4
      vertex -72.37401153892279 22.374011538922787 4
    endloop
  endfacet
  facet normal 0 0 1
    outer loop
      vertex -72.37401153892279 22.374011538922787 4
      vertex -30.0916059166193 24.021484449505806 4
      vertex -71.62658686190844 23.029485389590263 4
    endloop
  endfacet
  facet normal 0 0 1
    outer loop
      vertex -71.62658686190844 23.029485389590263 4
      vertex -31.032975256443024 24.341036282479763 4
      vertex -70.79999999701977 23.581793069839478 4
    endloop
  endfacet
  facet normal 0 0 1
    outer loop
      vertex -70.79999999701977 23.581793069839478 4
      vertex -32.00800094008446 24.534980945289135 4
      vertex -69.9083940833807 24.021484449505806 4
    endloop
  endfacet
  facet normal 0 0 1
    outer loop
      vertex -69.9083940833807 24.021484449505806 4
      vertex -33 24.600000001490116 4
      vertex -68.96702474355698 24.341036282479763 4
    endloop
  endfacet
  facet normal 0 0 1
    outer loop
      vertex -68.96702474355698 24.341036282479763 4
      vertex -33 24.600000001490116 4
      vertex -67 24.600000001490116 4
    endloop
  endfacet
  facet normal 0 0 1
    outer loop
      vertex -74.60000000149012 17 4
      vertex -25.658963717520237 18.967024743556976 4
      vertex -25.978515550494194 19.9083940833807 4
    endloop
  endfacet
  facet normal 0 0 1
    outer loop
      vertex -74.53498094528913 17.991999059915543 4
      vertex -25.978515550494194 19.9083940833807 4
      vertex -26.418206930160522 20.799999997019768 4
    endloop
  endfacet
  facet normal 0 0 1
    outer loop
      vertex -74.34103628247976 18.967024743556976 4
      vertex -26.418206930160522 20.799999997019768 4
      vertex -26.970514610409737 21.626586861908436 4
    endloop
  endfacet
  facet normal 0 0 1
    outer loop
      vertex -74.0214844495058 19.9083940833807 4
      vertex -26.970514610409737 21.626586861908436 4
      vertex -27.625988461077213 22.374011538922787 4
    endloop
  endfacet
  facet normal 0 0 1
    outer loop
      vertex -73.58179306983948 20.799999997019768 4
      vertex -27.625988461077213 22.374011538922787 4
      vertex -28.373413138091564 23.029485389590263 4
    endloop
  endfacet
  facet normal 0 0 1
    outer loop
      vertex -73.02948538959026 21.626586861908436 4
      vertex -28.373413138091564 23.029485389590263 4
      vertex -29.200000002980232 23.581793069839478 4
    endloop
  endfacet
  facet normal 0 0 1
    outer loop
      vertex -70.79999999701977 23.581793069839478 4
      vertex -31.032975256443024 24.341036282479763 4
      vertex -32.00800094008446 24.534980945289135 4
    endloop
  endfacet
  facet normal 0 0 1
    outer loop
      vertex -69.9083940833807 24.021484449505806 4
      vertex -32.00800094008446 24.534980945289135 4
      vertex -33 24.600000001490116 4
    endloop
  endfacet
  facet normal 0 0 1
    outer loop
      vertex -72.37401153892279 22.374011538922787 4
      vertex -29.200000002980232 23.581793069839478 4
      vertex -30.0916059166193 24.021484449505806 4
    endloop
  endfacet
  facet normal 0 0 1
    outer loop
      vertex -71.62658686190844 23.029485389590263 4
      vertex -30.0916059166193 24.021484449505806 4
      vertex -31.032975256443024 24.341036282479763 4
    endloop
  endfacet
  facet normal 1 0 0
    outer loop
      vertex -25.399999998509884 17 4
      vertex -25.399999998509884 9.13142143513081 3.1734133611649407
      vertex -25.399999998509884 10.606601717798213 2.8284271247461903
    endloop
  endfacet
  facet normal 1 0 0
    outer loop
      vertex -25.399999998509884 17 4
      vertex -25.399999998509884 0 4
      vertex -25.399999998509884 1.9578928833007736 3.9657794454952415
    endloop
  endfacet
  facet normal 1 0 0
    outer loop
      vertex -25.399999998509884 17 4
      vertex -25.399999998509884 1.9578928833007736 3.9657794454952415
      vertex -25.399999998509884 3.882285676537811 3.8637033051562732
    endloop
  endfacet
  facet normal 1 0 0
    outer loop
      vertex -25.399999998509884 17 4
      vertex -25.399999998509884 3.882285676537811 3.8637033051562732
      vertex -25.399999998509884 5.740251485476347 3.695518130045147
    endloop
  endfacet
  facet normal 1 0 0
    outer loop
      vertex -25.399999998509884 17 4
      vertex -25.399999998509884 5.740251485476347 3.695518130045147
      vertex -25.399999998509884 7.5 3.464101615137754
    endloop
  endfacet
  facet normal 1 0 0
    outer loop
      vertex -25.399999998509884 17 4
      vertex -25.399999998509884 7.5 3.464101615137754
      vertex -25.399999998509884 9.13142143513081 3.1734133611649407
    endloop
  endfacet
  facet normal 1 0 0
    outer loop
      vertex -25.399999998509884 17 4
      vertex -25.399999998509884 13.858192987669302 1.5307337294603591
      vertex -25.399999998509884 14.488887394336025 1.035276180410083
    endloop
  endfacet
  facet normal 1 0 0
    outer loop
      vertex -25.399999998509884 17 4
      vertex -25.399999998509884 12.990381056766578 2
      vertex -25.399999998509884 13.858192987669302 1.5307337294603591
    endloop
  endfacet
  facet normal 1 0 0
    outer loop
      vertex -25.399999998509884 17 4
      vertex -25.399999998509884 11.900300104368528 2.4350457160348826
      vertex -25.399999998509884 12.990381056766578 2
    endloop
  endfacet
  facet normal 0.9978589230610466 0.0654031319391376 0
    outer loop
      vertex -25.465019054710865 17.991999059915543 0
      vertex -25.465019054710865 17.991999059915543 4
      vertex -25.399999998509884 17 4
    endloop
  endfacet
  facet normal 0.0654031319391376 0.9978589230610466 0
    outer loop
      vertex -33 24.600000001490116 0
      vertex -33 24.600000001490116 4
      vertex -32.00800094008446 24.534980945289135 4
    endloop
  endfacet
  facet normal 0.6593458157061576 0.7518398069474519 0
    outer loop
      vertex -28.373413138091564 23.029485389590263 0
      vertex -28.373413138091564 23.029485389590263 4
      vertex -27.625988461077213 22.374011538922787 4
    endloop
  endfacet
  facet normal 0.1950903179717437 0.9807852812077086 0
    outer loop
      vertex -32.00800094008446 24.534980945289135 0
      vertex -32.00800094008446 24.534980945289135 4
      vertex -31.032975256443024 24.341036282479763 4
    endloop
  endfacet
  facet normal 0.32143946657258987 0.9469301290641928 0
    outer loop
      vertex -31.032975256443024 24.341036282479763 0
      vertex -31.032975256443024 24.341036282479763 4
      vertex -30.0916059166193 24.021484449505806 4
    endloop
  endfacet
  facet normal 0.555570229365781 0.8314696147439505 0
    outer loop
      vertex -29.200000002980232 23.581793069839478 0
      vertex -29.200000002980232 23.581793069839478 4
      vertex -28.373413138091564 23.029485389590263 4
    endloop
  endfacet
  facet normal 0.44228869145920674 0.8968727409210866 0
    outer loop
      vertex -30.0916059166193 24.021484449505806 0
      vertex -30.0916059166193 24.021484449505806 4
      vertex -29.200000002980232 23.581793069839478 4
    endloop
  endfacet
  facet normal 0.9469301290641928 0.32143946657258987 0
    outer loop
      vertex -25.978515550494194 19.9083940833807 0
      vertex -25.978515550494194 19.9083940833807 4
      vertex -25.658963717520237 18.967024743556976 4
    endloop
  endfacet
  facet normal 0.9807852812077086 0.1950903179717437 0
    outer loop
      vertex -25.658963717520237 18.967024743556976 0
      vertex -25.658963717520237 18.967024743556976 4
      vertex -25.465019054710865 17.991999059915543 4
    endloop
  endfacet
  facet normal 0.8968727409210866 0.44228869145920674 0
    outer loop
      vertex -26.418206930160522 20.799999997019768 0
      vertex -26.418206930160522 20.799999997019768 4
      vertex -25.978515550494194 19.9083940833807 4
    endloop
  endfacet
  facet normal 0.8314696147439505 0.555570229365781 0
    outer loop
      vertex -26.970514610409737 21.626586861908436 0
      vertex -26.970514610409737 21.626586861908436 4
      vertex -26.418206930160522 20.799999997019768 4
    endloop
  endfacet
  facet normal 0.7518398069474519 0.6593458157061576 0
    outer loop
      vertex -27.625988461077213 22.374011538922787 0
      vertex -27.625988461077213 22.374011538922787 4
      vertex -26.970514610409737 21.626586861908436 4
    endloop
  endfacet
  facet normal 1 0 0
    outer loop
      vertex -25.399999998509884 17 4
      vertex -25.399999998509884 10.606601717798213 2.8284271247461903
      vertex -25.399999998509884 11.900300104368528 2.4350457160348826
    endloop
  endfacet
  facet normal -0.6593458157061576 -0.7518398069474519 0
    outer loop
      vertex 27.625988461077213 -22.374011538922787 0
      vertex 28.373413138091564 -23.029485389590263 0
      vertex 27.625988461077213 -22.374011538922787 4
    endloop
  endfacet
  facet normal -0.7518398069474519 -0.6593458157061576 0
    outer loop
      vertex 27.625988461077213 -22.374011538922787 0
      vertex 26.970514610409737 -21.626586861908436 4
      vertex 26.970514610409737 -21.626586861908436 0
    endloop
  endfacet
  facet normal -0.8314696147439505 -0.555570229365781 0
    outer loop
      vertex 26.970514610409737 -21.626586861908436 0
      vertex 26.418206930160522 -20.799999997019768 4
      vertex 26.418206930160522 -20.799999997019768 0
    endloop
  endfacet
  facet normal -0.8968727409210866 -0.44228869145920674 0
    outer loop
      vertex 26.418206930160522 -20.799999997019768 0
      vertex 25.978515550494194 -19.9083940833807 4
      vertex 25.978515550494194 -19.9083940833807 0
    endloop
  endfacet
  facet normal -0.9469301290641928 -0.32143946657258987 0
    outer loop
      vertex 25.978515550494194 -19.9083940833807 0
      vertex 25.658963717520237 -18.967024743556976 4
      vertex 25.658963717520237 -18.967024743556976 0
    endloop
  endfacet
  facet normal -0.555570229365781 -0.8314696147439505 0
    outer loop
      vertex 29.200000002980232 -23.581793069839478 0
      vertex 28.373413138091564 -23.029485389590263 4
      vertex 28.373413138091564 -23.029485389590263 0
    endloop
  endfacet
  facet normal -0.44228869145920674 -0.8968727409210866 0
    outer loop
      vertex 30.0916059166193 -24.021484449505806 0
      vertex 29.200000002980232 -23.581793069839478 4
      vertex 29.200000002980232 -23.581793069839478 0
    endloop
  endfacet
  facet normal -0.1950903179717437 -0.9807852812077086 0
    outer loop
      vertex 31.032975256443024 -24.341036282479763 0
      vertex 32.00800094008446 -24.534980945289135 0
      vertex 31.032975256443024 -24.341036282479763 4
    endloop
  endfacet
  facet normal -0.32143946657258987 -0.9469301290641928 0
    outer loop
      vertex 30.0916059166193 -24.021484449505806 0
      vertex 31.032975256443024 -24.341036282479763 0
      vertex 30.0916059166193 -24.021484449505806 4
    endloop
  endfacet
  facet normal -0.0654031319391376 -0.9978589230610466 0
    outer loop
      vertex 32.00800094008446 -24.534980945289135 0
      vertex 33 -24.600000001490116 0
      vertex 32.00800094008446 -24.534980945289135 4
    endloop
  endfacet
  facet normal -0.9807852812077086 -0.1950903179717437 0
    outer loop
      vertex 25.658963717520237 -18.967024743556976 0
      vertex 25.465019054710865 -17.991999059915543 4
      vertex 25.465019054710865 -17.991999059915543 0
    endloop
  endfacet
  facet normal -0.9978589230610466 -0.0654031319391376 0
    outer loop
      vertex 25.465019054710865 -17.991999059915543 0
      vertex 25.399999998509884 -17 4
      vertex 25.399999998509884 -17 0
    endloop
  endfacet
  facet normal -1 0 0
    outer loop
      vertex 25.399999998509884 -17 0
      vertex 25.399999998509884 -17 4
      vertex 25.399999998509884 -15 0
    endloop
  endfacet
  facet normal -1 0 0
    outer loop
      vertex 25.399999998509884 -17 4
      vertex 25.399999998509884 -14.871672920607155 0.5221047688802063
      vertex 25.399999998509884 -15 0
    endloop
  endfacet
  facet normal -1 0 0
    outer loop
      vertex 25.399999998509884 -17 4
      vertex 25.399999998509884 -14.488887394336025 1.035276180410083
      vertex 25.399999998509884 -14.871672920607155 0.5221047688802063
    endloop
  endfacet
  facet normal 0 0 -1
    outer loop
      vertex 30.0916059166193 -24.021484449505806 0
      vertex 71.62658686190844 -23.029485389590263 0
      vertex 31.032975256443024 -24.341036282479763 0
    endloop
  endfacet
  facet normal 0 0 -1
    outer loop
      vertex 30.0916059166193 -24.021484449505806 0
      vertex 29.200000002980232 -23.581793069839478 0
      vertex 72.37401153892279 -22.374011538922787 0
    endloop
  endfacet
  facet normal 0 0 -1
    outer loop
      vertex 32.00800094008446 -24.534980945289135 0
      vertex 69.9083940833807 -24.021484449505806 0
      vertex 33 -24.600000001490116 0
    endloop
  endfacet
  facet normal 0 0 -1
    outer loop
      vertex 31.032975256443024 -24.341036282479763 0
      vertex 70.79999999701977 -23.581793069839478 0
      vertex 32.00800094008446 -24.534980945289135 0
    endloop
  endfacet
  facet normal 0 0 -1
    outer loop
      vertex 29.200000002980232 -23.581793069839478 0
      vertex 28.373413138091564 -23.029485389590263 0
      vertex 73.02948538959026 -21.626586861908436 0
    endloop
  endfacet
  facet normal 0 0 -1
    outer loop
      vertex 27.625988461077213 -22.374011538922787 0
      vertex 73.58179306983948 -20.799999997019768 0
      vertex 28.373413138091564 -23.029485389590263 0
    endloop
  endfacet
  facet normal 0 0 -1
    outer loop
      vertex 27.625988461077213 -22.374011538922787 0
      vertex 26.970514610409737 -21.626586861908436 0
      vertex 74.0214844495058 -19.9083940833807 0
    endloop
  endfacet
  facet normal 0 0 -1
    outer loop
      vertex 26.970514610409737 -21.626586861908436 0
      vertex 26.418206930160522 -20.799999997019768 0
      vertex 74.34103628247976 -18.967024743556976 0
    endloop
  endfacet
  facet normal 0 0 -1
    outer loop
      vertex 26.418206930160522 -20.799999997019768 0
      vertex 25.978515550494194 -19.9083940833807 0
      vertex 74.53498094528913 -17.991999059915543 0
    endloop
  endfacet
  facet normal 0 0 -1
    outer loop
      vertex 25.978515550494194 -19.9083940833807 0
      vertex 25.658963717520237 -18.967024743556976 0
      vertex 74.60000000149012 -17 0
    endloop
  endfacet
  facet normal 0 0 -1
    outer loop
      vertex 33 -24.600000001490116 0
      vertex 68.96702474355698 -24.341036282479763 0
      vertex 67 -24.600000001490116 0
    endloop
  endfacet
  facet normal 0 0 -1
    outer loop
      vertex 33 -24.600000001490116 0
      vertex 69.9083940833807 -24.021484449505806 0
      vertex 68.96702474355698 -24.341036282479763 0
    endloop
  endfacet
  facet normal 0 0 -1
    outer loop
      vertex 32.00800094008446 -24.534980945289135 0
      vertex 70.79999999701977 -23.581793069839478 0
      vertex 69.9083940833807 -24.021484449505806 0
    endloop
  endfacet
  facet normal 0 0 -1
    outer loop
      vertex 31.032975256443024 -24.341036282479763 0
      vertex 71.62658686190844 -23.029485389590263 0
      vertex 70.79999999701977 -23.581793069839478 0
    endloop
  endfacet
  facet normal 0 0 -1
    outer loop
      vertex 30.0916059166193 -24.021484449505806 0
      vertex 72.37401153892279 -22.374011538922787 0
      vertex 71.62658686190844 -23.029485389590263 0
    endloop
  endfacet
  facet normal 0 0 -1
    outer loop
      vertex 29.200000002980232 -23.581793069839478 0
      vertex 73.02948538959026 -21.626586861908436 0
      vertex 72.37401153892279 -22.374011538922787 0
    endloop
  endfacet
  facet normal 0 0 -1
    outer loop
      vertex 28.373413138091564 -23.029485389590263 0
      vertex 73.58179306983948 -20.799999997019768 0
      vertex 73.02948538959026 -21.626586861908436 0
    endloop
  endfacet
  facet normal 0 0 -1
    outer loop
      vertex 27.625988461077213 -22.374011538922787 0
      vertex 74.0214844495058 -19.9083940833807 0
      vertex 73.58179306983948 -20.799999997019768 0
    endloop
  endfacet
  facet normal 0 0 -1
    outer loop
      vertex 26.970514610409737 -21.626586861908436 0
      vertex 74.34103628247976 -18.967024743556976 0
      vertex 74.0214844495058 -19.9083940833807 0
    endloop
  endfacet
  facet normal 0 0 -1
    outer loop
      vertex 26.418206930160522 -20.799999997019768 0
      vertex 74.53498094528913 -17.991999059915543 0
      vertex 74.34103628247976 -18.967024743556976 0
    endloop
  endfacet
  facet normal 0 0 -1
    outer loop
      vertex 67 -24.600000001490116 0
      vertex 68.96702474355698 -24.341036282479763 0
      vertex 67.99199905991554 -24.534980945289135 0
    endloop
  endfacet
  facet normal 0 0 -1
    outer loop
      vertex 25.978515550494194 -19.9083940833807 0
      vertex 74.60000000149012 -17 0
      vertex 74.53498094528913 -17.991999059915543 0
    endloop
  endfacet
  facet normal 0 -1 0
    outer loop
      vertex 33 -24.600000001490116 0
      vertex 67 -24.600000001490116 0
      vertex 33 -24.600000001490116 4
    endloop
  endfacet
  facet normal 0.0654031319391376 -0.9978589230610466 0
    outer loop
      vertex 67 -24.600000001490116 0
      vertex 67.99199905991554 -24.534980945289135 0
      vertex 67 -24.600000001490116 4
    endloop
  endfacet
  facet normal 0.1950903179717437 -0.9807852812077086 0
    outer loop
      vertex 67.99199905991554 -24.534980945289135 0
      vertex 68.96702474355698 -24.341036282479763 0
      vertex 67.99199905991554 -24.534980945289135 4
    endloop
  endfacet
  facet normal 0.32143946657258987 -0.9469301290641928 0
    outer loop
      vertex 68.96702474355698 -24.341036282479763 0
      vertex 69.9083940833807 -24.021484449505806 0
      vertex 68.96702474355698 -24.341036282479763 4
    endloop
  endfacet
  facet normal 0.44228869145920674 -0.8968727409210866 0
    outer loop
      vertex 69.9083940833807 -24.021484449505806 0
      vertex 70.79999999701977 -23.581793069839478 0
      vertex 69.9083940833807 -24.021484449505806 4
    endloop
  endfacet
  facet normal 0.555570229365781 -0.8314696147439505 0
    outer loop
      vertex 70.79999999701977 -23.581793069839478 0
      vertex 71.62658686190844 -23.029485389590263 0
      vertex 70.79999999701977 -23.581793069839478 4
    endloop
  endfacet
  facet normal 0.6593458157061576 -0.7518398069474519 0
    outer loop
      vertex 71.62658686190844 -23.029485389590263 0
      vertex 72.37401153892279 -22.374011538922787 0
      vertex 71.62658686190844 -23.029485389590263 4
    endloop
  endfacet
  facet normal 0.7518398069474519 -0.6593458157061576 0
    outer loop
      vertex 72.37401153892279 -22.374011538922787 0
      vertex 73.02948538959026 -21.626586861908436 0
      vertex 72.37401153892279 -22.374011538922787 4
    endloop
  endfacet
  facet normal 0.8314696147439505 -0.555570229365781 0
    outer loop
      vertex 73.02948538959026 -21.626586861908436 0
      vertex 73.58179306983948 -20.799999997019768 0
      vertex 73.02948538959026 -21.626586861908436 4
    endloop
  endfacet
  facet normal 0.8968727409210866 -0.44228869145920674 0
    outer loop
      vertex 73.58179306983948 -20.799999997019768 0
      vertex 74.0214844495058 -19.9083940833807 0
      vertex 73.58179306983948 -20.799999997019768 4
    endloop
  endfacet
  facet normal 0.9469301290641928 -0.32143946657258987 0
    outer loop
      vertex 74.0214844495058 -19.9083940833807 0
      vertex 74.34103628247976 -18.967024743556976 0
      vertex 74.0214844495058 -19.9083940833807 4
    endloop
  endfacet
  facet normal 0.9807852812077086 -0.1950903179717437 0
    outer loop
      vertex 74.34103628247976 -18.967024743556976 0
      vertex 74.53498094528913 -17.991999059915543 0
      vertex 74.34103628247976 -18.967024743556976 4
    endloop
  endfacet
  facet normal 0.9978589230610466 -0.0654031319391376 0
    outer loop
      vertex 74.53498094528913 -17.991999059915543 0
      vertex 74.60000000149012 -17 0
      vertex 74.53498094528913 -17.991999059915543 4
    endloop
  endfacet
  facet normal 0 0 -1
    outer loop
      vertex 25.658963717520237 -18.967024743556976 0
      vertex 25.465019054710865 -17.991999059915543 0
      vertex 74.60000000149012 17 0
    endloop
  endfacet
  facet normal 0 0 -1
    outer loop
      vertex 25.465019054710865 -17.991999059915543 0
      vertex 25.399999998509884 -17 0
      vertex 74.53498094528913 17.991999059915543 0
    endloop
  endfacet
  facet normal 0 0 -1
    outer loop
      vertex 25.399999998509884 -17 0
      vertex 25.399999998509884 -15 0
      vertex 74.34103628247976 18.967024743556976 0
    endloop
  endfacet
  facet normal 0 0 -1
    outer loop
      vertex 25.658963717520237 -18.967024743556976 0
      vertex 74.60000000149012 17 0
      vertex 74.60000000149012 -17 0
    endloop
  endfacet
  facet normal 1 0 0
    outer loop
      vertex 74.60000000149012 -17 0
      vertex 74.60000000149012 17 0
      vertex 74.60000000149012 -17 4
    endloop
  endfacet
  facet normal -0.7518398069474519 -0.6593458157061576 0
    outer loop
      vertex 27.625988461077213 -22.374011538922787 0
      vertex 27.625988461077213 -22.374011538922787 4
      vertex 26.970514610409737 -21.626586861908436 4
    endloop
  endfacet
  facet normal -0.8314696147439505 -0.555570229365781 0
    outer loop
      vertex 26.970514610409737 -21.626586861908436 0
      vertex 26.970514610409737 -21.626586861908436 4
      vertex 26.418206930160522 -20.799999997019768 4
    endloop
  endfacet
  facet normal -0.8968727409210866 -0.44228869145920674 0
    outer loop
      vertex 26.418206930160522 -20.799999997019768 0
      vertex 26.418206930160522 -20.799999997019768 4
      vertex 25.978515550494194 -19.9083940833807 4
    endloop
  endfacet
  facet normal -0.9807852812077086 -0.1950903179717437 0
    outer loop
      vertex 25.658963717520237 -18.967024743556976 0
      vertex 25.658963717520237 -18.967024743556976 4
      vertex 25.465019054710865 -17.991999059915543 4
    endloop
  endfacet
  facet normal -0.9469301290641928 -0.32143946657258987 0
    outer loop
      vertex 25.978515550494194 -19.9083940833807 0
      vertex 25.978515550494194 -19.9083940833807 4
      vertex 25.658963717520237 -18.967024743556976 4
    endloop
  endfacet
  facet normal -0.44228869145920674 -0.8968727409210866 0
    outer loop
      vertex 30.0916059166193 -24.021484449505806 0
      vertex 30.0916059166193 -24.021484449505806 4
      vertex 29.200000002980232 -23.581793069839478 4
    endloop
  endfacet
  facet normal -0.555570229365781 -0.8314696147439505 0
    outer loop
      vertex 29.200000002980232 -23.581793069839478 0
      vertex 29.200000002980232 -23.581793069839478 4
      vertex 28.373413138091564 -23.029485389590263 4
    endloop
  endfacet
  facet normal -0.32143946657258987 -0.9469301290641928 0
    outer loop
      vertex 31.032975256443024 -24.341036282479763 0
      vertex 31.032975256443024 -24.341036282479763 4
      vertex 30.0916059166193 -24.021484449505806 4
    endloop
  endfacet
  facet normal -0.1950903179717437 -0.9807852812077086 0
    outer loop
      vertex 32.00800094008446 -24.534980945289135 0
      vertex 32.00800094008446 -24.534980945289135 4
      vertex 31.032975256443024 -24.341036282479763 4
    endloop
  endfacet
  facet normal -0.6593458157061576 -0.7518398069474519 0
    outer loop
      vertex 28.373413138091564 -23.029485389590263 0
      vertex 28.373413138091564 -23.029485389590263 4
      vertex 27.625988461077213 -22.374011538922787 4
    endloop
  endfacet
  facet normal -0.0654031319391376 -0.9978589230610466 0
    outer loop
      vertex 33 -24.600000001490116 0
      vertex 33 -24.600000001490116 4
      vertex 32.00800094008446 -24.534980945289135 4
    endloop
  endfacet
  facet normal -1 0 0
    outer loop
      vertex 25.399999998509884 -17 4
      vertex 25.399999998509884 -13.858192987669302 1.5307337294603591
      vertex 25.399999998509884 -14.488887394336025 1.035276180410083
    endloop
  endfacet
  facet normal -0.9978589230610466 -0.0654031319391376 0
    outer loop
      vertex 25.465019054710865 -17.991999059915543 0
      vertex 25.465019054710865 -17.991999059915543 4
      vertex 25.399999998509884 -17 4
    endloop
  endfacet
  facet normal -1 0 0
    outer loop
      vertex 25.399999998509884 -17 4
      vertex 25.399999998509884 -12.990381056766578 2
      vertex 25.399999998509884 -13.858192987669302 1.5307337294603591
    endloop
  endfacet
  facet normal -1 0 0
    outer loop
      vertex 25.399999998509884 -17 4
      vertex 25.399999998509884 -11.900300104368528 2.4350457160348826
      vertex 25.399999998509884 -12.990381056766578 2
    endloop
  endfacet
  facet normal -1 0 0
    outer loop
      vertex 25.399999998509884 -17 4
      vertex 25.399999998509884 -10.606601717798213 2.8284271247461903
      vertex 25.399999998509884 -11.900300104368528 2.4350457160348826
    endloop
  endfacet
  facet normal -1 0 0
    outer loop
      vertex 25.399999998509884 -17 4
      vertex 25.399999998509884 -9.13142143513081 3.1734133611649407
      vertex 25.399999998509884 -10.606601717798213 2.8284271247461903
    endloop
  endfacet
  facet normal -1 0 0
    outer loop
      vertex 25.399999998509884 -17 4
      vertex 25.399999998509884 -7.5 3.464101615137754
      vertex 25.399999998509884 -9.13142143513081 3.1734133611649407
    endloop
  endfacet
  facet normal -1 0 0
    outer loop
      vertex 25.399999998509884 -17 4
      vertex 25.399999998509884 -5.740251485476347 3.695518130045147
      vertex 25.399999998509884 -7.5 3.464101615137754
    endloop
  endfacet
  facet normal -1 0 0
    outer loop
      vertex 25.399999998509884 -17 4
      vertex 25.399999998509884 -3.882285676537811 3.8637033051562732
      vertex 25.399999998509884 -5.740251485476347 3.695518130045147
    endloop
  endfacet
  facet normal -1 0 0
    outer loop
      vertex 25.399999998509884 -17 4
      vertex 25.399999998509884 -1.9578928833007736 3.9657794454952415
      vertex 25.399999998509884 -3.882285676537811 3.8637033051562732
    endloop
  endfacet
  facet normal -1 0 0
    outer loop
      vertex 25.399999998509884 -17 4
      vertex 25.399999998509884 0 4
      vertex 25.399999998509884 -1.9578928833007736 3.9657794454952415
    endloop
  endfacet
  facet normal 0 -1 0
    outer loop
      vertex 67 -24.600000001490116 0
      vertex 67 -24.600000001490116 4
      vertex 33 -24.600000001490116 4
    endloop
  endfacet
  facet normal 0.0654031319391376 -0.9978589230610466 0
    outer loop
      vertex 67.99199905991554 -24.534980945289135 0
      vertex 67.99199905991554 -24.534980945289135 4
      vertex 67 -24.600000001490116 4
    endloop
  endfacet
  facet normal 0.1950903179717437 -0.9807852812077086 0
    outer loop
      vertex 68.96702474355698 -24.341036282479763 0
      vertex 68.96702474355698 -24.341036282479763 4
      vertex 67.99199905991554 -24.534980945289135 4
    endloop
  endfacet
  facet normal 0.32143946657258987 -0.9469301290641928 0
    outer loop
      vertex 69.9083940833807 -24.021484449505806 0
      vertex 69.9083940833807 -24.021484449505806 4
      vertex 68.96702474355698 -24.341036282479763 4
    endloop
  endfacet
  facet normal 0.44228869145920674 -0.8968727409210866 0
    outer loop
      vertex 70.79999999701977 -23.581793069839478 0
      vertex 70.79999999701977 -23.581793069839478 4
      vertex 69.9083940833807 -24.021484449505806 4
    endloop
  endfacet
  facet normal 0.555570229365781 -0.8314696147439505 0
    outer loop
      vertex 71.62658686190844 -23.029485389590263 0
      vertex 71.62658686190844 -23.029485389590263 4
      vertex 70.79999999701977 -23.581793069839478 4
    endloop
  endfacet
  facet normal 0.6593458157061576 -0.7518398069474519 0
    outer loop
      vertex 72.37401153892279 -22.374011538922787 0
      vertex 72.37401153892279 -22.374011538922787 4
      vertex 71.62658686190844 -23.029485389590263 4
    endloop
  endfacet
  facet normal 0.7518398069474519 -0.6593458157061576 0
    outer loop
      vertex 73.02948538959026 -21.626586861908436 0
      vertex 73.02948538959026 -21.626586861908436 4
      vertex 72.37401153892279 -22.374011538922787 4
    endloop
  endfacet
  facet normal 0.8314696147439505 -0.555570229365781 0
    outer loop
      vertex 73.58179306983948 -20.799999997019768 0
      vertex 73.58179306983948 -20.799999997019768 4
      vertex 73.02948538959026 -21.626586861908436 4
    endloop
  endfacet
  facet normal 0.8968727409210866 -0.44228869145920674 0
    outer loop
      vertex 74.0214844495058 -19.9083940833807 0
      vertex 74.0214844495058 -19.9083940833807 4
      vertex 73.58179306983948 -20.799999997019768 4
    endloop
  endfacet
  facet normal 0.9469301290641928 -0.32143946657258987 0
    outer loop
      vertex 74.34103628247976 -18.967024743556976 0
      vertex 74.34103628247976 -18.967024743556976 4
      vertex 74.0214844495058 -19.9083940833807 4
    endloop
  endfacet
  facet normal 0.9807852812077086 -0.1950903179717437 0
    outer loop
      vertex 74.53498094528913 -17.991999059915543 0
      vertex 74.53498094528913 -17.991999059915543 4
      vertex 74.34103628247976 -18.967024743556976 4
    endloop
  endfacet
  facet normal 0.9978589230610466 -0.0654031319391376 0
    outer loop
      vertex 74.60000000149012 -17 0
      vertex 74.60000000149012 -17 4
      vertex 74.53498094528913 -17.991999059915543 4
    endloop
  endfacet
  facet normal 0 0 1
    outer loop
      vertex 30.0916059166193 -24.021484449505806 4
      vertex 31.032975256443024 -24.341036282479763 4
      vertex 71.62658686190844 -23.029485389590263 4
    endloop
  endfacet
  facet normal 0 0 1
    outer loop
      vertex 30.0916059166193 -24.021484449505806 4
      vertex 72.37401153892279 -22.374011538922787 4
      vertex 29.200000002980232 -23.581793069839478 4
    endloop
  endfacet
  facet normal 0 0 1
    outer loop
      vertex 32.00800094008446 -24.534980945289135 4
      vertex 33 -24.600000001490116 4
      vertex 69.9083940833807 -24.021484449505806 4
    endloop
  endfacet
  facet normal 0 0 1
    outer loop
      vertex 31.032975256443024 -24.341036282479763 4
      vertex 32.00800094008446 -24.534980945289135 4
      vertex 70.79999999701977 -23.581793069839478 4
    endloop
  endfacet
  facet normal 0 0 1
    outer loop
      vertex 29.200000002980232 -23.581793069839478 4
      vertex 73.02948538959026 -21.626586861908436 4
      vertex 28.373413138091564 -23.029485389590263 4
    endloop
  endfacet
  facet normal 0 0 1
    outer loop
      vertex 27.625988461077213 -22.374011538922787 4
      vertex 28.373413138091564 -23.029485389590263 4
      vertex 73.58179306983948 -20.799999997019768 4
    endloop
  endfacet
  facet normal 0 0 1
    outer loop
      vertex 27.625988461077213 -22.374011538922787 4
      vertex 74.0214844495058 -19.9083940833807 4
      vertex 26.970514610409737 -21.626586861908436 4
    endloop
  endfacet
  facet normal 0 0 1
    outer loop
      vertex 26.970514610409737 -21.626586861908436 4
      vertex 74.34103628247976 -18.967024743556976 4
      vertex 26.418206930160522 -20.799999997019768 4
    endloop
  endfacet
  facet normal 0 0 1
    outer loop
      vertex 26.418206930160522 -20.799999997019768 4
      vertex 74.53498094528913 -17.991999059915543 4
      vertex 25.978515550494194 -19.9083940833807 4
    endloop
  endfacet
  facet normal 0 0 1
    outer loop
      vertex 25.978515550494194 -19.9083940833807 4
      vertex 74.60000000149012 -17 4
      vertex 25.658963717520237 -18.967024743556976 4
    endloop
  endfacet
  facet normal 0 0 1
    outer loop
      vertex 33 -24.600000001490116 4
      vertex 67 -24.600000001490116 4
      vertex 68.96702474355698 -24.341036282479763 4
    endloop
  endfacet
  facet normal 0 0 1
    outer loop
      vertex 33 -24.600000001490116 4
      vertex 68.96702474355698 -24.341036282479763 4
      vertex 69.9083940833807 -24.021484449505806 4
    endloop
  endfacet
  facet normal 0 0 1
    outer loop
      vertex 32.00800094008446 -24.534980945289135 4
      vertex 69.9083940833807 -24.021484449505806 4
      vertex 70.79999999701977 -23.581793069839478 4
    endloop
  endfacet
  facet normal 0 0 1
    outer loop
      vertex 31.032975256443024 -24.341036282479763 4
      vertex 70.79999999701977 -23.581793069839478 4
      vertex 71.62658686190844 -23.029485389590263 4
    endloop
  endfacet
  facet normal 0 0 1
    outer loop
      vertex 30.0916059166193 -24.021484449505806 4
      vertex 71.62658686190844 -23.029485389590263 4
      vertex 72.37401153892279 -22.374011538922787 4
    endloop
  endfacet
  facet normal 0 0 1
    outer loop
      vertex 29.200000002980232 -23.581793069839478 4
      vertex 72.37401153892279 -22.374011538922787 4
      vertex 73.02948538959026 -21.626586861908436 4
    endloop
  endfacet
  facet normal 0 0 1
    outer loop
      vertex 28.373413138091564 -23.029485389590263 4
      vertex 73.02948538959026 -21.626586861908436 4
      vertex 73.58179306983948 -20.799999997019768 4
    endloop
  endfacet
  facet normal 0 0 1
    outer loop
      vertex 27.625988461077213 -22.374011538922787 4
      vertex 73.58179306983948 -20.799999997019768 4
      vertex 74.0214844495058 -19.9083940833807 4
    endloop
  endfacet
  facet normal 0 0 1
    outer loop
      vertex 26.970514610409737 -21.626586861908436 4
      vertex 74.0214844495058 -19.9083940833807 4
      vertex 74.34103628247976 -18.967024743556976 4
    endloop
  endfacet
  facet normal 0 0 1
    outer loop
      vertex 26.418206930160522 -20.799999997019768 4
      vertex 74.34103628247976 -18.967024743556976 4
      vertex 74.53498094528913 -17.991999059915543 4
    endloop
  endfacet
  facet normal 0 0 1
    outer loop
      vertex 67 -24.600000001490116 4
      vertex 67.99199905991554 -24.534980945289135 4
      vertex 68.96702474355698 -24.341036282479763 4
    endloop
  endfacet
  facet normal 0 0 1
    outer loop
      vertex 25.978515550494194 -19.9083940833807 4
      vertex 74.53498094528913 -17.991999059915543 4
      vertex 74.60000000149012 -17 4
    endloop
  endfacet
  facet normal 0 0 1
    outer loop
      vertex 25.658963717520237 -18.967024743556976 4
      vertex 74.60000000149012 17 4
      vertex 25.465019054710865 -17.991999059915543 4
    endloop
  endfacet
  facet normal 0 0 1
    outer loop
      vertex 25.465019054710865 -17.991999059915543 4
      vertex 74.53498094528913 17.991999059915543 4
      vertex 25.399999998509884 -17 4
    endloop
  endfacet
  facet normal 0 0 1
    outer loop
      vertex 25.658963717520237 -18.967024743556976 4
      vertex 74.60000000149012 -17 4
      vertex 74.60000000149012 17 4
    endloop
  endfacet
  facet normal -1 0 0
    outer loop
      vertex 25.399999998509884 17 0
      vertex 25.399999998509884 15 0
      vertex 25.399999998509884 14.871672920607155 0.5221047688802063
    endloop
  endfacet
  facet normal 0 0 -1
    outer loop
      vertex 31.032975256443024 24.341036282479763 0
      vertex 32.00800094008446 24.534980945289135 0
      vertex 33 24.600000001490116 0
    endloop
  endfacet
  facet normal -0.9978589230610466 0.0654031319391376 0
    outer loop
      vertex 25.399999998509884 17 0
      vertex 25.465019054710865 17.991999059915543 4
      vertex 25.465019054710865 17.991999059915543 0
    endloop
  endfacet
  facet normal -1 0 0
    outer loop
      vertex 25.399999998509884 17 0
      vertex 25.399999998509884 14.871672920607155 0.5221047688802063
      vertex 25.399999998509884 17 4
    endloop
  endfacet
  facet normal -1 0 0
    outer loop
      vertex 25.399999998509884 17 4
      vertex 25.399999998509884 14.871672920607155 0.5221047688802063
      vertex 25.399999998509884 14.488887394336025 1.035276180410083
    endloop
  endfacet
  facet normal -0.9807852812077086 0.1950903179717437 0
    outer loop
      vertex 25.465019054710865 17.991999059915543 0
      vertex 25.658963717520237 18.967024743556976 4
      vertex 25.658963717520237 18.967024743556976 0
    endloop
  endfacet
  facet normal -0.9469301290641928 0.32143946657258987 0
    outer loop
      vertex 25.658963717520237 18.967024743556976 0
      vertex 25.978515550494194 19.9083940833807 4
      vertex 25.978515550494194 19.9083940833807 0
    endloop
  endfacet
  facet normal -0.8968727409210866 0.44228869145920674 0
    outer loop
      vertex 25.978515550494194 19.9083940833807 0
      vertex 26.418206930160522 20.799999997019768 4
      vertex 26.418206930160522 20.799999997019768 0
    endloop
  endfacet
  facet normal -0.8314696147439505 0.555570229365781 0
    outer loop
      vertex 26.418206930160522 20.799999997019768 0
      vertex 26.970514610409737 21.626586861908436 4
      vertex 26.970514610409737 21.626586861908436 0
    endloop
  endfacet
  facet normal -0.7518398069474519 0.6593458157061576 0
    outer loop
      vertex 26.970514610409737 21.626586861908436 0
      vertex 27.625988461077213 22.374011538922787 4
      vertex 27.625988461077213 22.374011538922787 0
    endloop
  endfacet
  facet normal -0.6593458157061576 0.7518398069474519 0
    outer loop
      vertex 27.625988461077213 22.374011538922787 0
      vertex 28.373413138091564 23.029485389590263 4
      vertex 28.373413138091564 23.029485389590263 0
    endloop
  endfacet
  facet normal -0.555570229365781 0.8314696147439505 0
    outer loop
      vertex 28.373413138091564 23.029485389590263 0
      vertex 29.200000002980232 23.581793069839478 4
      vertex 29.200000002980232 23.581793069839478 0
    endloop
  endfacet
  facet normal -0.44228869145920674 0.8968727409210866 0
    outer loop
      vertex 29.200000002980232 23.581793069839478 0
      vertex 30.0916059166193 24.021484449505806 4
      vertex 30.0916059166193 24.021484449505806 0
    endloop
  endfacet
  facet normal -0.32143946657258987 0.9469301290641928 0
    outer loop
      vertex 30.0916059166193 24.021484449505806 0
      vertex 31.032975256443024 24.341036282479763 4
      vertex 31.032975256443024 24.341036282479763 0
    endloop
  endfacet
  facet normal -0.1950903179717437 0.9807852812077086 0
    outer loop
      vertex 31.032975256443024 24.341036282479763 0
      vertex 32.00800094008446 24.534980945289135 4
      vertex 32.00800094008446 24.534980945289135 0
    endloop
  endfacet
  facet normal -0.0654031319391376 0.9978589230610466 0
    outer loop
      vertex 32.00800094008446 24.534980945289135 0
      vertex 33 24.600000001490116 4
      vertex 33 24.600000001490116 0
    endloop
  endfacet
  facet normal 0 0 -1
    outer loop
      vertex 25.399999998509884 -15 0
      vertex 25.399999998509884 7.619999999552965 0
      vertex 74.34103628247976 18.967024743556976 0
    endloop
  endfacet
  facet normal 0 0 -1
    outer loop
      vertex 25.465019054710865 -17.991999059915543 0
      vertex 74.53498094528913 17.991999059915543 0
      vertex 74.60000000149012 17 0
    endloop
  endfacet
  facet normal 0 0 -1
    outer loop
      vertex 25.399999998509884 -17 0
      vertex 74.34103628247976 18.967024743556976 0
      vertex 74.53498094528913 17.991999059915543 0
    endloop
  endfacet
  facet normal 0 0 -1
    outer loop
      vertex 74.34103628247976 18.967024743556976 0
      vertex 25.399999998509884 7.619999999552965 0
      vertex 25.399999998509884 15 0
    endloop
  endfacet
  facet normal 0 0 -1
    outer loop
      vertex 25.399999998509884 17 0
      vertex 74.34103628247976 18.967024743556976 0
      vertex 25.399999998509884 15 0
    endloop
  endfacet
  facet normal 0 0 -1
    outer loop
      vertex 25.399999998509884 17 0
      vertex 25.465019054710865 17.991999059915543 0
      vertex 74.0214844495058 19.9083940833807 0
    endloop
  endfacet
  facet normal 0 0 -1
    outer loop
      vertex 25.465019054710865 17.991999059915543 0
      vertex 25.658963717520237 18.967024743556976 0
      vertex 73.58179306983948 20.799999997019768 0
    endloop
  endfacet
  facet normal 0 0 -1
    outer loop
      vertex 25.658963717520237 18.967024743556976 0
      vertex 25.978515550494194 19.9083940833807 0
      vertex 73.02948538959026 21.626586861908436 0
    endloop
  endfacet
  facet normal 0 0 -1
    outer loop
      vertex 25.978515550494194 19.9083940833807 0
      vertex 26.418206930160522 20.799999997019768 0
      vertex 72.37401153892279 22.374011538922787 0
    endloop
  endfacet
  facet normal 0 0 -1
    outer loop
      vertex 26.418206930160522 20.799999997019768 0
      vertex 26.970514610409737 21.626586861908436 0
      vertex 71.62658686190844 23.029485389590263 0
    endloop
  endfacet
  facet normal 0 0 -1
    outer loop
      vertex 26.970514610409737 21.626586861908436 0
      vertex 27.625988461077213 22.374011538922787 0
      vertex 70.79999999701977 23.581793069839478 0
    endloop
  endfacet
  facet normal 0 0 -1
    outer loop
      vertex 27.625988461077213 22.374011538922787 0
      vertex 28.373413138091564 23.029485389590263 0
      vertex 69.9083940833807 24.021484449505806 0
    endloop
  endfacet
  facet normal 0 0 -1
    outer loop
      vertex 28.373413138091564 23.029485389590263 0
      vertex 29.200000002980232 23.581793069839478 0
      vertex 68.96702474355698 24.341036282479763 0
    endloop
  endfacet
  facet normal 0 0 -1
    outer loop
      vertex 29.200000002980232 23.581793069839478 0
      vertex 30.0916059166193 24.021484449505806 0
      vertex 67.99199905991554 24.534980945289135 0
    endloop
  endfacet
  facet normal 0 0 -1
    outer loop
      vertex 30.0916059166193 24.021484449505806 0
      vertex 31.032975256443024 24.341036282479763 0
      vertex 67 24.600000001490116 0
    endloop
  endfacet
  facet normal 0 0 -1
    outer loop
      vertex 31.032975256443024 24.341036282479763 0
      vertex 33 24.600000001490116 0
      vertex 67 24.600000001490116 0
    endloop
  endfacet
  facet normal 0 0 -1
    outer loop
      vertex 28.373413138091564 23.029485389590263 0
      vertex 68.96702474355698 24.341036282479763 0
      vertex 69.9083940833807 24.021484449505806 0
    endloop
  endfacet
  facet normal 0 0 -1
    outer loop
      vertex 29.200000002980232 23.581793069839478 0
      vertex 67.99199905991554 24.534980945289135 0
      vertex 68.96702474355698 24.341036282479763 0
    endloop
  endfacet
  facet normal 0 0 -1
    outer loop
      vertex 30.0916059166193 24.021484449505806 0
      vertex 67 24.600000001490116 0
      vertex 67.99199905991554 24.534980945289135 0
    endloop
  endfacet
  facet normal 0 0 -1
    outer loop
      vertex 25.399999998509884 17 0
      vertex 74.0214844495058 19.9083940833807 0
      vertex 74.34103628247976 18.967024743556976 0
    endloop
  endfacet
  facet normal 0 0 -1
    outer loop
      vertex 25.465019054710865 17.991999059915543 0
      vertex 73.58179306983948 20.799999997019768 0
      vertex 74.0214844495058 19.9083940833807 0
    endloop
  endfacet
  facet normal 0 0 -1
    outer loop
      vertex 25.658963717520237 18.967024743556976 0
      vertex 73.02948538959026 21.626586861908436 0
      vertex 73.58179306983948 20.799999997019768 0
    endloop
  endfacet
  facet normal 0 0 -1
    outer loop
      vertex 25.978515550494194 19.9083940833807 0
      vertex 72.37401153892279 22.374011538922787 0
      vertex 73.02948538959026 21.626586861908436 0
    endloop
  endfacet
  facet normal 0 0 -1
    outer loop
      vertex 26.418206930160522 20.799999997019768 0
      vertex 71.62658686190844 23.029485389590263 0
      vertex 72.37401153892279 22.374011538922787 0
    endloop
  endfacet
  facet normal 0 0 -1
    outer loop
      vertex 26.970514610409737 21.626586861908436 0
      vertex 70.79999999701977 23.581793069839478 0
      vertex 71.62658686190844 23.029485389590263 0
    endloop
  endfacet
  facet normal 0 0 -1
    outer loop
      vertex 27.625988461077213 22.374011538922787 0
      vertex 69.9083940833807 24.021484449505806 0
      vertex 70.79999999701977 23.581793069839478 0
    endloop
  endfacet
  facet normal 0 1 0
    outer loop
      vertex 33 24.600000001490116 0
      vertex 67 24.600000001490116 4
      vertex 67 24.600000001490116 0
    endloop
  endfacet
  facet normal 0.9978589230610466 0.0654031319391376 0
    outer loop
      vertex 74.60000000149012 17 0
      vertex 74.53498094528913 17.991999059915543 0
      vertex 74.60000000149012 17 4
    endloop
  endfacet
  facet normal 0.9807852812077086 0.1950903179717437 0
    outer loop
      vertex 74.53498094528913 17.991999059915543 0
      vertex 74.34103628247976 18.967024743556976 0
      vertex 74.53498094528913 17.991999059915543 4
    endloop
  endfacet
  facet normal 0.9469301290641928 0.32143946657258987 0
    outer loop
      vertex 74.34103628247976 18.967024743556976 0
      vertex 74.0214844495058 19.9083940833807 0
      vertex 74.34103628247976 18.967024743556976 4
    endloop
  endfacet
  facet normal 0.8968727409210866 0.44228869145920674 0
    outer loop
      vertex 74.0214844495058 19.9083940833807 0
      vertex 73.58179306983948 20.799999997019768 0
      vertex 74.0214844495058 19.9083940833807 4
    endloop
  endfacet
  facet normal 0.8314696147439505 0.555570229365781 0
    outer loop
      vertex 73.58179306983948 20.799999997019768 0
      vertex 73.02948538959026 21.626586861908436 0
      vertex 73.58179306983948 20.799999997019768 4
    endloop
  endfacet
  facet normal 0.0654031319391376 0.9978589230610466 0
    outer loop
      vertex 67 24.600000001490116 0
      vertex 67.99199905991554 24.534980945289135 4
      vertex 67.99199905991554 24.534980945289135 0
    endloop
  endfacet
  facet normal 0.1950903179717437 0.9807852812077086 0
    outer loop
      vertex 67.99199905991554 24.534980945289135 0
      vertex 68.96702474355698 24.341036282479763 4
      vertex 68.96702474355698 24.341036282479763 0
    endloop
  endfacet
  facet normal 0.32143946657258987 0.9469301290641928 0
    outer loop
      vertex 69.9083940833807 24.021484449505806 0
      vertex 68.96702474355698 24.341036282479763 0
      vertex 69.9083940833807 24.021484449505806 4
    endloop
  endfacet
  facet normal 0.6593458157061576 0.7518398069474519 0
    outer loop
      vertex 71.62658686190844 23.029485389590263 0
      vertex 72.37401153892279 22.374011538922787 4
      vertex 72.37401153892279 22.374011538922787 0
    endloop
  endfacet
  facet normal 0.7518398069474519 0.6593458157061576 0
    outer loop
      vertex 73.02948538959026 21.626586861908436 0
      vertex 72.37401153892279 22.374011538922787 0
      vertex 73.02948538959026 21.626586861908436 4
    endloop
  endfacet
  facet normal 0.44228869145920674 0.8968727409210866 0
    outer loop
      vertex 69.9083940833807 24.021484449505806 0
      vertex 70.79999999701977 23.581793069839478 4
      vertex 70.79999999701977 23.581793069839478 0
    endloop
  endfacet
  facet normal 0.555570229365781 0.8314696147439505 0
    outer loop
      vertex 71.62658686190844 23.029485389590263 0
      vertex 70.79999999701977 23.581793069839478 0
      vertex 71.62658686190844 23.029485389590263 4
    endloop
  endfacet
  facet normal -1 0 0
    outer loop
      vertex 25.399999998509884 17 4
      vertex 25.399999998509884 10.606601717798213 2.8284271247461903
      vertex 25.399999998509884 9.13142143513081 3.1734133611649407
    endloop
  endfacet
  facet normal -1 0 0
    outer loop
      vertex 25.399999998509884 17 4
      vertex 25.399999998509884 1.9578928833007736 3.9657794454952415
      vertex 25.399999998509884 0 4
    endloop
  endfacet
  facet normal -1 0 0
    outer loop
      vertex 25.399999998509884 17 4
      vertex 25.399999998509884 3.882285676537811 3.8637033051562732
      vertex 25.399999998509884 1.9578928833007736 3.9657794454952415
    endloop
  endfacet
  facet normal -1 0 0
    outer loop
      vertex 25.399999998509884 17 4
      vertex 25.399999998509884 5.740251485476347 3.695518130045147
      vertex 25.399999998509884 3.882285676537811 3.8637033051562732
    endloop
  endfacet
  facet normal -1 0 0
    outer loop
      vertex 25.399999998509884 17 4
      vertex 25.399999998509884 7.5 3.464101615137754
      vertex 25.399999998509884 5.740251485476347 3.695518130045147
    endloop
  endfacet
  facet normal -1 0 0
    outer loop
      vertex 25.399999998509884 17 4
      vertex 25.399999998509884 9.13142143513081 3.1734133611649407
      vertex 25.399999998509884 7.5 3.464101615137754
    endloop
  endfacet
  facet normal -1 0 0
    outer loop
      vertex 25.399999998509884 17 4
      vertex 25.399999998509884 14.488887394336025 1.035276180410083
      vertex 25.399999998509884 13.858192987669302 1.5307337294603591
    endloop
  endfacet
  facet normal -1 0 0
    outer loop
      vertex 25.399999998509884 17 4
      vertex 25.399999998509884 13.858192987669302 1.5307337294603591
      vertex 25.399999998509884 12.990381056766578 2
    endloop
  endfacet
  facet normal -1 0 0
    outer loop
      vertex 25.399999998509884 17 4
      vertex 25.399999998509884 12.990381056766578 2
      vertex 25.399999998509884 11.900300104368528 2.4350457160348826
    endloop
  endfacet
  facet normal -0.9978589230610466 0.0654031319391376 0
    outer loop
      vertex 25.399999998509884 17 0
      vertex 25.399999998509884 17 4
      vertex 25.465019054710865 17.991999059915543 4
    endloop
  endfacet
  facet normal -0.9807852812077086 0.1950903179717437 0
    outer loop
      vertex 25.465019054710865 17.991999059915543 0
      vertex 25.465019054710865 17.991999059915543 4
      vertex 25.658963717520237 18.967024743556976 4
    endloop
  endfacet
  facet normal -0.9469301290641928 0.32143946657258987 0
    outer loop
      vertex 25.658963717520237 18.967024743556976 0
      vertex 25.658963717520237 18.967024743556976 4
      vertex 25.978515550494194 19.9083940833807 4
    endloop
  endfacet
  facet normal -0.8968727409210866 0.44228869145920674 0
    outer loop
      vertex 25.978515550494194 19.9083940833807 0
      vertex 25.978515550494194 19.9083940833807 4
      vertex 26.418206930160522 20.799999997019768 4
    endloop
  endfacet
  facet normal -0.8314696147439505 0.555570229365781 0
    outer loop
      vertex 26.418206930160522 20.799999997019768 0
      vertex 26.418206930160522 20.799999997019768 4
      vertex 26.970514610409737 21.626586861908436 4
    endloop
  endfacet
  facet normal -0.7518398069474519 0.6593458157061576 0
    outer loop
      vertex 26.970514610409737 21.626586861908436 0
      vertex 26.970514610409737 21.626586861908436 4
      vertex 27.625988461077213 22.374011538922787 4
    endloop
  endfacet
  facet normal -0.6593458157061576 0.7518398069474519 0
    outer loop
      vertex 27.625988461077213 22.374011538922787 0
      vertex 27.625988461077213 22.374011538922787 4
      vertex 28.373413138091564 23.029485389590263 4
    endloop
  endfacet
  facet normal -0.555570229365781 0.8314696147439505 0
    outer loop
      vertex 28.373413138091564 23.029485389590263 0
      vertex 28.373413138091564 23.029485389590263 4
      vertex 29.200000002980232 23.581793069839478 4
    endloop
  endfacet
  facet normal -0.44228869145920674 0.8968727409210866 0
    outer loop
      vertex 29.200000002980232 23.581793069839478 0
      vertex 29.200000002980232 23.581793069839478 4
      vertex 30.0916059166193 24.021484449505806 4
    endloop
  endfacet
  facet normal -0.32143946657258987 0.9469301290641928 0
    outer loop
      vertex 30.0916059166193 24.021484449505806 0
      vertex 30.0916059166193 24.021484449505806 4
      vertex 31.032975256443024 24.341036282479763 4
    endloop
  endfacet
  facet normal -0.1950903179717437 0.9807852812077086 0
    outer loop
      vertex 31.032975256443024 24.341036282479763 0
      vertex 31.032975256443024 24.341036282479763 4
      vertex 32.00800094008446 24.534980945289135 4
    endloop
  endfacet
  facet normal -0.0654031319391376 0.9978589230610466 0
    outer loop
      vertex 32.00800094008446 24.534980945289135 0
      vertex 32.00800094008446 24.534980945289135 4
      vertex 33 24.600000001490116 4
    endloop
  endfacet
  facet normal -1 0 0
    outer loop
      vertex 25.399999998509884 17 4
      vertex 25.399999998509884 11.900300104368528 2.4350457160348826
      vertex 25.399999998509884 10.606601717798213 2.8284271247461903
    endloop
  endfacet
  facet normal 0 0 1
    outer loop
      vertex 31.032975256443024 24.341036282479763 4
      vertex 33 24.600000001490116 4
      vertex 32.00800094008446 24.534980945289135 4
    endloop
  endfacet
  facet normal 1 0 0
    outer loop
      vertex 74.60000000149012 -17 4
      vertex 74.60000000149012 17 0
      vertex 74.60000000149012 17 4
    endloop
  endfacet
  facet normal 0 0 1
    outer loop
      vertex 25.399999998509884 -17 4
      vertex 74.34103628247976 18.967024743556976 4
      vertex 25.399999998509884 0 4
    endloop
  endfacet
  facet normal 0 0 1
    outer loop
      vertex 25.399999998509884 17 4
      vertex 25.399999998509884 0 4
      vertex 74.34103628247976 18.967024743556976 4
    endloop
  endfacet
  facet normal 0 0 1
    outer loop
      vertex 25.465019054710865 -17.991999059915543 4
      vertex 74.60000000149012 17 4
      vertex 74.53498094528913 17.991999059915543 4
    endloop
  endfacet
  facet normal 0 0 1
    outer loop
      vertex 25.399999998509884 -17 4
      vertex 74.53498094528913 17.991999059915543 4
      vertex 74.34103628247976 18.967024743556976 4
    endloop
  endfacet
  facet normal 0 1 0
    outer loop
      vertex 33 24.600000001490116 0
      vertex 33 24.600000001490116 4
      vertex 67 24.600000001490116 4
    endloop
  endfacet
  facet normal 0.9978589230610466 0.0654031319391376 0
    outer loop
      vertex 74.53498094528913 17.991999059915543 0
      vertex 74.53498094528913 17.991999059915543 4
      vertex 74.60000000149012 17 4
    endloop
  endfacet
  facet normal 0.9807852812077086 0.1950903179717437 0
    outer loop
      vertex 74.34103628247976 18.967024743556976 0
      vertex 74.34103628247976 18.967024743556976 4
      vertex 74.53498094528913 17.991999059915543 4
    endloop
  endfacet
  facet normal 0.9469301290641928 0.32143946657258987 0
    outer loop
      vertex 74.0214844495058 19.9083940833807 0
      vertex 74.0214844495058 19.9083940833807 4
      vertex 74.34103628247976 18.967024743556976 4
    endloop
  endfacet
  facet normal 0.8968727409210866 0.44228869145920674 0
    outer loop
      vertex 73.58179306983948 20.799999997019768 0
      vertex 73.58179306983948 20.799999997019768 4
      vertex 74.0214844495058 19.9083940833807 4
    endloop
  endfacet
  facet normal 0.8314696147439505 0.555570229365781 0
    outer loop
      vertex 73.02948538959026 21.626586861908436 0
      vertex 73.02948538959026 21.626586861908436 4
      vertex 73.58179306983948 20.799999997019768 4
    endloop
  endfacet
  facet normal 0.0654031319391376 0.9978589230610466 0
    outer loop
      vertex 67 24.600000001490116 0
      vertex 67 24.600000001490116 4
      vertex 67.99199905991554 24.534980945289135 4
    endloop
  endfacet
  facet normal 0.1950903179717437 0.9807852812077086 0
    outer loop
      vertex 67.99199905991554 24.534980945289135 0
      vertex 67.99199905991554 24.534980945289135 4
      vertex 68.96702474355698 24.341036282479763 4
    endloop
  endfacet
  facet normal 0.32143946657258987 0.9469301290641928 0
    outer loop
      vertex 68.96702474355698 24.341036282479763 0
      vertex 68.96702474355698 24.341036282479763 4
      vertex 69.9083940833807 24.021484449505806 4
    endloop
  endfacet
  facet normal 0.6593458157061576 0.7518398069474519 0
    outer loop
      vertex 71.62658686190844 23.029485389590263 0
      vertex 71.62658686190844 23.029485389590263 4
      vertex 72.37401153892279 22.374011538922787 4
    endloop
  endfacet
  facet normal 0.7518398069474519 0.6593458157061576 0
    outer loop
      vertex 72.37401153892279 22.374011538922787 0
      vertex 72.37401153892279 22.374011538922787 4
      vertex 73.02948538959026 21.626586861908436 4
    endloop
  endfacet
  facet normal 0.555570229365781 0.8314696147439505 0
    outer loop
      vertex 70.79999999701977 23.581793069839478 0
      vertex 70.79999999701977 23.581793069839478 4
      vertex 71.62658686190844 23.029485389590263 4
    endloop
  endfacet
  facet normal 0.44228869145920674 0.8968727409210866 0
    outer loop
      vertex 69.9083940833807 24.021484449505806 0
      vertex 69.9083940833807 24.021484449505806 4
      vertex 70.79999999701977 23.581793069839478 4
    endloop
  endfacet
  facet normal 0 0 1
    outer loop
      vertex 25.399999998509884 17 4
      vertex 74.0214844495058 19.9083940833807 4
      vertex 25.465019054710865 17.991999059915543 4
    endloop
  endfacet
  facet normal 0 0 1
    outer loop
      vertex 25.465019054710865 17.991999059915543 4
      vertex 73.58179306983948 20.799999997019768 4
      vertex 25.658963717520237 18.967024743556976 4
    endloop
  endfacet
  facet normal 0 0 1
    outer loop
      vertex 25.658963717520237 18.967024743556976 4
      vertex 73.02948538959026 21.626586861908436 4
      vertex 25.978515550494194 19.9083940833807 4
    endloop
  endfacet
  facet normal 0 0 1
    outer loop
      vertex 25.978515550494194 19.9083940833807 4
      vertex 72.37401153892279 22.374011538922787 4
      vertex 26.418206930160522 20.799999997019768 4
    endloop
  endfacet
  facet normal 0 0 1
    outer loop
      vertex 26.418206930160522 20.799999997019768 4
      vertex 71.62658686190844 23.029485389590263 4
      vertex 26.970514610409737 21.626586861908436 4
    endloop
  endfacet
  facet normal 0 0 1
    outer loop
      vertex 26.970514610409737 21.626586861908436 4
      vertex 70.79999999701977 23.581793069839478 4
      vertex 27.625988461077213 22.374011538922787 4
    endloop
  endfacet
  facet normal 0 0 1
    outer loop
      vertex 27.625988461077213 22.374011538922787 4
      vertex 69.9083940833807 24.021484449505806 4
      vertex 28.373413138091564 23.029485389590263 4
    endloop
  endfacet
  facet normal 0 0 1
    outer loop
      vertex 28.373413138091564 23.029485389590263 4
      vertex 68.96702474355698 24.341036282479763 4
      vertex 29.200000002980232 23.581793069839478 4
    endloop
  endfacet
  facet normal 0 0 1
    outer loop
      vertex 29.200000002980232 23.581793069839478 4
      vertex 67.99199905991554 24.534980945289135 4
      vertex 30.0916059166193 24.021484449505806 4
    endloop
  endfacet
  facet normal 0 0 1
    outer loop
      vertex 30.0916059166193 24.021484449505806 4
      vertex 67 24.600000001490116 4
      vertex 31.032975256443024 24.341036282479763 4
    endloop
  endfacet
  facet normal 0 0 1
    outer loop
      vertex 31.032975256443024 24.341036282479763 4
      vertex 67 24.600000001490116 4
      vertex 33 24.600000001490116 4
    endloop
  endfacet
  facet normal 0 0 1
    outer loop
      vertex 28.373413138091564 23.029485389590263 4
      vertex 69.9083940833807 24.021484449505806 4
      vertex 68.96702474355698 24.341036282479763 4
    endloop
  endfacet
  facet normal 0 0 1
    outer loop
      vertex 29.200000002980232 23.581793069839478 4
      vertex 68.96702474355698 24.341036282479763 4
      vertex 67.99199905991554 24.534980945289135 4
    endloop
  endfacet
  facet normal 0 0 1
    outer loop
      vertex 30.0916059166193 24.021484449505806 4
      vertex 67.99199905991554 24.534980945289135 4
      vertex 67 24.600000001490116 4
    endloop
  endfacet
  facet normal 0 0 1
    outer loop
      vertex 25.399999998509884 17 4
      vertex 74.34103628247976 18.967024743556976 4
      vertex 74.0214844495058 19.9083940833807 4
    endloop
  endfacet
  facet normal 0 0 1
    outer loop
      vertex 25.465019054710865 17.991999059915543 4
      vertex 74.0214844495058 19.9083940833807 4
      vertex 73.58179306983948 20.799999997019768 4
    endloop
  endfacet
  facet normal 0 0 1
    outer loop
      vertex 25.658963717520237 18.967024743556976 4
      vertex 73.58179306983948 20.799999997019768 4
      vertex 73.02948538959026 21.626586861908436 4
    endloop
  endfacet
  facet normal 0 0 1
    outer loop
      vertex 25.978515550494194 19.9083940833807 4
      vertex 73.02948538959026 21.626586861908436 4
      vertex 72.37401153892279 22.374011538922787 4
    endloop
  endfacet
  facet normal 0 0 1
    outer loop
      vertex 26.418206930160522 20.799999997019768 4
      vertex 72.37401153892279 22.374011538922787 4
      vertex 71.62658686190844 23.029485389590263 4
    endloop
  endfacet
  facet normal 0 0 1
    outer loop
      vertex 26.970514610409737 21.626586861908436 4
      vertex 71.62658686190844 23.029485389590263 4
      vertex 70.79999999701977 23.581793069839478 4
    endloop
  endfacet
  facet normal 0 0 1
    outer loop
      vertex 27.625988461077213 22.374011538922787 4
      vertex 70.79999999701977 23.581793069839478 4
      vertex 69.9083940833807 24.021484449505806 4
    endloop
  endfacet
  facet normal 0 -0.9710972799058176 0.23868404420807418
    outer loop
      vertex -25.399999998509884 -14.871672920607155 0.5221047688802063
      vertex -25.399999998509884 -15 0
      vertex 25.399999998509884 -15 0
    endloop
  endfacet
  facet normal 0 -0.8015665216196571 0.5979056041036613
    outer loop
      vertex -25.399999998509884 -14.488887394336025 1.035276180410083
      vertex -25.399999998509884 -14.871672920607155 0.5221047688802063
      vertex 25.399999998509884 -14.871672920607155 0.5221047688802063
    endloop
  endfacet
  facet normal 0 -0.6177536659194116 0.7863716730930279
    outer loop
      vertex -25.399999998509884 -13.858192987669302 1.5307337294603591
      vertex -25.399999998509884 -14.488887394336025 1.035276180410083
      vertex 25.399999998509884 -14.488887394336025 1.035276180410083
    endloop
  endfacet
  facet normal 0 -0.47565723636639334 0.8796307142729186
    outer loop
      vertex -25.399999998509884 -12.990381056766578 2
      vertex -25.399999998509884 -13.858192987669302 1.5307337294603591
      vertex 25.399999998509884 -13.858192987669302 1.5307337294603591
    endloop
  endfacet
  facet normal 0 -0.3706658613361515 0.9287662888153988
    outer loop
      vertex -25.399999998509884 -11.900300104368528 2.4350457160348826
      vertex -25.399999998509884 -12.990381056766578 2
      vertex 25.399999998509884 -12.990381056766578 2
    endloop
  endfacet
  facet normal 0 -0.29092275835259385 0.9567465435905782
    outer loop
      vertex -25.399999998509884 -10.606601717798213 2.8284271247461903
      vertex -25.399999998509884 -11.900300104368528 2.4350457160348826
      vertex 25.399999998509884 -11.900300104368528 2.4350457160348826
    endloop
  endfacet
  facet normal 0 -0.22771629822721107 0.9737275222164031
    outer loop
      vertex -25.399999998509884 -10.606601717798213 2.8284271247461903
      vertex 25.399999998509884 -10.606601717798213 2.8284271247461903
      vertex -25.399999998509884 -9.13142143513081 3.1734133611649407
    endloop
  endfacet
  facet normal 0 -0.1754181008626811 0.9844940273509689
    outer loop
      vertex -25.399999998509884 -9.13142143513081 3.1734133611649407
      vertex 25.399999998509884 -9.13142143513081 3.1734133611649407
      vertex -25.399999998509884 -7.5 3.464101615137754
    endloop
  endfacet
  facet normal 0 -0.13038287940500437 0.9914637183266265
    outer loop
      vertex -25.399999998509884 -7.5 3.464101615137754
      vertex 25.399999998509884 -7.5 3.464101615137754
      vertex -25.399999998509884 -5.740251485476347 3.695518130045147
    endloop
  endfacet
  facet normal 0 -0.09015253090503328 0.9959279698710228
    outer loop
      vertex -25.399999998509884 -5.740251485476347 3.695518130045147
      vertex 25.399999998509884 -5.740251485476347 3.695518130045147
      vertex -25.399999998509884 -3.882285676537811 3.8637033051562732
    endloop
  endfacet
  facet normal 0 -0.05296883397948125 0.9985961659383907
    outer loop
      vertex -25.399999998509884 -3.882285676537811 3.8637033051562732
      vertex 25.399999998509884 -3.882285676537811 3.8637033051562732
      vertex -25.399999998509884 -1.9578928833007736 3.9657794454952415
    endloop
  endfacet
  facet normal 0 -0.017475587650651235 0.9998472902579996
    outer loop
      vertex -25.399999998509884 -1.9578928833007736 3.9657794454952415
      vertex 25.399999998509884 -1.9578928833007736 3.9657794454952415
      vertex -25.399999998509884 0 4
    endloop
  endfacet
  facet normal 0 0.9710972799058176 0.23868404420807418
    outer loop
      vertex -25.399999998509884 15 0
      vertex -25.399999998509884 14.871672920607155 0.5221047688802063
      vertex 25.399999998509884 14.871672920607155 0.5221047688802063
    endloop
  endfacet
  facet normal 0 0.8015665216196571 0.5979056041036613
    outer loop
      vertex -25.399999998509884 14.871672920607155 0.5221047688802063
      vertex -25.399999998509884 14.488887394336025 1.035276180410083
      vertex 25.399999998509884 14.488887394336025 1.035276180410083
    endloop
  endfacet
  facet normal 0 0.6177536659194116 0.7863716730930279
    outer loop
      vertex -25.399999998509884 14.488887394336025 1.035276180410083
      vertex -25.399999998509884 13.858192987669302 1.5307337294603591
      vertex 25.399999998509884 13.858192987669302 1.5307337294603591
    endloop
  endfacet
  facet normal 0 0.47565723636639334 0.8796307142729186
    outer loop
      vertex -25.399999998509884 13.858192987669302 1.5307337294603591
      vertex -25.399999998509884 12.990381056766578 2
      vertex 25.399999998509884 12.990381056766578 2
    endloop
  endfacet
  facet normal 0 0.3706658613361515 0.9287662888153988
    outer loop
      vertex -25.399999998509884 12.990381056766578 2
      vertex -25.399999998509884 11.900300104368528 2.4350457160348826
      vertex 25.399999998509884 11.900300104368528 2.4350457160348826
    endloop
  endfacet
  facet normal 0 0.29092275835259385 0.9567465435905782
    outer loop
      vertex -25.399999998509884 11.900300104368528 2.4350457160348826
      vertex -25.399999998509884 10.606601717798213 2.8284271247461903
      vertex 25.399999998509884 10.606601717798213 2.8284271247461903
    endloop
  endfacet
  facet normal 0 0.017475587650651235 0.9998472902579996
    outer loop
      vertex -25.399999998509884 0 4
      vertex 25.399999998509884 0 4
      vertex -25.399999998509884 1.9578928833007736 3.9657794454952415
    endloop
  endfacet
  facet normal 0 0.05296883397948125 0.9985961659383907
    outer loop
      vertex -25.399999998509884 1.9578928833007736 3.9657794454952415
      vertex 25.399999998509884 1.9578928833007736 3.9657794454952415
      vertex -25.399999998509884 3.882285676537811 3.8637033051562732
    endloop
  endfacet
  facet normal 0 0.09015253090503328 0.9959279698710228
    outer loop
      vertex -25.399999998509884 3.882285676537811 3.8637033051562732
      vertex 25.399999998509884 3.882285676537811 3.8637033051562732
      vertex -25.399999998509884 5.740251485476347 3.695518130045147
    endloop
  endfacet
  facet normal 0 0.1754181008626811 0.9844940273509689
    outer loop
      vertex -25.399999998509884 7.5 3.464101615137754
      vertex 25.399999998509884 7.5 3.464101615137754
      vertex -25.399999998509884 9.13142143513081 3.1734133611649407
    endloop
  endfacet
  facet normal 0 0.22771629822721107 0.9737275222164031
    outer loop
      vertex -25.399999998509884 9.13142143513081 3.1734133611649407
      vertex 25.399999998509884 9.13142143513081 3.1734133611649407
      vertex -25.399999998509884 10.606601717798213 2.8284271247461903
    endloop
  endfacet
  facet normal 0 0.13038287940500437 0.9914637183266265
    outer loop
      vertex -25.399999998509884 5.740251485476347 3.695518130045147
      vertex 25.399999998509884 5.740251485476347 3.695518130045147
      vertex -25.399999998509884 7.5 3.464101615137754
    endloop
  endfacet
  facet normal 0 -0.9710972799058176 0.23868404420807418
    outer loop
      vertex 25.399999998509884 -15 0
      vertex 25.399999998509884 -14.871672920607155 0.5221047688802063
      vertex -25.399999998509884 -14.871672920607155 0.5221047688802063
    endloop
  endfacet
  facet normal 0 -0.8015665216196571 0.5979056041036613
    outer loop
      vertex 25.399999998509884 -14.871672920607155 0.5221047688802063
      vertex 25.399999998509884 -14.488887394336025 1.035276180410083
      vertex -25.399999998509884 -14.488887394336025 1.035276180410083
    endloop
  endfacet
  facet normal 0 -0.6177536659194116 0.7863716730930279
    outer loop
      vertex 25.399999998509884 -14.488887394336025 1.035276180410083
      vertex 25.399999998509884 -13.858192987669302 1.5307337294603591
      vertex -25.399999998509884 -13.858192987669302 1.5307337294603591
    endloop
  endfacet
  facet normal 0 -0.47565723636639334 0.8796307142729186
    outer loop
      vertex 25.399999998509884 -13.858192987669302 1.5307337294603591
      vertex 25.399999998509884 -12.990381056766578 2
      vertex -25.399999998509884 -12.990381056766578 2
    endloop
  endfacet
  facet normal 0 -0.3706658613361515 0.9287662888153988
    outer loop
      vertex 25.399999998509884 -12.990381056766578 2
      vertex 25.399999998509884 -11.900300104368528 2.4350457160348826
      vertex -25.399999998509884 -11.900300104368528 2.4350457160348826
    endloop
  endfacet
  facet normal 0 -0.29092275835259385 0.9567465435905782
    outer loop
      vertex 25.399999998509884 -11.900300104368528 2.4350457160348826
      vertex 25.399999998509884 -10.606601717798213 2.8284271247461903
      vertex -25.399999998509884 -10.606601717798213 2.8284271247461903
    endloop
  endfacet
  facet normal 0 -0.22771629822721107 0.9737275222164031
    outer loop
      vertex 25.399999998509884 -9.13142143513081 3.1734133611649407
      vertex -25.399999998509884 -9.13142143513081 3.1734133611649407
      vertex 25.399999998509884 -10.606601717798213 2.8284271247461903
    endloop
  endfacet
  facet normal 0 -0.1754181008626811 0.9844940273509689
    outer loop
      vertex 25.399999998509884 -7.5 3.464101615137754
      vertex -25.399999998509884 -7.5 3.464101615137754
      vertex 25.399999998509884 -9.13142143513081 3.1734133611649407
    endloop
  endfacet
  facet normal 0 -0.13038287940500437 0.9914637183266265
    outer loop
      vertex 25.399999998509884 -5.740251485476347 3.695518130045147
      vertex -25.399999998509884 -5.740251485476347 3.695518130045147
      vertex 25.399999998509884 -7.5 3.464101615137754
    endloop
  endfacet
  facet normal 0 -0.09015253090503328 0.9959279698710228
    outer loop
      vertex 25.399999998509884 -3.882285676537811 3.8637033051562732
      vertex -25.399999998509884 -3.882285676537811 3.8637033051562732
      vertex 25.399999998509884 -5.740251485476347 3.695518130045147
    endloop
  endfacet
  facet normal 0 -0.05296883397948125 0.9985961659383907
    outer loop
      vertex 25.399999998509884 -1.9578928833007736 3.9657794454952415
      vertex -25.399999998509884 -1.9578928833007736 3.9657794454952415
      vertex 25.399999998509884 -3.882285676537811 3.8637033051562732
    endloop
  endfacet
  facet normal 0 -0.017475587650651235 0.9998472902579996
    outer loop
      vertex 25.399999998509884 0 4
      vertex -25.399999998509884 0 4
      vertex 25.399999998509884 -1.9578928833007736 3.9657794454952415
    endloop
  endfacet
  facet normal 0 0.9710972799058176 0.23868404420807418
    outer loop
      vertex -25.399999998509884 15 0
      vertex 25.399999998509884 14.871672920607155 0.5221047688802063
      vertex 25.399999998509884 15 0
    endloop
  endfacet
  facet normal 0 0.8015665216196571 0.5979056041036613
    outer loop
      vertex 25.399999998509884 14.488887394336025 1.035276180410083
      vertex 25.399999998509884 14.871672920607155 0.5221047688802063
      vertex -25.399999998509884 14.871672920607155 0.5221047688802063
    endloop
  endfacet
  facet normal 0 0.6177536659194116 0.7863716730930279
    outer loop
      vertex 25.399999998509884 13.858192987669302 1.5307337294603591
      vertex 25.399999998509884 14.488887394336025 1.035276180410083
      vertex -25.399999998509884 14.488887394336025 1.035276180410083
    endloop
  endfacet
  facet normal 0 0.47565723636639334 0.8796307142729186
    outer loop
      vertex 25.399999998509884 12.990381056766578 2
      vertex 25.399999998509884 13.858192987669302 1.5307337294603591
      vertex -25.399999998509884 13.858192987669302 1.5307337294603591
    endloop
  endfacet
  facet normal 0 0.29092275835259385 0.9567465435905782
    outer loop
      vertex 25.399999998509884 10.606601717798213 2.8284271247461903
      vertex 25.399999998509884 11.900300104368528 2.4350457160348826
      vertex -25.399999998509884 11.900300104368528 2.4350457160348826
    endloop
  endfacet
  facet normal 0 0.22771629822721107 0.9737275222164031
    outer loop
      vertex 25.399999998509884 10.606601717798213 2.8284271247461903
      vertex -25.399999998509884 10.606601717798213 2.8284271247461903
      vertex 25.399999998509884 9.13142143513081 3.1734133611649407
    endloop
  endfacet
  facet normal 0 0.017475587650651235 0.9998472902579996
    outer loop
      vertex 25.399999998509884 1.9578928833007736 3.9657794454952415
      vertex -25.399999998509884 1.9578928833007736 3.9657794454952415
      vertex 25.399999998509884 0 4
    endloop
  endfacet
  facet normal 0 0.05296883397948125 0.9985961659383907
    outer loop
      vertex 25.399999998509884 3.882285676537811 3.8637033051562732
      vertex -25.399999998509884 3.882285676537811 3.8637033051562732
      vertex 25.399999998509884 1.9578928833007736 3.9657794454952415
    endloop
  endfacet
  facet normal 0 0.09015253090503328 0.9959279698710228
    outer loop
      vertex 25.399999998509884 5.740251485476347 3.695518130045147
      vertex -25.399999998509884 5.740251485476347 3.695518130045147
      vertex 25.399999998509884 3.882285676537811 3.8637033051562732
    endloop
  endfacet
  facet normal 0 0.1754181008626811 0.9844940273509689
    outer loop
      vertex 25.399999998509884 9.13142143513081 3.1734133611649407
      vertex -25.399999998509884 9.13142143513081 3.1734133611649407
      vertex 25.399999998509884 7.5 3.464101615137754
    endloop
  endfacet
  facet normal 0 0.13038287940500437 0.9914637183266265
    outer loop
      vertex 25.399999998509884 7.5 3.464101615137754
      vertex -25.399999998509884 7.5 3.464101615137754
      vertex 25.399999998509884 5.740251485476347 3.695518130045147
    endloop
  endfacet
  facet normal 0 0.3706658613361515 0.9287662888153988
    outer loop
      vertex 25.399999998509884 11.900300104368528 2.4350457160348826
      vertex 25.399999998509884 12.990381056766578 2
      vertex -25.399999998509884 12.990381056766578 2
    endloop
  endfacet
  facet normal 0 0 -1
    outer loop
      vertex -25.399999998509884 -15 0
      vertex -25.399999998509884 -7.619999999552965 0
      vertex 25.399999998509884 -15 0
    endloop
  endfacet
  facet normal 0 0 -1
    outer loop
      vertex -25.399999998509884 -7.619999999552965 0
      vertex -25.399999998509884 15 0
      vertex 25.399999998509884 7.619999999552965 0
    endloop
  endfacet
  facet normal 0 0 -1
    outer loop
      vertex 25.399999998509884 7.619999999552965 0
      vertex 25.399999998509884 -15 0
      vertex -25.399999998509884 -7.619999999552965 0
    endloop
  endfacet
  facet normal 0 0 -1
    outer loop
      vertex -25.399999998509884 15 0
      vertex 25.399999998509884 15 0
      vertex 25.399999998509884 7.619999999552965 0
    endloop
  endfacet
endsolid OpenSCAD_Model
