solid OpenSCAD_Model
  facet normal -0.2622827599965785 -0.6332065963603875 -0.7281875858144455
    outer loop
      vertex -1.9091883092036785 -1.9091883092036785 0
      vertex 0 -2.7 0
      vertex 0 -5 2
    endloop
  endfacet
  facet normal 0.2622827599965785 -0.6332065963603875 -0.7281875858144455
    outer loop
      vertex 0 -2.7 0
      vertex 1.9091883092036785 -1.9091883092036785 0
      vertex 0 -5 2
    endloop
  endfacet
  facet normal -0.2622827599965785 -0.6332065963603875 -0.7281875858144455
    outer loop
      vertex -3.5355339059327378 -3.5355339059327378 2
      vertex -1.9091883092036785 -1.9091883092036785 0
      vertex 0 -5 2
    endloop
  endfacet
  facet normal 0.2622827599965786 -0.6332065963603876 -0.7281875858144454
    outer loop
      vertex 0 -5 2
      vertex 1.9091883092036785 -1.9091883092036785 0
      vertex 3.5355339059327378 -3.5355339059327378 2
    endloop
  endfacet
  facet normal -0.6332065963603875 -0.2622827599965785 -0.7281875858144455
    outer loop
      vertex -3.5355339059327378 -3.5355339059327378 2
      vertex -2.7 0 0
      vertex -1.9091883092036785 -1.9091883092036785 0
    endloop
  endfacet
  facet normal 0.6332065963603875 -0.2622827599965785 -0.7281875858144455
    outer loop
      vertex 1.9091883092036785 -1.9091883092036785 0
      vertex 2.7 0 0
      vertex 3.5355339059327378 -3.5355339059327378 2
    endloop
  endfacet
  facet normal 0 0 -1
    outer loop
      vertex -1.9091883092036785 -1.9091883092036785 0
      vertex 0 2.7 0
      vertex 0 -2.7 0
    endloop
  endfacet
  facet normal 0 0 -1
    outer loop
      vertex 0 -2.7 0
      vertex 1.9091883092036785 1.9091883092036785 0
      vertex 1.9091883092036785 -1.9091883092036785 0
    endloop
  endfacet
  facet normal -0.6332065963603875 -0.2622827599965785 -0.7281875858144455
    outer loop
      vertex -3.5355339059327378 -3.5355339059327378 2
      vertex -5 0 2
      vertex -2.7 0 0
    endloop
  endfacet
  facet normal 0.6332065963603875 -0.2622827599965785 -0.7281875858144455
    outer loop
      vertex 3.5355339059327378 -3.5355339059327378 2
      vertex 2.7 0 0
      vertex 5 0 2
    endloop
  endfacet
  facet normal 0 0 -1
    outer loop
      vertex -1.9091883092036785 -1.9091883092036785 0
      vertex -2.7 0 0
      vertex -1.9091883092036785 1.9091883092036785 0
    endloop
  endfacet
  facet normal 0 0 -1
    outer loop
      vertex -1.9091883092036785 -1.9091883092036785 0
      vertex -1.9091883092036785 1.9091883092036785 0
      vertex 0 2.7 0
    endloop
  endfacet
  facet normal 0 0 -1
    outer loop
      vertex 1.9091883092036785 -1.9091883092036785 0
      vertex 1.9091883092036785 1.9091883092036785 0
      vertex 2.7 0 0
    endloop
  endfacet
  facet normal 0 0 -1
    outer loop
      vertex 0 -2.7 0
      vertex 0 2.7 0
      vertex 1.9091883092036785 1.9091883092036785 0
    endloop
  endfacet
  facet normal -0.6332065963603875 0.2622827599965785 -0.7281875858144455
    outer loop
      vertex -2.7 0 0
      vertex -3.5355339059327378 3.5355339059327378 2
      vertex -1.9091883092036785 1.9091883092036785 0
    endloop
  endfacet
  facet normal 0.6332065963603875 0.2622827599965785 -0.7281875858144455
    outer loop
      vertex 1.9091883092036785 1.9091883092036785 0
      vertex 3.5355339059327378 3.5355339059327378 2
      vertex 2.7 0 0
    endloop
  endfacet
  facet normal -0.6332065963603875 0.2622827599965785 -0.7281875858144455
    outer loop
      vertex -2.7 0 0
      vertex -5 0 2
      vertex -3.5355339059327378 3.5355339059327378 2
    endloop
  endfacet
  facet normal 0.6332065963603875 0.2622827599965785 -0.7281875858144455
    outer loop
      vertex 2.7 0 0
      vertex 3.5355339059327378 3.5355339059327378 2
      vertex 5 0 2
    endloop
  endfacet
  facet normal -0.2622827599965785 0.6332065963603875 -0.7281875858144455
    outer loop
      vertex -1.9091883092036785 1.9091883092036785 0
      vertex 0 5 2
      vertex 0 2.7 0
    endloop
  endfacet
  facet normal 0.2622827599965785 0.6332065963603875 -0.7281875858144455
    outer loop
      vertex 1.9091883092036785 1.9091883092036785 0
      vertex 0 2.7 0
      vertex 3.5355339059327378 3.5355339059327378 2
    endloop
  endfacet
  facet normal -0.2622827599965785 0.6332065963603875 -0.7281875858144455
    outer loop
      vertex -3.5355339059327378 3.5355339059327378 2
      vertex 0 5 2
      vertex -1.9091883092036785 1.9091883092036785 0
    endloop
  endfacet
  facet normal 0.2622827599965785 0.6332065963603875 -0.7281875858144455
    outer loop
      vertex 0 2.7 0
      vertex 0 5 2
      vertex 3.5355339059327378 3.5355339059327378 2
    endloop
  endfacet
  facet normal -0.3826834323650897 -0.9238795325112868 0
    outer loop
      vertex -3.5355339059327378 -3.5355339059327378 2
      vertex 0 -5 2
      vertex 0 -5 4.8
    endloop
  endfacet
  facet normal 0.3826834323650897 -0.9238795325112868 0
    outer loop
      vertex 0 -5 2
      vertex 3.5355339059327378 -3.5355339059327378 2
      vertex 3.5355339059327378 -3.5355339059327378 4.8
    endloop
  endfacet
  facet normal -0.3826834323650897 -0.9238795325112868 0
    outer loop
      vertex -3.5355339059327378 -3.5355339059327378 2
      vertex 0 -5 4.8
      vertex -3.5355339059327378 -3.5355339059327378 4.8
    endloop
  endfacet
  facet normal 0.3826834323650897 -0.9238795325112868 0
    outer loop
      vertex 0 -5 2
      vertex 3.5355339059327378 -3.5355339059327378 4.8
      vertex 0 -5 4.8
    endloop
  endfacet
  facet normal 0.9238795325112868 -0.3826834323650897 0
    outer loop
      vertex 3.5355339059327378 -3.5355339059327378 2
      vertex 5 0 2
      vertex 3.5355339059327378 -3.5355339059327378 4.8
    endloop
  endfacet
  facet normal -0.9238795325112868 -0.3826834323650897 0
    outer loop
      vertex -3.5355339059327378 -3.5355339059327378 2
      vertex -5 0 4.8
      vertex -5 0 2
    endloop
  endfacet
  facet normal -0.9238795325112868 -0.3826834323650897 0
    outer loop
      vertex -3.5355339059327378 -3.5355339059327378 2
      vertex -3.5355339059327378 -3.5355339059327378 4.8
      vertex -5 0 4.8
    endloop
  endfacet
  facet normal 0 0 1
    outer loop
      vertex -3.5355339059327378 -3.5355339059327378 4.8
      vertex 0 -5 4.8
      vertex -3.5355339059327378 3.5355339059327378 4.8
    endloop
  endfacet
  facet normal 0 0 1
    outer loop
      vertex 0 -5 4.8
      vertex 3.5355339059327378 -3.5355339059327378 4.8
      vertex 0 5 4.8
    endloop
  endfacet
  facet normal 0.9238795325112868 -0.3826834323650897 0
    outer loop
      vertex 3.5355339059327378 -3.5355339059327378 4.8
      vertex 5 0 2
      vertex 5 0 4.8
    endloop
  endfacet
  facet normal -0.9238795325112868 0.3826834323650897 0
    outer loop
      vertex -5 0 2
      vertex -3.5355339059327378 3.5355339059327378 4.8
      vertex -3.5355339059327378 3.5355339059327378 2
    endloop
  endfacet
  facet normal 0.9238795325112868 0.3826834323650897 0
    outer loop
      vertex 5 0 2
      vertex 3.5355339059327378 3.5355339059327378 2
      vertex 5 0 4.8
    endloop
  endfacet
  facet normal -0.9238795325112868 0.3826834323650897 0
    outer loop
      vertex -5 0 2
      vertex -5 0 4.8
      vertex -3.5355339059327378 3.5355339059327378 4.8
    endloop
  endfacet
  facet normal 0 0 1
    outer loop
      vertex -3.5355339059327378 -3.5355339059327378 4.8
      vertex -3.5355339059327378 3.5355339059327378 4.8
      vertex -5 0 4.8
    endloop
  endfacet
  facet normal 0 0 1
    outer loop
      vertex -3.5355339059327378 3.5355339059327378 4.8
      vertex 0 -5 4.8
      vertex 0 5 4.8
    endloop
  endfacet
  facet normal 0 0 1
    outer loop
      vertex 3.5355339059327378 -3.5355339059327378 4.8
      vertex 5 0 4.8
      vertex 3.5355339059327378 3.5355339059327378 4.8
    endloop
  endfacet
  facet normal 0.9238795325112868 0.3826834323650897 0
    outer loop
      vertex 3.5355339059327378 3.5355339059327378 2
      vertex 3.5355339059327378 3.5355339059327378 4.8
      vertex 5 0 4.8
    endloop
  endfacet
  facet normal 0 0 1
    outer loop
      vertex 3.5355339059327378 -3.5355339059327378 4.8
      vertex 3.5355339059327378 3.5355339059327378 4.8
      vertex 0 5 4.8
    endloop
  endfacet
  facet normal -0.3826834323650897 0.9238795325112868 0
    outer loop
      vertex -3.5355339059327378 3.5355339059327378 2
      vertex -3.5355339059327378 3.5355339059327378 4.8
      vertex 0 5 2
    endloop
  endfacet
  facet normal 0.3826834323650897 0.9238795325112868 0
    outer loop
      vertex 0 5 2
      vertex 0 5 4.8
      vertex 3.5355339059327378 3.5355339059327378 2
    endloop
  endfacet
  facet normal -0.3826834323650897 0.9238795325112868 0
    outer loop
      vertex -3.5355339059327378 3.5355339059327378 4.8
      vertex 0 5 4.8
      vertex 0 5 2
    endloop
  endfacet
  facet normal 0.3826834323650897 0.9238795325112868 0
    outer loop
      vertex 3.5355339059327378 3.5355339059327378 2
      vertex 0 5 4.8
      vertex 3.5355339059327378 3.5355339059327378 4.8
    endloop
  endfacet
  facet normal 0 0 1
    outer loop
      vertex -0.8624741381410035 -2.977606146057254 2
      vertex -0.6200796507057382 -3.03735102133103 2
      vertex -0.6200796507057375 3.03735102133103 2
    endloop
  endfacet
  facet normal 0 0 1
    outer loop
      vertex -1.0992751498318607 -2.898550352324786 2
      vertex -0.8624741381410035 -2.977606146057254 2
      vertex -0.8624741381410035 2.977606146057254 2
    endloop
  endfacet
  facet normal 0 0 1
    outer loop
      vertex -0.6200796507057382 -3.03735102133103 2
      vertex -0.37366370879150057 -3.077397509703968 2
      vertex -0.3736637087915013 3.0773975097039674 2
    endloop
  endfacet
  facet normal 0 0 1
    outer loop
      vertex -1.9605806643456694 -2.4012753816657297 2
      vertex -1.7610007148665827 -2.551249984270335 2
      vertex -1.7610007148665827 2.551249984270335 2
    endloop
  endfacet
  facet normal 0 0 1
    outer loop
      vertex -1.7610007148665827 -2.551249984270335 2
      vertex -1.55 -2.68467875173176 2
      vertex -1.55 2.68467875173176 2
    endloop
  endfacet
  facet normal 0 0 1
    outer loop
      vertex -2.147445495879758 -2.2357275867658255 2
      vertex -2.147445495879758 2.2357275867658255 2
      vertex -2.320383319330413 -2.0556802405464656 2
    endloop
  endfacet
  facet normal 0 0 1
    outer loop
      vertex -1.9605806643456694 -2.4012753816657297 2
      vertex -1.9605806643456694 2.4012753816657297 2
      vertex -2.147445495879758 -2.2357275867658255 2
    endloop
  endfacet
  facet normal 0 0 1
    outer loop
      vertex -1.3289469403494683 -2.800696347292185 2
      vertex -1.3289469403494683 2.800696347292185 2
      vertex -1.55 -2.68467875173176 2
    endloop
  endfacet
  facet normal 0 0 1
    outer loop
      vertex -1.3289469403494683 -2.800696347292185 2
      vertex -1.0992751498318607 -2.898550352324786 2
      vertex -1.0992751498318607 2.898550352324786 2
    endloop
  endfacet
  facet normal 0 0 1
    outer loop
      vertex -2.7449136795249514 -1.4406418333356819 2
      vertex -2.7449136795249514 1.4406418333356819 2
      vertex -2.8519362753423554 -1.2150964905662323 2
    endloop
  endfacet
  facet normal 0 0 1
    outer loop
      vertex -2.8519362753423554 -1.2150964905662323 2
      vertex -2.8519362753423554 1.2150964905662323 2
      vertex -2.9404629700361515 -0.9816707807845644 2
    endloop
  endfacet
  facet normal 0 0 1
    outer loop
      vertex -2.9404629700361515 -0.9816707807845644 2
      vertex -2.9404629700361515 0.9816707807845644 2
      vertex -3.0099196340207612 -0.7418785592914287 2
    endloop
  endfacet
  facet normal 0 0 1
    outer loop
      vertex -3.0099196340207612 -0.7418785592914287 2
      vertex -3.0099196340207612 0.7418785592914287 2
      vertex -3.05985581417753 -0.49727497065905657 2
    endloop
  endfacet
  facet normal 0 0 1
    outer loop
      vertex -3.05985581417753 -0.49727497065905657 2
      vertex -3.05985581417753 0.49727497065905657 2
      vertex -3.089947655216051 -0.24944636302185014 2
    endloop
  endfacet
  facet normal 0 0 1
    outer loop
      vertex -2.6200892651857632 -1.6568440609961839 2
      vertex -2.4782725665508534 -1.8623010191377352 2
      vertex -2.4782725665508534 1.8623010191377352 2
    endloop
  endfacet
  facet normal 0 0 1
    outer loop
      vertex -2.4782725665508534 -1.8623010191377352 2
      vertex -2.320383319330413 -2.0556802405464656 2
      vertex -2.320383319330413 2.0556802405464656 2
    endloop
  endfacet
  facet normal 0 0 1
    outer loop
      vertex -2.6200892651857632 -1.6568440609961839 2
      vertex -2.6200892651857632 1.6568440609961839 2
      vertex -2.7449136795249514 -1.4406418333356819 2
    endloop
  endfacet
  facet normal 0 0 1
    outer loop
      vertex -0.37366370879150057 -3.077397509703968 2
      vertex -0.12482441433918763 -3.0974858943318657 2
      vertex -0.12482441433918688 3.0974858943318657 2
    endloop
  endfacet
  facet normal 0 0 1
    outer loop
      vertex -0.12482441433918763 -3.0974858943318657 2
      vertex 0.12482441433918763 -3.0974858943318657 2
      vertex 0.12482441433918688 3.0974858943318657 2
    endloop
  endfacet
  facet normal 0 0 1
    outer loop
      vertex 0.12482441433918763 -3.0974858943318657 2
      vertex 0.37366370879150057 -3.077397509703968 2
      vertex 0.3736637087915013 3.0773975097039674 2
    endloop
  endfacet
  facet normal 0 0 1
    outer loop
      vertex 0.37366370879150057 -3.077397509703968 2
      vertex 0.6200796507057382 -3.03735102133103 2
      vertex 0.6200796507057375 3.03735102133103 2
    endloop
  endfacet
  facet normal 0 0 1
    outer loop
      vertex 0.6200796507057382 -3.03735102133103 2
      vertex 0.8624741381410019 -2.977606146057255 2
      vertex 0.8624741381410035 2.977606146057254 2
    endloop
  endfacet
  facet normal 0 0 1
    outer loop
      vertex 0.8624741381410019 -2.977606146057255 2
      vertex 1.0992751498318607 -2.898550352324786 2
      vertex 1.0992751498318607 2.898550352324786 2
    endloop
  endfacet
  facet normal 0 0 1
    outer loop
      vertex 1.0992751498318607 -2.898550352324786 2
      vertex 1.3289469403494667 -2.8006963472921855 2
      vertex 1.3289469403494683 2.800696347292185 2
    endloop
  endfacet
  facet normal 0 0 1
    outer loop
      vertex 1.3289469403494667 -2.8006963472921855 2
      vertex 1.55 -2.68467875173176 2
      vertex 1.55 2.68467875173176 2
    endloop
  endfacet
  facet normal 0 0 1
    outer loop
      vertex 1.55 -2.68467875173176 2
      vertex 1.761000714866584 -2.551249984270334 2
      vertex 1.7610007148665827 2.551249984270335 2
    endloop
  endfacet
  facet normal 0 0 1
    outer loop
      vertex 1.761000714866584 -2.551249984270334 2
      vertex 1.9605806643456694 -2.4012753816657297 2
      vertex 1.9605806643456696 2.4012753816657293 2
    endloop
  endfacet
  facet normal 0 0 1
    outer loop
      vertex 1.9605806643456694 -2.4012753816657297 2
      vertex 2.1474454958797593 -2.235727586765824 2
      vertex 2.147445495879758 2.235727586765825 2
    endloop
  endfacet
  facet normal 0 0 1
    outer loop
      vertex 2.1474454958797593 -2.235727586765824 2
      vertex 2.320383319330413 -2.0556802405464656 2
      vertex 2.3203833193304133 2.055680240546465 2
    endloop
  endfacet
  facet normal 0 0 1
    outer loop
      vertex 2.320383319330413 -2.0556802405464656 2
      vertex 2.4782725665508543 -1.862301019137734 2
      vertex 2.478272566550854 1.8623010191377345 2
    endloop
  endfacet
  facet normal 0 0 1
    outer loop
      vertex 2.4782725665508543 -1.862301019137734 2
      vertex 2.6200892651857632 -1.6568440609961839 2
      vertex 2.6200892651857637 1.6568440609961832 2
    endloop
  endfacet
  facet normal 0 0 1
    outer loop
      vertex 2.6200892651857632 -1.6568440609961839 2
      vertex 2.7449136795249514 -1.4406418333356819 2
      vertex 2.744913679524951 1.4406418333356825 2
    endloop
  endfacet
  facet normal 0 0 1
    outer loop
      vertex 2.7449136795249514 -1.4406418333356819 2
      vertex 2.851936275342355 -1.2150964905662336 2
      vertex 2.8519362753423554 1.2150964905662327 2
    endloop
  endfacet
  facet normal 0 0 1
    outer loop
      vertex 2.851936275342355 -1.2150964905662336 2
      vertex 2.9404629700361515 -0.9816707807845644 2
      vertex 2.940462970036151 0.9816707807845647 2
    endloop
  endfacet
  facet normal 0 0 1
    outer loop
      vertex 2.9404629700361515 -0.9816707807845644 2
      vertex 3.009919634020761 -0.7418785592914302 2
      vertex 3.0099196340207612 0.7418785592914291 2
    endloop
  endfacet
  facet normal 0 0 1
    outer loop
      vertex 3.009919634020761 -0.7418785592914302 2
      vertex 3.05985581417753 -0.49727497065905657 2
      vertex 3.05985581417753 0.49727497065905674 2
    endloop
  endfacet
  facet normal 0 0 1
    outer loop
      vertex 3.05985581417753 -0.49727497065905657 2
      vertex 3.0899476552160507 -0.24944636302185164 2
      vertex 3.089947655216051 0.24944636302185022 2
    endloop
  endfacet
  facet normal 0 0 1
    outer loop
      vertex 3.0899476552160507 -0.24944636302185164 2
      vertex 3.1 0 2
      vertex 3.089947655216051 0.24944636302185022 2
    endloop
  endfacet
  facet normal 0.16041128085776088 0.9870502626379128 0
    outer loop
      vertex -0.6200796507057382 -3.03735102133103 2
      vertex -0.37366370879150057 -3.077397509703968 4.2
      vertex -0.37366370879150057 -3.077397509703968 2
    endloop
  endfacet
  facet normal 0.23931566428755857 0.9709418174260518 0
    outer loop
      vertex -0.8624741381410035 -2.977606146057254 2
      vertex -0.6200796507057382 -3.03735102133103 4.2
      vertex -0.6200796507057382 -3.03735102133103 2
    endloop
  endfacet
  facet normal 0.3919666098600751 0.9199794436588243 0
    outer loop
      vertex -1.3289469403494683 -2.800696347292185 2
      vertex -1.0992751498318607 -2.898550352324786 4.2
      vertex -1.0992751498318607 -2.898550352324786 2
    endloop
  endfacet
  facet normal 0.3166679938014722 0.9485364419471456 0
    outer loop
      vertex -1.0992751498318607 -2.898550352324786 2
      vertex -0.8624741381410035 -2.977606146057254 4.2
      vertex -0.8624741381410035 -2.977606146057254 2
    endloop
  endfacet
  facet normal 0.5344658261278016 0.8451900855437945 0
    outer loop
      vertex -1.7610007148665827 -2.551249984270335 2
      vertex -1.55 -2.68467875173176 4.2
      vertex -1.55 -2.68467875173176 2
    endloop
  endfacet
  facet normal 0.6007422642379774 0.7994427634035023 0
    outer loop
      vertex -1.9605806643456694 -2.4012753816657297 2
      vertex -1.7610007148665827 -2.551249984270335 4.2
      vertex -1.7610007148665827 -2.551249984270335 2
    endloop
  endfacet
  facet normal 0.4647231720437689 0.8854560256532097 0
    outer loop
      vertex -1.3289469403494683 -2.800696347292185 2
      vertex -1.55 -2.68467875173176 2
      vertex -1.3289469403494683 -2.800696347292185 4.2
    endloop
  endfacet
  facet normal 0.08046656871672385 0.9967573081342103 0
    outer loop
      vertex -0.37366370879150057 -3.077397509703968 2
      vertex -0.12482441433918763 -3.0974858943318657 4.2
      vertex -0.12482441433918763 -3.0974858943318657 2
    endloop
  endfacet
  facet normal 0 1 0
    outer loop
      vertex -0.12482441433918763 -3.0974858943318657 2
      vertex 0.12482441433918763 -3.0974858943318657 4.2
      vertex 0.12482441433918763 -3.0974858943318657 2
    endloop
  endfacet
  facet normal -0.08046656871672385 0.9967573081342103 0
    outer loop
      vertex 0.12482441433918763 -3.0974858943318657 2
      vertex 0.37366370879150057 -3.077397509703968 4.2
      vertex 0.37366370879150057 -3.077397509703968 2
    endloop
  endfacet
  facet normal -0.16041128085776088 0.9870502626379128 0
    outer loop
      vertex 0.37366370879150057 -3.077397509703968 2
      vertex 0.6200796507057382 -3.03735102133103 4.2
      vertex 0.6200796507057382 -3.03735102133103 2
    endloop
  endfacet
  facet normal -0.23931566428755663 0.9709418174260522 0
    outer loop
      vertex 0.6200796507057382 -3.03735102133103 2
      vertex 0.8624741381410019 -2.977606146057255 4.2
      vertex 0.8624741381410019 -2.977606146057255 2
    endloop
  endfacet
  facet normal -0.3166679938014735 0.9485364419471451 0
    outer loop
      vertex 0.8624741381410019 -2.977606146057255 2
      vertex 1.0992751498318607 -2.898550352324786 4.2
      vertex 1.0992751498318607 -2.898550352324786 2
    endloop
  endfacet
  facet normal -0.39196660986007575 0.9199794436588239 0
    outer loop
      vertex 1.0992751498318607 -2.898550352324786 2
      vertex 1.3289469403494667 -2.8006963472921855 4.2
      vertex 1.3289469403494667 -2.8006963472921855 2
    endloop
  endfacet
  facet normal -0.46472317204376773 0.8854560256532102 0
    outer loop
      vertex 1.3289469403494667 -2.8006963472921855 2
      vertex 1.55 -2.68467875173176 4.2
      vertex 1.55 -2.68467875173176 2
    endloop
  endfacet
  facet normal -0.5344658261278018 0.8451900855437944 0
    outer loop
      vertex 1.55 -2.68467875173176 2
      vertex 1.761000714866584 -2.551249984270334 4.2
      vertex 1.761000714866584 -2.551249984270334 2
    endloop
  endfacet
  facet normal 0.16041128085776088 0.9870502626379128 0
    outer loop
      vertex -0.6200796507057382 -3.03735102133103 2
      vertex -0.6200796507057382 -3.03735102133103 4.2
      vertex -0.37366370879150057 -3.077397509703968 4.2
    endloop
  endfacet
  facet normal 0.23931566428755857 0.9709418174260518 0
    outer loop
      vertex -0.8624741381410035 -2.977606146057254 2
      vertex -0.8624741381410035 -2.977606146057254 4.2
      vertex -0.6200796507057382 -3.03735102133103 4.2
    endloop
  endfacet
  facet normal 0.3166679938014722 0.9485364419471456 0
    outer loop
      vertex -1.0992751498318607 -2.898550352324786 2
      vertex -1.0992751498318607 -2.898550352324786 4.2
      vertex -0.8624741381410035 -2.977606146057254 4.2
    endloop
  endfacet
  facet normal 0.3919666098600751 0.9199794436588243 0
    outer loop
      vertex -1.3289469403494683 -2.800696347292185 2
      vertex -1.3289469403494683 -2.800696347292185 4.2
      vertex -1.0992751498318607 -2.898550352324786 4.2
    endloop
  endfacet
  facet normal 0.5344658261278016 0.8451900855437945 0
    outer loop
      vertex -1.7610007148665827 -2.551249984270335 2
      vertex -1.7610007148665827 -2.551249984270335 4.2
      vertex -1.55 -2.68467875173176 4.2
    endloop
  endfacet
  facet normal 0.4647231720437689 0.8854560256532097 0
    outer loop
      vertex -1.55 -2.68467875173176 2
      vertex -1.55 -2.68467875173176 4.2
      vertex -1.3289469403494683 -2.800696347292185 4.2
    endloop
  endfacet
  facet normal 0.08046656871672385 0.9967573081342103 0
    outer loop
      vertex -0.37366370879150057 -3.077397509703968 2
      vertex -0.37366370879150057 -3.077397509703968 4.2
      vertex -0.12482441433918763 -3.0974858943318657 4.2
    endloop
  endfacet
  facet normal 0 1 0
    outer loop
      vertex -0.12482441433918763 -3.0974858943318657 2
      vertex -0.12482441433918763 -3.0974858943318657 4.2
      vertex 0.12482441433918763 -3.0974858943318657 4.2
    endloop
  endfacet
  facet normal -0.08046656871672385 0.9967573081342103 0
    outer loop
      vertex 0.12482441433918763 -3.0974858943318657 2
      vertex 0.12482441433918763 -3.0974858943318657 4.2
      vertex 0.37366370879150057 -3.077397509703968 4.2
    endloop
  endfacet
  facet normal -0.16041128085776088 0.9870502626379128 0
    outer loop
      vertex 0.37366370879150057 -3.077397509703968 2
      vertex 0.37366370879150057 -3.077397509703968 4.2
      vertex 0.6200796507057382 -3.03735102133103 4.2
    endloop
  endfacet
  facet normal -0.23931566428755663 0.9709418174260522 0
    outer loop
      vertex 0.6200796507057382 -3.03735102133103 2
      vertex 0.6200796507057382 -3.03735102133103 4.2
      vertex 0.8624741381410019 -2.977606146057255 4.2
    endloop
  endfacet
  facet normal -0.3166679938014735 0.9485364419471451 0
    outer loop
      vertex 0.8624741381410019 -2.977606146057255 2
      vertex 0.8624741381410019 -2.977606146057255 4.2
      vertex 1.0992751498318607 -2.898550352324786 4.2
    endloop
  endfacet
  facet normal -0.39196660986007575 0.9199794436588239 0
    outer loop
      vertex 1.0992751498318607 -2.898550352324786 2
      vertex 1.0992751498318607 -2.898550352324786 4.2
      vertex 1.3289469403494667 -2.8006963472921855 4.2
    endloop
  endfacet
  facet normal -0.46472317204376773 0.8854560256532102 0
    outer loop
      vertex 1.3289469403494667 -2.8006963472921855 2
      vertex 1.3289469403494667 -2.8006963472921855 4.2
      vertex 1.55 -2.68467875173176 4.2
    endloop
  endfacet
  facet normal -0.5344658261278018 0.8451900855437944 0
    outer loop
      vertex 1.55 -2.68467875173176 2
      vertex 1.55 -2.68467875173176 4.2
      vertex 1.761000714866584 -2.551249984270334 4.2
    endloop
  endfacet
  facet normal -0.6007422642379777 0.7994427634035021 0
    outer loop
      vertex 1.761000714866584 -2.551249984270334 2
      vertex 1.761000714866584 -2.551249984270334 4.2
      vertex 1.9605806643456694 -2.4012753816657297 4.2
    endloop
  endfacet
  facet normal 0.6631226582407955 0.7485107481711009 0
    outer loop
      vertex -1.9605806643456694 -2.4012753816657297 2
      vertex -2.147445495879758 -2.2357275867658255 2
      vertex -1.9605806643456694 -2.4012753816657297 4.2
    endloop
  endfacet
  facet normal 0.7212024473438154 0.6927243535095987 0
    outer loop
      vertex -2.147445495879758 -2.2357275867658255 2
      vertex -2.320383319330413 -2.0556802405464656 2
      vertex -2.320383319330413 -2.0556802405464656 4.2
    endloop
  endfacet
  facet normal 0.7746049618276538 0.6324453755953782 0
    outer loop
      vertex -2.4782725665508534 -1.8623010191377352 2
      vertex -2.4782725665508534 -1.8623010191377352 4.2
      vertex -2.320383319330413 -2.0556802405464656 2
    endloop
  endfacet
  facet normal 0.8660254037844377 0.5000000000000017 0
    outer loop
      vertex -2.6200892651857632 -1.6568440609961839 2
      vertex -2.7449136795249514 -1.4406418333356819 2
      vertex -2.7449136795249514 -1.4406418333356819 4.2
    endloop
  endfacet
  facet normal 0.9034504346103827 0.42869256140305334 0
    outer loop
      vertex -2.7449136795249514 -1.4406418333356819 2
      vertex -2.8519362753423554 -1.2150964905662323 2
      vertex -2.8519362753423554 -1.2150964905662323 4.2
    endloop
  endfacet
  facet normal 0.822983865893657 0.568064746731155 0
    outer loop
      vertex -2.6200892651857632 -1.6568440609961839 2
      vertex -2.6200892651857632 -1.6568440609961839 4.2
      vertex -2.4782725665508534 -1.8623010191377352 2
    endloop
  endfacet
  facet normal -0.6007422642379777 0.7994427634035021 0
    outer loop
      vertex 1.761000714866584 -2.551249984270334 2
      vertex 1.9605806643456694 -2.4012753816657297 4.2
      vertex 1.9605806643456694 -2.4012753816657297 2
    endloop
  endfacet
  facet normal -0.6631226582407957 0.7485107481711005 0
    outer loop
      vertex 1.9605806643456694 -2.4012753816657297 2
      vertex 2.1474454958797593 -2.235727586765824 4.2
      vertex 2.1474454958797593 -2.235727586765824 2
    endloop
  endfacet
  facet normal -0.7212024473438154 0.6927243535095984 0
    outer loop
      vertex 2.1474454958797593 -2.235727586765824 2
      vertex 2.1474454958797593 -2.235727586765824 4.2
      vertex 2.320383319330413 -2.0556802405464656 2
    endloop
  endfacet
  facet normal -0.7746049618276539 0.6324453755953782 0
    outer loop
      vertex 2.320383319330413 -2.0556802405464656 2
      vertex 2.320383319330413 -2.0556802405464656 4.2
      vertex 2.4782725665508543 -1.862301019137734 2
    endloop
  endfacet
  facet normal -0.8229838658936572 0.5680647467311546 0
    outer loop
      vertex 2.4782725665508543 -1.862301019137734 2
      vertex 2.4782725665508543 -1.862301019137734 4.2
      vertex 2.6200892651857632 -1.6568440609961839 2
    endloop
  endfacet
  facet normal -0.8660254037844377 0.5000000000000017 0
    outer loop
      vertex 2.6200892651857632 -1.6568440609961839 2
      vertex 2.6200892651857632 -1.6568440609961839 4.2
      vertex 2.7449136795249514 -1.4406418333356819 2
    endloop
  endfacet
  facet normal -0.9034504346103823 0.428692561403054 0
    outer loop
      vertex 2.7449136795249514 -1.4406418333356819 2
      vertex 2.7449136795249514 -1.4406418333356819 4.2
      vertex 2.851936275342355 -1.2150964905662336 2
    endloop
  endfacet
  facet normal 0.6007422642379774 0.7994427634035023 0
    outer loop
      vertex -1.9605806643456694 -2.4012753816657297 2
      vertex -1.9605806643456694 -2.4012753816657297 4.2
      vertex -1.7610007148665827 -2.551249984270335 4.2
    endloop
  endfacet
  facet normal 0.6631226582407955 0.7485107481711009 0
    outer loop
      vertex -2.147445495879758 -2.2357275867658255 2
      vertex -2.147445495879758 -2.2357275867658255 4.2
      vertex -1.9605806643456694 -2.4012753816657297 4.2
    endloop
  endfacet
  facet normal 0.7212024473438154 0.6927243535095987 0
    outer loop
      vertex -2.147445495879758 -2.2357275867658255 2
      vertex -2.320383319330413 -2.0556802405464656 4.2
      vertex -2.147445495879758 -2.2357275867658255 4.2
    endloop
  endfacet
  facet normal 0.7746049618276538 0.6324453755953782 0
    outer loop
      vertex -2.320383319330413 -2.0556802405464656 2
      vertex -2.4782725665508534 -1.8623010191377352 4.2
      vertex -2.320383319330413 -2.0556802405464656 4.2
    endloop
  endfacet
  facet normal 0.9034504346103827 0.42869256140305334 0
    outer loop
      vertex -2.7449136795249514 -1.4406418333356819 2
      vertex -2.8519362753423554 -1.2150964905662323 4.2
      vertex -2.7449136795249514 -1.4406418333356819 4.2
    endloop
  endfacet
  facet normal 0.822983865893657 0.568064746731155 0
    outer loop
      vertex -2.4782725665508534 -1.8623010191377352 2
      vertex -2.6200892651857632 -1.6568440609961839 4.2
      vertex -2.4782725665508534 -1.8623010191377352 4.2
    endloop
  endfacet
  facet normal 0.8660254037844377 0.5000000000000017 0
    outer loop
      vertex -2.6200892651857632 -1.6568440609961839 2
      vertex -2.7449136795249514 -1.4406418333356819 4.2
      vertex -2.6200892651857632 -1.6568440609961839 4.2
    endloop
  endfacet
  facet normal -0.6631226582407957 0.7485107481711005 0
    outer loop
      vertex 1.9605806643456694 -2.4012753816657297 2
      vertex 1.9605806643456694 -2.4012753816657297 4.2
      vertex 2.1474454958797593 -2.235727586765824 4.2
    endloop
  endfacet
  facet normal -0.7212024473438154 0.6927243535095984 0
    outer loop
      vertex 2.320383319330413 -2.0556802405464656 2
      vertex 2.1474454958797593 -2.235727586765824 4.2
      vertex 2.320383319330413 -2.0556802405464656 4.2
    endloop
  endfacet
  facet normal -0.7746049618276539 0.6324453755953782 0
    outer loop
      vertex 2.4782725665508543 -1.862301019137734 2
      vertex 2.320383319330413 -2.0556802405464656 4.2
      vertex 2.4782725665508543 -1.862301019137734 4.2
    endloop
  endfacet
  facet normal -0.8229838658936572 0.5680647467311546 0
    outer loop
      vertex 2.6200892651857632 -1.6568440609961839 2
      vertex 2.4782725665508543 -1.862301019137734 4.2
      vertex 2.6200892651857632 -1.6568440609961839 4.2
    endloop
  endfacet
  facet normal -0.8660254037844377 0.5000000000000017 0
    outer loop
      vertex 2.7449136795249514 -1.4406418333356819 2
      vertex 2.6200892651857632 -1.6568440609961839 4.2
      vertex 2.7449136795249514 -1.4406418333356819 4.2
    endloop
  endfacet
  facet normal -0.9034504346103823 0.428692561403054 0
    outer loop
      vertex 2.851936275342355 -1.2150964905662336 2
      vertex 2.7449136795249514 -1.4406418333356819 4.2
      vertex 2.851936275342355 -1.2150964905662336 4.2
    endloop
  endfacet
  facet normal 0.9350162426854147 0.3546048870425359 0
    outer loop
      vertex -2.8519362753423554 -1.2150964905662323 2
      vertex -2.9404629700361515 -0.9816707807845644 2
      vertex -2.9404629700361515 -0.9816707807845644 4.2
    endloop
  endfacet
  facet normal 0.9605181116313729 0.27821746391645097 0
    outer loop
      vertex -2.9404629700361515 -0.9816707807845644 2
      vertex -3.0099196340207612 -0.7418785592914287 2
      vertex -3.0099196340207612 -0.7418785592914287 4.2
    endloop
  endfacet
  facet normal 0.9797906520422676 0.2000256937760455 0
    outer loop
      vertex -3.0099196340207612 -0.7418785592914287 2
      vertex -3.05985581417753 -0.49727497065905657 2
      vertex -3.05985581417753 -0.49727497065905657 4.2
    endloop
  endfacet
  facet normal 0.9927088740980539 0.12053668025532334 0
    outer loop
      vertex -3.05985581417753 -0.49727497065905657 2
      vertex -3.089947655216051 -0.24944636302185014 2
      vertex -3.089947655216051 -0.24944636302185014 4.2
    endloop
  endfacet
  facet normal 0.9991889981715697 0.04026594010941457 0
    outer loop
      vertex -3.089947655216051 -0.24944636302185014 2
      vertex -3.1 0 2
      vertex -3.1 0 4.2
    endloop
  endfacet
  facet normal -0.9350162426854148 0.35460488704253573 0
    outer loop
      vertex 2.851936275342355 -1.2150964905662336 2
      vertex 2.851936275342355 -1.2150964905662336 4.2
      vertex 2.9404629700361515 -0.9816707807845644 2
    endloop
  endfacet
  facet normal -0.9605181116313727 0.2782174639164509 0
    outer loop
      vertex 2.9404629700361515 -0.9816707807845644 2
      vertex 2.9404629700361515 -0.9816707807845644 4.2
      vertex 3.009919634020761 -0.7418785592914302 2
    endloop
  endfacet
  facet normal -0.9797906520422672 0.20002569377604595 0
    outer loop
      vertex 3.009919634020761 -0.7418785592914302 2
      vertex 3.009919634020761 -0.7418785592914302 4.2
      vertex 3.05985581417753 -0.49727497065905657 2
    endloop
  endfacet
  facet normal -0.9927088740980541 0.1205366802553223 0
    outer loop
      vertex 3.05985581417753 -0.49727497065905657 2
      vertex 3.05985581417753 -0.49727497065905657 4.2
      vertex 3.0899476552160507 -0.24944636302185164 2
    endloop
  endfacet
  facet normal -0.9991889981715695 0.040265940109416094 0
    outer loop
      vertex 3.0899476552160507 -0.24944636302185164 2
      vertex 3.0899476552160507 -0.24944636302185164 4.2
      vertex 3.1 0 2
    endloop
  endfacet
  facet normal 0.9350162426854147 0.3546048870425359 0
    outer loop
      vertex -2.8519362753423554 -1.2150964905662323 2
      vertex -2.9404629700361515 -0.9816707807845644 4.2
      vertex -2.8519362753423554 -1.2150964905662323 4.2
    endloop
  endfacet
  facet normal 0.9605181116313729 0.27821746391645097 0
    outer loop
      vertex -2.9404629700361515 -0.9816707807845644 2
      vertex -3.0099196340207612 -0.7418785592914287 4.2
      vertex -2.9404629700361515 -0.9816707807845644 4.2
    endloop
  endfacet
  facet normal 0.9797906520422676 0.2000256937760455 0
    outer loop
      vertex -3.0099196340207612 -0.7418785592914287 2
      vertex -3.05985581417753 -0.49727497065905657 4.2
      vertex -3.0099196340207612 -0.7418785592914287 4.2
    endloop
  endfacet
  facet normal 0.9927088740980539 0.12053668025532334 0
    outer loop
      vertex -3.05985581417753 -0.49727497065905657 2
      vertex -3.089947655216051 -0.24944636302185014 4.2
      vertex -3.05985581417753 -0.49727497065905657 4.2
    endloop
  endfacet
  facet normal 0.9991889981715697 0.04026594010941457 0
    outer loop
      vertex -3.089947655216051 -0.24944636302185014 2
      vertex -3.1 0 4.2
      vertex -3.089947655216051 -0.24944636302185014 4.2
    endloop
  endfacet
  facet normal -0.9350162426854148 0.35460488704253573 0
    outer loop
      vertex 2.9404629700361515 -0.9816707807845644 2
      vertex 2.851936275342355 -1.2150964905662336 4.2
      vertex 2.9404629700361515 -0.9816707807845644 4.2
    endloop
  endfacet
  facet normal -0.9605181116313727 0.2782174639164509 0
    outer loop
      vertex 3.009919634020761 -0.7418785592914302 2
      vertex 2.9404629700361515 -0.9816707807845644 4.2
      vertex 3.009919634020761 -0.7418785592914302 4.2
    endloop
  endfacet
  facet normal -0.9797906520422672 0.20002569377604595 0
    outer loop
      vertex 3.05985581417753 -0.49727497065905657 2
      vertex 3.009919634020761 -0.7418785592914302 4.2
      vertex 3.05985581417753 -0.49727497065905657 4.2
    endloop
  endfacet
  facet normal -0.9927088740980541 0.1205366802553223 0
    outer loop
      vertex 3.0899476552160507 -0.24944636302185164 2
      vertex 3.05985581417753 -0.49727497065905657 4.2
      vertex 3.0899476552160507 -0.24944636302185164 4.2
    endloop
  endfacet
  facet normal -0.9991889981715695 0.040265940109416094 0
    outer loop
      vertex 3.0899476552160507 -0.24944636302185164 4.2
      vertex 3.1 0 4.2
      vertex 3.1 0 2
    endloop
  endfacet
  facet normal 0 0 -1
    outer loop
      vertex -1.3289469403494683 -2.800696347292185 4.2
      vertex -1.3289469403494683 2.800696347292185 4.2
      vertex -1.0992751498318607 -2.898550352324786 4.2
    endloop
  endfacet
  facet normal 0 0 -1
    outer loop
      vertex -1.0992751498318607 -2.898550352324786 4.2
      vertex -1.0992751498318607 2.898550352324786 4.2
      vertex -0.8624741381410035 -2.977606146057254 4.2
    endloop
  endfacet
  facet normal 0 0 -1
    outer loop
      vertex -0.6200796507057382 -3.03735102133103 4.2
      vertex -0.6200796507057375 3.03735102133103 4.2
      vertex -0.37366370879150057 -3.077397509703968 4.2
    endloop
  endfacet
  facet normal 0 0 -1
    outer loop
      vertex -0.8624741381410035 -2.977606146057254 4.2
      vertex -0.8624741381410035 2.977606146057254 4.2
      vertex -0.6200796507057382 -3.03735102133103 4.2
    endloop
  endfacet
  facet normal 0 0 -1
    outer loop
      vertex -1.7610007148665827 -2.551249984270335 4.2
      vertex -1.7610007148665827 2.551249984270335 4.2
      vertex -1.55 -2.68467875173176 4.2
    endloop
  endfacet
  facet normal 0 0 -1
    outer loop
      vertex -1.9605806643456694 -2.4012753816657297 4.2
      vertex -1.9605806643456694 2.4012753816657297 4.2
      vertex -1.7610007148665827 -2.551249984270335 4.2
    endloop
  endfacet
  facet normal 0 0 -1
    outer loop
      vertex -1.9605806643456694 -2.4012753816657297 4.2
      vertex -2.147445495879758 -2.2357275867658255 4.2
      vertex -2.147445495879758 2.2357275867658255 4.2
    endloop
  endfacet
  facet normal 0 0 -1
    outer loop
      vertex -2.147445495879758 -2.2357275867658255 4.2
      vertex -2.320383319330413 -2.0556802405464656 4.2
      vertex -2.320383319330413 2.0556802405464656 4.2
    endloop
  endfacet
  facet normal 0 0 -1
    outer loop
      vertex -2.4782725665508534 -1.8623010191377352 4.2
      vertex -2.4782725665508534 1.8623010191377352 4.2
      vertex -2.320383319330413 -2.0556802405464656 4.2
    endloop
  endfacet
  facet normal 0 0 -1
    outer loop
      vertex -1.3289469403494683 -2.800696347292185 4.2
      vertex -1.55 -2.68467875173176 4.2
      vertex -1.55 2.68467875173176 4.2
    endloop
  endfacet
  facet normal 0 0 -1
    outer loop
      vertex -2.6200892651857632 -1.6568440609961839 4.2
      vertex -2.7449136795249514 -1.4406418333356819 4.2
      vertex -2.7449136795249514 1.4406418333356819 4.2
    endloop
  endfacet
  facet normal 0 0 -1
    outer loop
      vertex -2.7449136795249514 -1.4406418333356819 4.2
      vertex -2.8519362753423554 -1.2150964905662323 4.2
      vertex -2.8519362753423554 1.2150964905662323 4.2
    endloop
  endfacet
  facet normal 0 0 -1
    outer loop
      vertex -2.8519362753423554 -1.2150964905662323 4.2
      vertex -2.9404629700361515 -0.9816707807845644 4.2
      vertex -2.9404629700361515 0.9816707807845644 4.2
    endloop
  endfacet
  facet normal 0 0 -1
    outer loop
      vertex -2.9404629700361515 -0.9816707807845644 4.2
      vertex -3.0099196340207612 -0.7418785592914287 4.2
      vertex -3.0099196340207612 0.7418785592914287 4.2
    endloop
  endfacet
  facet normal 0 0 -1
    outer loop
      vertex -3.0099196340207612 -0.7418785592914287 4.2
      vertex -3.05985581417753 -0.49727497065905657 4.2
      vertex -3.05985581417753 0.49727497065905657 4.2
    endloop
  endfacet
  facet normal 0 0 -1
    outer loop
      vertex -3.05985581417753 -0.49727497065905657 4.2
      vertex -3.089947655216051 -0.24944636302185014 4.2
      vertex -3.089947655216051 0.24944636302185014 4.2
    endloop
  endfacet
  facet normal 0 0 -1
    outer loop
      vertex -2.6200892651857632 -1.6568440609961839 4.2
      vertex -2.6200892651857632 1.6568440609961839 4.2
      vertex -2.4782725665508534 -1.8623010191377352 4.2
    endloop
  endfacet
  facet normal 0 0 -1
    outer loop
      vertex -0.37366370879150057 -3.077397509703968 4.2
      vertex -0.3736637087915013 3.0773975097039674 4.2
      vertex -0.12482441433918763 -3.0974858943318657 4.2
    endloop
  endfacet
  facet normal 0 0 -1
    outer loop
      vertex -0.12482441433918763 -3.0974858943318657 4.2
      vertex -0.12482441433918688 3.0974858943318657 4.2
      vertex 0.12482441433918763 -3.0974858943318657 4.2
    endloop
  endfacet
  facet normal 0 0 -1
    outer loop
      vertex 0.12482441433918763 -3.0974858943318657 4.2
      vertex 0.12482441433918688 3.0974858943318657 4.2
      vertex 0.37366370879150057 -3.077397509703968 4.2
    endloop
  endfacet
  facet normal 0 0 -1
    outer loop
      vertex 0.37366370879150057 -3.077397509703968 4.2
      vertex 0.3736637087915013 3.0773975097039674 4.2
      vertex 0.6200796507057382 -3.03735102133103 4.2
    endloop
  endfacet
  facet normal 0 0 -1
    outer loop
      vertex 0.6200796507057382 -3.03735102133103 4.2
      vertex 0.6200796507057375 3.03735102133103 4.2
      vertex 0.8624741381410019 -2.977606146057255 4.2
    endloop
  endfacet
  facet normal 0 0 -1
    outer loop
      vertex 0.8624741381410019 -2.977606146057255 4.2
      vertex 0.8624741381410035 2.977606146057254 4.2
      vertex 1.0992751498318607 -2.898550352324786 4.2
    endloop
  endfacet
  facet normal 0 0 -1
    outer loop
      vertex 1.0992751498318607 -2.898550352324786 4.2
      vertex 1.0992751498318607 2.898550352324786 4.2
      vertex 1.3289469403494667 -2.8006963472921855 4.2
    endloop
  endfacet
  facet normal 0 0 -1
    outer loop
      vertex 1.3289469403494667 -2.8006963472921855 4.2
      vertex 1.3289469403494683 2.800696347292185 4.2
      vertex 1.55 -2.68467875173176 4.2
    endloop
  endfacet
  facet normal 0 0 -1
    outer loop
      vertex 1.55 -2.68467875173176 4.2
      vertex 1.55 2.68467875173176 4.2
      vertex 1.761000714866584 -2.551249984270334 4.2
    endloop
  endfacet
  facet normal 0 0 -1
    outer loop
      vertex 1.761000714866584 -2.551249984270334 4.2
      vertex 1.7610007148665827 2.551249984270335 4.2
      vertex 1.9605806643456694 -2.4012753816657297 4.2
    endloop
  endfacet
  facet normal 0 0 -1
    outer loop
      vertex 1.9605806643456694 -2.4012753816657297 4.2
      vertex 1.9605806643456696 2.4012753816657293 4.2
      vertex 2.1474454958797593 -2.235727586765824 4.2
    endloop
  endfacet
  facet normal 0 0 -1
    outer loop
      vertex 2.1474454958797593 -2.235727586765824 4.2
      vertex 2.147445495879758 2.235727586765825 4.2
      vertex 2.320383319330413 -2.0556802405464656 4.2
    endloop
  endfacet
  facet normal 0 0 -1
    outer loop
      vertex 2.320383319330413 -2.0556802405464656 4.2
      vertex 2.3203833193304133 2.055680240546465 4.2
      vertex 2.4782725665508543 -1.862301019137734 4.2
    endloop
  endfacet
  facet normal 0 0 -1
    outer loop
      vertex 2.4782725665508543 -1.862301019137734 4.2
      vertex 2.478272566550854 1.8623010191377345 4.2
      vertex 2.6200892651857632 -1.6568440609961839 4.2
    endloop
  endfacet
  facet normal 0 0 -1
    outer loop
      vertex 2.6200892651857632 -1.6568440609961839 4.2
      vertex 2.6200892651857637 1.6568440609961832 4.2
      vertex 2.7449136795249514 -1.4406418333356819 4.2
    endloop
  endfacet
  facet normal 0 0 -1
    outer loop
      vertex 2.7449136795249514 -1.4406418333356819 4.2
      vertex 2.744913679524951 1.4406418333356825 4.2
      vertex 2.851936275342355 -1.2150964905662336 4.2
    endloop
  endfacet
  facet normal 0 0 -1
    outer loop
      vertex 2.851936275342355 -1.2150964905662336 4.2
      vertex 2.8519362753423554 1.2150964905662327 4.2
      vertex 2.9404629700361515 -0.9816707807845644 4.2
    endloop
  endfacet
  facet normal 0 0 -1
    outer loop
      vertex 2.9404629700361515 -0.9816707807845644 4.2
      vertex 2.940462970036151 0.9816707807845647 4.2
      vertex 3.009919634020761 -0.7418785592914302 4.2
    endloop
  endfacet
  facet normal 0 0 -1
    outer loop
      vertex 3.009919634020761 -0.7418785592914302 4.2
      vertex 3.0099196340207612 0.7418785592914291 4.2
      vertex 3.05985581417753 -0.49727497065905657 4.2
    endloop
  endfacet
  facet normal 0 0 -1
    outer loop
      vertex 3.05985581417753 -0.49727497065905657 4.2
      vertex 3.05985581417753 0.49727497065905674 4.2
      vertex 3.0899476552160507 -0.24944636302185164 4.2
    endloop
  endfacet
  facet normal 0 0 -1
    outer loop
      vertex 3.0899476552160507 -0.24944636302185164 4.2
      vertex 3.089947655216051 0.24944636302185022 4.2
      vertex 3.1 0 4.2
    endloop
  endfacet
  facet normal 0 0 1
    outer loop
      vertex -3.089947655216051 -0.24944636302185014 2
      vertex -3.089947655216051 0.24944636302185014 2
      vertex -3.1 0 2
    endloop
  endfacet
  facet normal 0 0 1
    outer loop
      vertex -3.089947655216051 -0.24944636302185014 2
      vertex -3.05985581417753 0.49727497065905657 2
      vertex -3.089947655216051 0.24944636302185014 2
    endloop
  endfacet
  facet normal 0 0 1
    outer loop
      vertex -3.05985581417753 -0.49727497065905657 2
      vertex -3.0099196340207612 0.7418785592914287 2
      vertex -3.05985581417753 0.49727497065905657 2
    endloop
  endfacet
  facet normal 0 0 1
    outer loop
      vertex -3.0099196340207612 -0.7418785592914287 2
      vertex -2.9404629700361515 0.9816707807845644 2
      vertex -3.0099196340207612 0.7418785592914287 2
    endloop
  endfacet
  facet normal 0 0 1
    outer loop
      vertex -2.9404629700361515 -0.9816707807845644 2
      vertex -2.8519362753423554 1.2150964905662323 2
      vertex -2.9404629700361515 0.9816707807845644 2
    endloop
  endfacet
  facet normal 0 0 1
    outer loop
      vertex -2.8519362753423554 -1.2150964905662323 2
      vertex -2.7449136795249514 1.4406418333356819 2
      vertex -2.8519362753423554 1.2150964905662323 2
    endloop
  endfacet
  facet normal 0 0 1
    outer loop
      vertex -2.7449136795249514 -1.4406418333356819 2
      vertex -2.6200892651857632 1.6568440609961839 2
      vertex -2.7449136795249514 1.4406418333356819 2
    endloop
  endfacet
  facet normal 0 0 1
    outer loop
      vertex -2.6200892651857632 -1.6568440609961839 2
      vertex -2.4782725665508534 1.8623010191377352 2
      vertex -2.6200892651857632 1.6568440609961839 2
    endloop
  endfacet
  facet normal 0 0 1
    outer loop
      vertex -2.4782725665508534 -1.8623010191377352 2
      vertex -2.320383319330413 2.0556802405464656 2
      vertex -2.4782725665508534 1.8623010191377352 2
    endloop
  endfacet
  facet normal 0 0 1
    outer loop
      vertex -2.320383319330413 -2.0556802405464656 2
      vertex -2.147445495879758 2.2357275867658255 2
      vertex -2.320383319330413 2.0556802405464656 2
    endloop
  endfacet
  facet normal 0 0 1
    outer loop
      vertex -2.147445495879758 -2.2357275867658255 2
      vertex -1.9605806643456694 2.4012753816657297 2
      vertex -2.147445495879758 2.2357275867658255 2
    endloop
  endfacet
  facet normal 0 0 1
    outer loop
      vertex -1.9605806643456694 -2.4012753816657297 2
      vertex -1.7610007148665827 2.551249984270335 2
      vertex -1.9605806643456694 2.4012753816657297 2
    endloop
  endfacet
  facet normal 0 0 1
    outer loop
      vertex -1.7610007148665827 -2.551249984270335 2
      vertex -1.55 2.68467875173176 2
      vertex -1.7610007148665827 2.551249984270335 2
    endloop
  endfacet
  facet normal 0 0 1
    outer loop
      vertex -1.55 -2.68467875173176 2
      vertex -1.3289469403494683 2.800696347292185 2
      vertex -1.55 2.68467875173176 2
    endloop
  endfacet
  facet normal 0 0 1
    outer loop
      vertex -1.3289469403494683 -2.800696347292185 2
      vertex -1.0992751498318607 2.898550352324786 2
      vertex -1.3289469403494683 2.800696347292185 2
    endloop
  endfacet
  facet normal 0 0 1
    outer loop
      vertex -1.0992751498318607 -2.898550352324786 2
      vertex -0.8624741381410035 2.977606146057254 2
      vertex -1.0992751498318607 2.898550352324786 2
    endloop
  endfacet
  facet normal 0 0 1
    outer loop
      vertex -0.8624741381410035 -2.977606146057254 2
      vertex -0.6200796507057375 3.03735102133103 2
      vertex -0.8624741381410035 2.977606146057254 2
    endloop
  endfacet
  facet normal 0 0 1
    outer loop
      vertex -0.6200796507057382 -3.03735102133103 2
      vertex -0.3736637087915013 3.0773975097039674 2
      vertex -0.6200796507057375 3.03735102133103 2
    endloop
  endfacet
  facet normal 0 0 1
    outer loop
      vertex 3.05985581417753 -0.49727497065905657 2
      vertex 3.089947655216051 0.24944636302185022 2
      vertex 3.05985581417753 0.49727497065905674 2
    endloop
  endfacet
  facet normal 0 0 1
    outer loop
      vertex 3.009919634020761 -0.7418785592914302 2
      vertex 3.05985581417753 0.49727497065905674 2
      vertex 3.0099196340207612 0.7418785592914291 2
    endloop
  endfacet
  facet normal 0 0 1
    outer loop
      vertex 2.9404629700361515 -0.9816707807845644 2
      vertex 3.0099196340207612 0.7418785592914291 2
      vertex 2.940462970036151 0.9816707807845647 2
    endloop
  endfacet
  facet normal 0 0 1
    outer loop
      vertex 2.851936275342355 -1.2150964905662336 2
      vertex 2.940462970036151 0.9816707807845647 2
      vertex 2.8519362753423554 1.2150964905662327 2
    endloop
  endfacet
  facet normal 0 0 1
    outer loop
      vertex 2.7449136795249514 -1.4406418333356819 2
      vertex 2.8519362753423554 1.2150964905662327 2
      vertex 2.744913679524951 1.4406418333356825 2
    endloop
  endfacet
  facet normal 0 0 1
    outer loop
      vertex 2.320383319330413 -2.0556802405464656 2
      vertex 2.478272566550854 1.8623010191377345 2
      vertex 2.3203833193304133 2.055680240546465 2
    endloop
  endfacet
  facet normal 0 0 1
    outer loop
      vertex 2.6200892651857632 -1.6568440609961839 2
      vertex 2.744913679524951 1.4406418333356825 2
      vertex 2.6200892651857637 1.6568440609961832 2
    endloop
  endfacet
  facet normal 0 0 1
    outer loop
      vertex 2.4782725665508543 -1.862301019137734 2
      vertex 2.6200892651857637 1.6568440609961832 2
      vertex 2.478272566550854 1.8623010191377345 2
    endloop
  endfacet
  facet normal 0 0 1
    outer loop
      vertex 1.0992751498318607 -2.898550352324786 2
      vertex 1.3289469403494683 2.800696347292185 2
      vertex 1.0992751498318607 2.898550352324786 2
    endloop
  endfacet
  facet normal 0 0 1
    outer loop
      vertex 1.55 -2.68467875173176 2
      vertex 1.7610007148665827 2.551249984270335 2
      vertex 1.55 2.68467875173176 2
    endloop
  endfacet
  facet normal 0 0 1
    outer loop
      vertex 1.761000714866584 -2.551249984270334 2
      vertex 1.9605806643456696 2.4012753816657293 2
      vertex 1.7610007148665827 2.551249984270335 2
    endloop
  endfacet
  facet normal 0 0 1
    outer loop
      vertex 1.3289469403494667 -2.8006963472921855 2
      vertex 1.55 2.68467875173176 2
      vertex 1.3289469403494683 2.800696347292185 2
    endloop
  endfacet
  facet normal 0 0 1
    outer loop
      vertex -0.37366370879150057 -3.077397509703968 2
      vertex -0.12482441433918688 3.0974858943318657 2
      vertex -0.3736637087915013 3.0773975097039674 2
    endloop
  endfacet
  facet normal 0 0 1
    outer loop
      vertex -0.12482441433918763 -3.0974858943318657 2
      vertex 0.12482441433918688 3.0974858943318657 2
      vertex -0.12482441433918688 3.0974858943318657 2
    endloop
  endfacet
  facet normal 0 0 1
    outer loop
      vertex 0.37366370879150057 -3.077397509703968 2
      vertex 0.6200796507057375 3.03735102133103 2
      vertex 0.3736637087915013 3.0773975097039674 2
    endloop
  endfacet
  facet normal 0 0 1
    outer loop
      vertex 0.6200796507057382 -3.03735102133103 2
      vertex 0.8624741381410035 2.977606146057254 2
      vertex 0.6200796507057375 3.03735102133103 2
    endloop
  endfacet
  facet normal 0 0 1
    outer loop
      vertex 0.12482441433918763 -3.0974858943318657 2
      vertex 0.3736637087915013 3.0773975097039674 2
      vertex 0.12482441433918688 3.0974858943318657 2
    endloop
  endfacet
  facet normal 0 0 1
    outer loop
      vertex 0.8624741381410019 -2.977606146057255 2
      vertex 1.0992751498318607 2.898550352324786 2
      vertex 0.8624741381410035 2.977606146057254 2
    endloop
  endfacet
  facet normal 0 0 1
    outer loop
      vertex 2.1474454958797593 -2.235727586765824 2
      vertex 2.3203833193304133 2.055680240546465 2
      vertex 2.147445495879758 2.235727586765825 2
    endloop
  endfacet
  facet normal 0 0 1
    outer loop
      vertex 1.9605806643456694 -2.4012753816657297 2
      vertex 2.147445495879758 2.235727586765825 2
      vertex 1.9605806643456696 2.4012753816657293 2
    endloop
  endfacet
  facet normal 0.9991889981715697 -0.04026594010941457 0
    outer loop
      vertex -3.1 0 2
      vertex -3.089947655216051 0.24944636302185014 2
      vertex -3.089947655216051 0.24944636302185014 4.2
    endloop
  endfacet
  facet normal 0.9927088740980539 -0.12053668025532334 0
    outer loop
      vertex -3.089947655216051 0.24944636302185014 2
      vertex -3.05985581417753 0.49727497065905657 2
      vertex -3.05985581417753 0.49727497065905657 4.2
    endloop
  endfacet
  facet normal 0.9797906520422676 -0.2000256937760455 0
    outer loop
      vertex -3.05985581417753 0.49727497065905657 2
      vertex -3.0099196340207612 0.7418785592914287 2
      vertex -3.0099196340207612 0.7418785592914287 4.2
    endloop
  endfacet
  facet normal 0.9605181116313729 -0.27821746391645097 0
    outer loop
      vertex -3.0099196340207612 0.7418785592914287 2
      vertex -2.9404629700361515 0.9816707807845644 2
      vertex -2.9404629700361515 0.9816707807845644 4.2
    endloop
  endfacet
  facet normal 0.9350162426854147 -0.3546048870425359 0
    outer loop
      vertex -2.9404629700361515 0.9816707807845644 2
      vertex -2.8519362753423554 1.2150964905662323 2
      vertex -2.8519362753423554 1.2150964905662323 4.2
    endloop
  endfacet
  facet normal -0.9991889981715697 -0.040265940109414554 0
    outer loop
      vertex 3.1 0 2
      vertex 3.1 0 4.2
      vertex 3.089947655216051 0.24944636302185022 2
    endloop
  endfacet
  facet normal -0.9927088740980539 -0.1205366802553233 0
    outer loop
      vertex 3.089947655216051 0.24944636302185022 2
      vertex 3.089947655216051 0.24944636302185022 4.2
      vertex 3.05985581417753 0.49727497065905674 2
    endloop
  endfacet
  facet normal -0.9797906520422676 -0.20002569377604526 0
    outer loop
      vertex 3.05985581417753 0.49727497065905674 2
      vertex 3.05985581417753 0.49727497065905674 4.2
      vertex 3.0099196340207612 0.7418785592914291 2
    endloop
  endfacet
  facet normal -0.9605181116313724 -0.2782174639164527 0
    outer loop
      vertex 3.0099196340207612 0.7418785592914291 2
      vertex 3.0099196340207612 0.7418785592914291 4.2
      vertex 2.940462970036151 0.9816707807845647 2
    endloop
  endfacet
  facet normal -0.9350162426854153 -0.35460488704253423 0
    outer loop
      vertex 2.940462970036151 0.9816707807845647 2
      vertex 2.940462970036151 0.9816707807845647 4.2
      vertex 2.8519362753423554 1.2150964905662327 2
    endloop
  endfacet
  facet normal 0.9991889981715697 -0.04026594010941457 0
    outer loop
      vertex -3.1 0 2
      vertex -3.089947655216051 0.24944636302185014 4.2
      vertex -3.1 0 4.2
    endloop
  endfacet
  facet normal 0.9927088740980539 -0.12053668025532334 0
    outer loop
      vertex -3.089947655216051 0.24944636302185014 2
      vertex -3.05985581417753 0.49727497065905657 4.2
      vertex -3.089947655216051 0.24944636302185014 4.2
    endloop
  endfacet
  facet normal 0.9797906520422676 -0.2000256937760455 0
    outer loop
      vertex -3.05985581417753 0.49727497065905657 2
      vertex -3.0099196340207612 0.7418785592914287 4.2
      vertex -3.05985581417753 0.49727497065905657 4.2
    endloop
  endfacet
  facet normal 0.9605181116313729 -0.27821746391645097 0
    outer loop
      vertex -3.0099196340207612 0.7418785592914287 2
      vertex -2.9404629700361515 0.9816707807845644 4.2
      vertex -3.0099196340207612 0.7418785592914287 4.2
    endloop
  endfacet
  facet normal 0.9350162426854147 -0.3546048870425359 0
    outer loop
      vertex -2.9404629700361515 0.9816707807845644 2
      vertex -2.8519362753423554 1.2150964905662323 4.2
      vertex -2.9404629700361515 0.9816707807845644 4.2
    endloop
  endfacet
  facet normal -0.9991889981715697 -0.040265940109414554 0
    outer loop
      vertex 3.089947655216051 0.24944636302185022 2
      vertex 3.1 0 4.2
      vertex 3.089947655216051 0.24944636302185022 4.2
    endloop
  endfacet
  facet normal -0.9927088740980539 -0.1205366802553233 0
    outer loop
      vertex 3.05985581417753 0.49727497065905674 2
      vertex 3.089947655216051 0.24944636302185022 4.2
      vertex 3.05985581417753 0.49727497065905674 4.2
    endloop
  endfacet
  facet normal -0.9797906520422676 -0.20002569377604526 0
    outer loop
      vertex 3.0099196340207612 0.7418785592914291 2
      vertex 3.05985581417753 0.49727497065905674 4.2
      vertex 3.0099196340207612 0.7418785592914291 4.2
    endloop
  endfacet
  facet normal -0.9605181116313724 -0.2782174639164527 0
    outer loop
      vertex 2.940462970036151 0.9816707807845647 2
      vertex 3.0099196340207612 0.7418785592914291 4.2
      vertex 2.940462970036151 0.9816707807845647 4.2
    endloop
  endfacet
  facet normal -0.9350162426854153 -0.35460488704253423 0
    outer loop
      vertex 2.8519362753423554 1.2150964905662327 2
      vertex 2.940462970036151 0.9816707807845647 4.2
      vertex 2.8519362753423554 1.2150964905662327 4.2
    endloop
  endfacet
  facet normal 0.9034504346103827 -0.42869256140305334 0
    outer loop
      vertex -2.8519362753423554 1.2150964905662323 2
      vertex -2.7449136795249514 1.4406418333356819 2
      vertex -2.7449136795249514 1.4406418333356819 4.2
    endloop
  endfacet
  facet normal 0.8660254037844377 -0.5000000000000017 0
    outer loop
      vertex -2.7449136795249514 1.4406418333356819 2
      vertex -2.6200892651857632 1.6568440609961839 2
      vertex -2.6200892651857632 1.6568440609961839 4.2
    endloop
  endfacet
  facet normal 0.822983865893657 -0.568064746731155 0
    outer loop
      vertex -2.6200892651857632 1.6568440609961839 2
      vertex -2.4782725665508534 1.8623010191377352 2
      vertex -2.4782725665508534 1.8623010191377352 4.2
    endloop
  endfacet
  facet normal 0.7746049618276538 -0.6324453755953782 0
    outer loop
      vertex -2.4782725665508534 1.8623010191377352 2
      vertex -2.320383319330413 2.0556802405464656 2
      vertex -2.320383319330413 2.0556802405464656 4.2
    endloop
  endfacet
  facet normal 0.7212024473438154 -0.6927243535095987 0
    outer loop
      vertex -2.320383319330413 2.0556802405464656 2
      vertex -2.147445495879758 2.2357275867658255 2
      vertex -2.147445495879758 2.2357275867658255 4.2
    endloop
  endfacet
  facet normal 0.6631226582407955 -0.7485107481711009 0
    outer loop
      vertex -2.147445495879758 2.2357275867658255 2
      vertex -1.9605806643456694 2.4012753816657297 2
      vertex -2.147445495879758 2.2357275867658255 4.2
    endloop
  endfacet
  facet normal 0.6007422642379774 -0.7994427634035023 0
    outer loop
      vertex -1.9605806643456694 2.4012753816657297 2
      vertex -1.7610007148665827 2.551249984270335 2
      vertex -1.9605806643456694 2.4012753816657297 4.2
    endloop
  endfacet
  facet normal -0.9034504346103821 -0.42869256140305445 0
    outer loop
      vertex 2.8519362753423554 1.2150964905662327 2
      vertex 2.8519362753423554 1.2150964905662327 4.2
      vertex 2.744913679524951 1.4406418333356825 2
    endloop
  endfacet
  facet normal -0.866025403784438 -0.5000000000000013 0
    outer loop
      vertex 2.744913679524951 1.4406418333356825 2
      vertex 2.744913679524951 1.4406418333356825 4.2
      vertex 2.6200892651857637 1.6568440609961832 2
    endloop
  endfacet
  facet normal -0.822983865893657 -0.568064746731155 0
    outer loop
      vertex 2.478272566550854 1.8623010191377345 2
      vertex 2.6200892651857637 1.6568440609961832 2
      vertex 2.6200892651857637 1.6568440609961832 4.2
    endloop
  endfacet
  facet normal -0.7746049618276541 -0.6324453755953778 0
    outer loop
      vertex 2.3203833193304133 2.055680240546465 2
      vertex 2.478272566550854 1.8623010191377345 2
      vertex 2.478272566550854 1.8623010191377345 4.2
    endloop
  endfacet
  facet normal -0.7212024473438143 -0.6927243535095995 0
    outer loop
      vertex 2.3203833193304133 2.055680240546465 2
      vertex 2.3203833193304133 2.055680240546465 4.2
      vertex 2.147445495879758 2.235727586765825 2
    endloop
  endfacet
  facet normal -0.6631226582407959 -0.7485107481711004 0
    outer loop
      vertex 2.147445495879758 2.235727586765825 2
      vertex 1.9605806643456696 2.4012753816657293 4.2
      vertex 1.9605806643456696 2.4012753816657293 2
    endloop
  endfacet
  facet normal 0.9034504346103827 -0.42869256140305334 0
    outer loop
      vertex -2.8519362753423554 1.2150964905662323 2
      vertex -2.7449136795249514 1.4406418333356819 4.2
      vertex -2.8519362753423554 1.2150964905662323 4.2
    endloop
  endfacet
  facet normal 0.8660254037844377 -0.5000000000000017 0
    outer loop
      vertex -2.7449136795249514 1.4406418333356819 2
      vertex -2.6200892651857632 1.6568440609961839 4.2
      vertex -2.7449136795249514 1.4406418333356819 4.2
    endloop
  endfacet
  facet normal 0.822983865893657 -0.568064746731155 0
    outer loop
      vertex -2.6200892651857632 1.6568440609961839 2
      vertex -2.4782725665508534 1.8623010191377352 4.2
      vertex -2.6200892651857632 1.6568440609961839 4.2
    endloop
  endfacet
  facet normal 0.7746049618276538 -0.6324453755953782 0
    outer loop
      vertex -2.4782725665508534 1.8623010191377352 2
      vertex -2.320383319330413 2.0556802405464656 4.2
      vertex -2.4782725665508534 1.8623010191377352 4.2
    endloop
  endfacet
  facet normal 0.7212024473438154 -0.6927243535095987 0
    outer loop
      vertex -2.320383319330413 2.0556802405464656 2
      vertex -2.147445495879758 2.2357275867658255 4.2
      vertex -2.320383319330413 2.0556802405464656 4.2
    endloop
  endfacet
  facet normal 0.6631226582407955 -0.7485107481711009 0
    outer loop
      vertex -1.9605806643456694 2.4012753816657297 2
      vertex -1.9605806643456694 2.4012753816657297 4.2
      vertex -2.147445495879758 2.2357275867658255 4.2
    endloop
  endfacet
  facet normal -0.9034504346103821 -0.42869256140305445 0
    outer loop
      vertex 2.744913679524951 1.4406418333356825 2
      vertex 2.8519362753423554 1.2150964905662327 4.2
      vertex 2.744913679524951 1.4406418333356825 4.2
    endloop
  endfacet
  facet normal -0.866025403784438 -0.5000000000000013 0
    outer loop
      vertex 2.6200892651857637 1.6568440609961832 2
      vertex 2.744913679524951 1.4406418333356825 4.2
      vertex 2.6200892651857637 1.6568440609961832 4.2
    endloop
  endfacet
  facet normal -0.822983865893657 -0.568064746731155 0
    outer loop
      vertex 2.478272566550854 1.8623010191377345 2
      vertex 2.6200892651857637 1.6568440609961832 4.2
      vertex 2.478272566550854 1.8623010191377345 4.2
    endloop
  endfacet
  facet normal -0.6007422642379782 -0.7994427634035018 0
    outer loop
      vertex 1.9605806643456696 2.4012753816657293 2
      vertex 1.9605806643456696 2.4012753816657293 4.2
      vertex 1.7610007148665827 2.551249984270335 4.2
    endloop
  endfacet
  facet normal -0.7746049618276541 -0.6324453755953778 0
    outer loop
      vertex 2.3203833193304133 2.055680240546465 2
      vertex 2.478272566550854 1.8623010191377345 4.2
      vertex 2.3203833193304133 2.055680240546465 4.2
    endloop
  endfacet
  facet normal -0.7212024473438143 -0.6927243535095995 0
    outer loop
      vertex 2.147445495879758 2.235727586765825 2
      vertex 2.3203833193304133 2.055680240546465 4.2
      vertex 2.147445495879758 2.235727586765825 4.2
    endloop
  endfacet
  facet normal -0.6631226582407959 -0.7485107481711004 0
    outer loop
      vertex 2.147445495879758 2.235727586765825 2
      vertex 2.147445495879758 2.235727586765825 4.2
      vertex 1.9605806643456696 2.4012753816657293 4.2
    endloop
  endfacet
  facet normal 0 0 -1
    outer loop
      vertex -3.089947655216051 -0.24944636302185014 4.2
      vertex -3.1 0 4.2
      vertex -3.089947655216051 0.24944636302185014 4.2
    endloop
  endfacet
  facet normal 0 0 -1
    outer loop
      vertex -3.05985581417753 -0.49727497065905657 4.2
      vertex -3.089947655216051 0.24944636302185014 4.2
      vertex -3.05985581417753 0.49727497065905657 4.2
    endloop
  endfacet
  facet normal 0 0 -1
    outer loop
      vertex -3.0099196340207612 -0.7418785592914287 4.2
      vertex -3.05985581417753 0.49727497065905657 4.2
      vertex -3.0099196340207612 0.7418785592914287 4.2
    endloop
  endfacet
  facet normal 0 0 -1
    outer loop
      vertex -2.9404629700361515 -0.9816707807845644 4.2
      vertex -3.0099196340207612 0.7418785592914287 4.2
      vertex -2.9404629700361515 0.9816707807845644 4.2
    endloop
  endfacet
  facet normal 0 0 -1
    outer loop
      vertex -2.8519362753423554 -1.2150964905662323 4.2
      vertex -2.9404629700361515 0.9816707807845644 4.2
      vertex -2.8519362753423554 1.2150964905662323 4.2
    endloop
  endfacet
  facet normal 0 0 -1
    outer loop
      vertex -2.7449136795249514 -1.4406418333356819 4.2
      vertex -2.8519362753423554 1.2150964905662323 4.2
      vertex -2.7449136795249514 1.4406418333356819 4.2
    endloop
  endfacet
  facet normal 0 0 -1
    outer loop
      vertex -2.6200892651857632 -1.6568440609961839 4.2
      vertex -2.7449136795249514 1.4406418333356819 4.2
      vertex -2.6200892651857632 1.6568440609961839 4.2
    endloop
  endfacet
  facet normal 0 0 -1
    outer loop
      vertex -2.4782725665508534 -1.8623010191377352 4.2
      vertex -2.6200892651857632 1.6568440609961839 4.2
      vertex -2.4782725665508534 1.8623010191377352 4.2
    endloop
  endfacet
  facet normal 0 0 -1
    outer loop
      vertex -2.320383319330413 -2.0556802405464656 4.2
      vertex -2.4782725665508534 1.8623010191377352 4.2
      vertex -2.320383319330413 2.0556802405464656 4.2
    endloop
  endfacet
  facet normal 0 0 -1
    outer loop
      vertex -2.147445495879758 -2.2357275867658255 4.2
      vertex -2.320383319330413 2.0556802405464656 4.2
      vertex -2.147445495879758 2.2357275867658255 4.2
    endloop
  endfacet
  facet normal 0 0 -1
    outer loop
      vertex -1.9605806643456694 -2.4012753816657297 4.2
      vertex -2.147445495879758 2.2357275867658255 4.2
      vertex -1.9605806643456694 2.4012753816657297 4.2
    endloop
  endfacet
  facet normal 0 0 -1
    outer loop
      vertex -1.7610007148665827 -2.551249984270335 4.2
      vertex -1.9605806643456694 2.4012753816657297 4.2
      vertex -1.7610007148665827 2.551249984270335 4.2
    endloop
  endfacet
  facet normal 0 0 -1
    outer loop
      vertex -1.55 -2.68467875173176 4.2
      vertex -1.7610007148665827 2.551249984270335 4.2
      vertex -1.55 2.68467875173176 4.2
    endloop
  endfacet
  facet normal 0 0 -1
    outer loop
      vertex -1.3289469403494683 -2.800696347292185 4.2
      vertex -1.55 2.68467875173176 4.2
      vertex -1.3289469403494683 2.800696347292185 4.2
    endloop
  endfacet
  facet normal 0 0 -1
    outer loop
      vertex -1.0992751498318607 -2.898550352324786 4.2
      vertex -1.3289469403494683 2.800696347292185 4.2
      vertex -1.0992751498318607 2.898550352324786 4.2
    endloop
  endfacet
  facet normal 0 0 -1
    outer loop
      vertex -0.8624741381410035 -2.977606146057254 4.2
      vertex -1.0992751498318607 2.898550352324786 4.2
      vertex -0.8624741381410035 2.977606146057254 4.2
    endloop
  endfacet
  facet normal 0 0 -1
    outer loop
      vertex -0.6200796507057382 -3.03735102133103 4.2
      vertex -0.8624741381410035 2.977606146057254 4.2
      vertex -0.6200796507057375 3.03735102133103 4.2
    endloop
  endfacet
  facet normal 0 0 -1
    outer loop
      vertex -0.37366370879150057 -3.077397509703968 4.2
      vertex -0.6200796507057375 3.03735102133103 4.2
      vertex -0.3736637087915013 3.0773975097039674 4.2
    endloop
  endfacet
  facet normal 0 0 -1
    outer loop
      vertex 3.0899476552160507 -0.24944636302185164 4.2
      vertex 3.05985581417753 0.49727497065905674 4.2
      vertex 3.089947655216051 0.24944636302185022 4.2
    endloop
  endfacet
  facet normal 0 0 -1
    outer loop
      vertex 3.05985581417753 -0.49727497065905657 4.2
      vertex 3.0099196340207612 0.7418785592914291 4.2
      vertex 3.05985581417753 0.49727497065905674 4.2
    endloop
  endfacet
  facet normal 0 0 -1
    outer loop
      vertex 3.009919634020761 -0.7418785592914302 4.2
      vertex 2.940462970036151 0.9816707807845647 4.2
      vertex 3.0099196340207612 0.7418785592914291 4.2
    endloop
  endfacet
  facet normal 0 0 -1
    outer loop
      vertex 2.9404629700361515 -0.9816707807845644 4.2
      vertex 2.8519362753423554 1.2150964905662327 4.2
      vertex 2.940462970036151 0.9816707807845647 4.2
    endloop
  endfacet
  facet normal 0 0 -1
    outer loop
      vertex 2.851936275342355 -1.2150964905662336 4.2
      vertex 2.744913679524951 1.4406418333356825 4.2
      vertex 2.8519362753423554 1.2150964905662327 4.2
    endloop
  endfacet
  facet normal 0 0 -1
    outer loop
      vertex 2.7449136795249514 -1.4406418333356819 4.2
      vertex 2.6200892651857637 1.6568440609961832 4.2
      vertex 2.744913679524951 1.4406418333356825 4.2
    endloop
  endfacet
  facet normal 0 0 -1
    outer loop
      vertex 2.6200892651857632 -1.6568440609961839 4.2
      vertex 2.478272566550854 1.8623010191377345 4.2
      vertex 2.6200892651857637 1.6568440609961832 4.2
    endloop
  endfacet
  facet normal 0 0 -1
    outer loop
      vertex 1.9605806643456694 -2.4012753816657297 4.2
      vertex 1.7610007148665827 2.551249984270335 4.2
      vertex 1.9605806643456696 2.4012753816657293 4.2
    endloop
  endfacet
  facet normal 0 0 -1
    outer loop
      vertex 1.55 -2.68467875173176 4.2
      vertex 1.3289469403494683 2.800696347292185 4.2
      vertex 1.55 2.68467875173176 4.2
    endloop
  endfacet
  facet normal 0 0 -1
    outer loop
      vertex 1.761000714866584 -2.551249984270334 4.2
      vertex 1.55 2.68467875173176 4.2
      vertex 1.7610007148665827 2.551249984270335 4.2
    endloop
  endfacet
  facet normal 0 0 -1
    outer loop
      vertex -0.12482441433918763 -3.0974858943318657 4.2
      vertex -0.3736637087915013 3.0773975097039674 4.2
      vertex -0.12482441433918688 3.0974858943318657 4.2
    endloop
  endfacet
  facet normal 0 0 -1
    outer loop
      vertex -0.12482441433918688 3.0974858943318657 4.2
      vertex 0.12482441433918688 3.0974858943318657 4.2
      vertex 0.12482441433918763 -3.0974858943318657 4.2
    endloop
  endfacet
  facet normal 0 0 -1
    outer loop
      vertex 0.37366370879150057 -3.077397509703968 4.2
      vertex 0.12482441433918688 3.0974858943318657 4.2
      vertex 0.3736637087915013 3.0773975097039674 4.2
    endloop
  endfacet
  facet normal 0 0 -1
    outer loop
      vertex 0.6200796507057382 -3.03735102133103 4.2
      vertex 0.3736637087915013 3.0773975097039674 4.2
      vertex 0.6200796507057375 3.03735102133103 4.2
    endloop
  endfacet
  facet normal 0 0 -1
    outer loop
      vertex 0.8624741381410019 -2.977606146057255 4.2
      vertex 0.6200796507057375 3.03735102133103 4.2
      vertex 0.8624741381410035 2.977606146057254 4.2
    endloop
  endfacet
  facet normal 0 0 -1
    outer loop
      vertex 1.0992751498318607 -2.898550352324786 4.2
      vertex 0.8624741381410035 2.977606146057254 4.2
      vertex 1.0992751498318607 2.898550352324786 4.2
    endloop
  endfacet
  facet normal 0 0 -1
    outer loop
      vertex 1.3289469403494667 -2.8006963472921855 4.2
      vertex 1.0992751498318607 2.898550352324786 4.2
      vertex 1.3289469403494683 2.800696347292185 4.2
    endloop
  endfacet
  facet normal 0 0 -1
    outer loop
      vertex 2.4782725665508543 -1.862301019137734 4.2
      vertex 2.3203833193304133 2.055680240546465 4.2
      vertex 2.478272566550854 1.8623010191377345 4.2
    endloop
  endfacet
  facet normal 0 0 -1
    outer loop
      vertex 2.320383319330413 -2.0556802405464656 4.2
      vertex 2.147445495879758 2.235727586765825 4.2
      vertex 2.3203833193304133 2.055680240546465 4.2
    endloop
  endfacet
  facet normal 0 0 -1
    outer loop
      vertex 2.1474454958797593 -2.235727586765824 4.2
      vertex 1.9605806643456696 2.4012753816657293 4.2
      vertex 2.147445495879758 2.235727586765825 4.2
    endloop
  endfacet
  facet normal 0.5344658261278016 -0.8451900855437945 0
    outer loop
      vertex -1.7610007148665827 2.551249984270335 2
      vertex -1.55 2.68467875173176 2
      vertex -1.7610007148665827 2.551249984270335 4.2
    endloop
  endfacet
  facet normal 0.4647231720437689 -0.8854560256532097 0
    outer loop
      vertex -1.55 2.68467875173176 2
      vertex -1.3289469403494683 2.800696347292185 2
      vertex -1.55 2.68467875173176 4.2
    endloop
  endfacet
  facet normal 0.3919666098600751 -0.9199794436588243 0
    outer loop
      vertex -1.3289469403494683 2.800696347292185 2
      vertex -1.0992751498318607 2.898550352324786 2
      vertex -1.3289469403494683 2.800696347292185 4.2
    endloop
  endfacet
  facet normal 0.3166679938014722 -0.9485364419471456 0
    outer loop
      vertex -1.0992751498318607 2.898550352324786 2
      vertex -0.8624741381410035 2.977606146057254 2
      vertex -1.0992751498318607 2.898550352324786 4.2
    endloop
  endfacet
  facet normal 0.23931566428755785 -0.9709418174260519 0
    outer loop
      vertex -0.8624741381410035 2.977606146057254 2
      vertex -0.6200796507057375 3.03735102133103 2
      vertex -0.8624741381410035 2.977606146057254 4.2
    endloop
  endfacet
  facet normal 0.1604112808577601 -0.987050262637913 0
    outer loop
      vertex -0.6200796507057375 3.03735102133103 2
      vertex -0.3736637087915013 3.0773975097039674 2
      vertex -0.6200796507057375 3.03735102133103 4.2
    endloop
  endfacet
  facet normal -0.6007422642379782 -0.7994427634035018 0
    outer loop
      vertex 1.7610007148665827 2.551249984270335 2
      vertex 1.9605806643456696 2.4012753816657293 2
      vertex 1.7610007148665827 2.551249984270335 4.2
    endloop
  endfacet
  facet normal -0.5344658261278016 -0.8451900855437945 0
    outer loop
      vertex 1.55 2.68467875173176 2
      vertex 1.7610007148665827 2.551249984270335 2
      vertex 1.55 2.68467875173176 4.2
    endloop
  endfacet
  facet normal -0.4647231720437689 -0.8854560256532097 0
    outer loop
      vertex 1.3289469403494683 2.800696347292185 2
      vertex 1.55 2.68467875173176 2
      vertex 1.3289469403494683 2.800696347292185 4.2
    endloop
  endfacet
  facet normal 0.08046656871672515 -0.99675730813421 0
    outer loop
      vertex -0.3736637087915013 3.0773975097039674 2
      vertex -0.12482441433918688 3.0974858943318657 2
      vertex -0.3736637087915013 3.0773975097039674 4.2
    endloop
  endfacet
  facet normal 0 -1 0
    outer loop
      vertex -0.12482441433918688 3.0974858943318657 2
      vertex 0.12482441433918688 3.0974858943318657 2
      vertex -0.12482441433918688 3.0974858943318657 4.2
    endloop
  endfacet
  facet normal -0.23931566428755785 -0.9709418174260519 0
    outer loop
      vertex 0.6200796507057375 3.03735102133103 2
      vertex 0.8624741381410035 2.977606146057254 2
      vertex 0.6200796507057375 3.03735102133103 4.2
    endloop
  endfacet
  facet normal -0.1604112808577601 -0.987050262637913 0
    outer loop
      vertex 0.3736637087915013 3.0773975097039674 2
      vertex 0.6200796507057375 3.03735102133103 2
      vertex 0.3736637087915013 3.0773975097039674 4.2
    endloop
  endfacet
  facet normal -0.08046656871672515 -0.99675730813421 0
    outer loop
      vertex 0.12482441433918688 3.0974858943318657 2
      vertex 0.3736637087915013 3.0773975097039674 2
      vertex 0.12482441433918688 3.0974858943318657 4.2
    endloop
  endfacet
  facet normal -0.3919666098600751 -0.9199794436588243 0
    outer loop
      vertex 1.0992751498318607 2.898550352324786 2
      vertex 1.3289469403494683 2.800696347292185 2
      vertex 1.0992751498318607 2.898550352324786 4.2
    endloop
  endfacet
  facet normal -0.3166679938014722 -0.9485364419471456 0
    outer loop
      vertex 0.8624741381410035 2.977606146057254 2
      vertex 1.0992751498318607 2.898550352324786 2
      vertex 0.8624741381410035 2.977606146057254 4.2
    endloop
  endfacet
  facet normal 0.6007422642379774 -0.7994427634035023 0
    outer loop
      vertex -1.7610007148665827 2.551249984270335 2
      vertex -1.7610007148665827 2.551249984270335 4.2
      vertex -1.9605806643456694 2.4012753816657297 4.2
    endloop
  endfacet
  facet normal 0.5344658261278016 -0.8451900855437945 0
    outer loop
      vertex -1.55 2.68467875173176 2
      vertex -1.55 2.68467875173176 4.2
      vertex -1.7610007148665827 2.551249984270335 4.2
    endloop
  endfacet
  facet normal 0.4647231720437689 -0.8854560256532097 0
    outer loop
      vertex -1.3289469403494683 2.800696347292185 2
      vertex -1.3289469403494683 2.800696347292185 4.2
      vertex -1.55 2.68467875173176 4.2
    endloop
  endfacet
  facet normal 0.3919666098600751 -0.9199794436588243 0
    outer loop
      vertex -1.0992751498318607 2.898550352324786 2
      vertex -1.0992751498318607 2.898550352324786 4.2
      vertex -1.3289469403494683 2.800696347292185 4.2
    endloop
  endfacet
  facet normal 0.3166679938014722 -0.9485364419471456 0
    outer loop
      vertex -0.8624741381410035 2.977606146057254 2
      vertex -0.8624741381410035 2.977606146057254 4.2
      vertex -1.0992751498318607 2.898550352324786 4.2
    endloop
  endfacet
  facet normal 0.23931566428755785 -0.9709418174260519 0
    outer loop
      vertex -0.6200796507057375 3.03735102133103 2
      vertex -0.6200796507057375 3.03735102133103 4.2
      vertex -0.8624741381410035 2.977606146057254 4.2
    endloop
  endfacet
  facet normal 0.1604112808577601 -0.987050262637913 0
    outer loop
      vertex -0.3736637087915013 3.0773975097039674 2
      vertex -0.3736637087915013 3.0773975097039674 4.2
      vertex -0.6200796507057375 3.03735102133103 4.2
    endloop
  endfacet
  facet normal -0.5344658261278016 -0.8451900855437945 0
    outer loop
      vertex 1.7610007148665827 2.551249984270335 2
      vertex 1.7610007148665827 2.551249984270335 4.2
      vertex 1.55 2.68467875173176 4.2
    endloop
  endfacet
  facet normal -0.4647231720437689 -0.8854560256532097 0
    outer loop
      vertex 1.55 2.68467875173176 2
      vertex 1.55 2.68467875173176 4.2
      vertex 1.3289469403494683 2.800696347292185 4.2
    endloop
  endfacet
  facet normal 0.08046656871672515 -0.99675730813421 0
    outer loop
      vertex -0.12482441433918688 3.0974858943318657 2
      vertex -0.12482441433918688 3.0974858943318657 4.2
      vertex -0.3736637087915013 3.0773975097039674 4.2
    endloop
  endfacet
  facet normal 0 -1 0
    outer loop
      vertex -0.12482441433918688 3.0974858943318657 4.2
      vertex 0.12482441433918688 3.0974858943318657 2
      vertex 0.12482441433918688 3.0974858943318657 4.2
    endloop
  endfacet
  facet normal -0.08046656871672515 -0.99675730813421 0
    outer loop
      vertex 0.3736637087915013 3.0773975097039674 2
      vertex 0.3736637087915013 3.0773975097039674 4.2
      vertex 0.12482441433918688 3.0974858943318657 4.2
    endloop
  endfacet
  facet normal -0.1604112808577601 -0.987050262637913 0
    outer loop
      vertex 0.6200796507057375 3.03735102133103 2
      vertex 0.6200796507057375 3.03735102133103 4.2
      vertex 0.3736637087915013 3.0773975097039674 4.2
    endloop
  endfacet
  facet normal -0.3919666098600751 -0.9199794436588243 0
    outer loop
      vertex 1.3289469403494683 2.800696347292185 2
      vertex 1.3289469403494683 2.800696347292185 4.2
      vertex 1.0992751498318607 2.898550352324786 4.2
    endloop
  endfacet
  facet normal -0.3166679938014722 -0.9485364419471456 0
    outer loop
      vertex 1.0992751498318607 2.898550352324786 2
      vertex 1.0992751498318607 2.898550352324786 4.2
      vertex 0.8624741381410035 2.977606146057254 4.2
    endloop
  endfacet
  facet normal -0.23931566428755785 -0.9709418174260519 0
    outer loop
      vertex 0.8624741381410035 2.977606146057254 2
      vertex 0.8624741381410035 2.977606146057254 4.2
      vertex 0.6200796507057375 3.03735102133103 4.2
    endloop
  endfacet
  facet normal -0.6546536707079772 -0.37796447300922725 -0.6546536707079771
    outer loop
      vertex 14.25 -3.031088913245535 0
      vertex 13.5 -4.330127018922193 1.5
      vertex 12.5 0 0
    endloop
  endfacet
  facet normal -0.6546536707079772 -0.3779644730092273 -0.6546536707079771
    outer loop
      vertex 13.5 -4.330127018922193 1.5
      vertex 11 0 1.5
      vertex 12.5 0 0
    endloop
  endfacet
  facet normal 0 -0.7559289460184546 -0.6546536707079771
    outer loop
      vertex 14.25 -3.031088913245535 0
      vertex 18.5 -4.330127018922193 1.5
      vertex 13.5 -4.330127018922193 1.5
    endloop
  endfacet
  facet normal 0 -0.7559289460184545 -0.654653670707977
    outer loop
      vertex 14.25 -3.031088913245535 0
      vertex 17.75 -3.031088913245535 0
      vertex 18.5 -4.330127018922193 1.5
    endloop
  endfacet
  facet normal 0.6546536707079772 -0.3779644730092273 -0.6546536707079771
    outer loop
      vertex 17.75 -3.031088913245535 0
      vertex 21 0 1.5
      vertex 18.5 -4.330127018922193 1.5
    endloop
  endfacet
  facet normal 0 0 -1
    outer loop
      vertex 14.25 -3.031088913245535 0
      vertex 17.75 3.031088913245535 0
      vertex 17.75 -3.031088913245535 0
    endloop
  endfacet
  facet normal 0.6546536707079771 -0.3779644730092272 -0.6546536707079771
    outer loop
      vertex 17.75 -3.031088913245535 0
      vertex 19.5 0 0
      vertex 21 0 1.5
    endloop
  endfacet
  facet normal -0.6546536707079771 0.3779644730092272 -0.6546536707079771
    outer loop
      vertex 12.5 0 0
      vertex 13.5 4.330127018922193 1.5
      vertex 14.25 3.031088913245535 0
    endloop
  endfacet
  facet normal -0.6546536707079771 0.37796447300922725 -0.6546536707079771
    outer loop
      vertex 12.5 0 0
      vertex 11 0 1.5
      vertex 13.5 4.330127018922193 1.5
    endloop
  endfacet
  facet normal 0 0 -1
    outer loop
      vertex 14.25 -3.031088913245535 0
      vertex 12.5 0 0
      vertex 14.25 3.031088913245535 0
    endloop
  endfacet
  facet normal 0 0 -1
    outer loop
      vertex 14.25 -3.031088913245535 0
      vertex 14.25 3.031088913245535 0
      vertex 17.75 3.031088913245535 0
    endloop
  endfacet
  facet normal 0 0 -1
    outer loop
      vertex 17.75 -3.031088913245535 0
      vertex 17.75 3.031088913245535 0
      vertex 19.5 0 0
    endloop
  endfacet
  facet normal 0.6546536707079772 0.37796447300922725 -0.6546536707079771
    outer loop
      vertex 17.75 3.031088913245535 0
      vertex 18.5 4.330127018922193 1.5
      vertex 19.5 0 0
    endloop
  endfacet
  facet normal 0.6546536707079771 0.37796447300922725 -0.6546536707079771
    outer loop
      vertex 19.5 0 0
      vertex 18.5 4.330127018922193 1.5
      vertex 21 0 1.5
    endloop
  endfacet
  facet normal 0 0.7559289460184545 -0.654653670707977
    outer loop
      vertex 14.25 3.031088913245535 0
      vertex 13.5 4.330127018922193 1.5
      vertex 17.75 3.031088913245535 0
    endloop
  endfacet
  facet normal 0 0.7559289460184546 -0.6546536707079771
    outer loop
      vertex 13.5 4.330127018922193 1.5
      vertex 18.5 4.330127018922193 1.5
      vertex 17.75 3.031088913245535 0
    endloop
  endfacet
  facet normal -0.8660254037844386 -0.5000000000000001 0
    outer loop
      vertex 13.5 -4.330127018922193 1.5
      vertex 13.5 -4.330127018922193 4.8
      vertex 11 0 4.8
    endloop
  endfacet
  facet normal -0.8660254037844386 -0.5000000000000001 0
    outer loop
      vertex 13.5 -4.330127018922193 1.5
      vertex 11 0 4.8
      vertex 11 0 1.5
    endloop
  endfacet
  facet normal 0 -1 0
    outer loop
      vertex 13.5 -4.330127018922193 1.5
      vertex 18.5 -4.330127018922193 1.5
      vertex 18.5 -4.330127018922193 4.8
    endloop
  endfacet
  facet normal 0.8660254037844386 -0.5000000000000001 0
    outer loop
      vertex 18.5 -4.330127018922193 1.5
      vertex 21 0 1.5
      vertex 18.5 -4.330127018922193 4.8
    endloop
  endfacet
  facet normal 0 -1 0
    outer loop
      vertex 13.5 -4.330127018922193 1.5
      vertex 18.5 -4.330127018922193 4.8
      vertex 13.5 -4.330127018922193 4.8
    endloop
  endfacet
  facet normal 0.8660254037844386 -0.5000000000000001 0
    outer loop
      vertex 18.5 -4.330127018922193 4.8
      vertex 21 0 1.5
      vertex 21 0 4.8
    endloop
  endfacet
  facet normal 0 0 1
    outer loop
      vertex 13.5 -4.330127018922193 4.8
      vertex 18.5 -4.330127018922193 4.8
      vertex 13.5 4.330127018922193 4.8
    endloop
  endfacet
  facet normal 0 0 1
    outer loop
      vertex 13.5 -4.330127018922193 4.8
      vertex 13.5 4.330127018922193 4.8
      vertex 11 0 4.8
    endloop
  endfacet
  facet normal -0.8660254037844386 0.5000000000000001 0
    outer loop
      vertex 11 0 1.5
      vertex 11 0 4.8
      vertex 13.5 4.330127018922193 4.8
    endloop
  endfacet
  facet normal -0.8660254037844386 0.5000000000000001 0
    outer loop
      vertex 11 0 1.5
      vertex 13.5 4.330127018922193 4.8
      vertex 13.5 4.330127018922193 1.5
    endloop
  endfacet
  facet normal 0.8660254037844386 0.5000000000000001 0
    outer loop
      vertex 21 0 1.5
      vertex 18.5 4.330127018922193 1.5
      vertex 21 0 4.8
    endloop
  endfacet
  facet normal 0 0 1
    outer loop
      vertex 18.5 -4.330127018922193 4.8
      vertex 21 0 4.8
      vertex 18.5 4.330127018922193 4.8
    endloop
  endfacet
  facet normal 0 0 1
    outer loop
      vertex 13.5 4.330127018922193 4.8
      vertex 18.5 -4.330127018922193 4.8
      vertex 18.5 4.330127018922193 4.8
    endloop
  endfacet
  facet normal 0 1 0
    outer loop
      vertex 13.5 4.330127018922193 1.5
      vertex 13.5 4.330127018922193 4.8
      vertex 18.5 4.330127018922193 1.5
    endloop
  endfacet
  facet normal 0.8660254037844386 0.5000000000000001 0
    outer loop
      vertex 18.5 4.330127018922193 1.5
      vertex 18.5 4.330127018922193 4.8
      vertex 21 0 4.8
    endloop
  endfacet
  facet normal 0 1 0
    outer loop
      vertex 13.5 4.330127018922193 4.8
      vertex 18.5 4.330127018922193 4.8
      vertex 18.5 4.330127018922193 1.5
    endloop
  endfacet
  facet normal 0 0 1
    outer loop
      vertex 13.379910734814237 -1.6568440609961839 2
      vertex 13.521727433449147 -1.8623010191377352 2
      vertex 13.521727433449147 1.8623010191377352 2
    endloop
  endfacet
  facet normal 0 0 1
    outer loop
      vertex 13.379910734814237 -1.6568440609961839 2
      vertex 13.379910734814237 1.6568440609961839 2
      vertex 13.255086320475048 -1.4406418333356819 2
    endloop
  endfacet
  facet normal 0 0 1
    outer loop
      vertex 13.255086320475048 -1.4406418333356819 2
      vertex 13.255086320475048 1.4406418333356819 2
      vertex 13.148063724657645 -1.2150964905662323 2
    endloop
  endfacet
  facet normal 0 0 1
    outer loop
      vertex 13.148063724657645 -1.2150964905662323 2
      vertex 13.148063724657645 1.2150964905662323 2
      vertex 13.059537029963849 -0.9816707807845644 2
    endloop
  endfacet
  facet normal 0 0 1
    outer loop
      vertex 13.059537029963849 -0.9816707807845644 2
      vertex 13.059537029963849 0.9816707807845644 2
      vertex 12.990080365979239 -0.7418785592914287 2
    endloop
  endfacet
  facet normal 0 0 1
    outer loop
      vertex 12.990080365979239 -0.7418785592914287 2
      vertex 12.990080365979239 0.7418785592914287 2
      vertex 12.94014418582247 -0.49727497065905657 2
    endloop
  endfacet
  facet normal 0 0 1
    outer loop
      vertex 12.94014418582247 -0.49727497065905657 2
      vertex 12.94014418582247 0.49727497065905657 2
      vertex 12.91005234478395 -0.24944636302185014 2
    endloop
  endfacet
  facet normal 0 0 1
    outer loop
      vertex 14.900724850168139 -2.898550352324786 2
      vertex 15.137525861858997 -2.977606146057254 2
      vertex 15.137525861858997 2.977606146057254 2
    endloop
  endfacet
  facet normal 0 0 1
    outer loop
      vertex 15.6263362912085 -3.077397509703968 2
      vertex 15.875175585660813 -3.0974858943318657 2
      vertex 15.875175585660813 3.0974858943318657 2
    endloop
  endfacet
  facet normal 0 0 1
    outer loop
      vertex 15.137525861858997 -2.977606146057254 2
      vertex 15.379920349294261 -3.03735102133103 2
      vertex 15.379920349294263 3.03735102133103 2
    endloop
  endfacet
  facet normal 0 0 1
    outer loop
      vertex 15.379920349294261 -3.03735102133103 2
      vertex 15.6263362912085 -3.077397509703968 2
      vertex 15.6263362912085 3.0773975097039674 2
    endloop
  endfacet
  facet normal 0 0 1
    outer loop
      vertex 14.671053059650532 -2.800696347292185 2
      vertex 14.671053059650532 2.800696347292185 2
      vertex 14.45 -2.68467875173176 2
    endloop
  endfacet
  facet normal 0 0 1
    outer loop
      vertex 14.03941933565433 -2.4012753816657297 2
      vertex 14.238999285133417 -2.551249984270335 2
      vertex 14.238999285133417 2.551249984270335 2
    endloop
  endfacet
  facet normal 0 0 1
    outer loop
      vertex 14.238999285133417 -2.551249984270335 2
      vertex 14.45 -2.68467875173176 2
      vertex 14.45 2.68467875173176 2
    endloop
  endfacet
  facet normal 0 0 1
    outer loop
      vertex 14.03941933565433 -2.4012753816657297 2
      vertex 14.03941933565433 2.4012753816657297 2
      vertex 13.852554504120242 -2.2357275867658255 2
    endloop
  endfacet
  facet normal 0 0 1
    outer loop
      vertex 13.852554504120242 -2.2357275867658255 2
      vertex 13.852554504120242 2.2357275867658255 2
      vertex 13.679616680669588 -2.0556802405464656 2
    endloop
  endfacet
  facet normal 0 0 1
    outer loop
      vertex 14.671053059650532 -2.800696347292185 2
      vertex 14.900724850168139 -2.898550352324786 2
      vertex 14.900724850168139 2.898550352324786 2
    endloop
  endfacet
  facet normal 0 0 1
    outer loop
      vertex 15.875175585660813 -3.0974858943318657 2
      vertex 16.124824414339187 -3.0974858943318657 2
      vertex 16.124824414339187 3.0974858943318657 2
    endloop
  endfacet
  facet normal 0 0 1
    outer loop
      vertex 16.124824414339187 -3.0974858943318657 2
      vertex 16.3736637087915 -3.077397509703968 2
      vertex 16.3736637087915 3.0773975097039674 2
    endloop
  endfacet
  facet normal 0 0 1
    outer loop
      vertex 16.3736637087915 -3.077397509703968 2
      vertex 16.620079650705737 -3.03735102133103 2
      vertex 16.620079650705737 3.03735102133103 2
    endloop
  endfacet
  facet normal 0 0 1
    outer loop
      vertex 16.620079650705737 -3.03735102133103 2
      vertex 16.862474138141003 -2.977606146057255 2
      vertex 16.862474138141003 2.977606146057254 2
    endloop
  endfacet
  facet normal 0 0 1
    outer loop
      vertex 16.862474138141003 -2.977606146057255 2
      vertex 17.09927514983186 -2.898550352324786 2
      vertex 17.09927514983186 2.898550352324786 2
    endloop
  endfacet
  facet normal 0 0 1
    outer loop
      vertex 17.09927514983186 -2.898550352324786 2
      vertex 17.328946940349468 -2.8006963472921855 2
      vertex 17.328946940349468 2.800696347292185 2
    endloop
  endfacet
  facet normal 0 0 1
    outer loop
      vertex 17.328946940349468 -2.8006963472921855 2
      vertex 17.55 -2.68467875173176 2
      vertex 17.55 2.68467875173176 2
    endloop
  endfacet
  facet normal 0 0 1
    outer loop
      vertex 17.55 -2.68467875173176 2
      vertex 17.761000714866583 -2.551249984270334 2
      vertex 17.761000714866583 2.551249984270335 2
    endloop
  endfacet
  facet normal 0 0 1
    outer loop
      vertex 17.761000714866583 -2.551249984270334 2
      vertex 17.96058066434567 -2.4012753816657297 2
      vertex 17.96058066434567 2.4012753816657293 2
    endloop
  endfacet
  facet normal 0 0 1
    outer loop
      vertex 17.96058066434567 -2.4012753816657297 2
      vertex 18.147445495879758 -2.235727586765824 2
      vertex 18.147445495879758 2.235727586765825 2
    endloop
  endfacet
  facet normal 0 0 1
    outer loop
      vertex 13.521727433449147 -1.8623010191377352 2
      vertex 13.679616680669588 -2.0556802405464656 2
      vertex 13.679616680669588 2.0556802405464656 2
    endloop
  endfacet
  facet normal 0 0 1
    outer loop
      vertex 18.147445495879758 -2.235727586765824 2
      vertex 18.320383319330414 -2.0556802405464656 2
      vertex 18.320383319330414 2.055680240546465 2
    endloop
  endfacet
  facet normal 0 0 1
    outer loop
      vertex 18.320383319330414 -2.0556802405464656 2
      vertex 18.478272566550853 -1.862301019137734 2
      vertex 18.478272566550853 1.8623010191377345 2
    endloop
  endfacet
  facet normal 0 0 1
    outer loop
      vertex 18.478272566550853 -1.862301019137734 2
      vertex 18.62008926518576 -1.6568440609961839 2
      vertex 18.620089265185765 1.6568440609961832 2
    endloop
  endfacet
  facet normal 0 0 1
    outer loop
      vertex 18.62008926518576 -1.6568440609961839 2
      vertex 18.744913679524952 -1.4406418333356819 2
      vertex 18.744913679524952 1.4406418333356825 2
    endloop
  endfacet
  facet normal 0 0 1
    outer loop
      vertex 18.744913679524952 -1.4406418333356819 2
      vertex 18.851936275342354 -1.2150964905662336 2
      vertex 18.851936275342354 1.2150964905662327 2
    endloop
  endfacet
  facet normal 0 0 1
    outer loop
      vertex 18.851936275342354 -1.2150964905662336 2
      vertex 18.94046297003615 -0.9816707807845644 2
      vertex 18.94046297003615 0.9816707807845647 2
    endloop
  endfacet
  facet normal 0 0 1
    outer loop
      vertex 18.94046297003615 -0.9816707807845644 2
      vertex 19.00991963402076 -0.7418785592914302 2
      vertex 19.00991963402076 0.7418785592914291 2
    endloop
  endfacet
  facet normal 0 0 1
    outer loop
      vertex 19.00991963402076 -0.7418785592914302 2
      vertex 19.05985581417753 -0.49727497065905657 2
      vertex 19.05985581417753 0.49727497065905674 2
    endloop
  endfacet
  facet normal 0 0 1
    outer loop
      vertex 19.05985581417753 -0.49727497065905657 2
      vertex 19.08994765521605 -0.24944636302185164 2
      vertex 19.08994765521605 0.24944636302185022 2
    endloop
  endfacet
  facet normal 0 0 1
    outer loop
      vertex 19.08994765521605 -0.24944636302185164 2
      vertex 19.1 0 2
      vertex 19.08994765521605 0.24944636302185022 2
    endloop
  endfacet
  facet normal 0.8229838658936562 0.5680647467311561 0
    outer loop
      vertex 13.379910734814237 -1.6568440609961839 2
      vertex 13.379910734814237 -1.6568440609961839 4.2
      vertex 13.521727433449147 -1.8623010191377352 2
    endloop
  endfacet
  facet normal 0.8660254037844362 0.5000000000000042 0
    outer loop
      vertex 13.379910734814237 -1.6568440609961839 2
      vertex 13.255086320475048 -1.4406418333356819 2
      vertex 13.255086320475048 -1.4406418333356819 4.2
    endloop
  endfacet
  facet normal 0.9034504346103841 0.4286925614030505 0
    outer loop
      vertex 13.255086320475048 -1.4406418333356819 2
      vertex 13.148063724657645 -1.2150964905662323 2
      vertex 13.148063724657645 -1.2150964905662323 4.2
    endloop
  endfacet
  facet normal 0.8229838658936562 0.5680647467311561 0
    outer loop
      vertex 13.521727433449147 -1.8623010191377352 2
      vertex 13.379910734814237 -1.6568440609961839 4.2
      vertex 13.521727433449147 -1.8623010191377352 4.2
    endloop
  endfacet
  facet normal 0.8660254037844362 0.5000000000000042 0
    outer loop
      vertex 13.379910734814237 -1.6568440609961839 2
      vertex 13.255086320475048 -1.4406418333356819 4.2
      vertex 13.379910734814237 -1.6568440609961839 4.2
    endloop
  endfacet
  facet normal 0.9034504346103841 0.4286925614030505 0
    outer loop
      vertex 13.255086320475048 -1.4406418333356819 2
      vertex 13.148063724657645 -1.2150964905662323 4.2
      vertex 13.255086320475048 -1.4406418333356819 4.2
    endloop
  endfacet
  facet normal 0.9350162426854153 0.35460488704253434 0
    outer loop
      vertex 13.148063724657645 -1.2150964905662323 2
      vertex 13.059537029963849 -0.9816707807845644 2
      vertex 13.059537029963849 -0.9816707807845644 4.2
    endloop
  endfacet
  facet normal 0.9605181116313724 0.2782174639164526 0
    outer loop
      vertex 13.059537029963849 -0.9816707807845644 2
      vertex 12.990080365979239 -0.7418785592914287 2
      vertex 12.990080365979239 -0.7418785592914287 4.2
    endloop
  endfacet
  facet normal 0.9797906520422679 0.2000256937760438 0
    outer loop
      vertex 12.990080365979239 -0.7418785592914287 2
      vertex 12.94014418582247 -0.49727497065905657 2
      vertex 12.94014418582247 -0.49727497065905657 4.2
    endloop
  endfacet
  facet normal 0.9927088740980539 0.12053668025532334 0
    outer loop
      vertex 12.94014418582247 -0.49727497065905657 2
      vertex 12.91005234478395 -0.24944636302185014 2
      vertex 12.91005234478395 -0.24944636302185014 4.2
    endloop
  endfacet
  facet normal 0.9991889981715697 0.04026594010941457 0
    outer loop
      vertex 12.91005234478395 -0.24944636302185014 2
      vertex 12.9 0 2
      vertex 12.9 0 4.2
    endloop
  endfacet
  facet normal 0.9350162426854153 0.35460488704253434 0
    outer loop
      vertex 13.148063724657645 -1.2150964905662323 2
      vertex 13.059537029963849 -0.9816707807845644 4.2
      vertex 13.148063724657645 -1.2150964905662323 4.2
    endloop
  endfacet
  facet normal 0.9605181116313724 0.2782174639164526 0
    outer loop
      vertex 13.059537029963849 -0.9816707807845644 2
      vertex 12.990080365979239 -0.7418785592914287 4.2
      vertex 13.059537029963849 -0.9816707807845644 4.2
    endloop
  endfacet
  facet normal 0.9797906520422679 0.2000256937760438 0
    outer loop
      vertex 12.990080365979239 -0.7418785592914287 2
      vertex 12.94014418582247 -0.49727497065905657 4.2
      vertex 12.990080365979239 -0.7418785592914287 4.2
    endloop
  endfacet
  facet normal 0.9927088740980539 0.12053668025532334 0
    outer loop
      vertex 12.94014418582247 -0.49727497065905657 2
      vertex 12.91005234478395 -0.24944636302185014 4.2
      vertex 12.94014418582247 -0.49727497065905657 4.2
    endloop
  endfacet
  facet normal 0.9991889981715697 0.04026594010941457 0
    outer loop
      vertex 12.91005234478395 -0.24944636302185014 2
      vertex 12.9 0 4.2
      vertex 12.91005234478395 -0.24944636302185014 4.2
    endloop
  endfacet
  facet normal 0 0 -1
    outer loop
      vertex 13.379910734814237 -1.6568440609961839 4.2
      vertex 13.379910734814237 1.6568440609961839 4.2
      vertex 13.521727433449147 -1.8623010191377352 4.2
    endloop
  endfacet
  facet normal 0 0 -1
    outer loop
      vertex 13.379910734814237 -1.6568440609961839 4.2
      vertex 13.255086320475048 -1.4406418333356819 4.2
      vertex 13.255086320475048 1.4406418333356819 4.2
    endloop
  endfacet
  facet normal 0 0 -1
    outer loop
      vertex 13.255086320475048 -1.4406418333356819 4.2
      vertex 13.148063724657645 -1.2150964905662323 4.2
      vertex 13.148063724657645 1.2150964905662323 4.2
    endloop
  endfacet
  facet normal 0 0 -1
    outer loop
      vertex 13.148063724657645 -1.2150964905662323 4.2
      vertex 13.059537029963849 -0.9816707807845644 4.2
      vertex 13.059537029963849 0.9816707807845644 4.2
    endloop
  endfacet
  facet normal 0 0 -1
    outer loop
      vertex 13.059537029963849 -0.9816707807845644 4.2
      vertex 12.990080365979239 -0.7418785592914287 4.2
      vertex 12.990080365979239 0.7418785592914287 4.2
    endloop
  endfacet
  facet normal 0 0 -1
    outer loop
      vertex 12.94014418582247 -0.49727497065905657 4.2
      vertex 12.91005234478395 -0.24944636302185014 4.2
      vertex 12.91005234478395 0.24944636302185014 4.2
    endloop
  endfacet
  facet normal 0 0 -1
    outer loop
      vertex 12.990080365979239 -0.7418785592914287 4.2
      vertex 12.94014418582247 -0.49727497065905657 4.2
      vertex 12.94014418582247 0.49727497065905657 4.2
    endloop
  endfacet
  facet normal 0.08046656871672368 0.9967573081342103 0
    outer loop
      vertex 15.6263362912085 -3.077397509703968 2
      vertex 15.875175585660813 -3.0974858943318657 4.2
      vertex 15.875175585660813 -3.0974858943318657 2
    endloop
  endfacet
  facet normal 0.16041128085776069 0.9870502626379128 0
    outer loop
      vertex 15.379920349294261 -3.03735102133103 2
      vertex 15.6263362912085 -3.077397509703968 4.2
      vertex 15.6263362912085 -3.077397509703968 2
    endloop
  endfacet
  facet normal 0.23931566428755927 0.9709418174260518 0
    outer loop
      vertex 15.137525861858997 -2.977606146057254 2
      vertex 15.379920349294261 -3.03735102133103 4.2
      vertex 15.379920349294261 -3.03735102133103 2
    endloop
  endfacet
  facet normal 0.3166679938014714 0.9485364419471459 0
    outer loop
      vertex 14.900724850168139 -2.898550352324786 2
      vertex 15.137525861858997 -2.977606146057254 4.2
      vertex 15.137525861858997 -2.977606146057254 2
    endloop
  endfacet
  facet normal 0.39196660986007625 0.9199794436588237 0
    outer loop
      vertex 14.671053059650532 -2.800696347292185 2
      vertex 14.900724850168139 -2.898550352324786 4.2
      vertex 14.900724850168139 -2.898550352324786 2
    endloop
  endfacet
  facet normal 0.4647231720437671 0.8854560256532107 0
    outer loop
      vertex 14.671053059650532 -2.800696347292185 2
      vertex 14.45 -2.68467875173176 2
      vertex 14.671053059650532 -2.800696347292185 4.2
    endloop
  endfacet
  facet normal 0.5344658261278024 0.8451900855437938 0
    outer loop
      vertex 14.238999285133417 -2.551249984270335 2
      vertex 14.45 -2.68467875173176 4.2
      vertex 14.45 -2.68467875173176 2
    endloop
  endfacet
  facet normal 0.600742264237976 0.7994427634035032 0
    outer loop
      vertex 14.03941933565433 -2.4012753816657297 2
      vertex 14.238999285133417 -2.551249984270335 4.2
      vertex 14.238999285133417 -2.551249984270335 2
    endloop
  endfacet
  facet normal 0 1 0
    outer loop
      vertex 15.875175585660813 -3.0974858943318657 2
      vertex 16.124824414339187 -3.0974858943318657 4.2
      vertex 16.124824414339187 -3.0974858943318657 2
    endloop
  endfacet
  facet normal -0.08046656871672368 0.9967573081342103 0
    outer loop
      vertex 16.124824414339187 -3.0974858943318657 2
      vertex 16.3736637087915 -3.077397509703968 4.2
      vertex 16.3736637087915 -3.077397509703968 2
    endloop
  endfacet
  facet normal -0.1604112808577618 0.9870502626379125 0
    outer loop
      vertex 16.3736637087915 -3.077397509703968 2
      vertex 16.620079650705737 -3.03735102133103 4.2
      vertex 16.620079650705737 -3.03735102133103 2
    endloop
  endfacet
  facet normal -0.23931566428755416 0.9709418174260529 0
    outer loop
      vertex 16.620079650705737 -3.03735102133103 2
      vertex 16.862474138141003 -2.977606146057255 4.2
      vertex 16.862474138141003 -2.977606146057255 2
    endloop
  endfacet
  facet normal -0.3166679938014746 0.9485364419471447 0
    outer loop
      vertex 16.862474138141003 -2.977606146057255 2
      vertex 17.09927514983186 -2.898550352324786 4.2
      vertex 17.09927514983186 -2.898550352324786 2
    endloop
  endfacet
  facet normal -0.3919666098600747 0.9199794436588242 0
    outer loop
      vertex 17.09927514983186 -2.898550352324786 2
      vertex 17.328946940349468 -2.8006963472921855 4.2
      vertex 17.328946940349468 -2.8006963472921855 2
    endloop
  endfacet
  facet normal -0.46472317204376856 0.88545602565321 0
    outer loop
      vertex 17.328946940349468 -2.8006963472921855 2
      vertex 17.55 -2.68467875173176 4.2
      vertex 17.55 -2.68467875173176 2
    endloop
  endfacet
  facet normal -0.5344658261278049 0.8451900855437923 0
    outer loop
      vertex 17.55 -2.68467875173176 2
      vertex 17.761000714866583 -2.551249984270334 4.2
      vertex 17.761000714866583 -2.551249984270334 2
    endloop
  endfacet
  facet normal 0.23931566428755927 0.9709418174260518 0
    outer loop
      vertex 15.137525861858997 -2.977606146057254 2
      vertex 15.137525861858997 -2.977606146057254 4.2
      vertex 15.379920349294261 -3.03735102133103 4.2
    endloop
  endfacet
  facet normal 0.16041128085776069 0.9870502626379128 0
    outer loop
      vertex 15.379920349294261 -3.03735102133103 2
      vertex 15.379920349294261 -3.03735102133103 4.2
      vertex 15.6263362912085 -3.077397509703968 4.2
    endloop
  endfacet
  facet normal 0.08046656871672368 0.9967573081342103 0
    outer loop
      vertex 15.6263362912085 -3.077397509703968 2
      vertex 15.6263362912085 -3.077397509703968 4.2
      vertex 15.875175585660813 -3.0974858943318657 4.2
    endloop
  endfacet
  facet normal 0.3166679938014714 0.9485364419471459 0
    outer loop
      vertex 14.900724850168139 -2.898550352324786 2
      vertex 14.900724850168139 -2.898550352324786 4.2
      vertex 15.137525861858997 -2.977606146057254 4.2
    endloop
  endfacet
  facet normal 0.39196660986007625 0.9199794436588237 0
    outer loop
      vertex 14.671053059650532 -2.800696347292185 2
      vertex 14.671053059650532 -2.800696347292185 4.2
      vertex 14.900724850168139 -2.898550352324786 4.2
    endloop
  endfacet
  facet normal 0.4647231720437671 0.8854560256532107 0
    outer loop
      vertex 14.45 -2.68467875173176 2
      vertex 14.45 -2.68467875173176 4.2
      vertex 14.671053059650532 -2.800696347292185 4.2
    endloop
  endfacet
  facet normal 0.5344658261278024 0.8451900855437938 0
    outer loop
      vertex 14.238999285133417 -2.551249984270335 2
      vertex 14.238999285133417 -2.551249984270335 4.2
      vertex 14.45 -2.68467875173176 4.2
    endloop
  endfacet
  facet normal 0 1 0
    outer loop
      vertex 15.875175585660813 -3.0974858943318657 2
      vertex 15.875175585660813 -3.0974858943318657 4.2
      vertex 16.124824414339187 -3.0974858943318657 4.2
    endloop
  endfacet
  facet normal -0.08046656871672368 0.9967573081342103 0
    outer loop
      vertex 16.124824414339187 -3.0974858943318657 2
      vertex 16.124824414339187 -3.0974858943318657 4.2
      vertex 16.3736637087915 -3.077397509703968 4.2
    endloop
  endfacet
  facet normal -0.1604112808577618 0.9870502626379125 0
    outer loop
      vertex 16.3736637087915 -3.077397509703968 2
      vertex 16.3736637087915 -3.077397509703968 4.2
      vertex 16.620079650705737 -3.03735102133103 4.2
    endloop
  endfacet
  facet normal -0.23931566428755416 0.9709418174260529 0
    outer loop
      vertex 16.620079650705737 -3.03735102133103 2
      vertex 16.620079650705737 -3.03735102133103 4.2
      vertex 16.862474138141003 -2.977606146057255 4.2
    endloop
  endfacet
  facet normal -0.3166679938014746 0.9485364419471447 0
    outer loop
      vertex 16.862474138141003 -2.977606146057255 2
      vertex 16.862474138141003 -2.977606146057255 4.2
      vertex 17.09927514983186 -2.898550352324786 4.2
    endloop
  endfacet
  facet normal -0.3919666098600747 0.9199794436588242 0
    outer loop
      vertex 17.09927514983186 -2.898550352324786 2
      vertex 17.09927514983186 -2.898550352324786 4.2
      vertex 17.328946940349468 -2.8006963472921855 4.2
    endloop
  endfacet
  facet normal -0.46472317204376856 0.88545602565321 0
    outer loop
      vertex 17.328946940349468 -2.8006963472921855 2
      vertex 17.328946940349468 -2.8006963472921855 4.2
      vertex 17.55 -2.68467875173176 4.2
    endloop
  endfacet
  facet normal -0.5344658261278049 0.8451900855437923 0
    outer loop
      vertex 17.55 -2.68467875173176 2
      vertex 17.55 -2.68467875173176 4.2
      vertex 17.761000714866583 -2.551249984270334 4.2
    endloop
  endfacet
  facet normal -0.6007422642379738 0.799442763403505 0
    outer loop
      vertex 17.761000714866583 -2.551249984270334 2
      vertex 17.761000714866583 -2.551249984270334 4.2
      vertex 17.96058066434567 -2.4012753816657297 4.2
    endloop
  endfacet
  facet normal 0.6631226582407972 0.7485107481710993 0
    outer loop
      vertex 14.03941933565433 -2.4012753816657297 2
      vertex 13.852554504120242 -2.2357275867658255 2
      vertex 14.03941933565433 -2.4012753816657297 4.2
    endloop
  endfacet
  facet normal 0.7212024473438163 0.6927243535095977 0
    outer loop
      vertex 13.852554504120242 -2.2357275867658255 2
      vertex 13.679616680669588 -2.0556802405464656 2
      vertex 13.679616680669588 -2.0556802405464656 4.2
    endloop
  endfacet
  facet normal 0.7746049618276538 0.6324453755953782 0
    outer loop
      vertex 13.521727433449147 -1.8623010191377352 2
      vertex 13.521727433449147 -1.8623010191377352 4.2
      vertex 13.679616680669588 -2.0556802405464656 2
    endloop
  endfacet
  facet normal -0.6007422642379738 0.799442763403505 0
    outer loop
      vertex 17.761000714866583 -2.551249984270334 2
      vertex 17.96058066434567 -2.4012753816657297 4.2
      vertex 17.96058066434567 -2.4012753816657297 2
    endloop
  endfacet
  facet normal -0.6631226582408003 0.7485107481710968 0
    outer loop
      vertex 17.96058066434567 -2.4012753816657297 2
      vertex 18.147445495879758 -2.235727586765824 4.2
      vertex 18.147445495879758 -2.235727586765824 2
    endloop
  endfacet
  facet normal -0.7212024473438101 0.692724353509604 0
    outer loop
      vertex 18.147445495879758 -2.235727586765824 2
      vertex 18.147445495879758 -2.235727586765824 4.2
      vertex 18.320383319330414 -2.0556802405464656 2
    endloop
  endfacet
  facet normal -0.774604961827659 0.6324453755953716 0
    outer loop
      vertex 18.320383319330414 -2.0556802405464656 2
      vertex 18.320383319330414 -2.0556802405464656 4.2
      vertex 18.478272566550853 -1.862301019137734 2
    endloop
  endfacet
  facet normal -0.8229838658936581 0.5680647467311535 0
    outer loop
      vertex 18.478272566550853 -1.862301019137734 2
      vertex 18.478272566550853 -1.862301019137734 4.2
      vertex 18.62008926518576 -1.6568440609961839 2
    endloop
  endfacet
  facet normal -0.8660254037844332 0.5000000000000095 0
    outer loop
      vertex 18.62008926518576 -1.6568440609961839 2
      vertex 18.62008926518576 -1.6568440609961839 4.2
      vertex 18.744913679524952 -1.4406418333356819 2
    endloop
  endfacet
  facet normal -0.9034504346103859 0.4286925614030468 0
    outer loop
      vertex 18.744913679524952 -1.4406418333356819 2
      vertex 18.744913679524952 -1.4406418333356819 4.2
      vertex 18.851936275342354 -1.2150964905662336 2
    endloop
  endfacet
  facet normal 0.600742264237976 0.7994427634035032 0
    outer loop
      vertex 14.03941933565433 -2.4012753816657297 2
      vertex 14.03941933565433 -2.4012753816657297 4.2
      vertex 14.238999285133417 -2.551249984270335 4.2
    endloop
  endfacet
  facet normal 0.6631226582407972 0.7485107481710993 0
    outer loop
      vertex 13.852554504120242 -2.2357275867658255 2
      vertex 13.852554504120242 -2.2357275867658255 4.2
      vertex 14.03941933565433 -2.4012753816657297 4.2
    endloop
  endfacet
  facet normal 0.7212024473438163 0.6927243535095977 0
    outer loop
      vertex 13.852554504120242 -2.2357275867658255 2
      vertex 13.679616680669588 -2.0556802405464656 4.2
      vertex 13.852554504120242 -2.2357275867658255 4.2
    endloop
  endfacet
  facet normal 0.7746049618276538 0.6324453755953782 0
    outer loop
      vertex 13.679616680669588 -2.0556802405464656 2
      vertex 13.521727433449147 -1.8623010191377352 4.2
      vertex 13.679616680669588 -2.0556802405464656 4.2
    endloop
  endfacet
  facet normal -0.6631226582408003 0.7485107481710968 0
    outer loop
      vertex 17.96058066434567 -2.4012753816657297 2
      vertex 17.96058066434567 -2.4012753816657297 4.2
      vertex 18.147445495879758 -2.235727586765824 4.2
    endloop
  endfacet
  facet normal -0.7212024473438101 0.692724353509604 0
    outer loop
      vertex 18.320383319330414 -2.0556802405464656 2
      vertex 18.147445495879758 -2.235727586765824 4.2
      vertex 18.320383319330414 -2.0556802405464656 4.2
    endloop
  endfacet
  facet normal -0.774604961827659 0.6324453755953716 0
    outer loop
      vertex 18.478272566550853 -1.862301019137734 2
      vertex 18.320383319330414 -2.0556802405464656 4.2
      vertex 18.478272566550853 -1.862301019137734 4.2
    endloop
  endfacet
  facet normal -0.8229838658936581 0.5680647467311535 0
    outer loop
      vertex 18.62008926518576 -1.6568440609961839 2
      vertex 18.478272566550853 -1.862301019137734 4.2
      vertex 18.62008926518576 -1.6568440609961839 4.2
    endloop
  endfacet
  facet normal -0.8660254037844332 0.5000000000000095 0
    outer loop
      vertex 18.744913679524952 -1.4406418333356819 2
      vertex 18.62008926518576 -1.6568440609961839 4.2
      vertex 18.744913679524952 -1.4406418333356819 4.2
    endloop
  endfacet
  facet normal -0.9034504346103859 0.4286925614030468 0
    outer loop
      vertex 18.851936275342354 -1.2150964905662336 2
      vertex 18.744913679524952 -1.4406418333356819 4.2
      vertex 18.851936275342354 -1.2150964905662336 4.2
    endloop
  endfacet
  facet normal -0.9350162426854135 0.3546048870425388 0
    outer loop
      vertex 18.851936275342354 -1.2150964905662336 2
      vertex 18.851936275342354 -1.2150964905662336 4.2
      vertex 18.94046297003615 -0.9816707807845644 2
    endloop
  endfacet
  facet normal -0.9605181116313717 0.2782174639164542 0
    outer loop
      vertex 18.94046297003615 -0.9816707807845644 2
      vertex 18.94046297003615 -0.9816707807845644 4.2
      vertex 19.00991963402076 -0.7418785592914302 2
    endloop
  endfacet
  facet normal -0.9797906520422667 0.2000256937760494 0
    outer loop
      vertex 19.00991963402076 -0.7418785592914302 2
      vertex 19.00991963402076 -0.7418785592914302 4.2
      vertex 19.05985581417753 -0.49727497065905657 2
    endloop
  endfacet
  facet normal -0.9927088740980546 0.12053668025531704 0
    outer loop
      vertex 19.05985581417753 -0.49727497065905657 2
      vertex 19.05985581417753 -0.49727497065905657 4.2
      vertex 19.08994765521605 -0.24944636302185164 2
    endloop
  endfacet
  facet normal -0.9991889981715695 0.04026594010942144 0
    outer loop
      vertex 19.08994765521605 -0.24944636302185164 2
      vertex 19.08994765521605 -0.24944636302185164 4.2
      vertex 19.1 0 2
    endloop
  endfacet
  facet normal -0.9350162426854135 0.3546048870425388 0
    outer loop
      vertex 18.94046297003615 -0.9816707807845644 2
      vertex 18.851936275342354 -1.2150964905662336 4.2
      vertex 18.94046297003615 -0.9816707807845644 4.2
    endloop
  endfacet
  facet normal -0.9605181116313717 0.2782174639164542 0
    outer loop
      vertex 19.00991963402076 -0.7418785592914302 2
      vertex 18.94046297003615 -0.9816707807845644 4.2
      vertex 19.00991963402076 -0.7418785592914302 4.2
    endloop
  endfacet
  facet normal -0.9797906520422667 0.2000256937760494 0
    outer loop
      vertex 19.05985581417753 -0.49727497065905657 2
      vertex 19.00991963402076 -0.7418785592914302 4.2
      vertex 19.05985581417753 -0.49727497065905657 4.2
    endloop
  endfacet
  facet normal -0.9927088740980546 0.12053668025531704 0
    outer loop
      vertex 19.08994765521605 -0.24944636302185164 2
      vertex 19.05985581417753 -0.49727497065905657 4.2
      vertex 19.08994765521605 -0.24944636302185164 4.2
    endloop
  endfacet
  facet normal -0.9991889981715695 0.04026594010942144 0
    outer loop
      vertex 19.08994765521605 -0.24944636302185164 4.2
      vertex 19.1 0 4.2
      vertex 19.1 0 2
    endloop
  endfacet
  facet normal 0 0 -1
    outer loop
      vertex 14.671053059650532 -2.800696347292185 4.2
      vertex 14.671053059650532 2.800696347292185 4.2
      vertex 14.900724850168139 -2.898550352324786 4.2
    endloop
  endfacet
  facet normal 0 0 -1
    outer loop
      vertex 14.900724850168139 -2.898550352324786 4.2
      vertex 14.900724850168139 2.898550352324786 4.2
      vertex 15.137525861858997 -2.977606146057254 4.2
    endloop
  endfacet
  facet normal 0 0 -1
    outer loop
      vertex 15.137525861858997 -2.977606146057254 4.2
      vertex 15.137525861858997 2.977606146057254 4.2
      vertex 15.379920349294261 -3.03735102133103 4.2
    endloop
  endfacet
  facet normal 0 0 -1
    outer loop
      vertex 15.379920349294261 -3.03735102133103 4.2
      vertex 15.379920349294263 3.03735102133103 4.2
      vertex 15.6263362912085 -3.077397509703968 4.2
    endloop
  endfacet
  facet normal 0 0 -1
    outer loop
      vertex 15.6263362912085 -3.077397509703968 4.2
      vertex 15.6263362912085 3.0773975097039674 4.2
      vertex 15.875175585660813 -3.0974858943318657 4.2
    endloop
  endfacet
  facet normal 0 0 -1
    outer loop
      vertex 14.03941933565433 -2.4012753816657297 4.2
      vertex 13.852554504120242 -2.2357275867658255 4.2
      vertex 13.852554504120242 2.2357275867658255 4.2
    endloop
  endfacet
  facet normal 0 0 -1
    outer loop
      vertex 14.238999285133417 -2.551249984270335 4.2
      vertex 14.238999285133417 2.551249984270335 4.2
      vertex 14.45 -2.68467875173176 4.2
    endloop
  endfacet
  facet normal 0 0 -1
    outer loop
      vertex 14.671053059650532 -2.800696347292185 4.2
      vertex 14.45 -2.68467875173176 4.2
      vertex 14.45 2.68467875173176 4.2
    endloop
  endfacet
  facet normal 0 0 -1
    outer loop
      vertex 14.03941933565433 -2.4012753816657297 4.2
      vertex 14.03941933565433 2.4012753816657297 4.2
      vertex 14.238999285133417 -2.551249984270335 4.2
    endloop
  endfacet
  facet normal 0 0 -1
    outer loop
      vertex 13.852554504120242 -2.2357275867658255 4.2
      vertex 13.679616680669588 -2.0556802405464656 4.2
      vertex 13.679616680669588 2.0556802405464656 4.2
    endloop
  endfacet
  facet normal 0 0 -1
    outer loop
      vertex 13.521727433449147 -1.8623010191377352 4.2
      vertex 13.521727433449147 1.8623010191377352 4.2
      vertex 13.679616680669588 -2.0556802405464656 4.2
    endloop
  endfacet
  facet normal 0 0 -1
    outer loop
      vertex 15.875175585660813 -3.0974858943318657 4.2
      vertex 15.875175585660813 3.0974858943318657 4.2
      vertex 16.124824414339187 -3.0974858943318657 4.2
    endloop
  endfacet
  facet normal 0 0 -1
    outer loop
      vertex 16.124824414339187 -3.0974858943318657 4.2
      vertex 16.124824414339187 3.0974858943318657 4.2
      vertex 16.3736637087915 -3.077397509703968 4.2
    endloop
  endfacet
  facet normal 0 0 -1
    outer loop
      vertex 16.3736637087915 -3.077397509703968 4.2
      vertex 16.3736637087915 3.0773975097039674 4.2
      vertex 16.620079650705737 -3.03735102133103 4.2
    endloop
  endfacet
  facet normal 0 0 -1
    outer loop
      vertex 16.620079650705737 -3.03735102133103 4.2
      vertex 16.620079650705737 3.03735102133103 4.2
      vertex 16.862474138141003 -2.977606146057255 4.2
    endloop
  endfacet
  facet normal 0 0 -1
    outer loop
      vertex 16.862474138141003 -2.977606146057255 4.2
      vertex 16.862474138141003 2.977606146057254 4.2
      vertex 17.09927514983186 -2.898550352324786 4.2
    endloop
  endfacet
  facet normal 0 0 -1
    outer loop
      vertex 17.09927514983186 -2.898550352324786 4.2
      vertex 17.09927514983186 2.898550352324786 4.2
      vertex 17.328946940349468 -2.8006963472921855 4.2
    endloop
  endfacet
  facet normal 0 0 -1
    outer loop
      vertex 17.328946940349468 -2.8006963472921855 4.2
      vertex 17.328946940349468 2.800696347292185 4.2
      vertex 17.55 -2.68467875173176 4.2
    endloop
  endfacet
  facet normal 0 0 -1
    outer loop
      vertex 17.55 -2.68467875173176 4.2
      vertex 17.55 2.68467875173176 4.2
      vertex 17.761000714866583 -2.551249984270334 4.2
    endloop
  endfacet
  facet normal 0 0 -1
    outer loop
      vertex 17.761000714866583 -2.551249984270334 4.2
      vertex 17.761000714866583 2.551249984270335 4.2
      vertex 17.96058066434567 -2.4012753816657297 4.2
    endloop
  endfacet
  facet normal 0 0 -1
    outer loop
      vertex 17.96058066434567 -2.4012753816657297 4.2
      vertex 17.96058066434567 2.4012753816657293 4.2
      vertex 18.147445495879758 -2.235727586765824 4.2
    endloop
  endfacet
  facet normal 0 0 -1
    outer loop
      vertex 18.147445495879758 -2.235727586765824 4.2
      vertex 18.147445495879758 2.235727586765825 4.2
      vertex 18.320383319330414 -2.0556802405464656 4.2
    endloop
  endfacet
  facet normal 0 0 -1
    outer loop
      vertex 18.320383319330414 -2.0556802405464656 4.2
      vertex 18.320383319330414 2.055680240546465 4.2
      vertex 18.478272566550853 -1.862301019137734 4.2
    endloop
  endfacet
  facet normal 0 0 -1
    outer loop
      vertex 18.478272566550853 -1.862301019137734 4.2
      vertex 18.478272566550853 1.8623010191377345 4.2
      vertex 18.62008926518576 -1.6568440609961839 4.2
    endloop
  endfacet
  facet normal 0 0 -1
    outer loop
      vertex 18.62008926518576 -1.6568440609961839 4.2
      vertex 18.620089265185765 1.6568440609961832 4.2
      vertex 18.744913679524952 -1.4406418333356819 4.2
    endloop
  endfacet
  facet normal 0 0 -1
    outer loop
      vertex 18.744913679524952 -1.4406418333356819 4.2
      vertex 18.744913679524952 1.4406418333356825 4.2
      vertex 18.851936275342354 -1.2150964905662336 4.2
    endloop
  endfacet
  facet normal 0 0 -1
    outer loop
      vertex 18.851936275342354 -1.2150964905662336 4.2
      vertex 18.851936275342354 1.2150964905662327 4.2
      vertex 18.94046297003615 -0.9816707807845644 4.2
    endloop
  endfacet
  facet normal 0 0 -1
    outer loop
      vertex 18.94046297003615 -0.9816707807845644 4.2
      vertex 18.94046297003615 0.9816707807845647 4.2
      vertex 19.00991963402076 -0.7418785592914302 4.2
    endloop
  endfacet
  facet normal 0 0 -1
    outer loop
      vertex 19.00991963402076 -0.7418785592914302 4.2
      vertex 19.00991963402076 0.7418785592914291 4.2
      vertex 19.05985581417753 -0.49727497065905657 4.2
    endloop
  endfacet
  facet normal 0 0 -1
    outer loop
      vertex 19.05985581417753 -0.49727497065905657 4.2
      vertex 19.05985581417753 0.49727497065905674 4.2
      vertex 19.08994765521605 -0.24944636302185164 4.2
    endloop
  endfacet
  facet normal 0 0 -1
    outer loop
      vertex 19.08994765521605 -0.24944636302185164 4.2
      vertex 19.08994765521605 0.24944636302185022 4.2
      vertex 19.1 0 4.2
    endloop
  endfacet
  facet normal 0 0 1
    outer loop
      vertex 12.91005234478395 -0.24944636302185014 2
      vertex 12.91005234478395 0.24944636302185014 2
      vertex 12.9 0 2
    endloop
  endfacet
  facet normal 0 0 1
    outer loop
      vertex 12.91005234478395 -0.24944636302185014 2
      vertex 12.94014418582247 0.49727497065905657 2
      vertex 12.91005234478395 0.24944636302185014 2
    endloop
  endfacet
  facet normal 0 0 1
    outer loop
      vertex 12.94014418582247 -0.49727497065905657 2
      vertex 12.990080365979239 0.7418785592914287 2
      vertex 12.94014418582247 0.49727497065905657 2
    endloop
  endfacet
  facet normal 0 0 1
    outer loop
      vertex 12.990080365979239 -0.7418785592914287 2
      vertex 13.059537029963849 0.9816707807845644 2
      vertex 12.990080365979239 0.7418785592914287 2
    endloop
  endfacet
  facet normal 0 0 1
    outer loop
      vertex 13.059537029963849 -0.9816707807845644 2
      vertex 13.148063724657645 1.2150964905662323 2
      vertex 13.059537029963849 0.9816707807845644 2
    endloop
  endfacet
  facet normal 0 0 1
    outer loop
      vertex 13.148063724657645 -1.2150964905662323 2
      vertex 13.255086320475048 1.4406418333356819 2
      vertex 13.148063724657645 1.2150964905662323 2
    endloop
  endfacet
  facet normal 0 0 1
    outer loop
      vertex 13.255086320475048 -1.4406418333356819 2
      vertex 13.379910734814237 1.6568440609961839 2
      vertex 13.255086320475048 1.4406418333356819 2
    endloop
  endfacet
  facet normal 0 0 1
    outer loop
      vertex 13.379910734814237 -1.6568440609961839 2
      vertex 13.521727433449147 1.8623010191377352 2
      vertex 13.379910734814237 1.6568440609961839 2
    endloop
  endfacet
  facet normal 0 0 1
    outer loop
      vertex 13.521727433449147 -1.8623010191377352 2
      vertex 13.679616680669588 2.0556802405464656 2
      vertex 13.521727433449147 1.8623010191377352 2
    endloop
  endfacet
  facet normal 0 0 1
    outer loop
      vertex 13.679616680669588 -2.0556802405464656 2
      vertex 13.852554504120242 2.2357275867658255 2
      vertex 13.679616680669588 2.0556802405464656 2
    endloop
  endfacet
  facet normal 0 0 1
    outer loop
      vertex 13.852554504120242 -2.2357275867658255 2
      vertex 14.03941933565433 2.4012753816657297 2
      vertex 13.852554504120242 2.2357275867658255 2
    endloop
  endfacet
  facet normal 0 0 1
    outer loop
      vertex 14.03941933565433 -2.4012753816657297 2
      vertex 14.238999285133417 2.551249984270335 2
      vertex 14.03941933565433 2.4012753816657297 2
    endloop
  endfacet
  facet normal 0 0 1
    outer loop
      vertex 14.238999285133417 -2.551249984270335 2
      vertex 14.45 2.68467875173176 2
      vertex 14.238999285133417 2.551249984270335 2
    endloop
  endfacet
  facet normal 0 0 1
    outer loop
      vertex 14.45 -2.68467875173176 2
      vertex 14.671053059650532 2.800696347292185 2
      vertex 14.45 2.68467875173176 2
    endloop
  endfacet
  facet normal 0 0 1
    outer loop
      vertex 14.671053059650532 -2.800696347292185 2
      vertex 14.900724850168139 2.898550352324786 2
      vertex 14.671053059650532 2.800696347292185 2
    endloop
  endfacet
  facet normal 0 0 1
    outer loop
      vertex 14.900724850168139 -2.898550352324786 2
      vertex 15.137525861858997 2.977606146057254 2
      vertex 14.900724850168139 2.898550352324786 2
    endloop
  endfacet
  facet normal 0 0 1
    outer loop
      vertex 15.137525861858997 -2.977606146057254 2
      vertex 15.379920349294263 3.03735102133103 2
      vertex 15.137525861858997 2.977606146057254 2
    endloop
  endfacet
  facet normal 0 0 1
    outer loop
      vertex 15.379920349294261 -3.03735102133103 2
      vertex 15.6263362912085 3.0773975097039674 2
      vertex 15.379920349294263 3.03735102133103 2
    endloop
  endfacet
  facet normal 0 0 1
    outer loop
      vertex 15.6263362912085 -3.077397509703968 2
      vertex 15.875175585660813 3.0974858943318657 2
      vertex 15.6263362912085 3.0773975097039674 2
    endloop
  endfacet
  facet normal 0 0 1
    outer loop
      vertex 17.96058066434567 -2.4012753816657297 2
      vertex 18.147445495879758 2.235727586765825 2
      vertex 17.96058066434567 2.4012753816657293 2
    endloop
  endfacet
  facet normal 0 0 1
    outer loop
      vertex 17.09927514983186 -2.898550352324786 2
      vertex 17.328946940349468 2.800696347292185 2
      vertex 17.09927514983186 2.898550352324786 2
    endloop
  endfacet
  facet normal 0 0 1
    outer loop
      vertex 17.328946940349468 -2.8006963472921855 2
      vertex 17.55 2.68467875173176 2
      vertex 17.328946940349468 2.800696347292185 2
    endloop
  endfacet
  facet normal 0 0 1
    outer loop
      vertex 17.761000714866583 -2.551249984270334 2
      vertex 17.96058066434567 2.4012753816657293 2
      vertex 17.761000714866583 2.551249984270335 2
    endloop
  endfacet
  facet normal 0 0 1
    outer loop
      vertex 17.55 -2.68467875173176 2
      vertex 17.761000714866583 2.551249984270335 2
      vertex 17.55 2.68467875173176 2
    endloop
  endfacet
  facet normal 0 0 1
    outer loop
      vertex 15.875175585660813 -3.0974858943318657 2
      vertex 16.124824414339187 3.0974858943318657 2
      vertex 15.875175585660813 3.0974858943318657 2
    endloop
  endfacet
  facet normal 0 0 1
    outer loop
      vertex 16.124824414339187 -3.0974858943318657 2
      vertex 16.3736637087915 3.0773975097039674 2
      vertex 16.124824414339187 3.0974858943318657 2
    endloop
  endfacet
  facet normal 0 0 1
    outer loop
      vertex 16.3736637087915 -3.077397509703968 2
      vertex 16.620079650705737 3.03735102133103 2
      vertex 16.3736637087915 3.0773975097039674 2
    endloop
  endfacet
  facet normal 0 0 1
    outer loop
      vertex 16.862474138141003 -2.977606146057255 2
      vertex 17.09927514983186 2.898550352324786 2
      vertex 16.862474138141003 2.977606146057254 2
    endloop
  endfacet
  facet normal 0 0 1
    outer loop
      vertex 16.620079650705737 -3.03735102133103 2
      vertex 16.862474138141003 2.977606146057254 2
      vertex 16.620079650705737 3.03735102133103 2
    endloop
  endfacet
  facet normal 0 0 1
    outer loop
      vertex 19.05985581417753 -0.49727497065905657 2
      vertex 19.08994765521605 0.24944636302185022 2
      vertex 19.05985581417753 0.49727497065905674 2
    endloop
  endfacet
  facet normal 0 0 1
    outer loop
      vertex 19.00991963402076 -0.7418785592914302 2
      vertex 19.05985581417753 0.49727497065905674 2
      vertex 19.00991963402076 0.7418785592914291 2
    endloop
  endfacet
  facet normal 0 0 1
    outer loop
      vertex 18.94046297003615 -0.9816707807845644 2
      vertex 19.00991963402076 0.7418785592914291 2
      vertex 18.94046297003615 0.9816707807845647 2
    endloop
  endfacet
  facet normal 0 0 1
    outer loop
      vertex 18.851936275342354 -1.2150964905662336 2
      vertex 18.94046297003615 0.9816707807845647 2
      vertex 18.851936275342354 1.2150964905662327 2
    endloop
  endfacet
  facet normal 0 0 1
    outer loop
      vertex 18.744913679524952 -1.4406418333356819 2
      vertex 18.851936275342354 1.2150964905662327 2
      vertex 18.744913679524952 1.4406418333356825 2
    endloop
  endfacet
  facet normal 0 0 1
    outer loop
      vertex 18.62008926518576 -1.6568440609961839 2
      vertex 18.744913679524952 1.4406418333356825 2
      vertex 18.620089265185765 1.6568440609961832 2
    endloop
  endfacet
  facet normal 0 0 1
    outer loop
      vertex 18.320383319330414 -2.0556802405464656 2
      vertex 18.478272566550853 1.8623010191377345 2
      vertex 18.320383319330414 2.055680240546465 2
    endloop
  endfacet
  facet normal 0 0 1
    outer loop
      vertex 18.478272566550853 -1.862301019137734 2
      vertex 18.620089265185765 1.6568440609961832 2
      vertex 18.478272566550853 1.8623010191377345 2
    endloop
  endfacet
  facet normal 0 0 1
    outer loop
      vertex 18.147445495879758 -2.235727586765824 2
      vertex 18.320383319330414 2.055680240546465 2
      vertex 18.147445495879758 2.235727586765825 2
    endloop
  endfacet
  facet normal 0.9991889981715697 -0.04026594010941457 0
    outer loop
      vertex 12.9 0 2
      vertex 12.91005234478395 0.24944636302185014 2
      vertex 12.91005234478395 0.24944636302185014 4.2
    endloop
  endfacet
  facet normal 0.9927088740980539 -0.12053668025532334 0
    outer loop
      vertex 12.91005234478395 0.24944636302185014 2
      vertex 12.94014418582247 0.49727497065905657 2
      vertex 12.94014418582247 0.49727497065905657 4.2
    endloop
  endfacet
  facet normal 0.9797906520422679 -0.2000256937760438 0
    outer loop
      vertex 12.94014418582247 0.49727497065905657 2
      vertex 12.990080365979239 0.7418785592914287 2
      vertex 12.990080365979239 0.7418785592914287 4.2
    endloop
  endfacet
  facet normal 0.9605181116313724 -0.2782174639164526 0
    outer loop
      vertex 12.990080365979239 0.7418785592914287 2
      vertex 13.059537029963849 0.9816707807845644 2
      vertex 13.059537029963849 0.9816707807845644 4.2
    endloop
  endfacet
  facet normal 0.9350162426854153 -0.35460488704253434 0
    outer loop
      vertex 13.059537029963849 0.9816707807845644 2
      vertex 13.148063724657645 1.2150964905662323 2
      vertex 13.148063724657645 1.2150964905662323 4.2
    endloop
  endfacet
  facet normal 0.9991889981715697 -0.04026594010941457 0
    outer loop
      vertex 12.9 0 2
      vertex 12.91005234478395 0.24944636302185014 4.2
      vertex 12.9 0 4.2
    endloop
  endfacet
  facet normal 0.9927088740980539 -0.12053668025532334 0
    outer loop
      vertex 12.91005234478395 0.24944636302185014 2
      vertex 12.94014418582247 0.49727497065905657 4.2
      vertex 12.91005234478395 0.24944636302185014 4.2
    endloop
  endfacet
  facet normal 0.9797906520422679 -0.2000256937760438 0
    outer loop
      vertex 12.94014418582247 0.49727497065905657 2
      vertex 12.990080365979239 0.7418785592914287 4.2
      vertex 12.94014418582247 0.49727497065905657 4.2
    endloop
  endfacet
  facet normal 0.9605181116313724 -0.2782174639164526 0
    outer loop
      vertex 12.990080365979239 0.7418785592914287 2
      vertex 13.059537029963849 0.9816707807845644 4.2
      vertex 12.990080365979239 0.7418785592914287 4.2
    endloop
  endfacet
  facet normal 0.9350162426854153 -0.35460488704253434 0
    outer loop
      vertex 13.059537029963849 0.9816707807845644 2
      vertex 13.148063724657645 1.2150964905662323 4.2
      vertex 13.059537029963849 0.9816707807845644 4.2
    endloop
  endfacet
  facet normal 0.9034504346103841 -0.4286925614030505 0
    outer loop
      vertex 13.148063724657645 1.2150964905662323 2
      vertex 13.255086320475048 1.4406418333356819 2
      vertex 13.255086320475048 1.4406418333356819 4.2
    endloop
  endfacet
  facet normal 0.8660254037844362 -0.5000000000000042 0
    outer loop
      vertex 13.255086320475048 1.4406418333356819 2
      vertex 13.379910734814237 1.6568440609961839 2
      vertex 13.379910734814237 1.6568440609961839 4.2
    endloop
  endfacet
  facet normal 0.8229838658936562 -0.5680647467311561 0
    outer loop
      vertex 13.379910734814237 1.6568440609961839 2
      vertex 13.521727433449147 1.8623010191377352 2
      vertex 13.521727433449147 1.8623010191377352 4.2
    endloop
  endfacet
  facet normal 0.9034504346103841 -0.4286925614030505 0
    outer loop
      vertex 13.148063724657645 1.2150964905662323 2
      vertex 13.255086320475048 1.4406418333356819 4.2
      vertex 13.148063724657645 1.2150964905662323 4.2
    endloop
  endfacet
  facet normal 0.8660254037844362 -0.5000000000000042 0
    outer loop
      vertex 13.255086320475048 1.4406418333356819 2
      vertex 13.379910734814237 1.6568440609961839 4.2
      vertex 13.255086320475048 1.4406418333356819 4.2
    endloop
  endfacet
  facet normal 0.8229838658936562 -0.5680647467311561 0
    outer loop
      vertex 13.379910734814237 1.6568440609961839 2
      vertex 13.521727433449147 1.8623010191377352 4.2
      vertex 13.379910734814237 1.6568440609961839 4.2
    endloop
  endfacet
  facet normal 0 0 -1
    outer loop
      vertex 12.91005234478395 -0.24944636302185014 4.2
      vertex 12.9 0 4.2
      vertex 12.91005234478395 0.24944636302185014 4.2
    endloop
  endfacet
  facet normal 0 0 -1
    outer loop
      vertex 12.94014418582247 -0.49727497065905657 4.2
      vertex 12.91005234478395 0.24944636302185014 4.2
      vertex 12.94014418582247 0.49727497065905657 4.2
    endloop
  endfacet
  facet normal 0 0 -1
    outer loop
      vertex 12.990080365979239 -0.7418785592914287 4.2
      vertex 12.94014418582247 0.49727497065905657 4.2
      vertex 12.990080365979239 0.7418785592914287 4.2
    endloop
  endfacet
  facet normal 0 0 -1
    outer loop
      vertex 13.059537029963849 -0.9816707807845644 4.2
      vertex 12.990080365979239 0.7418785592914287 4.2
      vertex 13.059537029963849 0.9816707807845644 4.2
    endloop
  endfacet
  facet normal 0 0 -1
    outer loop
      vertex 13.148063724657645 -1.2150964905662323 4.2
      vertex 13.059537029963849 0.9816707807845644 4.2
      vertex 13.148063724657645 1.2150964905662323 4.2
    endloop
  endfacet
  facet normal 0 0 -1
    outer loop
      vertex 13.255086320475048 -1.4406418333356819 4.2
      vertex 13.148063724657645 1.2150964905662323 4.2
      vertex 13.255086320475048 1.4406418333356819 4.2
    endloop
  endfacet
  facet normal 0 0 -1
    outer loop
      vertex 13.379910734814237 -1.6568440609961839 4.2
      vertex 13.255086320475048 1.4406418333356819 4.2
      vertex 13.379910734814237 1.6568440609961839 4.2
    endloop
  endfacet
  facet normal 0 0 -1
    outer loop
      vertex 13.521727433449147 -1.8623010191377352 4.2
      vertex 13.379910734814237 1.6568440609961839 4.2
      vertex 13.521727433449147 1.8623010191377352 4.2
    endloop
  endfacet
  facet normal -0.9991889981715693 -0.04026594010942165 0
    outer loop
      vertex 19.1 0 2
      vertex 19.1 0 4.2
      vertex 19.08994765521605 0.24944636302185022 2
    endloop
  endfacet
  facet normal -0.9927088740980547 -0.12053668025531626 0
    outer loop
      vertex 19.08994765521605 0.24944636302185022 2
      vertex 19.08994765521605 0.24944636302185022 4.2
      vertex 19.05985581417753 0.49727497065905674 2
    endloop
  endfacet
  facet normal -0.9797906520422663 -0.20002569377605034 0
    outer loop
      vertex 19.05985581417753 0.49727497065905674 2
      vertex 19.05985581417753 0.49727497065905674 4.2
      vertex 19.00991963402076 0.7418785592914291 2
    endloop
  endfacet
  facet normal -0.9605181116313724 -0.2782174639164527 0
    outer loop
      vertex 19.00991963402076 0.7418785592914291 2
      vertex 19.00991963402076 0.7418785592914291 4.2
      vertex 18.94046297003615 0.9816707807845647 2
    endloop
  endfacet
  facet normal -0.9350162426854131 -0.35460488704254045 0
    outer loop
      vertex 18.94046297003615 0.9816707807845647 2
      vertex 18.94046297003615 0.9816707807845647 4.2
      vertex 18.851936275342354 1.2150964905662327 2
    endloop
  endfacet
  facet normal -0.9991889981715693 -0.04026594010942165 0
    outer loop
      vertex 19.08994765521605 0.24944636302185022 2
      vertex 19.1 0 4.2
      vertex 19.08994765521605 0.24944636302185022 4.2
    endloop
  endfacet
  facet normal -0.9927088740980547 -0.12053668025531626 0
    outer loop
      vertex 19.05985581417753 0.49727497065905674 2
      vertex 19.08994765521605 0.24944636302185022 4.2
      vertex 19.05985581417753 0.49727497065905674 4.2
    endloop
  endfacet
  facet normal -0.9797906520422663 -0.20002569377605034 0
    outer loop
      vertex 19.00991963402076 0.7418785592914291 2
      vertex 19.05985581417753 0.49727497065905674 4.2
      vertex 19.00991963402076 0.7418785592914291 4.2
    endloop
  endfacet
  facet normal -0.9605181116313724 -0.2782174639164527 0
    outer loop
      vertex 18.94046297003615 0.9816707807845647 2
      vertex 19.00991963402076 0.7418785592914291 4.2
      vertex 18.94046297003615 0.9816707807845647 4.2
    endloop
  endfacet
  facet normal -0.9350162426854131 -0.35460488704254045 0
    outer loop
      vertex 18.851936275342354 1.2150964905662327 2
      vertex 18.94046297003615 0.9816707807845647 4.2
      vertex 18.851936275342354 1.2150964905662327 4.2
    endloop
  endfacet
  facet normal 0.7746049618276538 -0.6324453755953782 0
    outer loop
      vertex 13.521727433449147 1.8623010191377352 2
      vertex 13.679616680669588 2.0556802405464656 2
      vertex 13.679616680669588 2.0556802405464656 4.2
    endloop
  endfacet
  facet normal 0.7212024473438163 -0.6927243535095977 0
    outer loop
      vertex 13.679616680669588 2.0556802405464656 2
      vertex 13.852554504120242 2.2357275867658255 2
      vertex 13.852554504120242 2.2357275867658255 4.2
    endloop
  endfacet
  facet normal 0.6631226582407972 -0.7485107481710993 0
    outer loop
      vertex 13.852554504120242 2.2357275867658255 2
      vertex 14.03941933565433 2.4012753816657297 2
      vertex 13.852554504120242 2.2357275867658255 4.2
    endloop
  endfacet
  facet normal 0.600742264237976 -0.7994427634035032 0
    outer loop
      vertex 14.03941933565433 2.4012753816657297 2
      vertex 14.238999285133417 2.551249984270335 2
      vertex 14.03941933565433 2.4012753816657297 4.2
    endloop
  endfacet
  facet normal -0.6631226582407972 -0.7485107481710993 0
    outer loop
      vertex 18.147445495879758 2.235727586765825 2
      vertex 17.96058066434567 2.4012753816657293 4.2
      vertex 17.96058066434567 2.4012753816657293 2
    endloop
  endfacet
  facet normal -0.903450434610387 -0.42869256140304435 0
    outer loop
      vertex 18.851936275342354 1.2150964905662327 2
      vertex 18.851936275342354 1.2150964905662327 4.2
      vertex 18.744913679524952 1.4406418333356825 2
    endloop
  endfacet
  facet normal -0.866025403784438 -0.5000000000000013 0
    outer loop
      vertex 18.744913679524952 1.4406418333356825 2
      vertex 18.744913679524952 1.4406418333356825 4.2
      vertex 18.620089265185765 1.6568440609961832 2
    endloop
  endfacet
  facet normal -0.8229838658936527 -0.5680647467311609 0
    outer loop
      vertex 18.478272566550853 1.8623010191377345 2
      vertex 18.620089265185765 1.6568440609961832 2
      vertex 18.620089265185765 1.6568440609961832 4.2
    endloop
  endfacet
  facet normal -0.7746049618276576 -0.6324453755953735 0
    outer loop
      vertex 18.320383319330414 2.055680240546465 2
      vertex 18.478272566550853 1.8623010191377345 2
      vertex 18.478272566550853 1.8623010191377345 4.2
    endloop
  endfacet
  facet normal -0.7212024473438127 -0.6927243535096014 0
    outer loop
      vertex 18.320383319330414 2.055680240546465 2
      vertex 18.320383319330414 2.055680240546465 4.2
      vertex 18.147445495879758 2.235727586765825 2
    endloop
  endfacet
  facet normal 0.7746049618276538 -0.6324453755953782 0
    outer loop
      vertex 13.521727433449147 1.8623010191377352 2
      vertex 13.679616680669588 2.0556802405464656 4.2
      vertex 13.521727433449147 1.8623010191377352 4.2
    endloop
  endfacet
  facet normal 0.7212024473438163 -0.6927243535095977 0
    outer loop
      vertex 13.679616680669588 2.0556802405464656 2
      vertex 13.852554504120242 2.2357275867658255 4.2
      vertex 13.679616680669588 2.0556802405464656 4.2
    endloop
  endfacet
  facet normal 0.6631226582407972 -0.7485107481710993 0
    outer loop
      vertex 14.03941933565433 2.4012753816657297 2
      vertex 14.03941933565433 2.4012753816657297 4.2
      vertex 13.852554504120242 2.2357275867658255 4.2
    endloop
  endfacet
  facet normal -0.6631226582407972 -0.7485107481710993 0
    outer loop
      vertex 18.147445495879758 2.235727586765825 2
      vertex 18.147445495879758 2.235727586765825 4.2
      vertex 17.96058066434567 2.4012753816657293 4.2
    endloop
  endfacet
  facet normal -0.6007422642379772 -0.7994427634035024 0
    outer loop
      vertex 17.96058066434567 2.4012753816657293 2
      vertex 17.96058066434567 2.4012753816657293 4.2
      vertex 17.761000714866583 2.551249984270335 4.2
    endloop
  endfacet
  facet normal -0.903450434610387 -0.42869256140304435 0
    outer loop
      vertex 18.744913679524952 1.4406418333356825 2
      vertex 18.851936275342354 1.2150964905662327 4.2
      vertex 18.744913679524952 1.4406418333356825 4.2
    endloop
  endfacet
  facet normal -0.866025403784438 -0.5000000000000013 0
    outer loop
      vertex 18.620089265185765 1.6568440609961832 2
      vertex 18.744913679524952 1.4406418333356825 4.2
      vertex 18.620089265185765 1.6568440609961832 4.2
    endloop
  endfacet
  facet normal -0.8229838658936527 -0.5680647467311609 0
    outer loop
      vertex 18.478272566550853 1.8623010191377345 2
      vertex 18.620089265185765 1.6568440609961832 4.2
      vertex 18.478272566550853 1.8623010191377345 4.2
    endloop
  endfacet
  facet normal -0.7746049618276576 -0.6324453755953735 0
    outer loop
      vertex 18.320383319330414 2.055680240546465 2
      vertex 18.478272566550853 1.8623010191377345 4.2
      vertex 18.320383319330414 2.055680240546465 4.2
    endloop
  endfacet
  facet normal -0.7212024473438127 -0.6927243535096014 0
    outer loop
      vertex 18.147445495879758 2.235727586765825 2
      vertex 18.320383319330414 2.055680240546465 4.2
      vertex 18.147445495879758 2.235727586765825 4.2
    endloop
  endfacet
  facet normal 0 0 -1
    outer loop
      vertex 13.679616680669588 -2.0556802405464656 4.2
      vertex 13.521727433449147 1.8623010191377352 4.2
      vertex 13.679616680669588 2.0556802405464656 4.2
    endloop
  endfacet
  facet normal 0 0 -1
    outer loop
      vertex 13.852554504120242 -2.2357275867658255 4.2
      vertex 13.679616680669588 2.0556802405464656 4.2
      vertex 13.852554504120242 2.2357275867658255 4.2
    endloop
  endfacet
  facet normal 0 0 -1
    outer loop
      vertex 14.03941933565433 -2.4012753816657297 4.2
      vertex 13.852554504120242 2.2357275867658255 4.2
      vertex 14.03941933565433 2.4012753816657297 4.2
    endloop
  endfacet
  facet normal 0 0 -1
    outer loop
      vertex 14.238999285133417 -2.551249984270335 4.2
      vertex 14.03941933565433 2.4012753816657297 4.2
      vertex 14.238999285133417 2.551249984270335 4.2
    endloop
  endfacet
  facet normal 0 0 -1
    outer loop
      vertex 14.45 -2.68467875173176 4.2
      vertex 14.238999285133417 2.551249984270335 4.2
      vertex 14.45 2.68467875173176 4.2
    endloop
  endfacet
  facet normal 0 0 -1
    outer loop
      vertex 14.671053059650532 -2.800696347292185 4.2
      vertex 14.45 2.68467875173176 4.2
      vertex 14.671053059650532 2.800696347292185 4.2
    endloop
  endfacet
  facet normal 0 0 -1
    outer loop
      vertex 14.900724850168139 -2.898550352324786 4.2
      vertex 14.671053059650532 2.800696347292185 4.2
      vertex 14.900724850168139 2.898550352324786 4.2
    endloop
  endfacet
  facet normal 0 0 -1
    outer loop
      vertex 15.137525861858997 -2.977606146057254 4.2
      vertex 14.900724850168139 2.898550352324786 4.2
      vertex 15.137525861858997 2.977606146057254 4.2
    endloop
  endfacet
  facet normal 0 0 -1
    outer loop
      vertex 15.379920349294261 -3.03735102133103 4.2
      vertex 15.137525861858997 2.977606146057254 4.2
      vertex 15.379920349294263 3.03735102133103 4.2
    endloop
  endfacet
  facet normal 0 0 -1
    outer loop
      vertex 15.6263362912085 -3.077397509703968 4.2
      vertex 15.379920349294263 3.03735102133103 4.2
      vertex 15.6263362912085 3.0773975097039674 4.2
    endloop
  endfacet
  facet normal 0 0 -1
    outer loop
      vertex 15.875175585660813 -3.0974858943318657 4.2
      vertex 15.6263362912085 3.0773975097039674 4.2
      vertex 15.875175585660813 3.0974858943318657 4.2
    endloop
  endfacet
  facet normal 0 0 -1
    outer loop
      vertex 17.55 -2.68467875173176 4.2
      vertex 17.328946940349468 2.800696347292185 4.2
      vertex 17.55 2.68467875173176 4.2
    endloop
  endfacet
  facet normal 0 0 -1
    outer loop
      vertex 18.147445495879758 -2.235727586765824 4.2
      vertex 17.96058066434567 2.4012753816657293 4.2
      vertex 18.147445495879758 2.235727586765825 4.2
    endloop
  endfacet
  facet normal 0 0 -1
    outer loop
      vertex 17.96058066434567 -2.4012753816657297 4.2
      vertex 17.761000714866583 2.551249984270335 4.2
      vertex 17.96058066434567 2.4012753816657293 4.2
    endloop
  endfacet
  facet normal 0 0 -1
    outer loop
      vertex 17.761000714866583 -2.551249984270334 4.2
      vertex 17.55 2.68467875173176 4.2
      vertex 17.761000714866583 2.551249984270335 4.2
    endloop
  endfacet
  facet normal 0 0 -1
    outer loop
      vertex 15.875175585660813 3.0974858943318657 4.2
      vertex 16.124824414339187 3.0974858943318657 4.2
      vertex 16.124824414339187 -3.0974858943318657 4.2
    endloop
  endfacet
  facet normal 0 0 -1
    outer loop
      vertex 16.3736637087915 -3.077397509703968 4.2
      vertex 16.124824414339187 3.0974858943318657 4.2
      vertex 16.3736637087915 3.0773975097039674 4.2
    endloop
  endfacet
  facet normal 0 0 -1
    outer loop
      vertex 16.862474138141003 -2.977606146057255 4.2
      vertex 16.620079650705737 3.03735102133103 4.2
      vertex 16.862474138141003 2.977606146057254 4.2
    endloop
  endfacet
  facet normal 0 0 -1
    outer loop
      vertex 16.620079650705737 -3.03735102133103 4.2
      vertex 16.3736637087915 3.0773975097039674 4.2
      vertex 16.620079650705737 3.03735102133103 4.2
    endloop
  endfacet
  facet normal 0 0 -1
    outer loop
      vertex 17.328946940349468 -2.8006963472921855 4.2
      vertex 17.09927514983186 2.898550352324786 4.2
      vertex 17.328946940349468 2.800696347292185 4.2
    endloop
  endfacet
  facet normal 0 0 -1
    outer loop
      vertex 17.09927514983186 -2.898550352324786 4.2
      vertex 16.862474138141003 2.977606146057254 4.2
      vertex 17.09927514983186 2.898550352324786 4.2
    endloop
  endfacet
  facet normal 0 0 -1
    outer loop
      vertex 19.08994765521605 -0.24944636302185164 4.2
      vertex 19.05985581417753 0.49727497065905674 4.2
      vertex 19.08994765521605 0.24944636302185022 4.2
    endloop
  endfacet
  facet normal 0 0 -1
    outer loop
      vertex 19.05985581417753 -0.49727497065905657 4.2
      vertex 19.00991963402076 0.7418785592914291 4.2
      vertex 19.05985581417753 0.49727497065905674 4.2
    endloop
  endfacet
  facet normal 0 0 -1
    outer loop
      vertex 19.00991963402076 -0.7418785592914302 4.2
      vertex 18.94046297003615 0.9816707807845647 4.2
      vertex 19.00991963402076 0.7418785592914291 4.2
    endloop
  endfacet
  facet normal 0 0 -1
    outer loop
      vertex 18.94046297003615 -0.9816707807845644 4.2
      vertex 18.851936275342354 1.2150964905662327 4.2
      vertex 18.94046297003615 0.9816707807845647 4.2
    endloop
  endfacet
  facet normal 0 0 -1
    outer loop
      vertex 18.62008926518576 -1.6568440609961839 4.2
      vertex 18.478272566550853 1.8623010191377345 4.2
      vertex 18.620089265185765 1.6568440609961832 4.2
    endloop
  endfacet
  facet normal 0 0 -1
    outer loop
      vertex 18.851936275342354 -1.2150964905662336 4.2
      vertex 18.744913679524952 1.4406418333356825 4.2
      vertex 18.851936275342354 1.2150964905662327 4.2
    endloop
  endfacet
  facet normal 0 0 -1
    outer loop
      vertex 18.744913679524952 -1.4406418333356819 4.2
      vertex 18.620089265185765 1.6568440609961832 4.2
      vertex 18.744913679524952 1.4406418333356825 4.2
    endloop
  endfacet
  facet normal 0 0 -1
    outer loop
      vertex 18.478272566550853 -1.862301019137734 4.2
      vertex 18.320383319330414 2.055680240546465 4.2
      vertex 18.478272566550853 1.8623010191377345 4.2
    endloop
  endfacet
  facet normal 0 0 -1
    outer loop
      vertex 18.320383319330414 -2.0556802405464656 4.2
      vertex 18.147445495879758 2.235727586765825 4.2
      vertex 18.320383319330414 2.055680240546465 4.2
    endloop
  endfacet
  facet normal 0.5344658261278024 -0.8451900855437938 0
    outer loop
      vertex 14.238999285133417 2.551249984270335 2
      vertex 14.45 2.68467875173176 2
      vertex 14.238999285133417 2.551249984270335 4.2
    endloop
  endfacet
  facet normal 0.4647231720437671 -0.8854560256532107 0
    outer loop
      vertex 14.45 2.68467875173176 2
      vertex 14.671053059650532 2.800696347292185 2
      vertex 14.45 2.68467875173176 4.2
    endloop
  endfacet
  facet normal 0.39196660986007625 -0.9199794436588237 0
    outer loop
      vertex 14.671053059650532 2.800696347292185 2
      vertex 14.900724850168139 2.898550352324786 2
      vertex 14.671053059650532 2.800696347292185 4.2
    endloop
  endfacet
  facet normal 0.3166679938014714 -0.9485364419471459 0
    outer loop
      vertex 14.900724850168139 2.898550352324786 2
      vertex 15.137525861858997 2.977606146057254 2
      vertex 14.900724850168139 2.898550352324786 4.2
    endloop
  endfacet
  facet normal 0.23931566428755757 -0.9709418174260521 0
    outer loop
      vertex 15.137525861858997 2.977606146057254 2
      vertex 15.379920349294263 3.03735102133103 2
      vertex 15.137525861858997 2.977606146057254 4.2
    endloop
  endfacet
  facet normal 0.16041128085776007 -0.987050262637913 0
    outer loop
      vertex 15.379920349294263 3.03735102133103 2
      vertex 15.6263362912085 3.0773975097039674 2
      vertex 15.379920349294263 3.03735102133103 4.2
    endloop
  endfacet
  facet normal 0.08046656871672545 -0.99675730813421 0
    outer loop
      vertex 15.6263362912085 3.0773975097039674 2
      vertex 15.875175585660813 3.0974858943318657 2
      vertex 15.6263362912085 3.0773975097039674 4.2
    endloop
  endfacet
  facet normal -0.6007422642379772 -0.7994427634035024 0
    outer loop
      vertex 17.761000714866583 2.551249984270335 2
      vertex 17.96058066434567 2.4012753816657293 2
      vertex 17.761000714866583 2.551249984270335 4.2
    endloop
  endfacet
  facet normal -0.5344658261278024 -0.8451900855437938 0
    outer loop
      vertex 17.55 2.68467875173176 2
      vertex 17.761000714866583 2.551249984270335 2
      vertex 17.55 2.68467875173176 4.2
    endloop
  endfacet
  facet normal -0.4647231720437671 -0.8854560256532107 0
    outer loop
      vertex 17.328946940349468 2.800696347292185 2
      vertex 17.55 2.68467875173176 2
      vertex 17.328946940349468 2.800696347292185 4.2
    endloop
  endfacet
  facet normal -0.3166679938014714 -0.9485364419471459 0
    outer loop
      vertex 16.862474138141003 2.977606146057254 2
      vertex 17.09927514983186 2.898550352324786 2
      vertex 16.862474138141003 2.977606146057254 4.2
    endloop
  endfacet
  facet normal 0 -1 0
    outer loop
      vertex 15.875175585660813 3.0974858943318657 2
      vertex 16.124824414339187 3.0974858943318657 2
      vertex 15.875175585660813 3.0974858943318657 4.2
    endloop
  endfacet
  facet normal -0.08046656871672545 -0.99675730813421 0
    outer loop
      vertex 16.124824414339187 3.0974858943318657 2
      vertex 16.3736637087915 3.0773975097039674 2
      vertex 16.124824414339187 3.0974858943318657 4.2
    endloop
  endfacet
  facet normal -0.23931566428755757 -0.9709418174260521 0
    outer loop
      vertex 16.620079650705737 3.03735102133103 2
      vertex 16.862474138141003 2.977606146057254 2
      vertex 16.620079650705737 3.03735102133103 4.2
    endloop
  endfacet
  facet normal -0.16041128085776007 -0.987050262637913 0
    outer loop
      vertex 16.3736637087915 3.0773975097039674 2
      vertex 16.620079650705737 3.03735102133103 2
      vertex 16.3736637087915 3.0773975097039674 4.2
    endloop
  endfacet
  facet normal -0.39196660986007625 -0.9199794436588237 0
    outer loop
      vertex 17.09927514983186 2.898550352324786 2
      vertex 17.328946940349468 2.800696347292185 2
      vertex 17.09927514983186 2.898550352324786 4.2
    endloop
  endfacet
  facet normal 0.600742264237976 -0.7994427634035032 0
    outer loop
      vertex 14.238999285133417 2.551249984270335 2
      vertex 14.238999285133417 2.551249984270335 4.2
      vertex 14.03941933565433 2.4012753816657297 4.2
    endloop
  endfacet
  facet normal 0.5344658261278024 -0.8451900855437938 0
    outer loop
      vertex 14.45 2.68467875173176 2
      vertex 14.45 2.68467875173176 4.2
      vertex 14.238999285133417 2.551249984270335 4.2
    endloop
  endfacet
  facet normal 0.4647231720437671 -0.8854560256532107 0
    outer loop
      vertex 14.671053059650532 2.800696347292185 2
      vertex 14.671053059650532 2.800696347292185 4.2
      vertex 14.45 2.68467875173176 4.2
    endloop
  endfacet
  facet normal 0.39196660986007625 -0.9199794436588237 0
    outer loop
      vertex 14.900724850168139 2.898550352324786 2
      vertex 14.900724850168139 2.898550352324786 4.2
      vertex 14.671053059650532 2.800696347292185 4.2
    endloop
  endfacet
  facet normal 0.3166679938014714 -0.9485364419471459 0
    outer loop
      vertex 15.137525861858997 2.977606146057254 2
      vertex 15.137525861858997 2.977606146057254 4.2
      vertex 14.900724850168139 2.898550352324786 4.2
    endloop
  endfacet
  facet normal 0.23931566428755757 -0.9709418174260521 0
    outer loop
      vertex 15.379920349294263 3.03735102133103 2
      vertex 15.379920349294263 3.03735102133103 4.2
      vertex 15.137525861858997 2.977606146057254 4.2
    endloop
  endfacet
  facet normal 0.16041128085776007 -0.987050262637913 0
    outer loop
      vertex 15.6263362912085 3.0773975097039674 2
      vertex 15.6263362912085 3.0773975097039674 4.2
      vertex 15.379920349294263 3.03735102133103 4.2
    endloop
  endfacet
  facet normal 0.08046656871672545 -0.99675730813421 0
    outer loop
      vertex 15.875175585660813 3.0974858943318657 2
      vertex 15.875175585660813 3.0974858943318657 4.2
      vertex 15.6263362912085 3.0773975097039674 4.2
    endloop
  endfacet
  facet normal -0.5344658261278024 -0.8451900855437938 0
    outer loop
      vertex 17.761000714866583 2.551249984270335 2
      vertex 17.761000714866583 2.551249984270335 4.2
      vertex 17.55 2.68467875173176 4.2
    endloop
  endfacet
  facet normal -0.4647231720437671 -0.8854560256532107 0
    outer loop
      vertex 17.55 2.68467875173176 2
      vertex 17.55 2.68467875173176 4.2
      vertex 17.328946940349468 2.800696347292185 4.2
    endloop
  endfacet
  facet normal 0 -1 0
    outer loop
      vertex 15.875175585660813 3.0974858943318657 4.2
      vertex 16.124824414339187 3.0974858943318657 2
      vertex 16.124824414339187 3.0974858943318657 4.2
    endloop
  endfacet
  facet normal -0.08046656871672545 -0.99675730813421 0
    outer loop
      vertex 16.3736637087915 3.0773975097039674 2
      vertex 16.3736637087915 3.0773975097039674 4.2
      vertex 16.124824414339187 3.0974858943318657 4.2
    endloop
  endfacet
  facet normal -0.23931566428755757 -0.9709418174260521 0
    outer loop
      vertex 16.862474138141003 2.977606146057254 2
      vertex 16.862474138141003 2.977606146057254 4.2
      vertex 16.620079650705737 3.03735102133103 4.2
    endloop
  endfacet
  facet normal -0.16041128085776007 -0.987050262637913 0
    outer loop
      vertex 16.620079650705737 3.03735102133103 2
      vertex 16.620079650705737 3.03735102133103 4.2
      vertex 16.3736637087915 3.0773975097039674 4.2
    endloop
  endfacet
  facet normal -0.39196660986007625 -0.9199794436588237 0
    outer loop
      vertex 17.328946940349468 2.800696347292185 2
      vertex 17.328946940349468 2.800696347292185 4.2
      vertex 17.09927514983186 2.898550352324786 4.2
    endloop
  endfacet
  facet normal -0.3166679938014714 -0.9485364419471459 0
    outer loop
      vertex 17.09927514983186 2.898550352324786 2
      vertex 17.09927514983186 2.898550352324786 4.2
      vertex 16.862474138141003 2.977606146057254 4.2
    endloop
  endfacet
  facet normal -0.14706055229900813 -0.6918655022624528 -0.7068913075831634
    outer loop
      vertex 30.983928038481395 -4.0752420503591855 0
      vertex 31.27067765379889 -4.136192562651273 0
      vertex 31.13175911166535 -4.92403876506104 0.8
    endloop
  endfacet
  facet normal -0.04934030171605059 -0.7055991878467083 -0.7068913075831635
    outer loop
      vertex 31.560980454275857 -4.176991960546748 0
      vertex 31.853422113849497 -4.197441473480202 0
      vertex 31.825502516487497 -4.9969541350954785 0.8
    endloop
  endfacet
  facet normal -0.0984402224418103 -0.7004385782272218 -0.7068913075831637
    outer loop
      vertex 31.27067765379889 -4.136192562651273 0
      vertex 31.560980454275857 -4.176991960546748 0
      vertex 31.477357683661733 -4.972609476841367 0.8
    endloop
  endfacet
  facet normal -0.04934030171604998 -0.7055991878467082 -0.7068913075831637
    outer loop
      vertex 31.560980454275857 -4.176991960546748 0
      vertex 31.825502516487497 -4.9969541350954785 0.8
      vertex 31.477357683661733 -4.972609476841367 0.8
    endloop
  endfacet
  facet normal 0 -0.7073221891495877 -0.7068913075831635
    outer loop
      vertex 31.853422113849497 -4.197441473480202 0
      vertex 32.1744974835125 -4.9969541350954785 0.8
      vertex 31.825502516487497 -4.9969541350954785 0.8
    endloop
  endfacet
  facet normal -0.19496441792788485 -0.6799217271167369 -0.7068913075831633
    outer loop
      vertex 30.70212862362522 -3.994437368439645 0
      vertex 30.790390522001662 -4.851478631379982 0.8
      vertex 30.454915028125264 -4.755282581475767 0.8
    endloop
  endfacet
  facet normal -0.2419184365103664 -0.6646654416620025 -0.7068913075831638
    outer loop
      vertex 30.42665230765317 -3.8941721891805074 0
      vertex 30.454915028125264 -4.755282581475767 0.8
      vertex 30.12696703292044 -4.635919272833937 0.8
    endloop
  endfacet
  facet normal -0.1470605522990088 -0.6918655022624528 -0.7068913075831632
    outer loop
      vertex 30.983928038481395 -4.0752420503591855 0
      vertex 31.13175911166535 -4.92403876506104 0.8
      vertex 30.790390522001662 -4.851478631379982 0.8
    endloop
  endfacet
  facet normal -0.09844022244181139 -0.7004385782272219 -0.7068913075831635
    outer loop
      vertex 31.27067765379889 -4.136192562651273 0
      vertex 31.477357683661733 -4.972609476841367 0.8
      vertex 31.13175911166535 -4.92403876506104 0.8
    endloop
  endfacet
  facet normal -0.37482365404997003 -0.5998432358775033 -0.7068913075831632
    outer loop
      vertex 29.5 -4.330127018922193 0.8
      vertex 29.651389805422863 -3.481957804731175 0
      vertex 29.9 -3.637306695894642 0
    endloop
  endfacet
  facet normal -0.19496441792788508 -0.679921727116737 -0.7068913075831632
    outer loop
      vertex 30.70212862362522 -3.994437368439645 0
      vertex 30.983928038481395 -4.0752420503591855 0
      vertex 30.790390522001662 -4.851478631379982 0.8
    endloop
  endfacet
  facet normal -0.2876938527877292 -0.6461709729874263 -0.7068913075831638
    outer loop
      vertex 30.158841183485876 -3.7749349944565016 0
      vertex 30.42665230765317 -3.8941721891805074 0
      vertex 30.12696703292044 -4.635919272833937 0.8
    endloop
  endfacet
  facet normal -0.24191843651036846 -0.6646654416620021 -0.7068913075831633
    outer loop
      vertex 30.42665230765317 -3.8941721891805074 0
      vertex 30.70212862362522 -3.994437368439645 0
      vertex 30.454915028125264 -4.755282581475767 0.8
    endloop
  endfacet
  facet normal -0.33206765353319245 -0.6245284242853356 -0.7068913075831642
    outer loop
      vertex 30.158841183485876 -3.7749349944565016 0
      vertex 29.80814426605461 -4.493970231495835 0.8
      vertex 29.9 -3.637306695894642 0
    endloop
  endfacet
  facet normal -0.37482365404996953 -0.5998432358775035 -0.7068913075831634
    outer loop
      vertex 29.204035482646265 -4.145187862775208 0.8
      vertex 29.651389805422863 -3.481957804731175 0
      vertex 29.5 -4.330127018922193 0.8
    endloop
  endfacet
  facet normal -0.4157535514013545 -0.572235671520508 -0.7068913075831633
    outer loop
      vertex 28.921692623371708 -3.9400537680336094 0.8
      vertex 29.414221803632234 -3.309645165148232 0
      vertex 29.204035482646265 -4.145187862775208 0.8
    endloop
  endfacet
  facet normal -0.2876938527877284 -0.6461709729874264 -0.706891307583164
    outer loop
      vertex 30.158841183485876 -3.7749349944565016 0
      vertex 30.12696703292044 -4.635919272833937 0.8
      vertex 29.80814426605461 -4.493970231495835 0.8
    endloop
  endfacet
  facet normal -0.33206765353319634 -0.6245284242853344 -0.7068913075831633
    outer loop
      vertex 29.80814426605461 -4.493970231495835 0.8
      vertex 29.5 -4.330127018922193 0.8
      vertex 29.9 -3.637306695894642 0
    endloop
  endfacet
  facet normal -0.41575355140135434 -0.572235671520508 -0.7068913075831633
    outer loop
      vertex 29.204035482646265 -4.145187862775208 0.8
      vertex 29.414221803632234 -3.309645165148232 0
      vertex 29.651389805422863 -3.481957804731175 0
    endloop
  endfacet
  facet normal -0.45465793924171627 -0.5418402324927907 -0.7068913075831634
    outer loop
      vertex 28.921692623371708 -3.9400537680336094 0.8
      vertex 29.189651453292797 -3.121208267005056 0
      vertex 29.414221803632234 -3.309645165148232 0
    endloop
  endfacet
  facet normal -0.49134727930414185 -0.5088050023179627 -0.7068913075831642
    outer loop
      vertex 28.978772838577665 -2.9175651559277886 0
      vertex 29.189651453292797 -3.121208267005056 0
      vertex 28.654346968205708 -3.715724127386971 0.8
    endloop
  endfacet
  facet normal 0 0 -1
    outer loop
      vertex 30.158841183485876 -3.7749349944565016 0
      vertex 29.9 -3.637306695894642 0
      vertex 29.942751616239548 -2.831559479236603 0
    endloop
  endfacet
  facet normal 0 0 -1
    outer loop
      vertex 31.27067765379889 -4.136192562651273 0
      vertex 32 -1.6000000014901161 0
      vertex 31.560980454275857 -4.176991960546748 0
    endloop
  endfacet
  facet normal 0 0 -1
    outer loop
      vertex 31.560980454275857 -4.176991960546748 0
      vertex 32 -1.6000000014901161 0
      vertex 31.853422113849497 -4.197441473480202 0
    endloop
  endfacet
  facet normal 0 0 -1
    outer loop
      vertex 30.983928038481395 -4.0752420503591855 0
      vertex 32 -1.6000000014901161 0
      vertex 31.27067765379889 -4.136192562651273 0
    endloop
  endfacet
  facet normal 0 0 -1
    outer loop
      vertex 30.70212862362522 -3.994437368439645 0
      vertex 32 -1.6000000014901161 0
      vertex 30.983928038481395 -4.0752420503591855 0
    endloop
  endfacet
  facet normal 0 0 -1
    outer loop
      vertex 30.42665230765317 -3.8941721891805074 0
      vertex 32 -1.6000000014901161 0
      vertex 30.70212862362522 -3.994437368439645 0
    endloop
  endfacet
  facet normal -0.4546579392417126 -0.5418402324927927 -0.7068913075831641
    outer loop
      vertex 28.921692623371708 -3.9400537680336094 0.8
      vertex 28.654346968205708 -3.715724127386971 0.8
      vertex 29.189651453292797 -3.121208267005056 0
    endloop
  endfacet
  facet normal -0.5256428248118596 -0.4732909253167383 -0.7068913075831632
    outer loop
      vertex 28.16977778440511 -3.2139380484326963 0.8
      vertex 28.78261333890029 -2.699707960683465 0
      vertex 28.403300998306744 -3.4732918522949863 0.8
    endloop
  endfacet
  facet normal -0.4913472793041436 -0.5088050023179616 -0.7068913075831638
    outer loop
      vertex 28.978772838577665 -2.9175651559277886 0
      vertex 28.654346968205708 -3.715724127386971 0.8
      vertex 28.403300998306744 -3.4732918522949863 0.8
    endloop
  endfacet
  facet normal -0.5256428248118569 -0.4732909253167405 -0.7068913075831639
    outer loop
      vertex 28.78261333890029 -2.699707960683465 0
      vertex 28.978772838577665 -2.9175651559277886 0
      vertex 28.403300998306744 -3.4732918522949863 0.8
    endloop
  endfacet
  facet normal -0.5573774913145233 -0.4354710225024099 -0.7068913075831631
    outer loop
      vertex 28.16977778440511 -3.2139380484326963 0.8
      vertex 28.60212862362522 -2.4686980596283874 0
      vertex 28.78261333890029 -2.699707960683465 0
    endloop
  endfacet
  facet normal -0.5863966707068943 -0.3955295486398411 -0.7068913075831629
    outer loop
      vertex 27.954915028125264 -2.938926261462366 0.8
      vertex 28.43819799614301 -2.2256609097794606 0
      vertex 28.60212862362522 -2.4686980596283874 0
    endloop
  endfacet
  facet normal 0 0 -1
    outer loop
      vertex 30.158841183485876 -3.7749349944565016 0
      vertex 32 -1.6000000014901161 0
      vertex 30.42665230765317 -3.8941721891805074 0
    endloop
  endfacet
  facet normal 0 0 -1
    outer loop
      vertex 30.158841183485876 -3.7749349944565016 0
      vertex 29.942751616239548 -2.831559479236603 0
      vertex 32 -1.6000000014901161 0
    endloop
  endfacet
  facet normal -0.557377491314524 -0.4354710225024093 -0.706891307583163
    outer loop
      vertex 28.16977778440511 -3.2139380484326963 0.8
      vertex 27.954915028125264 -2.938926261462366 0.8
      vertex 28.60212862362522 -2.4686980596283874 0
    endloop
  endfacet
  facet normal -0.5863966707068913 -0.395529548639844 -0.7068913075831635
    outer loop
      vertex 27.75975951921787 -2.6495963211660243 0.8
      vertex 28.43819799614301 -2.2256609097794606 0
      vertex 27.954915028125264 -2.938926261462366 0.8
    endloop
  endfacet
  facet normal -0.6125589844639657 -0.3536610945747921 -0.7068913075831639
    outer loop
      vertex 27.75975951921787 -2.6495963211660243 0.8
      vertex 28.291620109992508 -1.9717805637007415 0
      vertex 28.43819799614301 -2.2256609097794606 0
    endloop
  endfacet
  facet normal 0 0 -1
    outer loop
      vertex 29.651389805422863 -3.481957804731175 0
      vertex 28.671302191913128 1.0815594792366028 0
      vertex 29.9 -3.637306695894642 0
    endloop
  endfacet
  facet normal 0 0 -1
    outer loop
      vertex 29.414221803632234 -3.309645165148232 0
      vertex 28.671302191913128 1.0815594792366028 0
      vertex 29.651389805422863 -3.481957804731175 0
    endloop
  endfacet
  facet normal -0.635736972422942 -0.31006963920686664 -0.7068913075831638
    outer loop
      vertex 28.163109077901076 -1.7082939009183609 0
      vertex 28.291620109992508 -1.9717805637007415 0
      vertex 27.585262035705366 -2.347357813929454 0.8
    endloop
  endfacet
  facet normal -0.6125589844639655 -0.35366109457479245 -0.7068913075831638
    outer loop
      vertex 27.75975951921787 -2.6495963211660243 0.8
      vertex 27.585262035705366 -2.347357813929454 0.8
      vertex 28.291620109992508 -1.9717805637007415 0
    endloop
  endfacet
  facet normal -0.6357369724229436 -0.3100696392068648 -0.7068913075831631
    outer loop
      vertex 28.163109077901076 -1.7082939009183609 0
      vertex 27.585262035705366 -2.347357813929454 0.8
      vertex 27.432272711786997 -2.033683215379001 0.8
    endloop
  endfacet
  facet normal 0 0 -1
    outer loop
      vertex 29.414221803632234 -3.309645165148232 0
      vertex 29.189651453292797 -3.121208267005056 0
      vertex 28.671302191913128 1.0815594792366028 0
    endloop
  endfacet
  facet normal 0 0 -1
    outer loop
      vertex 29.9 -3.637306695894642 0
      vertex 28.671302191913128 1.0815594792366028 0
      vertex 29.942751616239548 -2.831559479236603 0
    endloop
  endfacet
  facet normal 0 0 -1
    outer loop
      vertex 28.978772838577665 -2.9175651559277886 0
      vertex 28.671302191913128 1.0815594792366028 0
      vertex 29.189651453292797 -3.121208267005056 0
    endloop
  endfacet
  facet normal -0.6558177137563342 -0.26496755572481084 -0.7068913075831632
    outer loop
      vertex 28.163109077901076 -1.7082939009183609 0
      vertex 27.432272711786997 -2.033683215379001 0.8
      vertex 28.053290992699186 -1.4364846019678086 0
    endloop
  endfacet
  facet normal 0 0 -1
    outer loop
      vertex 28.78261333890029 -2.699707960683465 0
      vertex 28.671302191913128 1.0815594792366028 0
      vertex 28.978772838577665 -2.9175651559277886 0
    endloop
  endfacet
  facet normal 0 0 -1
    outer loop
      vertex 28.78261333890029 -2.699707960683465 0
      vertex 28.60212862362522 -2.4686980596283874 0
      vertex 28.671302191913128 1.0815594792366028 0
    endloop
  endfacet
  facet normal -0.6727033771108675 -0.2185745769457172 -0.7068913075831635
    outer loop
      vertex 28.053290992699186 -1.4364846019678086 0
      vertex 27.30153689607046 -1.7101007166283435 0.8
      vertex 27.96270087705906 -1.1576768944313964 0
    endloop
  endfacet
  facet normal -0.6558177137563331 -0.2649675557248124 -0.7068913075831635
    outer loop
      vertex 28.053290992699186 -1.4364846019678086 0
      vertex 27.432272711786997 -2.033683215379001 0.8
      vertex 27.30153689607046 -1.7101007166283435 0.8
    endloop
  endfacet
  facet normal -0.672703377110868 -0.21857457694571605 -0.7068913075831633
    outer loop
      vertex 27.30153689607046 -1.7101007166283435 0.8
      vertex 27.193691520308406 -1.3781867790849958 0.8
      vertex 27.96270087705906 -1.1576768944313964 0
    endloop
  endfacet
  facet normal -0.6965763757520813 -0.12282520916920929 -0.7068913075831639
    outer loop
      vertex 27.840874111285405 -0.5845270240322749 0
      vertex 27.10926199633097 -1.0395584540887968 0.8
      vertex 27.04865965629215 -0.6958655048003272 0.8
    endloop
  endfacet
  facet normal -0.703447404189085 -0.07393530146691549 -0.7068913075831631
    outer loop
      vertex 27.81023098890874 -0.29297718972532627 0
      vertex 27.04865965629215 -0.6958655048003272 0.8
      vertex 27.01217974870088 -0.3487823687206265 0.8
    endloop
  endfacet
  facet normal -0.7068913075831633 -0.02468518840783545 -0.7068913075831641
    outer loop
      vertex 27.01217974870088 -0.3487823687206265 0.8
      vertex 27 0 0.8
      vertex 27.8 0 0
    endloop
  endfacet
  facet normal -0.6863116972320283 -0.17111672479877066 -0.7068913075831632
    outer loop
      vertex 27.193691520308406 -1.3781867790849958 0.8
      vertex 27.891780076918018 -0.8732291014345893 0
      vertex 27.96270087705906 -1.1576768944313964 0
    endloop
  endfacet
  facet normal 0 0 -1
    outer loop
      vertex 28.43819799614301 -2.2256609097794606 0
      vertex 28.291620109992508 -1.9717805637007415 0
      vertex 28.43819799614301 2.2256609097794606 0
    endloop
  endfacet
  facet normal 0 0 -1
    outer loop
      vertex 28.43819799614301 -2.2256609097794606 0
      vertex 28.60212862362522 2.4686980596283874 0
      vertex 28.60212862362522 -2.4686980596283874 0
    endloop
  endfacet
  facet normal -0.6965763757520805 -0.12282520916921108 -0.7068913075831644
    outer loop
      vertex 27.891780076918018 -0.8732291014345893 0
      vertex 27.10926199633097 -1.0395584540887968 0.8
      vertex 27.840874111285405 -0.5845270240322749 0
    endloop
  endfacet
  facet normal 0 0 -1
    outer loop
      vertex 28.671302191913128 1.0815594792366028 0
      vertex 30.47830957174301 -0.4944271892309189 0
      vertex 29.942751616239548 -2.831559479236603 0
    endloop
  endfacet
  facet normal -0.6863116972320262 -0.1711167247987751 -0.7068913075831643
    outer loop
      vertex 27.193691520308406 -1.3781867790849958 0.8
      vertex 27.10926199633097 -1.0395584540887968 0.8
      vertex 27.891780076918018 -0.8732291014345893 0
    endloop
  endfacet
  facet normal 0 0 -1
    outer loop
      vertex 28.163109077901076 -1.7082939009183609 0
      vertex 28.291620109992508 1.9717805637007415 0
      vertex 28.291620109992508 -1.9717805637007415 0
    endloop
  endfacet
  facet normal 0 0 -1
    outer loop
      vertex 28.163109077901076 -1.7082939009183609 0
      vertex 28.053290992699186 -1.4364846019678086 0
      vertex 28.163109077901076 1.7082939009183609 0
    endloop
  endfacet
  facet normal 0 0 -1
    outer loop
      vertex 28.053290992699186 -1.4364846019678086 0
      vertex 27.96270087705906 -1.1576768944313964 0
      vertex 28.053290992699186 1.4364846019678086 0
    endloop
  endfacet
  facet normal -0.703447404189084 -0.07393530146691898 -0.7068913075831639
    outer loop
      vertex 27.840874111285405 -0.5845270240322749 0
      vertex 27.04865965629215 -0.6958655048003272 0.8
      vertex 27.81023098890874 -0.29297718972532627 0
    endloop
  endfacet
  facet normal 0 0 -1
    outer loop
      vertex 27.891780076918018 -0.8732291014345893 0
      vertex 27.96270087705906 1.1576768944313964 0
      vertex 27.96270087705906 -1.1576768944313964 0
    endloop
  endfacet
  facet normal 0 0 -1
    outer loop
      vertex 27.891780076918018 -0.8732291014345893 0
      vertex 27.840874111285405 -0.5845270240322749 0
      vertex 27.891780076918018 0.8732291014345893 0
    endloop
  endfacet
  facet normal 0 0 -1
    outer loop
      vertex 27.840874111285405 -0.5845270240322749 0
      vertex 27.81023098890874 -0.29297718972532627 0
      vertex 27.840874111285405 0.5845270240322749 0
    endloop
  endfacet
  facet normal -0.7068913075831643 -0.02468518840783137 -0.7068913075831631
    outer loop
      vertex 27.81023098890874 -0.29297718972532627 0
      vertex 27.01217974870088 -0.3487823687206265 0.8
      vertex 27.8 0 0
    endloop
  endfacet
  facet normal -0.7068913075831633 0.02468518840783539 -0.7068913075831639
    outer loop
      vertex 27.8 0 0
      vertex 27 0 0.8
      vertex 27.01217974870088 0.3487823687206265 0.8
    endloop
  endfacet
  facet normal -0.703447404189085 0.07393530146691549 -0.7068913075831631
    outer loop
      vertex 27.81023098890874 0.29297718972532627 0
      vertex 27.01217974870088 0.3487823687206265 0.8
      vertex 27.04865965629215 0.6958655048003272 0.8
    endloop
  endfacet
  facet normal -0.6965763757520813 0.12282520916920929 -0.7068913075831639
    outer loop
      vertex 27.840874111285405 0.5845270240322749 0
      vertex 27.04865965629215 0.6958655048003272 0.8
      vertex 27.10926199633097 1.0395584540887968 0.8
    endloop
  endfacet
  facet normal 0 0 -1
    outer loop
      vertex 27.81023098890874 -0.29297718972532627 0
      vertex 27.8 0 0
      vertex 27.81023098890874 0.29297718972532627 0
    endloop
  endfacet
  facet normal 0 0 -1
    outer loop
      vertex 27.81023098890874 -0.29297718972532627 0
      vertex 27.81023098890874 0.29297718972532627 0
      vertex 27.840874111285405 0.5845270240322749 0
    endloop
  endfacet
  facet normal 0 0 -1
    outer loop
      vertex 27.840874111285405 -0.5845270240322749 0
      vertex 27.840874111285405 0.5845270240322749 0
      vertex 27.891780076918018 0.8732291014345893 0
    endloop
  endfacet
  facet normal -0.7068913075831643 0.02468518840783137 -0.7068913075831631
    outer loop
      vertex 27.8 0 0
      vertex 27.01217974870088 0.3487823687206265 0.8
      vertex 27.81023098890874 0.29297718972532627 0
    endloop
  endfacet
  facet normal 0 0 -1
    outer loop
      vertex 27.891780076918018 -0.8732291014345893 0
      vertex 27.891780076918018 0.8732291014345893 0
      vertex 27.96270087705906 1.1576768944313964 0
    endloop
  endfacet
  facet normal 0 0 -1
    outer loop
      vertex 27.96270087705906 -1.1576768944313964 0
      vertex 27.96270087705906 1.1576768944313964 0
      vertex 28.053290992699186 1.4364846019678086 0
    endloop
  endfacet
  facet normal 0 0 -1
    outer loop
      vertex 28.053290992699186 -1.4364846019678086 0
      vertex 28.053290992699186 1.4364846019678086 0
      vertex 28.163109077901076 1.7082939009183609 0
    endloop
  endfacet
  facet normal 0 0 -1
    outer loop
      vertex 28.60212862362522 -2.4686980596283874 0
      vertex 28.60212862362522 2.4686980596283874 0
      vertex 28.671302191913128 1.0815594792366028 0
    endloop
  endfacet
  facet normal -0.703447404189084 0.07393530146691898 -0.7068913075831639
    outer loop
      vertex 27.81023098890874 0.29297718972532627 0
      vertex 27.04865965629215 0.6958655048003272 0.8
      vertex 27.840874111285405 0.5845270240322749 0
    endloop
  endfacet
  facet normal 0 0 -1
    outer loop
      vertex 28.163109077901076 -1.7082939009183609 0
      vertex 28.163109077901076 1.7082939009183609 0
      vertex 28.291620109992508 1.9717805637007415 0
    endloop
  endfacet
  facet normal 0 0 -1
    outer loop
      vertex 28.291620109992508 -1.9717805637007415 0
      vertex 28.291620109992508 1.9717805637007415 0
      vertex 28.43819799614301 2.2256609097794606 0
    endloop
  endfacet
  facet normal 0 0 -1
    outer loop
      vertex 28.43819799614301 -2.2256609097794606 0
      vertex 28.43819799614301 2.2256609097794606 0
      vertex 28.60212862362522 2.4686980596283874 0
    endloop
  endfacet
  facet normal -0.6965763757520805 0.12282520916921108 -0.7068913075831644
    outer loop
      vertex 27.840874111285405 0.5845270240322749 0
      vertex 27.10926199633097 1.0395584540887968 0.8
      vertex 27.891780076918018 0.8732291014345893 0
    endloop
  endfacet
  facet normal -0.6863116972320285 0.17111672479877055 -0.7068913075831632
    outer loop
      vertex 27.891780076918018 0.8732291014345893 0
      vertex 27.193691520308406 1.3781867790849958 0.8
      vertex 27.96270087705906 1.1576768944313964 0
    endloop
  endfacet
  facet normal -0.6863116972320262 0.17111672479877513 -0.7068913075831644
    outer loop
      vertex 27.891780076918018 0.8732291014345893 0
      vertex 27.10926199633097 1.0395584540887968 0.8
      vertex 27.193691520308406 1.3781867790849958 0.8
    endloop
  endfacet
  facet normal -0.6727033771108675 0.2185745769457172 -0.7068913075831635
    outer loop
      vertex 27.96270087705906 1.1576768944313964 0
      vertex 27.30153689607046 1.7101007166283435 0.8
      vertex 28.053290992699186 1.4364846019678086 0
    endloop
  endfacet
  facet normal -0.6558177137563342 0.26496755572481084 -0.7068913075831632
    outer loop
      vertex 28.053290992699186 1.4364846019678086 0
      vertex 27.432272711786997 2.033683215379001 0.8
      vertex 28.163109077901076 1.7082939009183609 0
    endloop
  endfacet
  facet normal -0.672703377110868 0.21857457694571616 -0.7068913075831634
    outer loop
      vertex 27.96270087705906 1.1576768944313964 0
      vertex 27.193691520308406 1.3781867790849958 0.8
      vertex 27.30153689607046 1.7101007166283435 0.8
    endloop
  endfacet
  facet normal -0.6558177137563331 0.2649675557248124 -0.7068913075831635
    outer loop
      vertex 28.053290992699186 1.4364846019678086 0
      vertex 27.30153689607046 1.7101007166283435 0.8
      vertex 27.432272711786997 2.033683215379001 0.8
    endloop
  endfacet
  facet normal 0 0 -1
    outer loop
      vertex 28.60212862362522 2.4686980596283874 0
      vertex 28.78261333890029 2.699707960683465 0
      vertex 28.671302191913128 1.0815594792366028 0
    endloop
  endfacet
  facet normal -0.635736972422942 0.31006963920686664 -0.7068913075831638
    outer loop
      vertex 28.163109077901076 1.7082939009183609 0
      vertex 27.585262035705366 2.347357813929454 0.8
      vertex 28.291620109992508 1.9717805637007415 0
    endloop
  endfacet
  facet normal 0 0 -1
    outer loop
      vertex 28.78261333890029 2.699707960683465 0
      vertex 28.978772838577665 2.9175651559277886 0
      vertex 28.671302191913128 1.0815594792366028 0
    endloop
  endfacet
  facet normal 0 0 -1
    outer loop
      vertex 28.978772838577665 2.9175651559277886 0
      vertex 29.189651453292797 3.121208267005056 0
      vertex 28.671302191913128 1.0815594792366028 0
    endloop
  endfacet
  facet normal -0.6125589844639657 0.35366109457479217 -0.7068913075831637
    outer loop
      vertex 28.291620109992508 1.9717805637007415 0
      vertex 27.75975951921787 2.6495963211660243 0.8
      vertex 28.43819799614301 2.2256609097794606 0
    endloop
  endfacet
  facet normal 0 0 -1
    outer loop
      vertex 30.983928038481395 4.0752420503591855 0
      vertex 31.05954359471798 1.2944271937012672 0
      vertex 28.671302191913128 1.0815594792366028 0
    endloop
  endfacet
  facet normal -0.6357369724229436 0.3100696392068648 -0.7068913075831631
    outer loop
      vertex 28.163109077901076 1.7082939009183609 0
      vertex 27.432272711786997 2.033683215379001 0.8
      vertex 27.585262035705366 2.347357813929454 0.8
    endloop
  endfacet
  facet normal -0.6125589844639655 0.35366109457479245 -0.7068913075831638
    outer loop
      vertex 27.585262035705366 2.347357813929454 0.8
      vertex 27.75975951921787 2.6495963211660243 0.8
      vertex 28.291620109992508 1.9717805637007415 0
    endloop
  endfacet
  facet normal 0 0 -1
    outer loop
      vertex 29.189651453292797 3.121208267005056 0
      vertex 29.414221803632234 3.309645165148232 0
      vertex 28.671302191913128 1.0815594792366028 0
    endloop
  endfacet
  facet normal 0 0 -1
    outer loop
      vertex 29.414221803632234 3.309645165148232 0
      vertex 29.651389805422863 3.481957804731175 0
      vertex 28.671302191913128 1.0815594792366028 0
    endloop
  endfacet
  facet normal 0 0 -1
    outer loop
      vertex 29.651389805422863 3.481957804731175 0
      vertex 29.9 3.637306695894642 0
      vertex 28.671302191913128 1.0815594792366028 0
    endloop
  endfacet
  facet normal -0.5863966707068943 0.3955295486398412 -0.7068913075831629
    outer loop
      vertex 28.43819799614301 2.2256609097794606 0
      vertex 27.954915028125264 2.938926261462366 0.8
      vertex 28.60212862362522 2.4686980596283874 0
    endloop
  endfacet
  facet normal -0.5573774913145232 0.4354710225024098 -0.7068913075831631
    outer loop
      vertex 28.60212862362522 2.4686980596283874 0
      vertex 28.16977778440511 3.2139380484326963 0.8
      vertex 28.78261333890029 2.699707960683465 0
    endloop
  endfacet
  facet normal 0 0 -1
    outer loop
      vertex 29.9 3.637306695894642 0
      vertex 30.158841183485876 3.7749349944565016 0
      vertex 28.671302191913128 1.0815594792366028 0
    endloop
  endfacet
  facet normal -0.5256428248118569 0.4732909253167405 -0.7068913075831639
    outer loop
      vertex 28.78261333890029 2.699707960683465 0
      vertex 28.403300998306744 3.4732918522949863 0.8
      vertex 28.978772838577665 2.9175651559277886 0
    endloop
  endfacet
  facet normal 0 0 -1
    outer loop
      vertex 30.158841183485876 3.7749349944565016 0
      vertex 30.42665230765317 3.8941721891805074 0
      vertex 28.671302191913128 1.0815594792366028 0
    endloop
  endfacet
  facet normal 0 0 -1
    outer loop
      vertex 30.42665230765317 3.8941721891805074 0
      vertex 30.70212862362522 3.994437368439645 0
      vertex 28.671302191913128 1.0815594792366028 0
    endloop
  endfacet
  facet normal 0 0 -1
    outer loop
      vertex 30.70212862362522 3.994437368439645 0
      vertex 30.983928038481395 4.0752420503591855 0
      vertex 28.671302191913128 1.0815594792366028 0
    endloop
  endfacet
  facet normal 0 0 -1
    outer loop
      vertex 31.853422113849497 4.197441473480202 0
      vertex 32 3.5 0
      vertex 31.05954359471798 1.2944271937012672 0
    endloop
  endfacet
  facet normal -0.5863966707068914 0.395529548639844 -0.7068913075831638
    outer loop
      vertex 28.43819799614301 2.2256609097794606 0
      vertex 27.75975951921787 2.6495963211660243 0.8
      vertex 27.954915028125264 2.938926261462366 0.8
    endloop
  endfacet
  facet normal -0.557377491314524 0.4354710225024092 -0.706891307583163
    outer loop
      vertex 28.60212862362522 2.4686980596283874 0
      vertex 27.954915028125264 2.938926261462366 0.8
      vertex 28.16977778440511 3.2139380484326963 0.8
    endloop
  endfacet
  facet normal -0.49134727930414185 0.5088050023179627 -0.7068913075831642
    outer loop
      vertex 28.978772838577665 2.9175651559277886 0
      vertex 28.654346968205708 3.715724127386971 0.8
      vertex 29.189651453292797 3.121208267005056 0
    endloop
  endfacet
  facet normal -0.45465793924171627 0.5418402324927908 -0.7068913075831633
    outer loop
      vertex 29.189651453292797 3.121208267005056 0
      vertex 28.921692623371708 3.9400537680336094 0.8
      vertex 29.414221803632234 3.309645165148232 0
    endloop
  endfacet
  facet normal -0.41575355140135434 0.5722356715205081 -0.7068913075831634
    outer loop
      vertex 29.414221803632234 3.309645165148232 0
      vertex 29.204035482646265 4.145187862775208 0.8
      vertex 29.651389805422863 3.481957804731175 0
    endloop
  endfacet
  facet normal 0 0 -1
    outer loop
      vertex 30.983928038481395 4.0752420503591855 0
      vertex 31.27067765379889 4.136192562651273 0
      vertex 31.05954359471798 1.2944271937012672 0
    endloop
  endfacet
  facet normal 0 0 -1
    outer loop
      vertex 31.27067765379889 4.136192562651273 0
      vertex 31.560980454275857 4.176991960546748 0
      vertex 31.05954359471798 1.2944271937012672 0
    endloop
  endfacet
  facet normal 0 0 -1
    outer loop
      vertex 31.560980454275857 4.176991960546748 0
      vertex 31.853422113849497 4.197441473480202 0
      vertex 31.05954359471798 1.2944271937012672 0
    endloop
  endfacet
  facet normal -0.5256428248118596 0.4732909253167383 -0.7068913075831632
    outer loop
      vertex 28.16977778440511 3.2139380484326963 0.8
      vertex 28.403300998306744 3.4732918522949863 0.8
      vertex 28.78261333890029 2.699707960683465 0
    endloop
  endfacet
  facet normal -0.4913472793041436 0.5088050023179616 -0.7068913075831638
    outer loop
      vertex 28.978772838577665 2.9175651559277886 0
      vertex 28.403300998306744 3.4732918522949863 0.8
      vertex 28.654346968205708 3.715724127386971 0.8
    endloop
  endfacet
  facet normal -0.45465793924171244 0.5418402324927927 -0.7068913075831641
    outer loop
      vertex 29.189651453292797 3.121208267005056 0
      vertex 28.654346968205708 3.715724127386971 0.8
      vertex 28.921692623371708 3.9400537680336094 0.8
    endloop
  endfacet
  facet normal -0.3748236540499701 0.5998432358775033 -0.7068913075831632
    outer loop
      vertex 29.651389805422863 3.481957804731175 0
      vertex 29.5 4.330127018922193 0.8
      vertex 29.9 3.637306695894642 0
    endloop
  endfacet
  facet normal -0.33206765353319245 0.6245284242853356 -0.7068913075831641
    outer loop
      vertex 29.9 3.637306695894642 0
      vertex 29.80814426605461 4.493970231495835 0.8
      vertex 30.158841183485876 3.7749349944565016 0
    endloop
  endfacet
  facet normal -0.2876938527877292 0.6461709729874263 -0.7068913075831638
    outer loop
      vertex 30.158841183485876 3.7749349944565016 0
      vertex 30.12696703292044 4.635919272833937 0.8
      vertex 30.42665230765317 3.8941721891805074 0
    endloop
  endfacet
  facet normal -0.24191843651036846 0.6646654416620021 -0.7068913075831633
    outer loop
      vertex 30.42665230765317 3.8941721891805074 0
      vertex 30.454915028125264 4.755282581475767 0.8
      vertex 30.70212862362522 3.994437368439645 0
    endloop
  endfacet
  facet normal -0.19496441792788508 0.679921727116737 -0.7068913075831632
    outer loop
      vertex 30.70212862362522 3.994437368439645 0
      vertex 30.790390522001662 4.851478631379982 0.8
      vertex 30.983928038481395 4.0752420503591855 0
    endloop
  endfacet
  facet normal -0.41575355140135467 0.5722356715205081 -0.7068913075831633
    outer loop
      vertex 29.414221803632234 3.309645165148232 0
      vertex 28.921692623371708 3.9400537680336094 0.8
      vertex 29.204035482646265 4.145187862775208 0.8
    endloop
  endfacet
  facet normal -0.37482365404996953 0.5998432358775035 -0.7068913075831634
    outer loop
      vertex 29.204035482646265 4.145187862775208 0.8
      vertex 29.5 4.330127018922193 0.8
      vertex 29.651389805422863 3.481957804731175 0
    endloop
  endfacet
  facet normal -0.33206765353319634 0.6245284242853344 -0.7068913075831633
    outer loop
      vertex 29.9 3.637306695894642 0
      vertex 29.5 4.330127018922193 0.8
      vertex 29.80814426605461 4.493970231495835 0.8
    endloop
  endfacet
  facet normal -0.2876938527877284 0.6461709729874264 -0.706891307583164
    outer loop
      vertex 30.158841183485876 3.7749349944565016 0
      vertex 29.80814426605461 4.493970231495835 0.8
      vertex 30.12696703292044 4.635919272833937 0.8
    endloop
  endfacet
  facet normal -0.14706055229900813 0.6918655022624528 -0.7068913075831634
    outer loop
      vertex 30.983928038481395 4.0752420503591855 0
      vertex 31.13175911166535 4.92403876506104 0.8
      vertex 31.27067765379889 4.136192562651273 0
    endloop
  endfacet
  facet normal -0.0984402224418103 0.7004385782272218 -0.7068913075831637
    outer loop
      vertex 31.27067765379889 4.136192562651273 0
      vertex 31.477357683661733 4.972609476841367 0.8
      vertex 31.560980454275857 4.176991960546748 0
    endloop
  endfacet
  facet normal -0.04934030171605059 0.7055991878467083 -0.7068913075831635
    outer loop
      vertex 31.560980454275857 4.176991960546748 0
      vertex 31.825502516487497 4.9969541350954785 0.8
      vertex 31.853422113849497 4.197441473480202 0
    endloop
  endfacet
  facet normal 0 0.7073221891495878 -0.7068913075831637
    outer loop
      vertex 31.853422113849497 4.197441473480202 0
      vertex 31.825502516487497 4.9969541350954785 0.8
      vertex 32.1465778861505 4.197441473480202 0
    endloop
  endfacet
  facet normal -0.2419184365103664 0.6646654416620025 -0.7068913075831638
    outer loop
      vertex 30.42665230765317 3.8941721891805074 0
      vertex 30.12696703292044 4.635919272833937 0.8
      vertex 30.454915028125264 4.755282581475767 0.8
    endloop
  endfacet
  facet normal -0.19496441792788485 0.6799217271167369 -0.7068913075831633
    outer loop
      vertex 30.70212862362522 3.994437368439645 0
      vertex 30.454915028125264 4.755282581475767 0.8
      vertex 30.790390522001662 4.851478631379982 0.8
    endloop
  endfacet
  facet normal -0.1470605522990088 0.6918655022624528 -0.7068913075831632
    outer loop
      vertex 30.983928038481395 4.0752420503591855 0
      vertex 30.790390522001662 4.851478631379982 0.8
      vertex 31.13175911166535 4.92403876506104 0.8
    endloop
  endfacet
  facet normal -0.09844022244181139 0.7004385782272219 -0.7068913075831635
    outer loop
      vertex 31.27067765379889 4.136192562651273 0
      vertex 31.13175911166535 4.92403876506104 0.8
      vertex 31.477357683661733 4.972609476841367 0.8
    endloop
  endfacet
  facet normal -0.04934030171604998 0.7055991878467082 -0.7068913075831637
    outer loop
      vertex 31.560980454275857 4.176991960546748 0
      vertex 31.477357683661733 4.972609476841367 0.8
      vertex 31.825502516487497 4.9969541350954785 0.8
    endloop
  endfacet
  facet normal 0 -0.7073221891495878 -0.7068913075831637
    outer loop
      vertex 31.853422113849497 -4.197441473480202 0
      vertex 32.1465778861505 -4.197441473480202 0
      vertex 32.1744974835125 -4.9969541350954785 0.8
    endloop
  endfacet
  facet normal 0.04934030171605059 -0.7055991878467083 -0.7068913075831635
    outer loop
      vertex 32.1465778861505 -4.197441473480202 0
      vertex 32.43901954572414 -4.176991960546748 0
      vertex 32.1744974835125 -4.9969541350954785 0.8
    endloop
  endfacet
  facet normal 0.09844022244181028 -0.7004385782272216 -0.7068913075831639
    outer loop
      vertex 32.43901954572414 -4.176991960546748 0
      vertex 32.72932234620111 -4.136192562651273 0
      vertex 32.52264231633827 -4.972609476841367 0.8
    endloop
  endfacet
  facet normal 0.14706055229900808 -0.6918655022624525 -0.7068913075831638
    outer loop
      vertex 32.72932234620111 -4.136192562651273 0
      vertex 33.016071961518605 -4.0752420503591855 0
      vertex 32.868240888334654 -4.92403876506104 0.8
    endloop
  endfacet
  facet normal 0.04934030171604947 -0.7055991878467082 -0.7068913075831637
    outer loop
      vertex 32.43901954572414 -4.176991960546748 0
      vertex 32.52264231633827 -4.972609476841367 0.8
      vertex 32.1744974835125 -4.9969541350954785 0.8
    endloop
  endfacet
  facet normal 0.09844022244181135 -0.7004385782272217 -0.7068913075831637
    outer loop
      vertex 32.72932234620111 -4.136192562651273 0
      vertex 32.868240888334654 -4.92403876506104 0.8
      vertex 32.52264231633827 -4.972609476841367 0.8
    endloop
  endfacet
  facet normal 0.14706055229900872 -0.6918655022624525 -0.7068913075831637
    outer loop
      vertex 33.016071961518605 -4.0752420503591855 0
      vertex 33.20960947799834 -4.851478631379982 0.8
      vertex 32.868240888334654 -4.92403876506104 0.8
    endloop
  endfacet
  facet normal 0.19496441792788666 -0.6799217271167365 -0.7068913075831634
    outer loop
      vertex 33.20960947799834 -4.851478631379982 0.8
      vertex 33.29787137637478 -3.994437368439645 0
      vertex 33.545084971874736 -4.755282581475767 0.8
    endloop
  endfacet
  facet normal 0.2419184365103664 -0.6646654416620025 -0.7068913075831638
    outer loop
      vertex 33.57334769234683 -3.8941721891805074 0
      vertex 33.87303296707956 -4.635919272833937 0.8
      vertex 33.545084971874736 -4.755282581475767 0.8
    endloop
  endfacet
  facet normal 0.194964417927885 -0.6799217271167366 -0.7068913075831638
    outer loop
      vertex 33.016071961518605 -4.0752420503591855 0
      vertex 33.29787137637478 -3.994437368439645 0
      vertex 33.20960947799834 -4.851478631379982 0.8
    endloop
  endfacet
  facet normal 0.24191843651036846 -0.6646654416620021 -0.7068913075831632
    outer loop
      vertex 33.29787137637478 -3.994437368439645 0
      vertex 33.57334769234683 -3.8941721891805074 0
      vertex 33.545084971874736 -4.755282581475767 0.8
    endloop
  endfacet
  facet normal 0.2876938527877292 -0.6461709729874263 -0.7068913075831638
    outer loop
      vertex 33.57334769234683 -3.8941721891805074 0
      vertex 33.841158816514124 -3.7749349944565016 0
      vertex 33.87303296707956 -4.635919272833937 0.8
    endloop
  endfacet
  facet normal 0.33206765353319245 -0.6245284242853356 -0.7068913075831642
    outer loop
      vertex 33.841158816514124 -3.7749349944565016 0
      vertex 34.1 -3.637306695894642 0
      vertex 34.19185573394539 -4.493970231495835 0.8
    endloop
  endfacet
  facet normal 0.3748236540499739 -0.5998432358775009 -0.7068913075831631
    outer loop
      vertex 34.1 -3.637306695894642 0
      vertex 34.348610194577134 -3.481957804731175 0
      vertex 34.5 -4.330127018922193 0.8
    endloop
  endfacet
  facet normal 0.2876938527877284 -0.6461709729874264 -0.706891307583164
    outer loop
      vertex 33.841158816514124 -3.7749349944565016 0
      vertex 34.19185573394539 -4.493970231495835 0.8
      vertex 33.87303296707956 -4.635919272833937 0.8
    endloop
  endfacet
  facet normal 0.33206765353319634 -0.6245284242853344 -0.7068913075831633
    outer loop
      vertex 34.19185573394539 -4.493970231495835 0.8
      vertex 34.1 -3.637306695894642 0
      vertex 34.5 -4.330127018922193 0.8
    endloop
  endfacet
  facet normal 0.3748236540499655 -0.5998432358775042 -0.706891307583165
    outer loop
      vertex 34.348610194577134 -3.481957804731175 0
      vertex 34.79596451735374 -4.145187862775208 0.8
      vertex 34.5 -4.330127018922193 0.8
    endloop
  endfacet
  facet normal 0.41575355140136133 -0.572235671520503 -0.7068913075831635
    outer loop
      vertex 34.79596451735374 -4.145187862775208 0.8
      vertex 34.58577819636776 -3.309645165148232 0
      vertex 35.07830737662829 -3.9400537680336094 0.8
    endloop
  endfacet
  facet normal 0 0 -1
    outer loop
      vertex 31.853422113849497 -4.197441473480202 0
      vertex 34.05724838376045 -2.831559479236603 0
      vertex 32.1465778861505 -4.197441473480202 0
    endloop
  endfacet
  facet normal 0 0 -1
    outer loop
      vertex 32.1465778861505 -4.197441473480202 0
      vertex 34.05724838376045 -2.831559479236603 0
      vertex 32.43901954572414 -4.176991960546748 0
    endloop
  endfacet
  facet normal 0 0 -1
    outer loop
      vertex 32.43901954572414 -4.176991960546748 0
      vertex 34.05724838376045 -2.831559479236603 0
      vertex 32.72932234620111 -4.136192562651273 0
    endloop
  endfacet
  facet normal 0 0 -1
    outer loop
      vertex 32.72932234620111 -4.136192562651273 0
      vertex 34.05724838376045 -2.831559479236603 0
      vertex 33.016071961518605 -4.0752420503591855 0
    endloop
  endfacet
  facet normal 0 0 -1
    outer loop
      vertex 33.016071961518605 -4.0752420503591855 0
      vertex 34.05724838376045 -2.831559479236603 0
      vertex 33.29787137637478 -3.994437368439645 0
    endloop
  endfacet
  facet normal 0 0 -1
    outer loop
      vertex 33.29787137637478 -3.994437368439645 0
      vertex 34.05724838376045 -2.831559479236603 0
      vertex 33.57334769234683 -3.8941721891805074 0
    endloop
  endfacet
  facet normal 0 0 -1
    outer loop
      vertex 33.57334769234683 -3.8941721891805074 0
      vertex 34.05724838376045 -2.831559479236603 0
      vertex 33.841158816514124 -3.7749349944565016 0
    endloop
  endfacet
  facet normal 0 0 -1
    outer loop
      vertex 33.841158816514124 -3.7749349944565016 0
      vertex 34.05724838376045 -2.831559479236603 0
      vertex 34.1 -3.637306695894642 0
    endloop
  endfacet
  facet normal 0.4157535514013532 -0.5722356715205067 -0.7068913075831652
    outer loop
      vertex 34.348610194577134 -3.481957804731175 0
      vertex 34.58577819636776 -3.309645165148232 0
      vertex 34.79596451735374 -4.145187862775208 0.8
    endloop
  endfacet
  facet normal 0.45465793924171194 -0.5418402324927941 -0.7068913075831633
    outer loop
      vertex 35.07830737662829 -3.9400537680336094 0.8
      vertex 34.58577819636776 -3.309645165148232 0
      vertex 34.8103485467072 -3.121208267005056 0
    endloop
  endfacet
  facet normal 0.4913472793041374 -0.5088050023179667 -0.7068913075831642
    outer loop
      vertex 34.8103485467072 -3.121208267005056 0
      vertex 35.02122716142234 -2.9175651559277886 0
      vertex 35.34565303179429 -3.715724127386971 0.8
    endloop
  endfacet
  facet normal 0.45465793924170916 -0.5418402324927958 -0.7068913075831641
    outer loop
      vertex 35.07830737662829 -3.9400537680336094 0.8
      vertex 34.8103485467072 -3.121208267005056 0
      vertex 35.34565303179429 -3.715724127386971 0.8
    endloop
  endfacet
  facet normal 0.49134727930414873 -0.5088050023179596 -0.7068913075831617
    outer loop
      vertex 35.02122716142234 -2.9175651559277886 0
      vertex 35.59669900169325 -3.4732918522949863 0.8
      vertex 35.34565303179429 -3.715724127386971 0.8
    endloop
  endfacet
  facet normal 0.5256428248118606 -0.47329092531673916 -0.706891307583162
    outer loop
      vertex 35.21738666109971 -2.699707960683465 0
      vertex 35.83022221559489 -3.2139380484326963 0.8
      vertex 35.59669900169325 -3.4732918522949863 0.8
    endloop
  endfacet
  facet normal 0 0 -1
    outer loop
      vertex 31.853422113849497 -4.197441473480202 0
      vertex 32 -1.6000000014901161 0
      vertex 34.05724838376045 -2.831559479236603 0
    endloop
  endfacet
  facet normal 0.525642824811863 -0.4732909253167374 -0.7068913075831614
    outer loop
      vertex 35.02122716142234 -2.9175651559277886 0
      vertex 35.21738666109971 -2.699707960683465 0
      vertex 35.59669900169325 -3.4732918522949863 0.8
    endloop
  endfacet
  facet normal 0.5573774913145243 -0.43547102250241065 -0.7068913075831619
    outer loop
      vertex 35.21738666109971 -2.699707960683465 0
      vertex 35.39787137637478 -2.4686980596283874 0
      vertex 35.83022221559489 -3.2139380484326963 0.8
    endloop
  endfacet
  facet normal 0.5863966707068943 -0.3955295486398411 -0.7068913075831629
    outer loop
      vertex 36.045084971874736 -2.938926261462366 0.8
      vertex 35.39787137637478 -2.4686980596283874 0
      vertex 35.56180200385699 -2.2256609097794606 0
    endloop
  endfacet
  facet normal 0.5573774913145206 -0.43547102250241393 -0.7068913075831629
    outer loop
      vertex 35.83022221559489 -3.2139380484326963 0.8
      vertex 35.39787137637478 -2.4686980596283874 0
      vertex 36.045084971874736 -2.938926261462366 0.8
    endloop
  endfacet
  facet normal 0.5863966707068957 -0.39552954863983986 -0.7068913075831624
    outer loop
      vertex 36.045084971874736 -2.938926261462366 0.8
      vertex 35.56180200385699 -2.2256609097794606 0
      vertex 36.24024048078213 -2.6495963211660243 0.8
    endloop
  endfacet
  facet normal 0.6125589844639668 -0.3536610945747929 -0.7068913075831623
    outer loop
      vertex 36.24024048078213 -2.6495963211660243 0.8
      vertex 35.56180200385699 -2.2256609097794606 0
      vertex 35.70837989000749 -1.9717805637007415 0
    endloop
  endfacet
  facet normal 0 0 -1
    outer loop
      vertex 34.1 -3.637306695894642 0
      vertex 35.32869780808687 1.0815594792366028 0
      vertex 34.348610194577134 -3.481957804731175 0
    endloop
  endfacet
  facet normal 0 0 -1
    outer loop
      vertex 34.348610194577134 -3.481957804731175 0
      vertex 35.32869780808687 1.0815594792366028 0
      vertex 34.58577819636776 -3.309645165148232 0
    endloop
  endfacet
  facet normal 0.6357369724229408 -0.3100696392068661 -0.7068913075831652
    outer loop
      vertex 35.70837989000749 -1.9717805637007415 0
      vertex 35.836890922098924 -1.7082939009183609 0
      vertex 36.41473796429464 -2.347357813929454 0.8
    endloop
  endfacet
  facet normal 0.6125589844639584 -0.3536610945748027 -0.7068913075831649
    outer loop
      vertex 36.24024048078213 -2.6495963211660243 0.8
      vertex 35.70837989000749 -1.9717805637007415 0
      vertex 36.41473796429464 -2.347357813929454 0.8
    endloop
  endfacet
  facet normal 0.6357369724229424 -0.31006963920686403 -0.7068913075831645
    outer loop
      vertex 35.836890922098924 -1.7082939009183609 0
      vertex 36.56772728821301 -2.033683215379001 0.8
      vertex 36.41473796429464 -2.347357813929454 0.8
    endloop
  endfacet
  facet normal 0 0 -1
    outer loop
      vertex 34.1 -3.637306695894642 0
      vertex 34.05724838376045 -2.831559479236603 0
      vertex 35.32869780808687 1.0815594792366028 0
    endloop
  endfacet
  facet normal 0 0 -1
    outer loop
      vertex 34.58577819636776 -3.309645165148232 0
      vertex 35.32869780808687 1.0815594792366028 0
      vertex 34.8103485467072 -3.121208267005056 0
    endloop
  endfacet
  facet normal 0 0 -1
    outer loop
      vertex 34.8103485467072 -3.121208267005056 0
      vertex 35.32869780808687 1.0815594792366028 0
      vertex 35.02122716142234 -2.9175651559277886 0
    endloop
  endfacet
  facet normal 0.6558177137563298 -0.2649675557248176 -0.7068913075831648
    outer loop
      vertex 35.836890922098924 -1.7082939009183609 0
      vertex 35.94670900730082 -1.4364846019678086 0
      vertex 36.56772728821301 -2.033683215379001 0.8
    endloop
  endfacet
  facet normal 0 0 -1
    outer loop
      vertex 35.02122716142234 -2.9175651559277886 0
      vertex 35.32869780808687 1.0815594792366028 0
      vertex 35.21738666109971 -2.699707960683465 0
    endloop
  endfacet
  facet normal 0.6727033771108742 -0.21857457694570226 -0.7068913075831618
    outer loop
      vertex 35.94670900730082 -1.4364846019678086 0
      vertex 36.03729912294094 -1.1576768944313964 0
      vertex 36.69846310392954 -1.7101007166283435 0.8
    endloop
  endfacet
  facet normal 0.655817713756337 -0.2649675557248066 -0.7068913075831622
    outer loop
      vertex 35.94670900730082 -1.4364846019678086 0
      vertex 36.69846310392954 -1.7101007166283435 0.8
      vertex 36.56772728821301 -2.033683215379001 0.8
    endloop
  endfacet
  facet normal 0.6727033771108667 -0.2185745769457156 -0.7068913075831649
    outer loop
      vertex 36.69846310392954 -1.7101007166283435 0.8
      vertex 36.03729912294094 -1.1576768944313964 0
      vertex 36.806308479691594 -1.3781867790849958 0.8
    endloop
  endfacet
  facet normal 0 0 -1
    outer loop
      vertex 33.52169042825699 -0.4944271892309189 0
      vertex 35.32869780808687 1.0815594792366028 0
      vertex 34.05724838376045 -2.831559479236603 0
    endloop
  endfacet
  facet normal 0.6863116972320247 -0.17111672479877812 -0.706891307583165
    outer loop
      vertex 36.806308479691594 -1.3781867790849958 0.8
      vertex 36.03729912294094 -1.1576768944313964 0
      vertex 36.10821992308198 -0.8732291014345893 0
    endloop
  endfacet
  facet normal 0 0 -1
    outer loop
      vertex 35.21738666109971 -2.699707960683465 0
      vertex 35.39787137637478 2.4686980596283874 0
      vertex 35.39787137637478 -2.4686980596283874 0
    endloop
  endfacet
  facet normal 0 0 -1
    outer loop
      vertex 35.39787137637478 -2.4686980596283874 0
      vertex 35.56180200385699 2.2256609097794606 0
      vertex 35.56180200385699 -2.2256609097794606 0
    endloop
  endfacet
  facet normal 0 0 -1
    outer loop
      vertex 35.56180200385699 -2.2256609097794606 0
      vertex 35.70837989000749 1.9717805637007415 0
      vertex 35.70837989000749 -1.9717805637007415 0
    endloop
  endfacet
  facet normal 0 0 -1
    outer loop
      vertex 35.70837989000749 -1.9717805637007415 0
      vertex 35.836890922098924 1.7082939009183609 0
      vertex 35.836890922098924 -1.7082939009183609 0
    endloop
  endfacet
  facet normal 0.696576375752079 -0.12282520916921937 -0.7068913075831644
    outer loop
      vertex 36.10821992308198 -0.8732291014345893 0
      vertex 36.1591258887146 -0.5845270240322749 0
      vertex 36.89073800366903 -1.0395584540887968 0.8
    endloop
  endfacet
  facet normal 0.6863116972320262 -0.1711167247987751 -0.7068913075831643
    outer loop
      vertex 36.806308479691594 -1.3781867790849958 0.8
      vertex 36.10821992308198 -0.8732291014345893 0
      vertex 36.89073800366903 -1.0395584540887968 0.8
    endloop
  endfacet
  facet normal 0 0 -1
    outer loop
      vertex 35.836890922098924 -1.7082939009183609 0
      vertex 35.94670900730082 1.4364846019678086 0
      vertex 35.94670900730082 -1.4364846019678086 0
    endloop
  endfacet
  facet normal 0 0 -1
    outer loop
      vertex 35.94670900730082 -1.4364846019678086 0
      vertex 36.03729912294094 1.1576768944313964 0
      vertex 36.03729912294094 -1.1576768944313964 0
    endloop
  endfacet
  facet normal 0 0 -1
    outer loop
      vertex 36.03729912294094 -1.1576768944313964 0
      vertex 36.10821992308198 0.8732291014345893 0
      vertex 36.10821992308198 -0.8732291014345893 0
    endloop
  endfacet
  facet normal 0.703447404189084 -0.07393530146691898 -0.7068913075831639
    outer loop
      vertex 36.1591258887146 -0.5845270240322749 0
      vertex 36.189769011091265 -0.29297718972532627 0
      vertex 36.951340343707855 -0.6958655048003272 0.8
    endloop
  endfacet
  facet normal 0 0 -1
    outer loop
      vertex 36.10821992308198 -0.8732291014345893 0
      vertex 36.1591258887146 0.5845270240322749 0
      vertex 36.1591258887146 -0.5845270240322749 0
    endloop
  endfacet
  facet normal 0 0 -1
    outer loop
      vertex 36.1591258887146 -0.5845270240322749 0
      vertex 36.189769011091265 0.29297718972532627 0
      vertex 36.189769011091265 -0.29297718972532627 0
    endloop
  endfacet
  facet normal 0.7068913075831659 -0.02468518840783142 -0.7068913075831615
    outer loop
      vertex 36.189769011091265 -0.29297718972532627 0
      vertex 36.2 0 0
      vertex 36.98782025129912 -0.3487823687206265 0.8
    endloop
  endfacet
  facet normal 0.6965763757520802 -0.12282520916921642 -0.7068913075831638
    outer loop
      vertex 36.1591258887146 -0.5845270240322749 0
      vertex 36.951340343707855 -0.6958655048003272 0.8
      vertex 36.89073800366903 -1.0395584540887968 0.8
    endloop
  endfacet
  facet normal 0.7034474041890872 -0.07393530146690841 -0.7068913075831618
    outer loop
      vertex 36.189769011091265 -0.29297718972532627 0
      vertex 36.98782025129912 -0.3487823687206265 0.8
      vertex 36.951340343707855 -0.6958655048003272 0.8
    endloop
  endfacet
  facet normal 0.706891307583165 -0.024685188407835505 -0.7068913075831624
    outer loop
      vertex 36.98782025129912 -0.3487823687206265 0.8
      vertex 36.2 0 0
      vertex 37 0 0.8
    endloop
  endfacet
  facet normal 0 0 -1
    outer loop
      vertex 35.21738666109971 -2.699707960683465 0
      vertex 35.32869780808687 1.0815594792366028 0
      vertex 35.39787137637478 2.4686980596283874 0
    endloop
  endfacet
  facet normal 0 0 -1
    outer loop
      vertex 36.189769011091265 -0.29297718972532627 0
      vertex 36.189769011091265 0.29297718972532627 0
      vertex 36.2 0 0
    endloop
  endfacet
  facet normal 0 0 -1
    outer loop
      vertex 36.1591258887146 -0.5845270240322749 0
      vertex 36.1591258887146 0.5845270240322749 0
      vertex 36.189769011091265 0.29297718972532627 0
    endloop
  endfacet
  facet normal 0 0 -1
    outer loop
      vertex 36.10821992308198 -0.8732291014345893 0
      vertex 36.10821992308198 0.8732291014345893 0
      vertex 36.1591258887146 0.5845270240322749 0
    endloop
  endfacet
  facet normal 0 0 -1
    outer loop
      vertex 36.03729912294094 -1.1576768944313964 0
      vertex 36.03729912294094 1.1576768944313964 0
      vertex 36.10821992308198 0.8732291014345893 0
    endloop
  endfacet
  facet normal 0.7068913075831659 0.02468518840783142 -0.7068913075831615
    outer loop
      vertex 36.2 0 0
      vertex 36.189769011091265 0.29297718972532627 0
      vertex 36.98782025129912 0.3487823687206265 0.8
    endloop
  endfacet
  facet normal 0 0 -1
    outer loop
      vertex 35.94670900730082 -1.4364846019678086 0
      vertex 35.94670900730082 1.4364846019678086 0
      vertex 36.03729912294094 1.1576768944313964 0
    endloop
  endfacet
  facet normal 0 0 -1
    outer loop
      vertex 35.836890922098924 -1.7082939009183609 0
      vertex 35.836890922098924 1.7082939009183609 0
      vertex 35.94670900730082 1.4364846019678086 0
    endloop
  endfacet
  facet normal 0 0 -1
    outer loop
      vertex 35.70837989000749 -1.9717805637007415 0
      vertex 35.70837989000749 1.9717805637007415 0
      vertex 35.836890922098924 1.7082939009183609 0
    endloop
  endfacet
  facet normal 0.703447404189084 0.07393530146691898 -0.7068913075831639
    outer loop
      vertex 36.189769011091265 0.29297718972532627 0
      vertex 36.1591258887146 0.5845270240322749 0
      vertex 36.951340343707855 0.6958655048003272 0.8
    endloop
  endfacet
  facet normal 0 0 -1
    outer loop
      vertex 35.39787137637478 -2.4686980596283874 0
      vertex 35.39787137637478 2.4686980596283874 0
      vertex 35.56180200385699 2.2256609097794606 0
    endloop
  endfacet
  facet normal 0 0 -1
    outer loop
      vertex 35.56180200385699 -2.2256609097794606 0
      vertex 35.56180200385699 2.2256609097794606 0
      vertex 35.70837989000749 1.9717805637007415 0
    endloop
  endfacet
  facet normal 0.696576375752079 0.12282520916921937 -0.7068913075831644
    outer loop
      vertex 36.1591258887146 0.5845270240322749 0
      vertex 36.10821992308198 0.8732291014345893 0
      vertex 36.89073800366903 1.0395584540887968 0.8
    endloop
  endfacet
  facet normal 0.6863116972320248 0.1711167247987782 -0.7068913075831649
    outer loop
      vertex 36.03729912294094 1.1576768944313964 0
      vertex 36.806308479691594 1.3781867790849958 0.8
      vertex 36.10821992308198 0.8732291014345893 0
    endloop
  endfacet
  facet normal 0.6863116972320262 0.17111672479877513 -0.7068913075831644
    outer loop
      vertex 36.10821992308198 0.8732291014345893 0
      vertex 36.806308479691594 1.3781867790849958 0.8
      vertex 36.89073800366903 1.0395584540887968 0.8
    endloop
  endfacet
  facet normal 0.706891307583165 0.024685188407835446 -0.7068913075831624
    outer loop
      vertex 36.2 0 0
      vertex 36.98782025129912 0.3487823687206265 0.8
      vertex 37 0 0.8
    endloop
  endfacet
  facet normal 0.7034474041890872 0.07393530146690841 -0.7068913075831618
    outer loop
      vertex 36.189769011091265 0.29297718972532627 0
      vertex 36.951340343707855 0.6958655048003272 0.8
      vertex 36.98782025129912 0.3487823687206265 0.8
    endloop
  endfacet
  facet normal 0.6965763757520802 0.12282520916921642 -0.7068913075831638
    outer loop
      vertex 36.1591258887146 0.5845270240322749 0
      vertex 36.89073800366903 1.0395584540887968 0.8
      vertex 36.951340343707855 0.6958655048003272 0.8
    endloop
  endfacet
  facet normal 0.6727033771108742 0.21857457694570226 -0.7068913075831618
    outer loop
      vertex 36.03729912294094 1.1576768944313964 0
      vertex 35.94670900730082 1.4364846019678086 0
      vertex 36.69846310392954 1.7101007166283435 0.8
    endloop
  endfacet
  facet normal 0 0 -1
    outer loop
      vertex 35.39787137637478 2.4686980596283874 0
      vertex 35.32869780808687 1.0815594792366028 0
      vertex 32.94045640528202 1.2944271937012672 0
    endloop
  endfacet
  facet normal 0.6558177137563298 0.2649675557248176 -0.7068913075831647
    outer loop
      vertex 35.94670900730082 1.4364846019678086 0
      vertex 35.836890922098924 1.7082939009183609 0
      vertex 36.56772728821301 2.033683215379001 0.8
    endloop
  endfacet
  facet normal 0.6727033771108667 0.21857457694571572 -0.7068913075831649
    outer loop
      vertex 36.03729912294094 1.1576768944313964 0
      vertex 36.69846310392954 1.7101007166283435 0.8
      vertex 36.806308479691594 1.3781867790849958 0.8
    endloop
  endfacet
  facet normal 0.655817713756337 0.2649675557248066 -0.7068913075831622
    outer loop
      vertex 35.94670900730082 1.4364846019678086 0
      vertex 36.56772728821301 2.033683215379001 0.8
      vertex 36.69846310392954 1.7101007166283435 0.8
    endloop
  endfacet
  facet normal 0 0 -1
    outer loop
      vertex 34.8103485467072 3.121208267005056 0
      vertex 35.02122716142234 2.9175651559277886 0
      vertex 32.94045640528202 1.2944271937012672 0
    endloop
  endfacet
  facet normal 0 0 -1
    outer loop
      vertex 35.39787137637478 2.4686980596283874 0
      vertex 32.94045640528202 1.2944271937012672 0
      vertex 35.21738666109971 2.699707960683465 0
    endloop
  endfacet
  facet normal 0.6357369724229408 0.3100696392068661 -0.7068913075831652
    outer loop
      vertex 35.70837989000749 1.9717805637007415 0
      vertex 36.41473796429464 2.347357813929454 0.8
      vertex 35.836890922098924 1.7082939009183609 0
    endloop
  endfacet
  facet normal 0 0 -1
    outer loop
      vertex 35.02122716142234 2.9175651559277886 0
      vertex 35.21738666109971 2.699707960683465 0
      vertex 32.94045640528202 1.2944271937012672 0
    endloop
  endfacet
  facet normal 0.612558984463967 0.3536610945747929 -0.7068913075831623
    outer loop
      vertex 35.70837989000749 1.9717805637007415 0
      vertex 35.56180200385699 2.2256609097794606 0
      vertex 36.24024048078213 2.6495963211660243 0.8
    endloop
  endfacet
  facet normal 0.6357369724229424 0.31006963920686403 -0.7068913075831645
    outer loop
      vertex 35.836890922098924 1.7082939009183609 0
      vertex 36.41473796429464 2.347357813929454 0.8
      vertex 36.56772728821301 2.033683215379001 0.8
    endloop
  endfacet
  facet normal 0.6125589844639583 0.35366109457480266 -0.7068913075831649
    outer loop
      vertex 35.70837989000749 1.9717805637007415 0
      vertex 36.24024048078213 2.6495963211660243 0.8
      vertex 36.41473796429464 2.347357813929454 0.8
    endloop
  endfacet
  facet normal 0 0 -1
    outer loop
      vertex 34.8103485467072 3.121208267005056 0
      vertex 32.94045640528202 1.2944271937012672 0
      vertex 34.58577819636776 3.309645165148232 0
    endloop
  endfacet
  facet normal 0 0 -1
    outer loop
      vertex 34.348610194577134 3.481957804731175 0
      vertex 34.58577819636776 3.309645165148232 0
      vertex 32.94045640528202 1.2944271937012672 0
    endloop
  endfacet
  facet normal 0 0 -1
    outer loop
      vertex 34.1 3.637306695894642 0
      vertex 34.348610194577134 3.481957804731175 0
      vertex 32.94045640528202 1.2944271937012672 0
    endloop
  endfacet
  facet normal 0 0 -1
    outer loop
      vertex 33.016071961518605 4.0752420503591855 0
      vertex 32.94045640528202 1.2944271937012672 0
      vertex 32 3.5 0
    endloop
  endfacet
  facet normal 0 0 -1
    outer loop
      vertex 33.016071961518605 4.0752420503591855 0
      vertex 33.29787137637478 3.994437368439645 0
      vertex 32.94045640528202 1.2944271937012672 0
    endloop
  endfacet
  facet normal 0 0 -1
    outer loop
      vertex 34.1 3.637306695894642 0
      vertex 32.94045640528202 1.2944271937012672 0
      vertex 33.841158816514124 3.7749349944565016 0
    endloop
  endfacet
  facet normal 0 0 -1
    outer loop
      vertex 33.57334769234683 3.8941721891805074 0
      vertex 33.841158816514124 3.7749349944565016 0
      vertex 32.94045640528202 1.2944271937012672 0
    endloop
  endfacet
  facet normal 0 0 -1
    outer loop
      vertex 33.29787137637478 3.994437368439645 0
      vertex 33.57334769234683 3.8941721891805074 0
      vertex 32.94045640528202 1.2944271937012672 0
    endloop
  endfacet
  facet normal 0.5863966707068943 0.3955295486398412 -0.7068913075831628
    outer loop
      vertex 35.39787137637478 2.4686980596283874 0
      vertex 36.045084971874736 2.938926261462366 0.8
      vertex 35.56180200385699 2.2256609097794606 0
    endloop
  endfacet
  facet normal 0.5573774913145243 0.43547102250241065 -0.7068913075831619
    outer loop
      vertex 35.39787137637478 2.4686980596283874 0
      vertex 35.21738666109971 2.699707960683465 0
      vertex 35.83022221559489 3.2139380484326963 0.8
    endloop
  endfacet
  facet normal 0.525642824811863 0.4732909253167374 -0.7068913075831614
    outer loop
      vertex 35.02122716142234 2.9175651559277886 0
      vertex 35.59669900169325 3.4732918522949863 0.8
      vertex 35.21738666109971 2.699707960683465 0
    endloop
  endfacet
  facet normal 0.5863966707068957 0.39552954863983986 -0.7068913075831624
    outer loop
      vertex 35.56180200385699 2.2256609097794606 0
      vertex 36.045084971874736 2.938926261462366 0.8
      vertex 36.24024048078213 2.6495963211660243 0.8
    endloop
  endfacet
  facet normal 0.5573774913145206 0.43547102250241376 -0.7068913075831629
    outer loop
      vertex 35.39787137637478 2.4686980596283874 0
      vertex 35.83022221559489 3.2139380484326963 0.8
      vertex 36.045084971874736 2.938926261462366 0.8
    endloop
  endfacet
  facet normal 0.4913472793041374 0.5088050023179667 -0.7068913075831642
    outer loop
      vertex 34.8103485467072 3.121208267005056 0
      vertex 35.34565303179429 3.715724127386971 0.8
      vertex 35.02122716142234 2.9175651559277886 0
    endloop
  endfacet
  facet normal 0.45465793924171194 0.5418402324927942 -0.7068913075831633
    outer loop
      vertex 34.8103485467072 3.121208267005056 0
      vertex 34.58577819636776 3.309645165148232 0
      vertex 35.07830737662829 3.9400537680336094 0.8
    endloop
  endfacet
  facet normal 0.4157535514013532 0.5722356715205067 -0.7068913075831652
    outer loop
      vertex 34.348610194577134 3.481957804731175 0
      vertex 34.79596451735374 4.145187862775208 0.8
      vertex 34.58577819636776 3.309645165148232 0
    endloop
  endfacet
  facet normal 0.49134727930414873 0.5088050023179596 -0.7068913075831617
    outer loop
      vertex 35.02122716142234 2.9175651559277886 0
      vertex 35.34565303179429 3.715724127386971 0.8
      vertex 35.59669900169325 3.4732918522949863 0.8
    endloop
  endfacet
  facet normal 0.5256428248118606 0.47329092531673916 -0.706891307583162
    outer loop
      vertex 35.21738666109971 2.699707960683465 0
      vertex 35.59669900169325 3.4732918522949863 0.8
      vertex 35.83022221559489 3.2139380484326963 0.8
    endloop
  endfacet
  facet normal 0.45465793924170894 0.5418402324927958 -0.7068913075831641
    outer loop
      vertex 34.8103485467072 3.121208267005056 0
      vertex 35.07830737662829 3.9400537680336094 0.8
      vertex 35.34565303179429 3.715724127386971 0.8
    endloop
  endfacet
  facet normal 0 0 -1
    outer loop
      vertex 32.72932234620111 4.136192562651273 0
      vertex 33.016071961518605 4.0752420503591855 0
      vertex 32 3.5 0
    endloop
  endfacet
  facet normal 0 0 -1
    outer loop
      vertex 31.853422113849497 4.197441473480202 0
      vertex 32.1465778861505 4.197441473480202 0
      vertex 32 3.5 0
    endloop
  endfacet
  facet normal 0 0 -1
    outer loop
      vertex 32.1465778861505 4.197441473480202 0
      vertex 32.43901954572414 4.176991960546748 0
      vertex 32 3.5 0
    endloop
  endfacet
  facet normal 0 0 -1
    outer loop
      vertex 32.43901954572414 4.176991960546748 0
      vertex 32.72932234620111 4.136192562651273 0
      vertex 32 3.5 0
    endloop
  endfacet
  facet normal 0.33206765353319245 0.6245284242853356 -0.7068913075831641
    outer loop
      vertex 34.1 3.637306695894642 0
      vertex 33.841158816514124 3.7749349944565016 0
      vertex 34.19185573394539 4.493970231495835 0.8
    endloop
  endfacet
  facet normal 0.24191843651036846 0.6646654416620021 -0.7068913075831632
    outer loop
      vertex 33.29787137637478 3.994437368439645 0
      vertex 33.545084971874736 4.755282581475767 0.8
      vertex 33.57334769234683 3.8941721891805074 0
    endloop
  endfacet
  facet normal 0.2876938527877292 0.6461709729874263 -0.7068913075831638
    outer loop
      vertex 33.57334769234683 3.8941721891805074 0
      vertex 33.87303296707956 4.635919272833937 0.8
      vertex 33.841158816514124 3.7749349944565016 0
    endloop
  endfacet
  facet normal 0.194964417927885 0.6799217271167366 -0.7068913075831638
    outer loop
      vertex 33.016071961518605 4.0752420503591855 0
      vertex 33.20960947799834 4.851478631379982 0.8
      vertex 33.29787137637478 3.994437368439645 0
    endloop
  endfacet
  facet normal 0.3748236540499739 0.5998432358775009 -0.7068913075831631
    outer loop
      vertex 34.1 3.637306695894642 0
      vertex 34.5 4.330127018922193 0.8
      vertex 34.348610194577134 3.481957804731175 0
    endloop
  endfacet
  facet normal 0.33206765353319634 0.6245284242853344 -0.7068913075831633
    outer loop
      vertex 34.1 3.637306695894642 0
      vertex 34.19185573394539 4.493970231495835 0.8
      vertex 34.5 4.330127018922193 0.8
    endloop
  endfacet
  facet normal 0.2876938527877284 0.6461709729874264 -0.706891307583164
    outer loop
      vertex 33.841158816514124 3.7749349944565016 0
      vertex 33.87303296707956 4.635919272833937 0.8
      vertex 34.19185573394539 4.493970231495835 0.8
    endloop
  endfacet
  facet normal 0.4157535514013614 0.5722356715205029 -0.7068913075831635
    outer loop
      vertex 34.58577819636776 3.309645165148232 0
      vertex 34.79596451735374 4.145187862775208 0.8
      vertex 35.07830737662829 3.9400537680336094 0.8
    endloop
  endfacet
  facet normal 0.3748236540499655 0.5998432358775042 -0.706891307583165
    outer loop
      vertex 34.348610194577134 3.481957804731175 0
      vertex 34.5 4.330127018922193 0.8
      vertex 34.79596451735374 4.145187862775208 0.8
    endloop
  endfacet
  facet normal 0.09844022244181028 0.7004385782272216 -0.7068913075831639
    outer loop
      vertex 32.43901954572414 4.176991960546748 0
      vertex 32.52264231633827 4.972609476841367 0.8
      vertex 32.72932234620111 4.136192562651273 0
    endloop
  endfacet
  facet normal 0.04934030171605059 0.7055991878467083 -0.7068913075831635
    outer loop
      vertex 32.1465778861505 4.197441473480202 0
      vertex 32.1744974835125 4.9969541350954785 0.8
      vertex 32.43901954572414 4.176991960546748 0
    endloop
  endfacet
  facet normal 0.14706055229900808 0.6918655022624525 -0.7068913075831638
    outer loop
      vertex 32.72932234620111 4.136192562651273 0
      vertex 32.868240888334654 4.92403876506104 0.8
      vertex 33.016071961518605 4.0752420503591855 0
    endloop
  endfacet
  facet normal 0.09844022244181135 0.7004385782272217 -0.7068913075831637
    outer loop
      vertex 32.72932234620111 4.136192562651273 0
      vertex 32.52264231633827 4.972609476841367 0.8
      vertex 32.868240888334654 4.92403876506104 0.8
    endloop
  endfacet
  facet normal 0.14706055229900872 0.6918655022624525 -0.7068913075831637
    outer loop
      vertex 33.016071961518605 4.0752420503591855 0
      vertex 32.868240888334654 4.92403876506104 0.8
      vertex 33.20960947799834 4.851478631379982 0.8
    endloop
  endfacet
  facet normal 0.2419184365103664 0.6646654416620025 -0.7068913075831638
    outer loop
      vertex 33.57334769234683 3.8941721891805074 0
      vertex 33.545084971874736 4.755282581475767 0.8
      vertex 33.87303296707956 4.635919272833937 0.8
    endloop
  endfacet
  facet normal 0.19496441792788666 0.6799217271167365 -0.7068913075831634
    outer loop
      vertex 33.20960947799834 4.851478631379982 0.8
      vertex 33.545084971874736 4.755282581475767 0.8
      vertex 33.29787137637478 3.994437368439645 0
    endloop
  endfacet
  facet normal 0 0.7073221891495879 -0.7068913075831637
    outer loop
      vertex 31.825502516487497 4.9969541350954785 0.8
      vertex 32.1744974835125 4.9969541350954785 0.8
      vertex 32.1465778861505 4.197441473480202 0
    endloop
  endfacet
  facet normal 0.04934030171604947 0.7055991878467082 -0.7068913075831637
    outer loop
      vertex 32.43901954572414 4.176991960546748 0
      vertex 32.1744974835125 4.9969541350954785 0.8
      vertex 32.52264231633827 4.972609476841367 0.8
    endloop
  endfacet
  facet normal -0.27563735581700055 -0.9612616959383185 0
    outer loop
      vertex 30.454915028125264 -4.755282581475767 0.8
      vertex 30.790390522001662 -4.851478631379982 0.8
      vertex 30.790390522001662 -4.851478631379982 4.8
    endloop
  endfacet
  facet normal -0.34202014332566677 -0.9396926207859092 0
    outer loop
      vertex 30.12696703292044 -4.635919272833937 0.8
      vertex 30.454915028125264 -4.755282581475767 0.8
      vertex 30.454915028125264 -4.755282581475767 4.8
    endloop
  endfacet
  facet normal -0.13917310096006727 -0.9902680687415701 0
    outer loop
      vertex 31.13175911166535 -4.92403876506104 0.8
      vertex 31.477357683661733 -4.972609476841367 0.8
      vertex 31.477357683661733 -4.972609476841367 4.8
    endloop
  endfacet
  facet normal -0.20791169081775765 -0.9781476007338059 0
    outer loop
      vertex 30.790390522001662 -4.851478631379982 0.8
      vertex 31.13175911166535 -4.92403876506104 0.8
      vertex 31.13175911166535 -4.92403876506104 4.8
    endloop
  endfacet
  facet normal -0.06975647374412466 -0.9975640502598244 0
    outer loop
      vertex 31.477357683661733 -4.972609476841367 0.8
      vertex 31.825502516487497 -4.9969541350954785 0.8
      vertex 31.825502516487497 -4.9969541350954785 4.8
    endloop
  endfacet
  facet normal -0.40673664307579876 -0.9135454576426015 0
    outer loop
      vertex 29.80814426605461 -4.493970231495835 0.8
      vertex 30.12696703292044 -4.635919272833937 0.8
      vertex 30.12696703292044 -4.635919272833937 4.8
    endloop
  endfacet
  facet normal -0.46947156278589336 -0.8829475928589255 0
    outer loop
      vertex 29.80814426605461 -4.493970231495835 0.8
      vertex 29.80814426605461 -4.493970231495835 4.8
      vertex 29.5 -4.330127018922193 0.8
    endloop
  endfacet
  facet normal -0.5299192642332049 -0.8480480961564258 0
    outer loop
      vertex 29.204035482646265 -4.145187862775208 0.8
      vertex 29.5 -4.330127018922193 0.8
      vertex 29.5 -4.330127018922193 4.8
    endloop
  endfacet
  facet normal -0.5877852522924725 -0.8090169943749478 0
    outer loop
      vertex 28.921692623371708 -3.9400537680336094 0.8
      vertex 29.204035482646265 -4.145187862775208 0.8
      vertex 29.204035482646265 -4.145187862775208 4.8
    endloop
  endfacet
  facet normal -0.642787609686538 -0.766044443118979 0
    outer loop
      vertex 28.921692623371708 -3.9400537680336094 0.8
      vertex 28.921692623371708 -3.9400537680336094 4.8
      vertex 28.654346968205708 -3.715724127386971 0.8
    endloop
  endfacet
  facet normal -0.6946583704589978 -0.7193398003386505 0
    outer loop
      vertex 28.403300998306744 -3.4732918522949863 0.8
      vertex 28.654346968205708 -3.715724127386971 0.8
      vertex 28.654346968205708 -3.715724127386971 4.8
    endloop
  endfacet
  facet normal -0.743144825477395 -0.6691306063588572 0
    outer loop
      vertex 28.16977778440511 -3.2139380484326963 0.8
      vertex 28.403300998306744 -3.4732918522949863 0.8
      vertex 28.16977778440511 -3.2139380484326963 4.8
    endloop
  endfacet
  facet normal -0.7880107536067227 -0.6156614753256574 0
    outer loop
      vertex 28.16977778440511 -3.2139380484326963 0.8
      vertex 27.954915028125264 -2.938926261462366 4.8
      vertex 27.954915028125264 -2.938926261462366 0.8
    endloop
  endfacet
  facet normal -0.8290375725550404 -0.5591929034707487 0
    outer loop
      vertex 27.75975951921787 -2.6495963211660243 0.8
      vertex 27.954915028125264 -2.938926261462366 0.8
      vertex 27.75975951921787 -2.6495963211660243 4.8
    endloop
  endfacet
  facet normal -0.9271838545667874 -0.3746065934159118 0
    outer loop
      vertex 27.432272711786997 -2.033683215379001 0.8
      vertex 27.30153689607046 -1.7101007166283435 4.8
      vertex 27.30153689607046 -1.7101007166283435 0.8
    endloop
  endfacet
  facet normal -0.9510565162951524 -0.30901699437495067 0
    outer loop
      vertex 27.30153689607046 -1.7101007166283435 0.8
      vertex 27.193691520308406 -1.3781867790849958 4.8
      vertex 27.193691520308406 -1.3781867790849958 0.8
    endloop
  endfacet
  facet normal -0.8660254037844398 -0.4999999999999981 0
    outer loop
      vertex 27.75975951921787 -2.6495963211660243 0.8
      vertex 27.585262035705366 -2.347357813929454 4.8
      vertex 27.585262035705366 -2.347357813929454 0.8
    endloop
  endfacet
  facet normal -0.8987940462991676 -0.4383711467890761 0
    outer loop
      vertex 27.585262035705366 -2.347357813929454 0.8
      vertex 27.432272711786997 -2.033683215379001 4.8
      vertex 27.432272711786997 -2.033683215379001 0.8
    endloop
  endfacet
  facet normal -0.9702957262759964 -0.24192189559966815 0
    outer loop
      vertex 27.193691520308406 -1.3781867790849958 0.8
      vertex 27.10926199633097 -1.0395584540887968 4.8
      vertex 27.10926199633097 -1.0395584540887968 0.8
    endloop
  endfacet
  facet normal -0.9848077530122081 -0.1736481776669296 0
    outer loop
      vertex 27.10926199633097 -1.0395584540887968 0.8
      vertex 27.04865965629215 -0.6958655048003272 4.8
      vertex 27.04865965629215 -0.6958655048003272 0.8
    endloop
  endfacet
  facet normal -0.9945218953682738 -0.10452846326764834 0
    outer loop
      vertex 27.04865965629215 -0.6958655048003272 0.8
      vertex 27.01217974870088 -0.3487823687206265 4.8
      vertex 27.01217974870088 -0.3487823687206265 0.8
    endloop
  endfacet
  facet normal -0.9993908270190954 -0.03489949670250613 0
    outer loop
      vertex 27.01217974870088 -0.3487823687206265 0.8
      vertex 27 0 4.8
      vertex 27 0 0.8
    endloop
  endfacet
  facet normal -0.46947156278589336 -0.8829475928589255 0
    outer loop
      vertex 29.5 -4.330127018922193 0.8
      vertex 29.80814426605461 -4.493970231495835 4.8
      vertex 29.5 -4.330127018922193 4.8
    endloop
  endfacet
  facet normal -0.27563735581700055 -0.9612616959383185 0
    outer loop
      vertex 30.454915028125264 -4.755282581475767 0.8
      vertex 30.790390522001662 -4.851478631379982 4.8
      vertex 30.454915028125264 -4.755282581475767 4.8
    endloop
  endfacet
  facet normal -0.13917310096006727 -0.9902680687415701 0
    outer loop
      vertex 31.13175911166535 -4.92403876506104 0.8
      vertex 31.477357683661733 -4.972609476841367 4.8
      vertex 31.13175911166535 -4.92403876506104 4.8
    endloop
  endfacet
  facet normal -0.20791169081775765 -0.9781476007338059 0
    outer loop
      vertex 30.790390522001662 -4.851478631379982 0.8
      vertex 31.13175911166535 -4.92403876506104 4.8
      vertex 30.790390522001662 -4.851478631379982 4.8
    endloop
  endfacet
  facet normal -0.06975647374412466 -0.9975640502598244 0
    outer loop
      vertex 31.477357683661733 -4.972609476841367 0.8
      vertex 31.825502516487497 -4.9969541350954785 4.8
      vertex 31.477357683661733 -4.972609476841367 4.8
    endloop
  endfacet
  facet normal 0 -1 0
    outer loop
      vertex 31.825502516487497 -4.9969541350954785 0.8
      vertex 32.1744974835125 -4.9969541350954785 4.8
      vertex 31.825502516487497 -4.9969541350954785 4.8
    endloop
  endfacet
  facet normal -0.34202014332566677 -0.9396926207859092 0
    outer loop
      vertex 30.12696703292044 -4.635919272833937 0.8
      vertex 30.454915028125264 -4.755282581475767 4.8
      vertex 30.12696703292044 -4.635919272833937 4.8
    endloop
  endfacet
  facet normal -0.40673664307579876 -0.9135454576426015 0
    outer loop
      vertex 29.80814426605461 -4.493970231495835 0.8
      vertex 30.12696703292044 -4.635919272833937 4.8
      vertex 29.80814426605461 -4.493970231495835 4.8
    endloop
  endfacet
  facet normal -0.5299192642332049 -0.8480480961564258 0
    outer loop
      vertex 29.204035482646265 -4.145187862775208 0.8
      vertex 29.5 -4.330127018922193 4.8
      vertex 29.204035482646265 -4.145187862775208 4.8
    endloop
  endfacet
  facet normal -0.5877852522924725 -0.8090169943749478 0
    outer loop
      vertex 28.921692623371708 -3.9400537680336094 0.8
      vertex 29.204035482646265 -4.145187862775208 4.8
      vertex 28.921692623371708 -3.9400537680336094 4.8
    endloop
  endfacet
  facet normal -0.642787609686538 -0.766044443118979 0
    outer loop
      vertex 28.654346968205708 -3.715724127386971 0.8
      vertex 28.921692623371708 -3.9400537680336094 4.8
      vertex 28.654346968205708 -3.715724127386971 4.8
    endloop
  endfacet
  facet normal -0.6946583704589978 -0.7193398003386505 0
    outer loop
      vertex 28.403300998306744 -3.4732918522949863 0.8
      vertex 28.654346968205708 -3.715724127386971 4.8
      vertex 28.403300998306744 -3.4732918522949863 4.8
    endloop
  endfacet
  facet normal -0.743144825477395 -0.6691306063588572 0
    outer loop
      vertex 28.403300998306744 -3.4732918522949863 0.8
      vertex 28.403300998306744 -3.4732918522949863 4.8
      vertex 28.16977778440511 -3.2139380484326963 4.8
    endloop
  endfacet
  facet normal -0.7880107536067227 -0.6156614753256574 0
    outer loop
      vertex 28.16977778440511 -3.2139380484326963 0.8
      vertex 28.16977778440511 -3.2139380484326963 4.8
      vertex 27.954915028125264 -2.938926261462366 4.8
    endloop
  endfacet
  facet normal -0.8290375725550404 -0.5591929034707487 0
    outer loop
      vertex 27.954915028125264 -2.938926261462366 0.8
      vertex 27.954915028125264 -2.938926261462366 4.8
      vertex 27.75975951921787 -2.6495963211660243 4.8
    endloop
  endfacet
  facet normal -0.8660254037844398 -0.4999999999999981 0
    outer loop
      vertex 27.75975951921787 -2.6495963211660243 0.8
      vertex 27.75975951921787 -2.6495963211660243 4.8
      vertex 27.585262035705366 -2.347357813929454 4.8
    endloop
  endfacet
  facet normal -0.9510565162951524 -0.30901699437495067 0
    outer loop
      vertex 27.30153689607046 -1.7101007166283435 0.8
      vertex 27.30153689607046 -1.7101007166283435 4.8
      vertex 27.193691520308406 -1.3781867790849958 4.8
    endloop
  endfacet
  facet normal -0.9702957262759964 -0.24192189559966815 0
    outer loop
      vertex 27.193691520308406 -1.3781867790849958 0.8
      vertex 27.193691520308406 -1.3781867790849958 4.8
      vertex 27.10926199633097 -1.0395584540887968 4.8
    endloop
  endfacet
  facet normal -0.8987940462991676 -0.4383711467890761 0
    outer loop
      vertex 27.585262035705366 -2.347357813929454 0.8
      vertex 27.585262035705366 -2.347357813929454 4.8
      vertex 27.432272711786997 -2.033683215379001 4.8
    endloop
  endfacet
  facet normal -0.9271838545667874 -0.3746065934159118 0
    outer loop
      vertex 27.432272711786997 -2.033683215379001 0.8
      vertex 27.432272711786997 -2.033683215379001 4.8
      vertex 27.30153689607046 -1.7101007166283435 4.8
    endloop
  endfacet
  facet normal -0.9848077530122081 -0.1736481776669296 0
    outer loop
      vertex 27.10926199633097 -1.0395584540887968 0.8
      vertex 27.10926199633097 -1.0395584540887968 4.8
      vertex 27.04865965629215 -0.6958655048003272 4.8
    endloop
  endfacet
  facet normal -0.9945218953682738 -0.10452846326764834 0
    outer loop
      vertex 27.04865965629215 -0.6958655048003272 0.8
      vertex 27.04865965629215 -0.6958655048003272 4.8
      vertex 27.01217974870088 -0.3487823687206265 4.8
    endloop
  endfacet
  facet normal -0.9993908270190954 -0.03489949670250613 0
    outer loop
      vertex 27.01217974870088 -0.3487823687206265 0.8
      vertex 27.01217974870088 -0.3487823687206265 4.8
      vertex 27 0 4.8
    endloop
  endfacet
  facet normal 0 0 1
    outer loop
      vertex 29.80814426605461 -4.493970231495835 4.8
      vertex 29.5 4.330127018922193 4.8
      vertex 29.5 -4.330127018922193 4.8
    endloop
  endfacet
  facet normal 0 0 1
    outer loop
      vertex 29.204035482646265 -4.145187862775208 4.8
      vertex 29.5 -4.330127018922193 4.8
      vertex 29.204035482646265 4.145187862775208 4.8
    endloop
  endfacet
  facet normal 0 0 1
    outer loop
      vertex 28.921692623371708 -3.9400537680336094 4.8
      vertex 29.204035482646265 -4.145187862775208 4.8
      vertex 28.921692623371708 3.9400537680336094 4.8
    endloop
  endfacet
  facet normal 0 0 1
    outer loop
      vertex 28.921692623371708 -3.9400537680336094 4.8
      vertex 28.654346968205708 3.715724127386971 4.8
      vertex 28.654346968205708 -3.715724127386971 4.8
    endloop
  endfacet
  facet normal 0 0 1
    outer loop
      vertex 30.12696703292044 -4.635919272833937 4.8
      vertex 30.454915028125264 -4.755282581475767 4.8
      vertex 30.12696703292044 4.635919272833937 4.8
    endloop
  endfacet
  facet normal 0 0 1
    outer loop
      vertex 30.454915028125264 -4.755282581475767 4.8
      vertex 30.790390522001662 -4.851478631379982 4.8
      vertex 30.454915028125264 4.755282581475767 4.8
    endloop
  endfacet
  facet normal 0 0 1
    outer loop
      vertex 30.790390522001662 -4.851478631379982 4.8
      vertex 31.13175911166535 -4.92403876506104 4.8
      vertex 30.790390522001662 4.851478631379982 4.8
    endloop
  endfacet
  facet normal 0 0 1
    outer loop
      vertex 31.13175911166535 -4.92403876506104 4.8
      vertex 31.477357683661733 -4.972609476841367 4.8
      vertex 31.13175911166535 4.92403876506104 4.8
    endloop
  endfacet
  facet normal 0 0 1
    outer loop
      vertex 31.477357683661733 -4.972609476841367 4.8
      vertex 31.825502516487497 -4.9969541350954785 4.8
      vertex 31.477357683661733 4.972609476841367 4.8
    endloop
  endfacet
  facet normal 0 0 1
    outer loop
      vertex 31.825502516487497 -4.9969541350954785 4.8
      vertex 32.1744974835125 -4.9969541350954785 4.8
      vertex 31.825502516487497 4.9969541350954785 4.8
    endloop
  endfacet
  facet normal 0 0 1
    outer loop
      vertex 29.80814426605461 -4.493970231495835 4.8
      vertex 30.12696703292044 -4.635919272833937 4.8
      vertex 29.80814426605461 4.493970231495835 4.8
    endloop
  endfacet
  facet normal 0 0 1
    outer loop
      vertex 27.432272711786997 -2.033683215379001 4.8
      vertex 27.30153689607046 1.7101007166283435 4.8
      vertex 27.30153689607046 -1.7101007166283435 4.8
    endloop
  endfacet
  facet normal 0 0 1
    outer loop
      vertex 27.30153689607046 -1.7101007166283435 4.8
      vertex 27.193691520308406 1.3781867790849958 4.8
      vertex 27.193691520308406 -1.3781867790849958 4.8
    endloop
  endfacet
  facet normal 0 0 1
    outer loop
      vertex 27.193691520308406 -1.3781867790849958 4.8
      vertex 27.10926199633097 1.0395584540887968 4.8
      vertex 27.10926199633097 -1.0395584540887968 4.8
    endloop
  endfacet
  facet normal 0 0 1
    outer loop
      vertex 27.10926199633097 -1.0395584540887968 4.8
      vertex 27.04865965629215 0.6958655048003272 4.8
      vertex 27.04865965629215 -0.6958655048003272 4.8
    endloop
  endfacet
  facet normal 0 0 1
    outer loop
      vertex 27.04865965629215 -0.6958655048003272 4.8
      vertex 27.01217974870088 0.3487823687206265 4.8
      vertex 27.01217974870088 -0.3487823687206265 4.8
    endloop
  endfacet
  facet normal 0 0 1
    outer loop
      vertex 28.403300998306744 -3.4732918522949863 4.8
      vertex 28.654346968205708 -3.715724127386971 4.8
      vertex 28.403300998306744 3.4732918522949863 4.8
    endloop
  endfacet
  facet normal 0 0 1
    outer loop
      vertex 28.16977778440511 -3.2139380484326963 4.8
      vertex 28.403300998306744 -3.4732918522949863 4.8
      vertex 28.16977778440511 3.2139380484326963 4.8
    endloop
  endfacet
  facet normal 0 0 1
    outer loop
      vertex 27.75975951921787 -2.6495963211660243 4.8
      vertex 27.954915028125264 -2.938926261462366 4.8
      vertex 27.75975951921787 2.6495963211660243 4.8
    endloop
  endfacet
  facet normal 0 0 1
    outer loop
      vertex 28.16977778440511 -3.2139380484326963 4.8
      vertex 27.954915028125264 2.938926261462366 4.8
      vertex 27.954915028125264 -2.938926261462366 4.8
    endloop
  endfacet
  facet normal 0 0 1
    outer loop
      vertex 27.75975951921787 -2.6495963211660243 4.8
      vertex 27.585262035705366 2.347357813929454 4.8
      vertex 27.585262035705366 -2.347357813929454 4.8
    endloop
  endfacet
  facet normal 0 0 1
    outer loop
      vertex 27.585262035705366 -2.347357813929454 4.8
      vertex 27.432272711786997 2.033683215379001 4.8
      vertex 27.432272711786997 -2.033683215379001 4.8
    endloop
  endfacet
  facet normal -0.9993908270190954 0.03489949670250613 0
    outer loop
      vertex 27 0 0.8
      vertex 27.01217974870088 0.3487823687206265 4.8
      vertex 27.01217974870088 0.3487823687206265 0.8
    endloop
  endfacet
  facet normal -0.9945218953682738 0.10452846326764834 0
    outer loop
      vertex 27.01217974870088 0.3487823687206265 0.8
      vertex 27.04865965629215 0.6958655048003272 4.8
      vertex 27.04865965629215 0.6958655048003272 0.8
    endloop
  endfacet
  facet normal -0.9848077530122081 0.1736481776669296 0
    outer loop
      vertex 27.04865965629215 0.6958655048003272 0.8
      vertex 27.10926199633097 1.0395584540887968 4.8
      vertex 27.10926199633097 1.0395584540887968 0.8
    endloop
  endfacet
  facet normal -0.9702957262759964 0.24192189559966815 0
    outer loop
      vertex 27.10926199633097 1.0395584540887968 0.8
      vertex 27.193691520308406 1.3781867790849958 4.8
      vertex 27.193691520308406 1.3781867790849958 0.8
    endloop
  endfacet
  facet normal -0.9510565162951524 0.30901699437495067 0
    outer loop
      vertex 27.193691520308406 1.3781867790849958 0.8
      vertex 27.30153689607046 1.7101007166283435 4.8
      vertex 27.30153689607046 1.7101007166283435 0.8
    endloop
  endfacet
  facet normal -0.9271838545667874 0.3746065934159118 0
    outer loop
      vertex 27.30153689607046 1.7101007166283435 0.8
      vertex 27.432272711786997 2.033683215379001 4.8
      vertex 27.432272711786997 2.033683215379001 0.8
    endloop
  endfacet
  facet normal -0.8987940462991676 0.4383711467890761 0
    outer loop
      vertex 27.432272711786997 2.033683215379001 0.8
      vertex 27.585262035705366 2.347357813929454 4.8
      vertex 27.585262035705366 2.347357813929454 0.8
    endloop
  endfacet
  facet normal -0.8660254037844398 0.4999999999999981 0
    outer loop
      vertex 27.585262035705366 2.347357813929454 0.8
      vertex 27.75975951921787 2.6495963211660243 4.8
      vertex 27.75975951921787 2.6495963211660243 0.8
    endloop
  endfacet
  facet normal -0.8290375725550404 0.5591929034707487 0
    outer loop
      vertex 27.75975951921787 2.6495963211660243 0.8
      vertex 27.954915028125264 2.938926261462366 4.8
      vertex 27.954915028125264 2.938926261462366 0.8
    endloop
  endfacet
  facet normal -0.7880107536067227 0.6156614753256574 0
    outer loop
      vertex 27.954915028125264 2.938926261462366 0.8
      vertex 28.16977778440511 3.2139380484326963 4.8
      vertex 28.16977778440511 3.2139380484326963 0.8
    endloop
  endfacet
  facet normal -0.743144825477395 0.6691306063588572 0
    outer loop
      vertex 28.16977778440511 3.2139380484326963 0.8
      vertex 28.403300998306744 3.4732918522949863 4.8
      vertex 28.403300998306744 3.4732918522949863 0.8
    endloop
  endfacet
  facet normal -0.6946583704589978 0.7193398003386505 0
    outer loop
      vertex 28.403300998306744 3.4732918522949863 0.8
      vertex 28.403300998306744 3.4732918522949863 4.8
      vertex 28.654346968205708 3.715724127386971 0.8
    endloop
  endfacet
  facet normal -0.642787609686538 0.766044443118979 0
    outer loop
      vertex 28.654346968205708 3.715724127386971 0.8
      vertex 28.654346968205708 3.715724127386971 4.8
      vertex 28.921692623371708 3.9400537680336094 0.8
    endloop
  endfacet
  facet normal -0.5877852522924725 0.8090169943749478 0
    outer loop
      vertex 28.921692623371708 3.9400537680336094 0.8
      vertex 28.921692623371708 3.9400537680336094 4.8
      vertex 29.204035482646265 4.145187862775208 0.8
    endloop
  endfacet
  facet normal -0.5299192642332049 0.8480480961564258 0
    outer loop
      vertex 29.204035482646265 4.145187862775208 0.8
      vertex 29.204035482646265 4.145187862775208 4.8
      vertex 29.5 4.330127018922193 0.8
    endloop
  endfacet
  facet normal -0.46947156278589336 0.8829475928589255 0
    outer loop
      vertex 29.5 4.330127018922193 0.8
      vertex 29.5 4.330127018922193 4.8
      vertex 29.80814426605461 4.493970231495835 0.8
    endloop
  endfacet
  facet normal -0.40673664307579876 0.9135454576426015 0
    outer loop
      vertex 29.80814426605461 4.493970231495835 0.8
      vertex 29.80814426605461 4.493970231495835 4.8
      vertex 30.12696703292044 4.635919272833937 0.8
    endloop
  endfacet
  facet normal -0.34202014332566677 0.9396926207859092 0
    outer loop
      vertex 30.12696703292044 4.635919272833937 0.8
      vertex 30.12696703292044 4.635919272833937 4.8
      vertex 30.454915028125264 4.755282581475767 0.8
    endloop
  endfacet
  facet normal -0.27563735581700055 0.9612616959383185 0
    outer loop
      vertex 30.454915028125264 4.755282581475767 0.8
      vertex 30.454915028125264 4.755282581475767 4.8
      vertex 30.790390522001662 4.851478631379982 0.8
    endloop
  endfacet
  facet normal -0.20791169081775765 0.9781476007338059 0
    outer loop
      vertex 30.790390522001662 4.851478631379982 0.8
      vertex 30.790390522001662 4.851478631379982 4.8
      vertex 31.13175911166535 4.92403876506104 0.8
    endloop
  endfacet
  facet normal -0.13917310096006727 0.9902680687415701 0
    outer loop
      vertex 31.13175911166535 4.92403876506104 0.8
      vertex 31.13175911166535 4.92403876506104 4.8
      vertex 31.477357683661733 4.972609476841367 0.8
    endloop
  endfacet
  facet normal -0.06975647374412466 0.9975640502598244 0
    outer loop
      vertex 31.477357683661733 4.972609476841367 0.8
      vertex 31.477357683661733 4.972609476841367 4.8
      vertex 31.825502516487497 4.9969541350954785 0.8
    endloop
  endfacet
  facet normal 0 1 0
    outer loop
      vertex 31.825502516487497 4.9969541350954785 0.8
      vertex 31.825502516487497 4.9969541350954785 4.8
      vertex 32.1744974835125 4.9969541350954785 0.8
    endloop
  endfacet
  facet normal -0.9993908270190954 0.03489949670250613 0
    outer loop
      vertex 27 0 0.8
      vertex 27 0 4.8
      vertex 27.01217974870088 0.3487823687206265 4.8
    endloop
  endfacet
  facet normal -0.9945218953682738 0.10452846326764834 0
    outer loop
      vertex 27.01217974870088 0.3487823687206265 0.8
      vertex 27.01217974870088 0.3487823687206265 4.8
      vertex 27.04865965629215 0.6958655048003272 4.8
    endloop
  endfacet
  facet normal -0.9848077530122081 0.1736481776669296 0
    outer loop
      vertex 27.04865965629215 0.6958655048003272 0.8
      vertex 27.04865965629215 0.6958655048003272 4.8
      vertex 27.10926199633097 1.0395584540887968 4.8
    endloop
  endfacet
  facet normal -0.9702957262759964 0.24192189559966815 0
    outer loop
      vertex 27.10926199633097 1.0395584540887968 0.8
      vertex 27.10926199633097 1.0395584540887968 4.8
      vertex 27.193691520308406 1.3781867790849958 4.8
    endloop
  endfacet
  facet normal -0.9510565162951524 0.30901699437495067 0
    outer loop
      vertex 27.193691520308406 1.3781867790849958 0.8
      vertex 27.193691520308406 1.3781867790849958 4.8
      vertex 27.30153689607046 1.7101007166283435 4.8
    endloop
  endfacet
  facet normal -0.9271838545667874 0.3746065934159118 0
    outer loop
      vertex 27.30153689607046 1.7101007166283435 0.8
      vertex 27.30153689607046 1.7101007166283435 4.8
      vertex 27.432272711786997 2.033683215379001 4.8
    endloop
  endfacet
  facet normal -0.8987940462991676 0.4383711467890761 0
    outer loop
      vertex 27.432272711786997 2.033683215379001 0.8
      vertex 27.432272711786997 2.033683215379001 4.8
      vertex 27.585262035705366 2.347357813929454 4.8
    endloop
  endfacet
  facet normal -0.8660254037844398 0.4999999999999981 0
    outer loop
      vertex 27.585262035705366 2.347357813929454 0.8
      vertex 27.585262035705366 2.347357813929454 4.8
      vertex 27.75975951921787 2.6495963211660243 4.8
    endloop
  endfacet
  facet normal 0 0 1
    outer loop
      vertex 27.01217974870088 -0.3487823687206265 4.8
      vertex 27.01217974870088 0.3487823687206265 4.8
      vertex 27 0 4.8
    endloop
  endfacet
  facet normal 0 0 1
    outer loop
      vertex 27.04865965629215 -0.6958655048003272 4.8
      vertex 27.04865965629215 0.6958655048003272 4.8
      vertex 27.01217974870088 0.3487823687206265 4.8
    endloop
  endfacet
  facet normal 0 0 1
    outer loop
      vertex 27.10926199633097 -1.0395584540887968 4.8
      vertex 27.10926199633097 1.0395584540887968 4.8
      vertex 27.04865965629215 0.6958655048003272 4.8
    endloop
  endfacet
  facet normal 0 0 1
    outer loop
      vertex 27.193691520308406 -1.3781867790849958 4.8
      vertex 27.193691520308406 1.3781867790849958 4.8
      vertex 27.10926199633097 1.0395584540887968 4.8
    endloop
  endfacet
  facet normal 0 0 1
    outer loop
      vertex 27.30153689607046 -1.7101007166283435 4.8
      vertex 27.30153689607046 1.7101007166283435 4.8
      vertex 27.193691520308406 1.3781867790849958 4.8
    endloop
  endfacet
  facet normal 0 0 1
    outer loop
      vertex 27.432272711786997 -2.033683215379001 4.8
      vertex 27.432272711786997 2.033683215379001 4.8
      vertex 27.30153689607046 1.7101007166283435 4.8
    endloop
  endfacet
  facet normal 0 0 1
    outer loop
      vertex 27.585262035705366 -2.347357813929454 4.8
      vertex 27.585262035705366 2.347357813929454 4.8
      vertex 27.432272711786997 2.033683215379001 4.8
    endloop
  endfacet
  facet normal 0 0 1
    outer loop
      vertex 27.75975951921787 -2.6495963211660243 4.8
      vertex 27.75975951921787 2.6495963211660243 4.8
      vertex 27.585262035705366 2.347357813929454 4.8
    endloop
  endfacet
  facet normal 0 0 1
    outer loop
      vertex 27.954915028125264 -2.938926261462366 4.8
      vertex 27.954915028125264 2.938926261462366 4.8
      vertex 27.75975951921787 2.6495963211660243 4.8
    endloop
  endfacet
  facet normal 0 0 1
    outer loop
      vertex 28.16977778440511 -3.2139380484326963 4.8
      vertex 28.16977778440511 3.2139380484326963 4.8
      vertex 27.954915028125264 2.938926261462366 4.8
    endloop
  endfacet
  facet normal 0 0 1
    outer loop
      vertex 28.403300998306744 -3.4732918522949863 4.8
      vertex 28.403300998306744 3.4732918522949863 4.8
      vertex 28.16977778440511 3.2139380484326963 4.8
    endloop
  endfacet
  facet normal 0 0 1
    outer loop
      vertex 28.654346968205708 -3.715724127386971 4.8
      vertex 28.654346968205708 3.715724127386971 4.8
      vertex 28.403300998306744 3.4732918522949863 4.8
    endloop
  endfacet
  facet normal 0 0 1
    outer loop
      vertex 28.921692623371708 -3.9400537680336094 4.8
      vertex 28.921692623371708 3.9400537680336094 4.8
      vertex 28.654346968205708 3.715724127386971 4.8
    endloop
  endfacet
  facet normal 0 0 1
    outer loop
      vertex 29.204035482646265 -4.145187862775208 4.8
      vertex 29.204035482646265 4.145187862775208 4.8
      vertex 28.921692623371708 3.9400537680336094 4.8
    endloop
  endfacet
  facet normal 0 0 1
    outer loop
      vertex 29.5 -4.330127018922193 4.8
      vertex 29.5 4.330127018922193 4.8
      vertex 29.204035482646265 4.145187862775208 4.8
    endloop
  endfacet
  facet normal 0 0 1
    outer loop
      vertex 29.80814426605461 -4.493970231495835 4.8
      vertex 29.80814426605461 4.493970231495835 4.8
      vertex 29.5 4.330127018922193 4.8
    endloop
  endfacet
  facet normal 0 0 1
    outer loop
      vertex 30.12696703292044 -4.635919272833937 4.8
      vertex 30.12696703292044 4.635919272833937 4.8
      vertex 29.80814426605461 4.493970231495835 4.8
    endloop
  endfacet
  facet normal 0 0 1
    outer loop
      vertex 30.454915028125264 -4.755282581475767 4.8
      vertex 30.454915028125264 4.755282581475767 4.8
      vertex 30.12696703292044 4.635919272833937 4.8
    endloop
  endfacet
  facet normal 0 0 1
    outer loop
      vertex 30.790390522001662 -4.851478631379982 4.8
      vertex 30.790390522001662 4.851478631379982 4.8
      vertex 30.454915028125264 4.755282581475767 4.8
    endloop
  endfacet
  facet normal 0 0 1
    outer loop
      vertex 31.13175911166535 -4.92403876506104 4.8
      vertex 31.13175911166535 4.92403876506104 4.8
      vertex 30.790390522001662 4.851478631379982 4.8
    endloop
  endfacet
  facet normal 0 0 1
    outer loop
      vertex 31.477357683661733 -4.972609476841367 4.8
      vertex 31.477357683661733 4.972609476841367 4.8
      vertex 31.13175911166535 4.92403876506104 4.8
    endloop
  endfacet
  facet normal 0 0 1
    outer loop
      vertex 31.825502516487497 -4.9969541350954785 4.8
      vertex 31.825502516487497 4.9969541350954785 4.8
      vertex 31.477357683661733 4.972609476841367 4.8
    endloop
  endfacet
  facet normal -0.8290375725550404 0.5591929034707487 0
    outer loop
      vertex 27.75975951921787 2.6495963211660243 0.8
      vertex 27.75975951921787 2.6495963211660243 4.8
      vertex 27.954915028125264 2.938926261462366 4.8
    endloop
  endfacet
  facet normal -0.7880107536067227 0.6156614753256574 0
    outer loop
      vertex 27.954915028125264 2.938926261462366 0.8
      vertex 27.954915028125264 2.938926261462366 4.8
      vertex 28.16977778440511 3.2139380484326963 4.8
    endloop
  endfacet
  facet normal -0.743144825477395 0.6691306063588572 0
    outer loop
      vertex 28.16977778440511 3.2139380484326963 0.8
      vertex 28.16977778440511 3.2139380484326963 4.8
      vertex 28.403300998306744 3.4732918522949863 4.8
    endloop
  endfacet
  facet normal -0.6946583704589978 0.7193398003386505 0
    outer loop
      vertex 28.654346968205708 3.715724127386971 0.8
      vertex 28.403300998306744 3.4732918522949863 4.8
      vertex 28.654346968205708 3.715724127386971 4.8
    endloop
  endfacet
  facet normal -0.642787609686538 0.766044443118979 0
    outer loop
      vertex 28.921692623371708 3.9400537680336094 0.8
      vertex 28.654346968205708 3.715724127386971 4.8
      vertex 28.921692623371708 3.9400537680336094 4.8
    endloop
  endfacet
  facet normal -0.5877852522924725 0.8090169943749478 0
    outer loop
      vertex 29.204035482646265 4.145187862775208 0.8
      vertex 28.921692623371708 3.9400537680336094 4.8
      vertex 29.204035482646265 4.145187862775208 4.8
    endloop
  endfacet
  facet normal -0.5299192642332049 0.8480480961564258 0
    outer loop
      vertex 29.5 4.330127018922193 0.8
      vertex 29.204035482646265 4.145187862775208 4.8
      vertex 29.5 4.330127018922193 4.8
    endloop
  endfacet
  facet normal -0.46947156278589336 0.8829475928589255 0
    outer loop
      vertex 29.80814426605461 4.493970231495835 0.8
      vertex 29.5 4.330127018922193 4.8
      vertex 29.80814426605461 4.493970231495835 4.8
    endloop
  endfacet
  facet normal -0.40673664307579876 0.9135454576426015 0
    outer loop
      vertex 30.12696703292044 4.635919272833937 0.8
      vertex 29.80814426605461 4.493970231495835 4.8
      vertex 30.12696703292044 4.635919272833937 4.8
    endloop
  endfacet
  facet normal -0.34202014332566677 0.9396926207859092 0
    outer loop
      vertex 30.454915028125264 4.755282581475767 0.8
      vertex 30.12696703292044 4.635919272833937 4.8
      vertex 30.454915028125264 4.755282581475767 4.8
    endloop
  endfacet
  facet normal -0.27563735581700055 0.9612616959383185 0
    outer loop
      vertex 30.790390522001662 4.851478631379982 0.8
      vertex 30.454915028125264 4.755282581475767 4.8
      vertex 30.790390522001662 4.851478631379982 4.8
    endloop
  endfacet
  facet normal -0.20791169081775765 0.9781476007338059 0
    outer loop
      vertex 31.13175911166535 4.92403876506104 0.8
      vertex 30.790390522001662 4.851478631379982 4.8
      vertex 31.13175911166535 4.92403876506104 4.8
    endloop
  endfacet
  facet normal -0.13917310096006727 0.9902680687415701 0
    outer loop
      vertex 31.477357683661733 4.972609476841367 0.8
      vertex 31.13175911166535 4.92403876506104 4.8
      vertex 31.477357683661733 4.972609476841367 4.8
    endloop
  endfacet
  facet normal -0.06975647374412466 0.9975640502598244 0
    outer loop
      vertex 31.825502516487497 4.9969541350954785 0.8
      vertex 31.477357683661733 4.972609476841367 4.8
      vertex 31.825502516487497 4.9969541350954785 4.8
    endloop
  endfacet
  facet normal 0 -1 0
    outer loop
      vertex 31.825502516487497 -4.9969541350954785 0.8
      vertex 32.1744974835125 -4.9969541350954785 0.8
      vertex 32.1744974835125 -4.9969541350954785 4.8
    endloop
  endfacet
  facet normal 0.06975647374412394 -0.9975640502598244 0
    outer loop
      vertex 32.1744974835125 -4.9969541350954785 0.8
      vertex 32.52264231633827 -4.972609476841367 0.8
      vertex 32.52264231633827 -4.972609476841367 4.8
    endloop
  endfacet
  facet normal 0.13917310096006727 -0.9902680687415701 0
    outer loop
      vertex 32.52264231633827 -4.972609476841367 0.8
      vertex 32.868240888334654 -4.92403876506104 0.8
      vertex 32.868240888334654 -4.92403876506104 4.8
    endloop
  endfacet
  facet normal 0.20791169081775765 -0.9781476007338059 0
    outer loop
      vertex 32.868240888334654 -4.92403876506104 0.8
      vertex 33.20960947799834 -4.851478631379982 0.8
      vertex 33.20960947799834 -4.851478631379982 4.8
    endloop
  endfacet
  facet normal 0.27563735581700327 -0.9612616959383178 0
    outer loop
      vertex 33.20960947799834 -4.851478631379982 0.8
      vertex 33.545084971874736 -4.755282581475767 0.8
      vertex 33.545084971874736 -4.755282581475767 4.8
    endloop
  endfacet
  facet normal 0.34202014332566677 -0.9396926207859092 0
    outer loop
      vertex 33.545084971874736 -4.755282581475767 0.8
      vertex 33.87303296707956 -4.635919272833937 0.8
      vertex 33.87303296707956 -4.635919272833937 4.8
    endloop
  endfacet
  facet normal 0.40673664307579876 -0.9135454576426015 0
    outer loop
      vertex 33.87303296707956 -4.635919272833937 0.8
      vertex 34.19185573394539 -4.493970231495835 0.8
      vertex 34.19185573394539 -4.493970231495835 4.8
    endloop
  endfacet
  facet normal 0.46947156278589336 -0.8829475928589255 0
    outer loop
      vertex 34.19185573394539 -4.493970231495835 0.8
      vertex 34.5 -4.330127018922193 0.8
      vertex 34.5 -4.330127018922193 4.8
    endloop
  endfacet
  facet normal 0.5299192642332003 -0.8480480961564288 0
    outer loop
      vertex 34.5 -4.330127018922193 0.8
      vertex 34.79596451735374 -4.145187862775208 0.8
      vertex 34.79596451735374 -4.145187862775208 4.8
    endloop
  endfacet
  facet normal 0.5877852522924821 -0.8090169943749409 0
    outer loop
      vertex 34.79596451735374 -4.145187862775208 0.8
      vertex 35.07830737662829 -3.9400537680336094 0.8
      vertex 35.07830737662829 -3.9400537680336094 4.8
    endloop
  endfacet
  facet normal 0.6427876096865331 -0.7660444431189833 0
    outer loop
      vertex 35.07830737662829 -3.9400537680336094 0.8
      vertex 35.34565303179429 -3.715724127386971 0.8
      vertex 35.34565303179429 -3.715724127386971 4.8
    endloop
  endfacet
  facet normal 0.6946583704590029 -0.7193398003386456 0
    outer loop
      vertex 35.34565303179429 -3.715724127386971 0.8
      vertex 35.59669900169325 -3.4732918522949863 0.8
      vertex 35.59669900169325 -3.4732918522949863 4.8
    endloop
  endfacet
  facet normal 0.743144825477395 -0.6691306063588572 0
    outer loop
      vertex 35.59669900169325 -3.4732918522949863 0.8
      vertex 35.83022221559489 -3.2139380484326963 0.8
      vertex 35.59669900169325 -3.4732918522949863 4.8
    endloop
  endfacet
  facet normal 0.7880107536067177 -0.6156614753256637 0
    outer loop
      vertex 35.83022221559489 -3.2139380484326963 0.8
      vertex 36.045084971874736 -2.938926261462366 0.8
      vertex 35.83022221559489 -3.2139380484326963 4.8
    endloop
  endfacet
  facet normal 0.8290375725550451 -0.5591929034707417 0
    outer loop
      vertex 36.045084971874736 -2.938926261462366 0.8
      vertex 36.24024048078213 -2.6495963211660243 0.8
      vertex 36.045084971874736 -2.938926261462366 4.8
    endloop
  endfacet
  facet normal 0.866025403784431 -0.5000000000000133 0
    outer loop
      vertex 36.24024048078213 -2.6495963211660243 0.8
      vertex 36.41473796429464 -2.347357813929454 0.8
      vertex 36.24024048078213 -2.6495963211660243 4.8
    endloop
  endfacet
  facet normal 0.8987940462991676 -0.4383711467890761 0
    outer loop
      vertex 36.41473796429464 -2.347357813929454 0.8
      vertex 36.56772728821301 -2.033683215379001 0.8
      vertex 36.41473796429464 -2.347357813929454 4.8
    endloop
  endfacet
  facet normal 0.927183854566791 -0.374606593415903 0
    outer loop
      vertex 36.56772728821301 -2.033683215379001 0.8
      vertex 36.69846310392954 -1.7101007166283435 0.8
      vertex 36.56772728821301 -2.033683215379001 4.8
    endloop
  endfacet
  facet normal 0.9510565162951524 -0.30901699437495067 0
    outer loop
      vertex 36.69846310392954 -1.7101007166283435 0.8
      vertex 36.806308479691594 -1.3781867790849958 0.8
      vertex 36.69846310392954 -1.7101007166283435 4.8
    endloop
  endfacet
  facet normal 0.9702957262759964 -0.24192189559966815 0
    outer loop
      vertex 36.806308479691594 -1.3781867790849958 0.8
      vertex 36.89073800366903 -1.0395584540887968 0.8
      vertex 36.806308479691594 -1.3781867790849958 4.8
    endloop
  endfacet
  facet normal 0.9848077530122065 -0.1736481776669395 0
    outer loop
      vertex 36.89073800366903 -1.0395584540887968 0.8
      vertex 36.951340343707855 -0.6958655048003272 0.8
      vertex 36.89073800366903 -1.0395584540887968 4.8
    endloop
  endfacet
  facet normal 0.994521895368275 -0.10452846326763827 0
    outer loop
      vertex 36.951340343707855 -0.6958655048003272 0.8
      vertex 36.98782025129912 -0.3487823687206265 0.8
      vertex 36.951340343707855 -0.6958655048003272 4.8
    endloop
  endfacet
  facet normal 0.9993908270190954 -0.03489949670250613 0
    outer loop
      vertex 36.98782025129912 -0.3487823687206265 0.8
      vertex 37 0 0.8
      vertex 36.98782025129912 -0.3487823687206265 4.8
    endloop
  endfacet
  facet normal 0.06975647374412394 -0.9975640502598244 0
    outer loop
      vertex 32.1744974835125 -4.9969541350954785 0.8
      vertex 32.52264231633827 -4.972609476841367 4.8
      vertex 32.1744974835125 -4.9969541350954785 4.8
    endloop
  endfacet
  facet normal 0.13917310096006727 -0.9902680687415701 0
    outer loop
      vertex 32.52264231633827 -4.972609476841367 0.8
      vertex 32.868240888334654 -4.92403876506104 4.8
      vertex 32.52264231633827 -4.972609476841367 4.8
    endloop
  endfacet
  facet normal 0.20791169081775765 -0.9781476007338059 0
    outer loop
      vertex 32.868240888334654 -4.92403876506104 0.8
      vertex 33.20960947799834 -4.851478631379982 4.8
      vertex 32.868240888334654 -4.92403876506104 4.8
    endloop
  endfacet
  facet normal 0.27563735581700327 -0.9612616959383178 0
    outer loop
      vertex 33.20960947799834 -4.851478631379982 0.8
      vertex 33.545084971874736 -4.755282581475767 4.8
      vertex 33.20960947799834 -4.851478631379982 4.8
    endloop
  endfacet
  facet normal 0.34202014332566677 -0.9396926207859092 0
    outer loop
      vertex 33.545084971874736 -4.755282581475767 0.8
      vertex 33.87303296707956 -4.635919272833937 4.8
      vertex 33.545084971874736 -4.755282581475767 4.8
    endloop
  endfacet
  facet normal 0.40673664307579876 -0.9135454576426015 0
    outer loop
      vertex 33.87303296707956 -4.635919272833937 0.8
      vertex 34.19185573394539 -4.493970231495835 4.8
      vertex 33.87303296707956 -4.635919272833937 4.8
    endloop
  endfacet
  facet normal 0.46947156278589336 -0.8829475928589255 0
    outer loop
      vertex 34.19185573394539 -4.493970231495835 0.8
      vertex 34.5 -4.330127018922193 4.8
      vertex 34.19185573394539 -4.493970231495835 4.8
    endloop
  endfacet
  facet normal 0.5299192642332003 -0.8480480961564288 0
    outer loop
      vertex 34.5 -4.330127018922193 0.8
      vertex 34.79596451735374 -4.145187862775208 4.8
      vertex 34.5 -4.330127018922193 4.8
    endloop
  endfacet
  facet normal 0.5877852522924821 -0.8090169943749409 0
    outer loop
      vertex 34.79596451735374 -4.145187862775208 0.8
      vertex 35.07830737662829 -3.9400537680336094 4.8
      vertex 34.79596451735374 -4.145187862775208 4.8
    endloop
  endfacet
  facet normal 0.6427876096865331 -0.7660444431189833 0
    outer loop
      vertex 35.07830737662829 -3.9400537680336094 0.8
      vertex 35.34565303179429 -3.715724127386971 4.8
      vertex 35.07830737662829 -3.9400537680336094 4.8
    endloop
  endfacet
  facet normal 0.6946583704590029 -0.7193398003386456 0
    outer loop
      vertex 35.34565303179429 -3.715724127386971 0.8
      vertex 35.59669900169325 -3.4732918522949863 4.8
      vertex 35.34565303179429 -3.715724127386971 4.8
    endloop
  endfacet
  facet normal 0.743144825477395 -0.6691306063588572 0
    outer loop
      vertex 35.83022221559489 -3.2139380484326963 0.8
      vertex 35.83022221559489 -3.2139380484326963 4.8
      vertex 35.59669900169325 -3.4732918522949863 4.8
    endloop
  endfacet
  facet normal 0.7880107536067177 -0.6156614753256637 0
    outer loop
      vertex 36.045084971874736 -2.938926261462366 0.8
      vertex 36.045084971874736 -2.938926261462366 4.8
      vertex 35.83022221559489 -3.2139380484326963 4.8
    endloop
  endfacet
  facet normal 0.8290375725550451 -0.5591929034707417 0
    outer loop
      vertex 36.24024048078213 -2.6495963211660243 0.8
      vertex 36.24024048078213 -2.6495963211660243 4.8
      vertex 36.045084971874736 -2.938926261462366 4.8
    endloop
  endfacet
  facet normal 0.866025403784431 -0.5000000000000133 0
    outer loop
      vertex 36.41473796429464 -2.347357813929454 0.8
      vertex 36.41473796429464 -2.347357813929454 4.8
      vertex 36.24024048078213 -2.6495963211660243 4.8
    endloop
  endfacet
  facet normal 0.8987940462991676 -0.4383711467890761 0
    outer loop
      vertex 36.56772728821301 -2.033683215379001 0.8
      vertex 36.56772728821301 -2.033683215379001 4.8
      vertex 36.41473796429464 -2.347357813929454 4.8
    endloop
  endfacet
  facet normal 0.927183854566791 -0.374606593415903 0
    outer loop
      vertex 36.69846310392954 -1.7101007166283435 0.8
      vertex 36.69846310392954 -1.7101007166283435 4.8
      vertex 36.56772728821301 -2.033683215379001 4.8
    endloop
  endfacet
  facet normal 0.9510565162951524 -0.30901699437495067 0
    outer loop
      vertex 36.806308479691594 -1.3781867790849958 0.8
      vertex 36.806308479691594 -1.3781867790849958 4.8
      vertex 36.69846310392954 -1.7101007166283435 4.8
    endloop
  endfacet
  facet normal 0.9702957262759964 -0.24192189559966815 0
    outer loop
      vertex 36.89073800366903 -1.0395584540887968 0.8
      vertex 36.89073800366903 -1.0395584540887968 4.8
      vertex 36.806308479691594 -1.3781867790849958 4.8
    endloop
  endfacet
  facet normal 0.9848077530122065 -0.1736481776669395 0
    outer loop
      vertex 36.951340343707855 -0.6958655048003272 0.8
      vertex 36.951340343707855 -0.6958655048003272 4.8
      vertex 36.89073800366903 -1.0395584540887968 4.8
    endloop
  endfacet
  facet normal 0.994521895368275 -0.10452846326763827 0
    outer loop
      vertex 36.98782025129912 -0.3487823687206265 0.8
      vertex 36.98782025129912 -0.3487823687206265 4.8
      vertex 36.951340343707855 -0.6958655048003272 4.8
    endloop
  endfacet
  facet normal 0.9993908270190954 -0.03489949670250613 0
    outer loop
      vertex 36.98782025129912 -0.3487823687206265 4.8
      vertex 37 0 0.8
      vertex 37 0 4.8
    endloop
  endfacet
  facet normal 0 0 1
    outer loop
      vertex 32.1744974835125 -4.9969541350954785 4.8
      vertex 32.52264231633827 -4.972609476841367 4.8
      vertex 32.1744974835125 4.9969541350954785 4.8
    endloop
  endfacet
  facet normal 0 0 1
    outer loop
      vertex 32.52264231633827 -4.972609476841367 4.8
      vertex 32.868240888334654 -4.92403876506104 4.8
      vertex 32.52264231633827 4.972609476841367 4.8
    endloop
  endfacet
  facet normal 0 0 1
    outer loop
      vertex 32.868240888334654 -4.92403876506104 4.8
      vertex 33.20960947799834 -4.851478631379982 4.8
      vertex 32.868240888334654 4.92403876506104 4.8
    endloop
  endfacet
  facet normal 0 0 1
    outer loop
      vertex 33.20960947799834 -4.851478631379982 4.8
      vertex 33.545084971874736 -4.755282581475767 4.8
      vertex 33.20960947799834 4.851478631379982 4.8
    endloop
  endfacet
  facet normal 0 0 1
    outer loop
      vertex 33.545084971874736 -4.755282581475767 4.8
      vertex 33.87303296707956 -4.635919272833937 4.8
      vertex 33.545084971874736 4.755282581475767 4.8
    endloop
  endfacet
  facet normal 0 0 1
    outer loop
      vertex 33.87303296707956 -4.635919272833937 4.8
      vertex 34.19185573394539 -4.493970231495835 4.8
      vertex 33.87303296707956 4.635919272833937 4.8
    endloop
  endfacet
  facet normal 0 0 1
    outer loop
      vertex 34.19185573394539 -4.493970231495835 4.8
      vertex 34.5 -4.330127018922193 4.8
      vertex 34.19185573394539 4.493970231495835 4.8
    endloop
  endfacet
  facet normal 0 0 1
    outer loop
      vertex 34.5 -4.330127018922193 4.8
      vertex 34.79596451735374 -4.145187862775208 4.8
      vertex 34.5 4.330127018922193 4.8
    endloop
  endfacet
  facet normal 0 0 1
    outer loop
      vertex 34.79596451735374 -4.145187862775208 4.8
      vertex 35.07830737662829 -3.9400537680336094 4.8
      vertex 34.79596451735374 4.145187862775208 4.8
    endloop
  endfacet
  facet normal 0 0 1
    outer loop
      vertex 35.07830737662829 -3.9400537680336094 4.8
      vertex 35.34565303179429 -3.715724127386971 4.8
      vertex 35.07830737662829 3.9400537680336094 4.8
    endloop
  endfacet
  facet normal 0 0 1
    outer loop
      vertex 35.34565303179429 -3.715724127386971 4.8
      vertex 35.59669900169325 -3.4732918522949863 4.8
      vertex 35.34565303179429 3.715724127386971 4.8
    endloop
  endfacet
  facet normal 0 0 1
    outer loop
      vertex 35.59669900169325 -3.4732918522949863 4.8
      vertex 35.83022221559489 -3.2139380484326963 4.8
      vertex 35.59669900169325 3.4732918522949863 4.8
    endloop
  endfacet
  facet normal 0 0 1
    outer loop
      vertex 35.83022221559489 -3.2139380484326963 4.8
      vertex 36.045084971874736 -2.938926261462366 4.8
      vertex 35.83022221559489 3.2139380484326963 4.8
    endloop
  endfacet
  facet normal 0 0 1
    outer loop
      vertex 36.045084971874736 -2.938926261462366 4.8
      vertex 36.24024048078213 -2.6495963211660243 4.8
      vertex 36.045084971874736 2.938926261462366 4.8
    endloop
  endfacet
  facet normal 0 0 1
    outer loop
      vertex 36.24024048078213 -2.6495963211660243 4.8
      vertex 36.41473796429464 -2.347357813929454 4.8
      vertex 36.24024048078213 2.6495963211660243 4.8
    endloop
  endfacet
  facet normal 0 0 1
    outer loop
      vertex 36.41473796429464 -2.347357813929454 4.8
      vertex 36.56772728821301 -2.033683215379001 4.8
      vertex 36.41473796429464 2.347357813929454 4.8
    endloop
  endfacet
  facet normal 0 0 1
    outer loop
      vertex 36.56772728821301 -2.033683215379001 4.8
      vertex 36.69846310392954 -1.7101007166283435 4.8
      vertex 36.56772728821301 2.033683215379001 4.8
    endloop
  endfacet
  facet normal 0 0 1
    outer loop
      vertex 36.69846310392954 -1.7101007166283435 4.8
      vertex 36.806308479691594 -1.3781867790849958 4.8
      vertex 36.69846310392954 1.7101007166283435 4.8
    endloop
  endfacet
  facet normal 0 0 1
    outer loop
      vertex 36.806308479691594 -1.3781867790849958 4.8
      vertex 36.89073800366903 -1.0395584540887968 4.8
      vertex 36.806308479691594 1.3781867790849958 4.8
    endloop
  endfacet
  facet normal 0 0 1
    outer loop
      vertex 36.89073800366903 -1.0395584540887968 4.8
      vertex 36.951340343707855 -0.6958655048003272 4.8
      vertex 36.89073800366903 1.0395584540887968 4.8
    endloop
  endfacet
  facet normal 0 0 1
    outer loop
      vertex 36.951340343707855 -0.6958655048003272 4.8
      vertex 36.98782025129912 -0.3487823687206265 4.8
      vertex 36.951340343707855 0.6958655048003272 4.8
    endloop
  endfacet
  facet normal 0.9993908270190954 0.03489949670250613 0
    outer loop
      vertex 37 0 0.8
      vertex 36.98782025129912 0.3487823687206265 0.8
      vertex 37 0 4.8
    endloop
  endfacet
  facet normal 0.994521895368275 0.10452846326763827 0
    outer loop
      vertex 36.98782025129912 0.3487823687206265 0.8
      vertex 36.951340343707855 0.6958655048003272 0.8
      vertex 36.98782025129912 0.3487823687206265 4.8
    endloop
  endfacet
  facet normal 0.9848077530122065 0.1736481776669395 0
    outer loop
      vertex 36.951340343707855 0.6958655048003272 0.8
      vertex 36.89073800366903 1.0395584540887968 0.8
      vertex 36.951340343707855 0.6958655048003272 4.8
    endloop
  endfacet
  facet normal 0.9702957262759964 0.24192189559966815 0
    outer loop
      vertex 36.89073800366903 1.0395584540887968 0.8
      vertex 36.806308479691594 1.3781867790849958 0.8
      vertex 36.89073800366903 1.0395584540887968 4.8
    endloop
  endfacet
  facet normal 0.8987940462991676 0.4383711467890761 0
    outer loop
      vertex 36.56772728821301 2.033683215379001 0.8
      vertex 36.41473796429464 2.347357813929454 0.8
      vertex 36.56772728821301 2.033683215379001 4.8
    endloop
  endfacet
  facet normal 0.866025403784431 0.5000000000000133 0
    outer loop
      vertex 36.41473796429464 2.347357813929454 0.8
      vertex 36.24024048078213 2.6495963211660243 0.8
      vertex 36.41473796429464 2.347357813929454 4.8
    endloop
  endfacet
  facet normal 0.9510565162951524 0.30901699437495067 0
    outer loop
      vertex 36.806308479691594 1.3781867790849958 0.8
      vertex 36.69846310392954 1.7101007166283435 0.8
      vertex 36.806308479691594 1.3781867790849958 4.8
    endloop
  endfacet
  facet normal 0.927183854566791 0.374606593415903 0
    outer loop
      vertex 36.69846310392954 1.7101007166283435 0.8
      vertex 36.56772728821301 2.033683215379001 0.8
      vertex 36.69846310392954 1.7101007166283435 4.8
    endloop
  endfacet
  facet normal 0.8290375725550451 0.5591929034707417 0
    outer loop
      vertex 36.045084971874736 2.938926261462366 0.8
      vertex 36.24024048078213 2.6495963211660243 4.8
      vertex 36.24024048078213 2.6495963211660243 0.8
    endloop
  endfacet
  facet normal 0.7880107536067177 0.6156614753256637 0
    outer loop
      vertex 36.045084971874736 2.938926261462366 0.8
      vertex 35.83022221559489 3.2139380484326963 0.8
      vertex 36.045084971874736 2.938926261462366 4.8
    endloop
  endfacet
  facet normal 0.743144825477395 0.6691306063588572 0
    outer loop
      vertex 35.59669900169325 3.4732918522949863 0.8
      vertex 35.83022221559489 3.2139380484326963 4.8
      vertex 35.83022221559489 3.2139380484326963 0.8
    endloop
  endfacet
  facet normal 0.6946583704590029 0.7193398003386456 0
    outer loop
      vertex 35.34565303179429 3.715724127386971 0.8
      vertex 35.34565303179429 3.715724127386971 4.8
      vertex 35.59669900169325 3.4732918522949863 0.8
    endloop
  endfacet
  facet normal 0.6427876096865331 0.7660444431189833 0
    outer loop
      vertex 35.34565303179429 3.715724127386971 0.8
      vertex 35.07830737662829 3.9400537680336094 0.8
      vertex 35.07830737662829 3.9400537680336094 4.8
    endloop
  endfacet
  facet normal 0.5877852522924821 0.8090169943749409 0
    outer loop
      vertex 34.79596451735374 4.145187862775208 0.8
      vertex 34.79596451735374 4.145187862775208 4.8
      vertex 35.07830737662829 3.9400537680336094 0.8
    endloop
  endfacet
  facet normal 0.5299192642332003 0.8480480961564288 0
    outer loop
      vertex 34.5 4.330127018922193 0.8
      vertex 34.5 4.330127018922193 4.8
      vertex 34.79596451735374 4.145187862775208 0.8
    endloop
  endfacet
  facet normal 0.46947156278589336 0.8829475928589255 0
    outer loop
      vertex 34.19185573394539 4.493970231495835 0.8
      vertex 34.19185573394539 4.493970231495835 4.8
      vertex 34.5 4.330127018922193 0.8
    endloop
  endfacet
  facet normal 0.40673664307579876 0.9135454576426015 0
    outer loop
      vertex 33.87303296707956 4.635919272833937 0.8
      vertex 33.87303296707956 4.635919272833937 4.8
      vertex 34.19185573394539 4.493970231495835 0.8
    endloop
  endfacet
  facet normal 0.06975647374412394 0.9975640502598244 0
    outer loop
      vertex 32.1744974835125 4.9969541350954785 0.8
      vertex 32.1744974835125 4.9969541350954785 4.8
      vertex 32.52264231633827 4.972609476841367 0.8
    endloop
  endfacet
  facet normal 0.20791169081775765 0.9781476007338059 0
    outer loop
      vertex 32.868240888334654 4.92403876506104 0.8
      vertex 32.868240888334654 4.92403876506104 4.8
      vertex 33.20960947799834 4.851478631379982 0.8
    endloop
  endfacet
  facet normal 0.13917310096006727 0.9902680687415701 0
    outer loop
      vertex 32.52264231633827 4.972609476841367 0.8
      vertex 32.52264231633827 4.972609476841367 4.8
      vertex 32.868240888334654 4.92403876506104 0.8
    endloop
  endfacet
  facet normal 0.34202014332566677 0.9396926207859092 0
    outer loop
      vertex 33.545084971874736 4.755282581475767 0.8
      vertex 33.545084971874736 4.755282581475767 4.8
      vertex 33.87303296707956 4.635919272833937 0.8
    endloop
  endfacet
  facet normal 0.27563735581700327 0.9612616959383178 0
    outer loop
      vertex 33.20960947799834 4.851478631379982 0.8
      vertex 33.20960947799834 4.851478631379982 4.8
      vertex 33.545084971874736 4.755282581475767 0.8
    endloop
  endfacet
  facet normal 0.9993908270190954 0.03489949670250613 0
    outer loop
      vertex 36.98782025129912 0.3487823687206265 0.8
      vertex 36.98782025129912 0.3487823687206265 4.8
      vertex 37 0 4.8
    endloop
  endfacet
  facet normal 0.994521895368275 0.10452846326763827 0
    outer loop
      vertex 36.951340343707855 0.6958655048003272 0.8
      vertex 36.951340343707855 0.6958655048003272 4.8
      vertex 36.98782025129912 0.3487823687206265 4.8
    endloop
  endfacet
  facet normal 0.9848077530122065 0.1736481776669395 0
    outer loop
      vertex 36.89073800366903 1.0395584540887968 0.8
      vertex 36.89073800366903 1.0395584540887968 4.8
      vertex 36.951340343707855 0.6958655048003272 4.8
    endloop
  endfacet
  facet normal 0.927183854566791 0.374606593415903 0
    outer loop
      vertex 36.56772728821301 2.033683215379001 0.8
      vertex 36.56772728821301 2.033683215379001 4.8
      vertex 36.69846310392954 1.7101007166283435 4.8
    endloop
  endfacet
  facet normal 0.8987940462991676 0.4383711467890761 0
    outer loop
      vertex 36.41473796429464 2.347357813929454 0.8
      vertex 36.41473796429464 2.347357813929454 4.8
      vertex 36.56772728821301 2.033683215379001 4.8
    endloop
  endfacet
  facet normal 0.9702957262759964 0.24192189559966815 0
    outer loop
      vertex 36.806308479691594 1.3781867790849958 0.8
      vertex 36.806308479691594 1.3781867790849958 4.8
      vertex 36.89073800366903 1.0395584540887968 4.8
    endloop
  endfacet
  facet normal 0.9510565162951524 0.30901699437495067 0
    outer loop
      vertex 36.69846310392954 1.7101007166283435 0.8
      vertex 36.69846310392954 1.7101007166283435 4.8
      vertex 36.806308479691594 1.3781867790849958 4.8
    endloop
  endfacet
  facet normal 0 0 1
    outer loop
      vertex 36.56772728821301 -2.033683215379001 4.8
      vertex 36.56772728821301 2.033683215379001 4.8
      vertex 36.41473796429464 2.347357813929454 4.8
    endloop
  endfacet
  facet normal 0 0 1
    outer loop
      vertex 36.41473796429464 -2.347357813929454 4.8
      vertex 36.41473796429464 2.347357813929454 4.8
      vertex 36.24024048078213 2.6495963211660243 4.8
    endloop
  endfacet
  facet normal 0 0 1
    outer loop
      vertex 36.045084971874736 -2.938926261462366 4.8
      vertex 36.045084971874736 2.938926261462366 4.8
      vertex 35.83022221559489 3.2139380484326963 4.8
    endloop
  endfacet
  facet normal 0 0 1
    outer loop
      vertex 36.24024048078213 -2.6495963211660243 4.8
      vertex 36.24024048078213 2.6495963211660243 4.8
      vertex 36.045084971874736 2.938926261462366 4.8
    endloop
  endfacet
  facet normal 0 0 1
    outer loop
      vertex 35.83022221559489 -3.2139380484326963 4.8
      vertex 35.83022221559489 3.2139380484326963 4.8
      vertex 35.59669900169325 3.4732918522949863 4.8
    endloop
  endfacet
  facet normal 0 0 1
    outer loop
      vertex 35.59669900169325 -3.4732918522949863 4.8
      vertex 35.59669900169325 3.4732918522949863 4.8
      vertex 35.34565303179429 3.715724127386971 4.8
    endloop
  endfacet
  facet normal 0 0 1
    outer loop
      vertex 36.98782025129912 -0.3487823687206265 4.8
      vertex 37 0 4.8
      vertex 36.98782025129912 0.3487823687206265 4.8
    endloop
  endfacet
  facet normal 0 0 1
    outer loop
      vertex 36.98782025129912 -0.3487823687206265 4.8
      vertex 36.98782025129912 0.3487823687206265 4.8
      vertex 36.951340343707855 0.6958655048003272 4.8
    endloop
  endfacet
  facet normal 0 0 1
    outer loop
      vertex 36.951340343707855 -0.6958655048003272 4.8
      vertex 36.951340343707855 0.6958655048003272 4.8
      vertex 36.89073800366903 1.0395584540887968 4.8
    endloop
  endfacet
  facet normal 0 0 1
    outer loop
      vertex 36.89073800366903 -1.0395584540887968 4.8
      vertex 36.89073800366903 1.0395584540887968 4.8
      vertex 36.806308479691594 1.3781867790849958 4.8
    endloop
  endfacet
  facet normal 0 0 1
    outer loop
      vertex 36.806308479691594 -1.3781867790849958 4.8
      vertex 36.806308479691594 1.3781867790849958 4.8
      vertex 36.69846310392954 1.7101007166283435 4.8
    endloop
  endfacet
  facet normal 0 0 1
    outer loop
      vertex 36.69846310392954 -1.7101007166283435 4.8
      vertex 36.69846310392954 1.7101007166283435 4.8
      vertex 36.56772728821301 2.033683215379001 4.8
    endloop
  endfacet
  facet normal 0 0 1
    outer loop
      vertex 34.19185573394539 -4.493970231495835 4.8
      vertex 34.19185573394539 4.493970231495835 4.8
      vertex 33.87303296707956 4.635919272833937 4.8
    endloop
  endfacet
  facet normal 0 0 1
    outer loop
      vertex 31.825502516487497 4.9969541350954785 4.8
      vertex 32.1744974835125 -4.9969541350954785 4.8
      vertex 32.1744974835125 4.9969541350954785 4.8
    endloop
  endfacet
  facet normal 0 0 1
    outer loop
      vertex 32.52264231633827 -4.972609476841367 4.8
      vertex 32.52264231633827 4.972609476841367 4.8
      vertex 32.1744974835125 4.9969541350954785 4.8
    endloop
  endfacet
  facet normal 0 0 1
    outer loop
      vertex 32.868240888334654 -4.92403876506104 4.8
      vertex 32.868240888334654 4.92403876506104 4.8
      vertex 32.52264231633827 4.972609476841367 4.8
    endloop
  endfacet
  facet normal 0 0 1
    outer loop
      vertex 33.20960947799834 -4.851478631379982 4.8
      vertex 33.20960947799834 4.851478631379982 4.8
      vertex 32.868240888334654 4.92403876506104 4.8
    endloop
  endfacet
  facet normal 0 0 1
    outer loop
      vertex 33.545084971874736 -4.755282581475767 4.8
      vertex 33.545084971874736 4.755282581475767 4.8
      vertex 33.20960947799834 4.851478631379982 4.8
    endloop
  endfacet
  facet normal 0 0 1
    outer loop
      vertex 33.87303296707956 -4.635919272833937 4.8
      vertex 33.87303296707956 4.635919272833937 4.8
      vertex 33.545084971874736 4.755282581475767 4.8
    endloop
  endfacet
  facet normal 0 0 1
    outer loop
      vertex 35.34565303179429 -3.715724127386971 4.8
      vertex 35.34565303179429 3.715724127386971 4.8
      vertex 35.07830737662829 3.9400537680336094 4.8
    endloop
  endfacet
  facet normal 0 0 1
    outer loop
      vertex 35.07830737662829 -3.9400537680336094 4.8
      vertex 35.07830737662829 3.9400537680336094 4.8
      vertex 34.79596451735374 4.145187862775208 4.8
    endloop
  endfacet
  facet normal 0 0 1
    outer loop
      vertex 34.79596451735374 -4.145187862775208 4.8
      vertex 34.79596451735374 4.145187862775208 4.8
      vertex 34.5 4.330127018922193 4.8
    endloop
  endfacet
  facet normal 0 0 1
    outer loop
      vertex 34.5 -4.330127018922193 4.8
      vertex 34.5 4.330127018922193 4.8
      vertex 34.19185573394539 4.493970231495835 4.8
    endloop
  endfacet
  facet normal 0.866025403784431 0.5000000000000133 0
    outer loop
      vertex 36.24024048078213 2.6495963211660243 0.8
      vertex 36.24024048078213 2.6495963211660243 4.8
      vertex 36.41473796429464 2.347357813929454 4.8
    endloop
  endfacet
  facet normal 0.8290375725550451 0.5591929034707417 0
    outer loop
      vertex 36.045084971874736 2.938926261462366 0.8
      vertex 36.045084971874736 2.938926261462366 4.8
      vertex 36.24024048078213 2.6495963211660243 4.8
    endloop
  endfacet
  facet normal 0.7880107536067177 0.6156614753256637 0
    outer loop
      vertex 35.83022221559489 3.2139380484326963 0.8
      vertex 35.83022221559489 3.2139380484326963 4.8
      vertex 36.045084971874736 2.938926261462366 4.8
    endloop
  endfacet
  facet normal 0.743144825477395 0.6691306063588572 0
    outer loop
      vertex 35.59669900169325 3.4732918522949863 0.8
      vertex 35.59669900169325 3.4732918522949863 4.8
      vertex 35.83022221559489 3.2139380484326963 4.8
    endloop
  endfacet
  facet normal 0.6946583704590029 0.7193398003386456 0
    outer loop
      vertex 35.59669900169325 3.4732918522949863 0.8
      vertex 35.34565303179429 3.715724127386971 4.8
      vertex 35.59669900169325 3.4732918522949863 4.8
    endloop
  endfacet
  facet normal 0.6427876096865331 0.7660444431189833 0
    outer loop
      vertex 35.34565303179429 3.715724127386971 0.8
      vertex 35.07830737662829 3.9400537680336094 4.8
      vertex 35.34565303179429 3.715724127386971 4.8
    endloop
  endfacet
  facet normal 0.5877852522924821 0.8090169943749409 0
    outer loop
      vertex 35.07830737662829 3.9400537680336094 0.8
      vertex 34.79596451735374 4.145187862775208 4.8
      vertex 35.07830737662829 3.9400537680336094 4.8
    endloop
  endfacet
  facet normal 0.5299192642332003 0.8480480961564288 0
    outer loop
      vertex 34.79596451735374 4.145187862775208 0.8
      vertex 34.5 4.330127018922193 4.8
      vertex 34.79596451735374 4.145187862775208 4.8
    endloop
  endfacet
  facet normal 0.40673664307579876 0.9135454576426015 0
    outer loop
      vertex 34.19185573394539 4.493970231495835 0.8
      vertex 33.87303296707956 4.635919272833937 4.8
      vertex 34.19185573394539 4.493970231495835 4.8
    endloop
  endfacet
  facet normal 0.34202014332566677 0.9396926207859092 0
    outer loop
      vertex 33.87303296707956 4.635919272833937 0.8
      vertex 33.545084971874736 4.755282581475767 4.8
      vertex 33.87303296707956 4.635919272833937 4.8
    endloop
  endfacet
  facet normal 0 1 0
    outer loop
      vertex 31.825502516487497 4.9969541350954785 4.8
      vertex 32.1744974835125 4.9969541350954785 4.8
      vertex 32.1744974835125 4.9969541350954785 0.8
    endloop
  endfacet
  facet normal 0.06975647374412394 0.9975640502598244 0
    outer loop
      vertex 32.52264231633827 4.972609476841367 0.8
      vertex 32.1744974835125 4.9969541350954785 4.8
      vertex 32.52264231633827 4.972609476841367 4.8
    endloop
  endfacet
  facet normal 0.20791169081775765 0.9781476007338059 0
    outer loop
      vertex 33.20960947799834 4.851478631379982 0.8
      vertex 32.868240888334654 4.92403876506104 4.8
      vertex 33.20960947799834 4.851478631379982 4.8
    endloop
  endfacet
  facet normal 0.13917310096006727 0.9902680687415701 0
    outer loop
      vertex 32.868240888334654 4.92403876506104 0.8
      vertex 32.52264231633827 4.972609476841367 4.8
      vertex 32.868240888334654 4.92403876506104 4.8
    endloop
  endfacet
  facet normal 0.27563735581700327 0.9612616959383178 0
    outer loop
      vertex 33.545084971874736 4.755282581475767 0.8
      vertex 33.20960947799834 4.851478631379982 4.8
      vertex 33.545084971874736 4.755282581475767 4.8
    endloop
  endfacet
  facet normal 0.46947156278589336 0.8829475928589255 0
    outer loop
      vertex 34.5 4.330127018922193 0.8
      vertex 34.19185573394539 4.493970231495835 4.8
      vertex 34.5 4.330127018922193 4.8
    endloop
  endfacet
  facet normal -0.5136400405688224 0.8580057742955222 0
    outer loop
      vertex 29.942751616239548 -2.831559479236603 0.8
      vertex 32 -1.6000000014901161 0
      vertex 29.942751616239548 -2.831559479236603 0
    endloop
  endfacet
  facet normal 0.9747354840953935 -0.22336234249604173 0
    outer loop
      vertex 29.942751616239548 -2.831559479236603 0.8
      vertex 29.942751616239548 -2.831559479236603 0
      vertex 30.47830957174301 -0.4944271892309189 0.8
    endloop
  endfacet
  facet normal -0.5136400405688224 0.8580057742955222 0
    outer loop
      vertex 29.942751616239548 -2.831559479236603 0.8
      vertex 32 -1.6000000014901161 0.8
      vertex 32 -1.6000000014901161 0
    endloop
  endfacet
  facet normal 0.9747354840953935 -0.22336234249604173 0
    outer loop
      vertex 30.47830957174301 -0.4944271892309189 0.8
      vertex 29.942751616239548 -2.831559479236603 0
      vertex 30.47830957174301 -0.4944271892309189 0
    endloop
  endfacet
  facet normal 0 0 -1
    outer loop
      vertex 29.942751616239548 -2.831559479236603 0.8
      vertex 30.47830957174301 -0.4944271892309189 0.8
      vertex 32 -1.6000000014901161 0.8
    endloop
  endfacet
  facet normal 0.6572884798842866 0.7536390742334181 0
    outer loop
      vertex 30.47830957174301 -0.4944271892309189 0.8
      vertex 30.47830957174301 -0.4944271892309189 0
      vertex 28.671302191913128 1.0815594792366028 0
    endloop
  endfacet
  facet normal 0.6572884798842866 0.7536390742334181 0
    outer loop
      vertex 30.47830957174301 -0.4944271892309189 0.8
      vertex 28.671302191913128 1.0815594792366028 0
      vertex 28.671302191913128 1.0815594792366028 0.8
    endloop
  endfacet
  facet normal 0.08877961921284837 -0.9960512934645593 0
    outer loop
      vertex 31.05954359471798 1.2944271937012672 0.8
      vertex 28.671302191913128 1.0815594792366028 0
      vertex 31.05954359471798 1.2944271937012672 0
    endloop
  endfacet
  facet normal 0.08877961921284837 -0.9960512934645593 0
    outer loop
      vertex 28.671302191913128 1.0815594792366028 0.8
      vertex 28.671302191913128 1.0815594792366028 0
      vertex 31.05954359471798 1.2944271937012672 0.8
    endloop
  endfacet
  facet normal 0 0 -1
    outer loop
      vertex 30.47830957174301 -0.4944271892309189 0.8
      vertex 31.05954359471798 1.2944271937012672 0.8
      vertex 33.52169042825699 -0.4944271892309189 0.8
    endloop
  endfacet
  facet normal 0 0 -1
    outer loop
      vertex 30.47830957174301 -0.4944271892309189 0.8
      vertex 28.671302191913128 1.0815594792366028 0.8
      vertex 31.05954359471798 1.2944271937012672 0.8
    endloop
  endfacet
  facet normal 0.9198666623301416 -0.392231211829968 0
    outer loop
      vertex 31.05954359471798 1.2944271937012672 0.8
      vertex 31.05954359471798 1.2944271937012672 0
      vertex 32 3.5 0.8
    endloop
  endfacet
  facet normal 0.9198666623301416 -0.392231211829968 0
    outer loop
      vertex 32 3.5 0.8
      vertex 31.05954359471798 1.2944271937012672 0
      vertex 32 3.5 0
    endloop
  endfacet
  facet normal 0.5136400405688224 0.8580057742955222 0
    outer loop
      vertex 32 -1.6000000014901161 0.8
      vertex 34.05724838376045 -2.831559479236603 0
      vertex 32 -1.6000000014901161 0
    endloop
  endfacet
  facet normal -0.9747354840953935 -0.22336234249604173 0
    outer loop
      vertex 34.05724838376045 -2.831559479236603 0.8
      vertex 33.52169042825699 -0.4944271892309189 0
      vertex 34.05724838376045 -2.831559479236603 0
    endloop
  endfacet
  facet normal 0.5136400405688224 0.8580057742955222 0
    outer loop
      vertex 32 -1.6000000014901161 0.8
      vertex 34.05724838376045 -2.831559479236603 0.8
      vertex 34.05724838376045 -2.831559479236603 0
    endloop
  endfacet
  facet normal -0.9747354840953935 -0.22336234249604173 0
    outer loop
      vertex 33.52169042825699 -0.4944271892309189 0.8
      vertex 33.52169042825699 -0.4944271892309189 0
      vertex 34.05724838376045 -2.831559479236603 0.8
    endloop
  endfacet
  facet normal 0 0 -1
    outer loop
      vertex 32 -1.6000000014901161 0.8
      vertex 33.52169042825699 -0.4944271892309189 0.8
      vertex 34.05724838376045 -2.831559479236603 0.8
    endloop
  endfacet
  facet normal 0 0 -1
    outer loop
      vertex 30.47830957174301 -0.4944271892309189 0.8
      vertex 33.52169042825699 -0.4944271892309189 0.8
      vertex 32 -1.6000000014901161 0.8
    endloop
  endfacet
  facet normal -0.6572884798842866 0.7536390742334181 0
    outer loop
      vertex 33.52169042825699 -0.4944271892309189 0.8
      vertex 35.32869780808687 1.0815594792366028 0
      vertex 33.52169042825699 -0.4944271892309189 0
    endloop
  endfacet
  facet normal -0.6572884798842866 0.7536390742334181 0
    outer loop
      vertex 33.52169042825699 -0.4944271892309189 0.8
      vertex 35.32869780808687 1.0815594792366028 0.8
      vertex 35.32869780808687 1.0815594792366028 0
    endloop
  endfacet
  facet normal -0.08877961921284837 -0.9960512934645593 0
    outer loop
      vertex 35.32869780808687 1.0815594792366028 0.8
      vertex 32.94045640528202 1.2944271937012672 0
      vertex 35.32869780808687 1.0815594792366028 0
    endloop
  endfacet
  facet normal -0.08877961921284837 -0.9960512934645593 0
    outer loop
      vertex 32.94045640528202 1.2944271937012672 0.8
      vertex 32.94045640528202 1.2944271937012672 0
      vertex 35.32869780808687 1.0815594792366028 0.8
    endloop
  endfacet
  facet normal 0 0 -1
    outer loop
      vertex 31.05954359471798 1.2944271937012672 0.8
      vertex 32.94045640528202 1.2944271937012672 0.8
      vertex 33.52169042825699 -0.4944271892309189 0.8
    endloop
  endfacet
  facet normal 0 0 -1
    outer loop
      vertex 33.52169042825699 -0.4944271892309189 0.8
      vertex 32.94045640528202 1.2944271937012672 0.8
      vertex 35.32869780808687 1.0815594792366028 0.8
    endloop
  endfacet
  facet normal -0.9198666623301416 -0.392231211829968 0
    outer loop
      vertex 32.94045640528202 1.2944271937012672 0.8
      vertex 32 3.5 0
      vertex 32.94045640528202 1.2944271937012672 0
    endloop
  endfacet
  facet normal 0 0 -1
    outer loop
      vertex 31.05954359471798 1.2944271937012672 0.8
      vertex 32 3.5 0.8
      vertex 32.94045640528202 1.2944271937012672 0.8
    endloop
  endfacet
  facet normal -0.9198666623301416 -0.392231211829968 0
    outer loop
      vertex 32.94045640528202 1.2944271937012672 0.8
      vertex 32 3.5 0.8
      vertex 32 3.5 0
    endloop
  endfacet
  facet normal 0 0 1
    outer loop
      vertex 30.90072485016814 -2.898550352324786 2
      vertex 31.137525861858997 -2.977606146057254 2
      vertex 31.137525861858997 2.977606146057254 2
    endloop
  endfacet
  facet normal 0 0 1
    outer loop
      vertex 31.137525861858997 -2.977606146057254 2
      vertex 31.379920349294263 -3.03735102133103 2
      vertex 31.379920349294263 3.03735102133103 2
    endloop
  endfacet
  facet normal 0 0 1
    outer loop
      vertex 31.6263362912085 -3.077397509703968 2
      vertex 31.875175585660813 -3.0974858943318657 2
      vertex 31.875175585660813 3.0974858943318657 2
    endloop
  endfacet
  facet normal 0 0 1
    outer loop
      vertex 31.379920349294263 -3.03735102133103 2
      vertex 31.6263362912085 -3.077397509703968 2
      vertex 31.6263362912085 3.0773975097039674 2
    endloop
  endfacet
  facet normal 0 0 1
    outer loop
      vertex 30.03941933565433 -2.4012753816657297 2
      vertex 30.238999285133417 -2.551249984270335 2
      vertex 30.238999285133417 2.551249984270335 2
    endloop
  endfacet
  facet normal 0 0 1
    outer loop
      vertex 30.671053059650532 -2.800696347292185 2
      vertex 30.90072485016814 -2.898550352324786 2
      vertex 30.90072485016814 2.898550352324786 2
    endloop
  endfacet
  facet normal 0 0 1
    outer loop
      vertex 30.671053059650532 -2.800696347292185 2
      vertex 30.671053059650532 2.800696347292185 2
      vertex 30.45 -2.68467875173176 2
    endloop
  endfacet
  facet normal 0 0 1
    outer loop
      vertex 30.238999285133417 -2.551249984270335 2
      vertex 30.45 -2.68467875173176 2
      vertex 30.45 2.68467875173176 2
    endloop
  endfacet
  facet normal 0 0 1
    outer loop
      vertex 30.03941933565433 -2.4012753816657297 2
      vertex 30.03941933565433 2.4012753816657297 2
      vertex 29.852554504120242 -2.2357275867658255 2
    endloop
  endfacet
  facet normal 0 0 1
    outer loop
      vertex 29.679616680669586 -2.0556802405464656 2
      vertex 29.852554504120242 -2.2357275867658255 2
      vertex 29.852554504120242 2.2357275867658255 2
    endloop
  endfacet
  facet normal 0 0 1
    outer loop
      vertex 29.521727433449147 -1.8623010191377352 2
      vertex 29.679616680669586 -2.0556802405464656 2
      vertex 29.679616680669586 2.0556802405464656 2
    endloop
  endfacet
  facet normal 0 0 1
    outer loop
      vertex 29.37991073481424 -1.6568440609961839 2
      vertex 29.521727433449147 -1.8623010191377352 2
      vertex 29.521727433449147 1.8623010191377352 2
    endloop
  endfacet
  facet normal 0 0 1
    outer loop
      vertex 29.37991073481424 -1.6568440609961839 2
      vertex 29.37991073481424 1.6568440609961839 2
      vertex 29.255086320475048 -1.4406418333356819 2
    endloop
  endfacet
  facet normal 0 0 1
    outer loop
      vertex 29.255086320475048 -1.4406418333356819 2
      vertex 29.255086320475048 1.4406418333356819 2
      vertex 29.148063724657646 -1.2150964905662323 2
    endloop
  endfacet
  facet normal 0 0 1
    outer loop
      vertex 29.05953702996385 -0.9816707807845644 2
      vertex 29.148063724657646 -1.2150964905662323 2
      vertex 29.148063724657646 1.2150964905662323 2
    endloop
  endfacet
  facet normal 0 0 1
    outer loop
      vertex 29.05953702996385 -0.9816707807845644 2
      vertex 29.05953702996385 0.9816707807845644 2
      vertex 28.99008036597924 -0.7418785592914287 2
    endloop
  endfacet
  facet normal 0 0 1
    outer loop
      vertex 28.99008036597924 -0.7418785592914287 2
      vertex 28.99008036597924 0.7418785592914287 2
      vertex 28.94014418582247 -0.49727497065905657 2
    endloop
  endfacet
  facet normal 0 0 1
    outer loop
      vertex 28.94014418582247 -0.49727497065905657 2
      vertex 28.94014418582247 0.49727497065905657 2
      vertex 28.91005234478395 -0.24944636302185014 2
    endloop
  endfacet
  facet normal 0.39196660986007625 0.9199794436588237 0
    outer loop
      vertex 30.671053059650532 -2.800696347292185 2
      vertex 30.90072485016814 -2.898550352324786 4.2
      vertex 30.90072485016814 -2.898550352324786 2
    endloop
  endfacet
  facet normal 0.23931566428755757 0.9709418174260521 0
    outer loop
      vertex 31.137525861858997 -2.977606146057254 2
      vertex 31.379920349294263 -3.03735102133103 4.2
      vertex 31.379920349294263 -3.03735102133103 2
    endloop
  endfacet
  facet normal 0.1604112808577618 0.9870502626379125 0
    outer loop
      vertex 31.379920349294263 -3.03735102133103 2
      vertex 31.6263362912085 -3.077397509703968 4.2
      vertex 31.6263362912085 -3.077397509703968 2
    endloop
  endfacet
  facet normal 0.08046656871672368 0.9967573081342103 0
    outer loop
      vertex 31.6263362912085 -3.077397509703968 2
      vertex 31.875175585660813 -3.0974858943318657 4.2
      vertex 31.875175585660813 -3.0974858943318657 2
    endloop
  endfacet
  facet normal 0.3166679938014714 0.9485364419471459 0
    outer loop
      vertex 30.90072485016814 -2.898550352324786 2
      vertex 31.137525861858997 -2.977606146057254 4.2
      vertex 31.137525861858997 -2.977606146057254 2
    endloop
  endfacet
  facet normal 0.4647231720437671 0.8854560256532107 0
    outer loop
      vertex 30.671053059650532 -2.800696347292185 2
      vertex 30.45 -2.68467875173176 2
      vertex 30.671053059650532 -2.800696347292185 4.2
    endloop
  endfacet
  facet normal 0.600742264237976 0.7994427634035032 0
    outer loop
      vertex 30.03941933565433 -2.4012753816657297 2
      vertex 30.238999285133417 -2.551249984270335 4.2
      vertex 30.238999285133417 -2.551249984270335 2
    endloop
  endfacet
  facet normal 0.5344658261278024 0.8451900855437938 0
    outer loop
      vertex 30.238999285133417 -2.551249984270335 2
      vertex 30.45 -2.68467875173176 4.2
      vertex 30.45 -2.68467875173176 2
    endloop
  endfacet
  facet normal 0.39196660986007625 0.9199794436588237 0
    outer loop
      vertex 30.671053059650532 -2.800696347292185 2
      vertex 30.671053059650532 -2.800696347292185 4.2
      vertex 30.90072485016814 -2.898550352324786 4.2
    endloop
  endfacet
  facet normal 0.23931566428755757 0.9709418174260521 0
    outer loop
      vertex 31.137525861858997 -2.977606146057254 2
      vertex 31.137525861858997 -2.977606146057254 4.2
      vertex 31.379920349294263 -3.03735102133103 4.2
    endloop
  endfacet
  facet normal 0.1604112808577618 0.9870502626379125 0
    outer loop
      vertex 31.379920349294263 -3.03735102133103 2
      vertex 31.379920349294263 -3.03735102133103 4.2
      vertex 31.6263362912085 -3.077397509703968 4.2
    endloop
  endfacet
  facet normal 0.08046656871672368 0.9967573081342103 0
    outer loop
      vertex 31.6263362912085 -3.077397509703968 2
      vertex 31.6263362912085 -3.077397509703968 4.2
      vertex 31.875175585660813 -3.0974858943318657 4.2
    endloop
  endfacet
  facet normal 0 1 0
    outer loop
      vertex 31.875175585660813 -3.0974858943318657 2
      vertex 31.875175585660813 -3.0974858943318657 4.2
      vertex 32.12482441433919 -3.0974858943318657 4.2
    endloop
  endfacet
  facet normal 0.3166679938014714 0.9485364419471459 0
    outer loop
      vertex 30.90072485016814 -2.898550352324786 2
      vertex 30.90072485016814 -2.898550352324786 4.2
      vertex 31.137525861858997 -2.977606146057254 4.2
    endloop
  endfacet
  facet normal 0.4647231720437671 0.8854560256532107 0
    outer loop
      vertex 30.45 -2.68467875173176 2
      vertex 30.45 -2.68467875173176 4.2
      vertex 30.671053059650532 -2.800696347292185 4.2
    endloop
  endfacet
  facet normal 0.5344658261278024 0.8451900855437938 0
    outer loop
      vertex 30.238999285133417 -2.551249984270335 2
      vertex 30.238999285133417 -2.551249984270335 4.2
      vertex 30.45 -2.68467875173176 4.2
    endloop
  endfacet
  facet normal 0.7746049618276573 0.6324453755953738 0
    outer loop
      vertex 29.521727433449147 -1.8623010191377352 2
      vertex 29.521727433449147 -1.8623010191377352 4.2
      vertex 29.679616680669586 -2.0556802405464656 2
    endloop
  endfacet
  facet normal 0.6631226582407972 0.7485107481710993 0
    outer loop
      vertex 30.03941933565433 -2.4012753816657297 2
      vertex 29.852554504120242 -2.2357275867658255 2
      vertex 30.03941933565433 -2.4012753816657297 4.2
    endloop
  endfacet
  facet normal 0.7212024473438127 0.6927243535096014 0
    outer loop
      vertex 29.679616680669586 -2.0556802405464656 2
      vertex 29.679616680669586 -2.0556802405464656 4.2
      vertex 29.852554504120242 -2.2357275867658255 2
    endloop
  endfacet
  facet normal 0.8229838658936593 0.5680647467311513 0
    outer loop
      vertex 29.37991073481424 -1.6568440609961839 2
      vertex 29.37991073481424 -1.6568440609961839 4.2
      vertex 29.521727433449147 -1.8623010191377352 2
    endloop
  endfacet
  facet normal 0.8660254037844332 0.5000000000000095 0
    outer loop
      vertex 29.37991073481424 -1.6568440609961839 2
      vertex 29.255086320475048 -1.4406418333356819 2
      vertex 29.255086320475048 -1.4406418333356819 4.2
    endloop
  endfacet
  facet normal 0.9034504346103869 0.4286925614030447 0
    outer loop
      vertex 29.255086320475048 -1.4406418333356819 2
      vertex 29.148063724657646 -1.2150964905662323 2
      vertex 29.148063724657646 -1.2150964905662323 4.2
    endloop
  endfacet
  facet normal 0.7746049618276573 0.6324453755953738 0
    outer loop
      vertex 29.679616680669586 -2.0556802405464656 2
      vertex 29.521727433449147 -1.8623010191377352 4.2
      vertex 29.679616680669586 -2.0556802405464656 4.2
    endloop
  endfacet
  facet normal 0.600742264237976 0.7994427634035032 0
    outer loop
      vertex 30.03941933565433 -2.4012753816657297 2
      vertex 30.03941933565433 -2.4012753816657297 4.2
      vertex 30.238999285133417 -2.551249984270335 4.2
    endloop
  endfacet
  facet normal 0.6631226582407972 0.7485107481710993 0
    outer loop
      vertex 29.852554504120242 -2.2357275867658255 2
      vertex 29.852554504120242 -2.2357275867658255 4.2
      vertex 30.03941933565433 -2.4012753816657297 4.2
    endloop
  endfacet
  facet normal 0.7212024473438127 0.6927243535096014 0
    outer loop
      vertex 29.852554504120242 -2.2357275867658255 2
      vertex 29.679616680669586 -2.0556802405464656 4.2
      vertex 29.852554504120242 -2.2357275867658255 4.2
    endloop
  endfacet
  facet normal 0.8229838658936593 0.5680647467311513 0
    outer loop
      vertex 29.521727433449147 -1.8623010191377352 2
      vertex 29.37991073481424 -1.6568440609961839 4.2
      vertex 29.521727433449147 -1.8623010191377352 4.2
    endloop
  endfacet
  facet normal 0.8660254037844332 0.5000000000000095 0
    outer loop
      vertex 29.37991073481424 -1.6568440609961839 2
      vertex 29.255086320475048 -1.4406418333356819 4.2
      vertex 29.37991073481424 -1.6568440609961839 4.2
    endloop
  endfacet
  facet normal 0.9034504346103869 0.4286925614030447 0
    outer loop
      vertex 29.255086320475048 -1.4406418333356819 2
      vertex 29.148063724657646 -1.2150964905662323 4.2
      vertex 29.255086320475048 -1.4406418333356819 4.2
    endloop
  endfacet
  facet normal 0.9350162426854128 0.3546048870425405 0
    outer loop
      vertex 29.05953702996385 -0.9816707807845644 2
      vertex 29.05953702996385 -0.9816707807845644 4.2
      vertex 29.148063724657646 -1.2150964905662323 2
    endloop
  endfacet
  facet normal 0.9605181116313724 0.2782174639164526 0
    outer loop
      vertex 29.05953702996385 -0.9816707807845644 2
      vertex 28.99008036597924 -0.7418785592914287 2
      vertex 28.99008036597924 -0.7418785592914287 4.2
    endloop
  endfacet
  facet normal 0.9797906520422663 0.2000256937760506 0
    outer loop
      vertex 28.99008036597924 -0.7418785592914287 2
      vertex 28.94014418582247 -0.49727497065905657 2
      vertex 28.94014418582247 -0.49727497065905657 4.2
    endloop
  endfacet
  facet normal 0.9927088740980547 0.12053668025531632 0
    outer loop
      vertex 28.94014418582247 -0.49727497065905657 2
      vertex 28.91005234478395 -0.24944636302185014 2
      vertex 28.91005234478395 -0.24944636302185014 4.2
    endloop
  endfacet
  facet normal 0.9991889981715695 0.04026594010942168 0
    outer loop
      vertex 28.91005234478395 -0.24944636302185014 2
      vertex 28.9 0 2
      vertex 28.9 0 4.2
    endloop
  endfacet
  facet normal 0.9350162426854128 0.3546048870425405 0
    outer loop
      vertex 29.148063724657646 -1.2150964905662323 2
      vertex 29.05953702996385 -0.9816707807845644 4.2
      vertex 29.148063724657646 -1.2150964905662323 4.2
    endloop
  endfacet
  facet normal 0.9605181116313724 0.2782174639164526 0
    outer loop
      vertex 29.05953702996385 -0.9816707807845644 2
      vertex 28.99008036597924 -0.7418785592914287 4.2
      vertex 29.05953702996385 -0.9816707807845644 4.2
    endloop
  endfacet
  facet normal 0.9797906520422663 0.2000256937760506 0
    outer loop
      vertex 28.99008036597924 -0.7418785592914287 2
      vertex 28.94014418582247 -0.49727497065905657 4.2
      vertex 28.99008036597924 -0.7418785592914287 4.2
    endloop
  endfacet
  facet normal 0.9927088740980547 0.12053668025531632 0
    outer loop
      vertex 28.94014418582247 -0.49727497065905657 2
      vertex 28.91005234478395 -0.24944636302185014 4.2
      vertex 28.94014418582247 -0.49727497065905657 4.2
    endloop
  endfacet
  facet normal 0.9991889981715695 0.04026594010942168 0
    outer loop
      vertex 28.91005234478395 -0.24944636302185014 2
      vertex 28.9 0 4.2
      vertex 28.91005234478395 -0.24944636302185014 4.2
    endloop
  endfacet
  facet normal 0 0 -1
    outer loop
      vertex 29.521727433449147 -1.8623010191377352 4.2
      vertex 29.521727433449147 1.8623010191377352 4.2
      vertex 29.679616680669586 -2.0556802405464656 4.2
    endloop
  endfacet
  facet normal 0 0 -1
    outer loop
      vertex 30.671053059650532 -2.800696347292185 4.2
      vertex 30.671053059650532 2.800696347292185 4.2
      vertex 30.90072485016814 -2.898550352324786 4.2
    endloop
  endfacet
  facet normal 0 0 -1
    outer loop
      vertex 30.90072485016814 -2.898550352324786 4.2
      vertex 30.90072485016814 2.898550352324786 4.2
      vertex 31.137525861858997 -2.977606146057254 4.2
    endloop
  endfacet
  facet normal 0 0 -1
    outer loop
      vertex 31.137525861858997 -2.977606146057254 4.2
      vertex 31.137525861858997 2.977606146057254 4.2
      vertex 31.379920349294263 -3.03735102133103 4.2
    endloop
  endfacet
  facet normal 0 0 -1
    outer loop
      vertex 31.379920349294263 -3.03735102133103 4.2
      vertex 31.379920349294263 3.03735102133103 4.2
      vertex 31.6263362912085 -3.077397509703968 4.2
    endloop
  endfacet
  facet normal 0 0 -1
    outer loop
      vertex 31.6263362912085 -3.077397509703968 4.2
      vertex 31.6263362912085 3.0773975097039674 4.2
      vertex 31.875175585660813 -3.0974858943318657 4.2
    endloop
  endfacet
  facet normal 0 0 -1
    outer loop
      vertex 31.875175585660813 -3.0974858943318657 4.2
      vertex 31.875175585660813 3.0974858943318657 4.2
      vertex 32.12482441433919 -3.0974858943318657 4.2
    endloop
  endfacet
  facet normal 0 0 -1
    outer loop
      vertex 30.03941933565433 -2.4012753816657297 4.2
      vertex 29.852554504120242 -2.2357275867658255 4.2
      vertex 29.852554504120242 2.2357275867658255 4.2
    endloop
  endfacet
  facet normal 0 0 -1
    outer loop
      vertex 30.03941933565433 -2.4012753816657297 4.2
      vertex 30.03941933565433 2.4012753816657297 4.2
      vertex 30.238999285133417 -2.551249984270335 4.2
    endloop
  endfacet
  facet normal 0 0 -1
    outer loop
      vertex 30.671053059650532 -2.800696347292185 4.2
      vertex 30.45 -2.68467875173176 4.2
      vertex 30.45 2.68467875173176 4.2
    endloop
  endfacet
  facet normal 0 0 -1
    outer loop
      vertex 30.238999285133417 -2.551249984270335 4.2
      vertex 30.238999285133417 2.551249984270335 4.2
      vertex 30.45 -2.68467875173176 4.2
    endloop
  endfacet
  facet normal 0 0 -1
    outer loop
      vertex 29.679616680669586 -2.0556802405464656 4.2
      vertex 29.679616680669586 2.0556802405464656 4.2
      vertex 29.852554504120242 -2.2357275867658255 4.2
    endloop
  endfacet
  facet normal 0 0 -1
    outer loop
      vertex 29.37991073481424 -1.6568440609961839 4.2
      vertex 29.255086320475048 -1.4406418333356819 4.2
      vertex 29.255086320475048 1.4406418333356819 4.2
    endloop
  endfacet
  facet normal 0 0 -1
    outer loop
      vertex 29.37991073481424 -1.6568440609961839 4.2
      vertex 29.37991073481424 1.6568440609961839 4.2
      vertex 29.521727433449147 -1.8623010191377352 4.2
    endloop
  endfacet
  facet normal 0 0 -1
    outer loop
      vertex 29.255086320475048 -1.4406418333356819 4.2
      vertex 29.148063724657646 -1.2150964905662323 4.2
      vertex 29.148063724657646 1.2150964905662323 4.2
    endloop
  endfacet
  facet normal 0 0 -1
    outer loop
      vertex 29.05953702996385 -0.9816707807845644 4.2
      vertex 29.05953702996385 0.9816707807845644 4.2
      vertex 29.148063724657646 -1.2150964905662323 4.2
    endloop
  endfacet
  facet normal 0 0 -1
    outer loop
      vertex 29.05953702996385 -0.9816707807845644 4.2
      vertex 28.99008036597924 -0.7418785592914287 4.2
      vertex 28.99008036597924 0.7418785592914287 4.2
    endloop
  endfacet
  facet normal 0 0 -1
    outer loop
      vertex 28.99008036597924 -0.7418785592914287 4.2
      vertex 28.94014418582247 -0.49727497065905657 4.2
      vertex 28.94014418582247 0.49727497065905657 4.2
    endloop
  endfacet
  facet normal 0 0 -1
    outer loop
      vertex 28.94014418582247 -0.49727497065905657 4.2
      vertex 28.91005234478395 -0.24944636302185014 4.2
      vertex 28.91005234478395 0.24944636302185014 4.2
    endloop
  endfacet
  facet normal 0 0 1
    outer loop
      vertex 28.91005234478395 -0.24944636302185014 2
      vertex 28.91005234478395 0.24944636302185014 2
      vertex 28.9 0 2
    endloop
  endfacet
  facet normal 0 0 1
    outer loop
      vertex 28.91005234478395 -0.24944636302185014 2
      vertex 28.94014418582247 0.49727497065905657 2
      vertex 28.91005234478395 0.24944636302185014 2
    endloop
  endfacet
  facet normal 0 0 1
    outer loop
      vertex 28.94014418582247 -0.49727497065905657 2
      vertex 28.99008036597924 0.7418785592914287 2
      vertex 28.94014418582247 0.49727497065905657 2
    endloop
  endfacet
  facet normal 0 0 1
    outer loop
      vertex 28.99008036597924 -0.7418785592914287 2
      vertex 29.05953702996385 0.9816707807845644 2
      vertex 28.99008036597924 0.7418785592914287 2
    endloop
  endfacet
  facet normal 0 0 1
    outer loop
      vertex 29.05953702996385 -0.9816707807845644 2
      vertex 29.148063724657646 1.2150964905662323 2
      vertex 29.05953702996385 0.9816707807845644 2
    endloop
  endfacet
  facet normal 0 0 1
    outer loop
      vertex 29.148063724657646 -1.2150964905662323 2
      vertex 29.255086320475048 1.4406418333356819 2
      vertex 29.148063724657646 1.2150964905662323 2
    endloop
  endfacet
  facet normal 0 0 1
    outer loop
      vertex 29.255086320475048 -1.4406418333356819 2
      vertex 29.37991073481424 1.6568440609961839 2
      vertex 29.255086320475048 1.4406418333356819 2
    endloop
  endfacet
  facet normal 0 0 1
    outer loop
      vertex 29.37991073481424 -1.6568440609961839 2
      vertex 29.521727433449147 1.8623010191377352 2
      vertex 29.37991073481424 1.6568440609961839 2
    endloop
  endfacet
  facet normal 0 0 1
    outer loop
      vertex 29.521727433449147 -1.8623010191377352 2
      vertex 29.679616680669586 2.0556802405464656 2
      vertex 29.521727433449147 1.8623010191377352 2
    endloop
  endfacet
  facet normal 0 0 1
    outer loop
      vertex 29.679616680669586 -2.0556802405464656 2
      vertex 29.852554504120242 2.2357275867658255 2
      vertex 29.679616680669586 2.0556802405464656 2
    endloop
  endfacet
  facet normal 0 0 1
    outer loop
      vertex 29.852554504120242 -2.2357275867658255 2
      vertex 30.03941933565433 2.4012753816657297 2
      vertex 29.852554504120242 2.2357275867658255 2
    endloop
  endfacet
  facet normal 0 0 1
    outer loop
      vertex 30.03941933565433 -2.4012753816657297 2
      vertex 30.238999285133417 2.551249984270335 2
      vertex 30.03941933565433 2.4012753816657297 2
    endloop
  endfacet
  facet normal 0 0 1
    outer loop
      vertex 30.238999285133417 -2.551249984270335 2
      vertex 30.45 2.68467875173176 2
      vertex 30.238999285133417 2.551249984270335 2
    endloop
  endfacet
  facet normal 0 0 1
    outer loop
      vertex 30.45 -2.68467875173176 2
      vertex 30.671053059650532 2.800696347292185 2
      vertex 30.45 2.68467875173176 2
    endloop
  endfacet
  facet normal 0 0 1
    outer loop
      vertex 30.671053059650532 -2.800696347292185 2
      vertex 30.90072485016814 2.898550352324786 2
      vertex 30.671053059650532 2.800696347292185 2
    endloop
  endfacet
  facet normal 0 0 1
    outer loop
      vertex 30.90072485016814 -2.898550352324786 2
      vertex 31.137525861858997 2.977606146057254 2
      vertex 30.90072485016814 2.898550352324786 2
    endloop
  endfacet
  facet normal 0 0 1
    outer loop
      vertex 31.137525861858997 -2.977606146057254 2
      vertex 31.379920349294263 3.03735102133103 2
      vertex 31.137525861858997 2.977606146057254 2
    endloop
  endfacet
  facet normal 0 0 1
    outer loop
      vertex 31.379920349294263 -3.03735102133103 2
      vertex 31.6263362912085 3.0773975097039674 2
      vertex 31.379920349294263 3.03735102133103 2
    endloop
  endfacet
  facet normal 0 0 1
    outer loop
      vertex 31.6263362912085 -3.077397509703968 2
      vertex 31.875175585660813 3.0974858943318657 2
      vertex 31.6263362912085 3.0773975097039674 2
    endloop
  endfacet
  facet normal 0 0 1
    outer loop
      vertex 31.875175585660813 -3.0974858943318657 2
      vertex 32.12482441433919 3.0974858943318657 2
      vertex 31.875175585660813 3.0974858943318657 2
    endloop
  endfacet
  facet normal 0.9991889981715695 -0.04026594010942168 0
    outer loop
      vertex 28.9 0 2
      vertex 28.91005234478395 0.24944636302185014 2
      vertex 28.91005234478395 0.24944636302185014 4.2
    endloop
  endfacet
  facet normal 0.9927088740980547 -0.12053668025531632 0
    outer loop
      vertex 28.91005234478395 0.24944636302185014 2
      vertex 28.94014418582247 0.49727497065905657 2
      vertex 28.94014418582247 0.49727497065905657 4.2
    endloop
  endfacet
  facet normal 0.9797906520422663 -0.2000256937760506 0
    outer loop
      vertex 28.94014418582247 0.49727497065905657 2
      vertex 28.99008036597924 0.7418785592914287 2
      vertex 28.99008036597924 0.7418785592914287 4.2
    endloop
  endfacet
  facet normal 0.9605181116313724 -0.2782174639164526 0
    outer loop
      vertex 28.99008036597924 0.7418785592914287 2
      vertex 29.05953702996385 0.9816707807845644 2
      vertex 29.05953702996385 0.9816707807845644 4.2
    endloop
  endfacet
  facet normal 0.9350162426854128 -0.3546048870425405 0
    outer loop
      vertex 29.05953702996385 0.9816707807845644 2
      vertex 29.148063724657646 1.2150964905662323 2
      vertex 29.148063724657646 1.2150964905662323 4.2
    endloop
  endfacet
  facet normal 0.9991889981715695 -0.04026594010942168 0
    outer loop
      vertex 28.9 0 2
      vertex 28.91005234478395 0.24944636302185014 4.2
      vertex 28.9 0 4.2
    endloop
  endfacet
  facet normal 0.9927088740980547 -0.12053668025531632 0
    outer loop
      vertex 28.91005234478395 0.24944636302185014 2
      vertex 28.94014418582247 0.49727497065905657 4.2
      vertex 28.91005234478395 0.24944636302185014 4.2
    endloop
  endfacet
  facet normal 0.9797906520422663 -0.2000256937760506 0
    outer loop
      vertex 28.94014418582247 0.49727497065905657 2
      vertex 28.99008036597924 0.7418785592914287 4.2
      vertex 28.94014418582247 0.49727497065905657 4.2
    endloop
  endfacet
  facet normal 0.9605181116313724 -0.2782174639164526 0
    outer loop
      vertex 28.99008036597924 0.7418785592914287 2
      vertex 29.05953702996385 0.9816707807845644 4.2
      vertex 28.99008036597924 0.7418785592914287 4.2
    endloop
  endfacet
  facet normal 0.9350162426854128 -0.3546048870425405 0
    outer loop
      vertex 29.05953702996385 0.9816707807845644 2
      vertex 29.148063724657646 1.2150964905662323 4.2
      vertex 29.05953702996385 0.9816707807845644 4.2
    endloop
  endfacet
  facet normal 0.9034504346103869 -0.4286925614030447 0
    outer loop
      vertex 29.148063724657646 1.2150964905662323 2
      vertex 29.255086320475048 1.4406418333356819 2
      vertex 29.255086320475048 1.4406418333356819 4.2
    endloop
  endfacet
  facet normal 0.8660254037844332 -0.5000000000000095 0
    outer loop
      vertex 29.255086320475048 1.4406418333356819 2
      vertex 29.37991073481424 1.6568440609961839 2
      vertex 29.37991073481424 1.6568440609961839 4.2
    endloop
  endfacet
  facet normal 0.8229838658936593 -0.5680647467311513 0
    outer loop
      vertex 29.37991073481424 1.6568440609961839 2
      vertex 29.521727433449147 1.8623010191377352 2
      vertex 29.521727433449147 1.8623010191377352 4.2
    endloop
  endfacet
  facet normal 0.7746049618276573 -0.6324453755953738 0
    outer loop
      vertex 29.521727433449147 1.8623010191377352 2
      vertex 29.679616680669586 2.0556802405464656 2
      vertex 29.679616680669586 2.0556802405464656 4.2
    endloop
  endfacet
  facet normal 0.7212024473438127 -0.6927243535096014 0
    outer loop
      vertex 29.679616680669586 2.0556802405464656 2
      vertex 29.852554504120242 2.2357275867658255 2
      vertex 29.852554504120242 2.2357275867658255 4.2
    endloop
  endfacet
  facet normal 0.6631226582407972 -0.7485107481710993 0
    outer loop
      vertex 29.852554504120242 2.2357275867658255 2
      vertex 30.03941933565433 2.4012753816657297 2
      vertex 29.852554504120242 2.2357275867658255 4.2
    endloop
  endfacet
  facet normal 0.600742264237976 -0.7994427634035032 0
    outer loop
      vertex 30.03941933565433 2.4012753816657297 2
      vertex 30.238999285133417 2.551249984270335 2
      vertex 30.03941933565433 2.4012753816657297 4.2
    endloop
  endfacet
  facet normal 0.9034504346103869 -0.4286925614030447 0
    outer loop
      vertex 29.148063724657646 1.2150964905662323 2
      vertex 29.255086320475048 1.4406418333356819 4.2
      vertex 29.148063724657646 1.2150964905662323 4.2
    endloop
  endfacet
  facet normal 0.8660254037844332 -0.5000000000000095 0
    outer loop
      vertex 29.255086320475048 1.4406418333356819 2
      vertex 29.37991073481424 1.6568440609961839 4.2
      vertex 29.255086320475048 1.4406418333356819 4.2
    endloop
  endfacet
  facet normal 0.8229838658936593 -0.5680647467311513 0
    outer loop
      vertex 29.37991073481424 1.6568440609961839 2
      vertex 29.521727433449147 1.8623010191377352 4.2
      vertex 29.37991073481424 1.6568440609961839 4.2
    endloop
  endfacet
  facet normal 0.7746049618276573 -0.6324453755953738 0
    outer loop
      vertex 29.521727433449147 1.8623010191377352 2
      vertex 29.679616680669586 2.0556802405464656 4.2
      vertex 29.521727433449147 1.8623010191377352 4.2
    endloop
  endfacet
  facet normal 0.7212024473438127 -0.6927243535096014 0
    outer loop
      vertex 29.679616680669586 2.0556802405464656 2
      vertex 29.852554504120242 2.2357275867658255 4.2
      vertex 29.679616680669586 2.0556802405464656 4.2
    endloop
  endfacet
  facet normal 0.6631226582407972 -0.7485107481710993 0
    outer loop
      vertex 30.03941933565433 2.4012753816657297 2
      vertex 30.03941933565433 2.4012753816657297 4.2
      vertex 29.852554504120242 2.2357275867658255 4.2
    endloop
  endfacet
  facet normal 0 0 -1
    outer loop
      vertex 28.91005234478395 -0.24944636302185014 4.2
      vertex 28.9 0 4.2
      vertex 28.91005234478395 0.24944636302185014 4.2
    endloop
  endfacet
  facet normal 0 0 -1
    outer loop
      vertex 28.94014418582247 -0.49727497065905657 4.2
      vertex 28.91005234478395 0.24944636302185014 4.2
      vertex 28.94014418582247 0.49727497065905657 4.2
    endloop
  endfacet
  facet normal 0 0 -1
    outer loop
      vertex 28.99008036597924 -0.7418785592914287 4.2
      vertex 28.94014418582247 0.49727497065905657 4.2
      vertex 28.99008036597924 0.7418785592914287 4.2
    endloop
  endfacet
  facet normal 0 0 -1
    outer loop
      vertex 29.05953702996385 -0.9816707807845644 4.2
      vertex 28.99008036597924 0.7418785592914287 4.2
      vertex 29.05953702996385 0.9816707807845644 4.2
    endloop
  endfacet
  facet normal 0 0 -1
    outer loop
      vertex 29.148063724657646 -1.2150964905662323 4.2
      vertex 29.05953702996385 0.9816707807845644 4.2
      vertex 29.148063724657646 1.2150964905662323 4.2
    endloop
  endfacet
  facet normal 0 0 -1
    outer loop
      vertex 29.255086320475048 -1.4406418333356819 4.2
      vertex 29.148063724657646 1.2150964905662323 4.2
      vertex 29.255086320475048 1.4406418333356819 4.2
    endloop
  endfacet
  facet normal 0 0 -1
    outer loop
      vertex 29.37991073481424 -1.6568440609961839 4.2
      vertex 29.255086320475048 1.4406418333356819 4.2
      vertex 29.37991073481424 1.6568440609961839 4.2
    endloop
  endfacet
  facet normal 0 0 -1
    outer loop
      vertex 29.521727433449147 -1.8623010191377352 4.2
      vertex 29.37991073481424 1.6568440609961839 4.2
      vertex 29.521727433449147 1.8623010191377352 4.2
    endloop
  endfacet
  facet normal 0 0 -1
    outer loop
      vertex 29.679616680669586 -2.0556802405464656 4.2
      vertex 29.521727433449147 1.8623010191377352 4.2
      vertex 29.679616680669586 2.0556802405464656 4.2
    endloop
  endfacet
  facet normal 0 0 -1
    outer loop
      vertex 29.852554504120242 -2.2357275867658255 4.2
      vertex 29.679616680669586 2.0556802405464656 4.2
      vertex 29.852554504120242 2.2357275867658255 4.2
    endloop
  endfacet
  facet normal 0 0 -1
    outer loop
      vertex 30.03941933565433 -2.4012753816657297 4.2
      vertex 29.852554504120242 2.2357275867658255 4.2
      vertex 30.03941933565433 2.4012753816657297 4.2
    endloop
  endfacet
  facet normal 0 0 -1
    outer loop
      vertex 30.238999285133417 -2.551249984270335 4.2
      vertex 30.03941933565433 2.4012753816657297 4.2
      vertex 30.238999285133417 2.551249984270335 4.2
    endloop
  endfacet
  facet normal 0 0 -1
    outer loop
      vertex 30.45 -2.68467875173176 4.2
      vertex 30.238999285133417 2.551249984270335 4.2
      vertex 30.45 2.68467875173176 4.2
    endloop
  endfacet
  facet normal 0 0 -1
    outer loop
      vertex 30.671053059650532 -2.800696347292185 4.2
      vertex 30.45 2.68467875173176 4.2
      vertex 30.671053059650532 2.800696347292185 4.2
    endloop
  endfacet
  facet normal 0 0 -1
    outer loop
      vertex 30.90072485016814 -2.898550352324786 4.2
      vertex 30.671053059650532 2.800696347292185 4.2
      vertex 30.90072485016814 2.898550352324786 4.2
    endloop
  endfacet
  facet normal 0 0 -1
    outer loop
      vertex 31.137525861858997 -2.977606146057254 4.2
      vertex 30.90072485016814 2.898550352324786 4.2
      vertex 31.137525861858997 2.977606146057254 4.2
    endloop
  endfacet
  facet normal 0 0 -1
    outer loop
      vertex 31.379920349294263 -3.03735102133103 4.2
      vertex 31.137525861858997 2.977606146057254 4.2
      vertex 31.379920349294263 3.03735102133103 4.2
    endloop
  endfacet
  facet normal 0 0 -1
    outer loop
      vertex 31.6263362912085 -3.077397509703968 4.2
      vertex 31.379920349294263 3.03735102133103 4.2
      vertex 31.6263362912085 3.0773975097039674 4.2
    endloop
  endfacet
  facet normal 0 0 -1
    outer loop
      vertex 31.875175585660813 -3.0974858943318657 4.2
      vertex 31.6263362912085 3.0773975097039674 4.2
      vertex 31.875175585660813 3.0974858943318657 4.2
    endloop
  endfacet
  facet normal 0.5344658261278024 -0.8451900855437938 0
    outer loop
      vertex 30.238999285133417 2.551249984270335 2
      vertex 30.45 2.68467875173176 2
      vertex 30.238999285133417 2.551249984270335 4.2
    endloop
  endfacet
  facet normal 0.4647231720437671 -0.8854560256532107 0
    outer loop
      vertex 30.45 2.68467875173176 2
      vertex 30.671053059650532 2.800696347292185 2
      vertex 30.45 2.68467875173176 4.2
    endloop
  endfacet
  facet normal 0.39196660986007625 -0.9199794436588237 0
    outer loop
      vertex 30.671053059650532 2.800696347292185 2
      vertex 30.90072485016814 2.898550352324786 2
      vertex 30.671053059650532 2.800696347292185 4.2
    endloop
  endfacet
  facet normal 0.3166679938014714 -0.9485364419471459 0
    outer loop
      vertex 30.90072485016814 2.898550352324786 2
      vertex 31.137525861858997 2.977606146057254 2
      vertex 30.90072485016814 2.898550352324786 4.2
    endloop
  endfacet
  facet normal 0.23931566428755757 -0.9709418174260521 0
    outer loop
      vertex 31.137525861858997 2.977606146057254 2
      vertex 31.379920349294263 3.03735102133103 2
      vertex 31.137525861858997 2.977606146057254 4.2
    endloop
  endfacet
  facet normal 0.16041128085776007 -0.987050262637913 0
    outer loop
      vertex 31.379920349294263 3.03735102133103 2
      vertex 31.6263362912085 3.0773975097039674 2
      vertex 31.379920349294263 3.03735102133103 4.2
    endloop
  endfacet
  facet normal 0.08046656871672545 -0.99675730813421 0
    outer loop
      vertex 31.6263362912085 3.0773975097039674 2
      vertex 31.875175585660813 3.0974858943318657 2
      vertex 31.6263362912085 3.0773975097039674 4.2
    endloop
  endfacet
  facet normal 0 -1 0
    outer loop
      vertex 31.875175585660813 3.0974858943318657 2
      vertex 32.12482441433919 3.0974858943318657 2
      vertex 31.875175585660813 3.0974858943318657 4.2
    endloop
  endfacet
  facet normal 0.600742264237976 -0.7994427634035032 0
    outer loop
      vertex 30.238999285133417 2.551249984270335 2
      vertex 30.238999285133417 2.551249984270335 4.2
      vertex 30.03941933565433 2.4012753816657297 4.2
    endloop
  endfacet
  facet normal 0.5344658261278024 -0.8451900855437938 0
    outer loop
      vertex 30.238999285133417 2.551249984270335 4.2
      vertex 30.45 2.68467875173176 2
      vertex 30.45 2.68467875173176 4.2
    endloop
  endfacet
  facet normal 0.4647231720437671 -0.8854560256532107 0
    outer loop
      vertex 30.671053059650532 2.800696347292185 2
      vertex 30.671053059650532 2.800696347292185 4.2
      vertex 30.45 2.68467875173176 4.2
    endloop
  endfacet
  facet normal 0.39196660986007625 -0.9199794436588237 0
    outer loop
      vertex 30.90072485016814 2.898550352324786 2
      vertex 30.90072485016814 2.898550352324786 4.2
      vertex 30.671053059650532 2.800696347292185 4.2
    endloop
  endfacet
  facet normal 0.3166679938014714 -0.9485364419471459 0
    outer loop
      vertex 31.137525861858997 2.977606146057254 2
      vertex 31.137525861858997 2.977606146057254 4.2
      vertex 30.90072485016814 2.898550352324786 4.2
    endloop
  endfacet
  facet normal 0.23931566428755757 -0.9709418174260521 0
    outer loop
      vertex 31.379920349294263 3.03735102133103 2
      vertex 31.379920349294263 3.03735102133103 4.2
      vertex 31.137525861858997 2.977606146057254 4.2
    endloop
  endfacet
  facet normal 0.16041128085776007 -0.987050262637913 0
    outer loop
      vertex 31.6263362912085 3.0773975097039674 2
      vertex 31.6263362912085 3.0773975097039674 4.2
      vertex 31.379920349294263 3.03735102133103 4.2
    endloop
  endfacet
  facet normal 0.08046656871672545 -0.99675730813421 0
    outer loop
      vertex 31.875175585660813 3.0974858943318657 2
      vertex 31.875175585660813 3.0974858943318657 4.2
      vertex 31.6263362912085 3.0773975097039674 4.2
    endloop
  endfacet
  facet normal 0 0 1
    outer loop
      vertex 31.875175585660813 -3.0974858943318657 2
      vertex 32.12482441433919 -3.0974858943318657 2
      vertex 32.12482441433919 3.0974858943318657 2
    endloop
  endfacet
  facet normal 0 0 1
    outer loop
      vertex 32.12482441433919 -3.0974858943318657 2
      vertex 32.3736637087915 -3.077397509703968 2
      vertex 32.373663708791504 3.0773975097039674 2
    endloop
  endfacet
  facet normal 0 0 1
    outer loop
      vertex 32.3736637087915 -3.077397509703968 2
      vertex 32.62007965070574 -3.03735102133103 2
      vertex 32.62007965070574 3.03735102133103 2
    endloop
  endfacet
  facet normal 0 0 1
    outer loop
      vertex 32.62007965070574 -3.03735102133103 2
      vertex 32.862474138141 -2.977606146057255 2
      vertex 32.862474138141 2.977606146057254 2
    endloop
  endfacet
  facet normal 0 0 1
    outer loop
      vertex 32.862474138141 -2.977606146057255 2
      vertex 33.09927514983186 -2.898550352324786 2
      vertex 33.09927514983186 2.898550352324786 2
    endloop
  endfacet
  facet normal 0 0 1
    outer loop
      vertex 33.09927514983186 -2.898550352324786 2
      vertex 33.32894694034947 -2.8006963472921855 2
      vertex 33.32894694034947 2.800696347292185 2
    endloop
  endfacet
  facet normal 0 0 1
    outer loop
      vertex 33.32894694034947 -2.8006963472921855 2
      vertex 33.55 -2.68467875173176 2
      vertex 33.55 2.68467875173176 2
    endloop
  endfacet
  facet normal 0 0 1
    outer loop
      vertex 33.55 -2.68467875173176 2
      vertex 33.76100071486658 -2.551249984270334 2
      vertex 33.76100071486658 2.551249984270335 2
    endloop
  endfacet
  facet normal 0 0 1
    outer loop
      vertex 33.76100071486658 -2.551249984270334 2
      vertex 33.96058066434567 -2.4012753816657297 2
      vertex 33.96058066434567 2.4012753816657293 2
    endloop
  endfacet
  facet normal 0 0 1
    outer loop
      vertex 33.96058066434567 -2.4012753816657297 2
      vertex 34.14744549587976 -2.235727586765824 2
      vertex 34.14744549587976 2.235727586765825 2
    endloop
  endfacet
  facet normal 0 0 1
    outer loop
      vertex 34.14744549587976 -2.235727586765824 2
      vertex 34.32038331933041 -2.0556802405464656 2
      vertex 34.32038331933041 2.055680240546465 2
    endloop
  endfacet
  facet normal 0 0 1
    outer loop
      vertex 34.32038331933041 -2.0556802405464656 2
      vertex 34.47827256655086 -1.862301019137734 2
      vertex 34.47827256655086 1.8623010191377345 2
    endloop
  endfacet
  facet normal 0 0 1
    outer loop
      vertex 34.47827256655086 -1.862301019137734 2
      vertex 34.62008926518576 -1.6568440609961839 2
      vertex 34.62008926518576 1.6568440609961832 2
    endloop
  endfacet
  facet normal 0 0 1
    outer loop
      vertex 34.62008926518576 -1.6568440609961839 2
      vertex 34.74491367952495 -1.4406418333356819 2
      vertex 34.74491367952495 1.4406418333356825 2
    endloop
  endfacet
  facet normal 0 0 1
    outer loop
      vertex 34.74491367952495 -1.4406418333356819 2
      vertex 34.851936275342354 -1.2150964905662336 2
      vertex 34.851936275342354 1.2150964905662327 2
    endloop
  endfacet
  facet normal 0 0 1
    outer loop
      vertex 34.851936275342354 -1.2150964905662336 2
      vertex 34.94046297003615 -0.9816707807845644 2
      vertex 34.94046297003615 0.9816707807845647 2
    endloop
  endfacet
  facet normal 0 0 1
    outer loop
      vertex 34.94046297003615 -0.9816707807845644 2
      vertex 35.00991963402076 -0.7418785592914302 2
      vertex 35.00991963402076 0.7418785592914291 2
    endloop
  endfacet
  facet normal 0 0 1
    outer loop
      vertex 35.00991963402076 -0.7418785592914302 2
      vertex 35.05985581417753 -0.49727497065905657 2
      vertex 35.05985581417753 0.49727497065905674 2
    endloop
  endfacet
  facet normal 0 0 1
    outer loop
      vertex 35.05985581417753 -0.49727497065905657 2
      vertex 35.08994765521605 -0.24944636302185164 2
      vertex 35.08994765521605 0.24944636302185022 2
    endloop
  endfacet
  facet normal 0 0 1
    outer loop
      vertex 35.08994765521605 -0.24944636302185164 2
      vertex 35.1 0 2
      vertex 35.08994765521605 0.24944636302185022 2
    endloop
  endfacet
  facet normal 0 1 0
    outer loop
      vertex 31.875175585660813 -3.0974858943318657 2
      vertex 32.12482441433919 -3.0974858943318657 4.2
      vertex 32.12482441433919 -3.0974858943318657 2
    endloop
  endfacet
  facet normal -0.08046656871672482 0.99675730813421 0
    outer loop
      vertex 32.12482441433919 -3.0974858943318657 2
      vertex 32.3736637087915 -3.077397509703968 4.2
      vertex 32.3736637087915 -3.077397509703968 2
    endloop
  endfacet
  facet normal -0.1604112808577573 0.9870502626379133 0
    outer loop
      vertex 32.3736637087915 -3.077397509703968 2
      vertex 32.62007965070574 -3.03735102133103 4.2
      vertex 32.62007965070574 -3.03735102133103 2
    endloop
  endfacet
  facet normal -0.23931566428755746 0.9709418174260519 0
    outer loop
      vertex 32.62007965070574 -3.03735102133103 2
      vertex 32.862474138141 -2.977606146057255 4.2
      vertex 32.862474138141 -2.977606146057255 2
    endloop
  endfacet
  facet normal -0.3166679938014746 0.9485364419471447 0
    outer loop
      vertex 32.862474138141 -2.977606146057255 2
      vertex 33.09927514983186 -2.898550352324786 4.2
      vertex 33.09927514983186 -2.898550352324786 2
    endloop
  endfacet
  facet normal -0.3919666098600747 0.9199794436588242 0
    outer loop
      vertex 33.09927514983186 -2.898550352324786 2
      vertex 33.32894694034947 -2.8006963472921855 4.2
      vertex 33.32894694034947 -2.8006963472921855 2
    endloop
  endfacet
  facet normal -0.4647231720437744 0.8854560256532069 0
    outer loop
      vertex 33.32894694034947 -2.8006963472921855 2
      vertex 33.55 -2.68467875173176 4.2
      vertex 33.55 -2.68467875173176 2
    endloop
  endfacet
  facet normal -0.5344658261277986 0.8451900855437965 0
    outer loop
      vertex 33.55 -2.68467875173176 2
      vertex 33.76100071486658 -2.551249984270334 4.2
      vertex 33.76100071486658 -2.551249984270334 2
    endloop
  endfacet
  facet normal -0.08046656871672482 0.99675730813421 0
    outer loop
      vertex 32.12482441433919 -3.0974858943318657 2
      vertex 32.12482441433919 -3.0974858943318657 4.2
      vertex 32.3736637087915 -3.077397509703968 4.2
    endloop
  endfacet
  facet normal -0.1604112808577573 0.9870502626379133 0
    outer loop
      vertex 32.3736637087915 -3.077397509703968 2
      vertex 32.3736637087915 -3.077397509703968 4.2
      vertex 32.62007965070574 -3.03735102133103 4.2
    endloop
  endfacet
  facet normal -0.23931566428755746 0.9709418174260519 0
    outer loop
      vertex 32.62007965070574 -3.03735102133103 2
      vertex 32.62007965070574 -3.03735102133103 4.2
      vertex 32.862474138141 -2.977606146057255 4.2
    endloop
  endfacet
  facet normal -0.3166679938014746 0.9485364419471447 0
    outer loop
      vertex 32.862474138141 -2.977606146057255 2
      vertex 32.862474138141 -2.977606146057255 4.2
      vertex 33.09927514983186 -2.898550352324786 4.2
    endloop
  endfacet
  facet normal -0.3919666098600747 0.9199794436588242 0
    outer loop
      vertex 33.09927514983186 -2.898550352324786 2
      vertex 33.09927514983186 -2.898550352324786 4.2
      vertex 33.32894694034947 -2.8006963472921855 4.2
    endloop
  endfacet
  facet normal -0.4647231720437744 0.8854560256532069 0
    outer loop
      vertex 33.32894694034947 -2.8006963472921855 2
      vertex 33.32894694034947 -2.8006963472921855 4.2
      vertex 33.55 -2.68467875173176 4.2
    endloop
  endfacet
  facet normal -0.5344658261277986 0.8451900855437965 0
    outer loop
      vertex 33.55 -2.68467875173176 2
      vertex 33.55 -2.68467875173176 4.2
      vertex 33.76100071486658 -2.551249984270334 4.2
    endloop
  endfacet
  facet normal -0.6007422642379738 0.799442763403505 0
    outer loop
      vertex 33.76100071486658 -2.551249984270334 2
      vertex 33.76100071486658 -2.551249984270334 4.2
      vertex 33.96058066434567 -2.4012753816657297 4.2
    endloop
  endfacet
  facet normal -0.6007422642379738 0.799442763403505 0
    outer loop
      vertex 33.76100071486658 -2.551249984270334 2
      vertex 33.96058066434567 -2.4012753816657297 4.2
      vertex 33.96058066434567 -2.4012753816657297 2
    endloop
  endfacet
  facet normal -0.6631226582408003 0.7485107481710968 0
    outer loop
      vertex 33.96058066434567 -2.4012753816657297 2
      vertex 34.14744549587976 -2.235727586765824 4.2
      vertex 34.14744549587976 -2.235727586765824 2
    endloop
  endfacet
  facet normal -0.7212024473438173 0.6927243535095967 0
    outer loop
      vertex 34.14744549587976 -2.235727586765824 2
      vertex 34.14744549587976 -2.235727586765824 4.2
      vertex 34.32038331933041 -2.0556802405464656 2
    endloop
  endfacet
  facet normal -0.7746049618276452 0.6324453755953888 0
    outer loop
      vertex 34.32038331933041 -2.0556802405464656 2
      vertex 34.32038331933041 -2.0556802405464656 4.2
      vertex 34.47827256655086 -1.862301019137734 2
    endloop
  endfacet
  facet normal -0.8229838658936648 0.5680647467311438 0
    outer loop
      vertex 34.47827256655086 -1.862301019137734 2
      vertex 34.47827256655086 -1.862301019137734 4.2
      vertex 34.62008926518576 -1.6568440609961839 2
    endloop
  endfacet
  facet normal -0.8660254037844392 0.4999999999999989 0
    outer loop
      vertex 34.62008926518576 -1.6568440609961839 2
      vertex 34.62008926518576 -1.6568440609961839 4.2
      vertex 34.74491367952495 -1.4406418333356819 2
    endloop
  endfacet
  facet normal -0.9034504346103803 0.4286925614030584 0
    outer loop
      vertex 34.74491367952495 -1.4406418333356819 2
      vertex 34.74491367952495 -1.4406418333356819 4.2
      vertex 34.851936275342354 -1.2150964905662336 2
    endloop
  endfacet
  facet normal -0.6631226582408003 0.7485107481710968 0
    outer loop
      vertex 33.96058066434567 -2.4012753816657297 2
      vertex 33.96058066434567 -2.4012753816657297 4.2
      vertex 34.14744549587976 -2.235727586765824 4.2
    endloop
  endfacet
  facet normal -0.7212024473438173 0.6927243535095967 0
    outer loop
      vertex 34.32038331933041 -2.0556802405464656 2
      vertex 34.14744549587976 -2.235727586765824 4.2
      vertex 34.32038331933041 -2.0556802405464656 4.2
    endloop
  endfacet
  facet normal -0.7746049618276452 0.6324453755953888 0
    outer loop
      vertex 34.47827256655086 -1.862301019137734 2
      vertex 34.32038331933041 -2.0556802405464656 4.2
      vertex 34.47827256655086 -1.862301019137734 4.2
    endloop
  endfacet
  facet normal -0.8229838658936648 0.5680647467311438 0
    outer loop
      vertex 34.62008926518576 -1.6568440609961839 2
      vertex 34.47827256655086 -1.862301019137734 4.2
      vertex 34.62008926518576 -1.6568440609961839 4.2
    endloop
  endfacet
  facet normal -0.8660254037844392 0.4999999999999989 0
    outer loop
      vertex 34.62008926518576 -1.6568440609961839 4.2
      vertex 34.74491367952495 -1.4406418333356819 4.2
      vertex 34.74491367952495 -1.4406418333356819 2
    endloop
  endfacet
  facet normal -0.9034504346103803 0.4286925614030584 0
    outer loop
      vertex 34.851936275342354 -1.2150964905662336 2
      vertex 34.74491367952495 -1.4406418333356819 4.2
      vertex 34.851936275342354 -1.2150964905662336 4.2
    endloop
  endfacet
  facet normal -0.9350162426854135 0.3546048870425388 0
    outer loop
      vertex 34.851936275342354 -1.2150964905662336 2
      vertex 34.851936275342354 -1.2150964905662336 4.2
      vertex 34.94046297003615 -0.9816707807845644 2
    endloop
  endfacet
  facet normal -0.9605181116313717 0.2782174639164542 0
    outer loop
      vertex 34.94046297003615 -0.9816707807845644 2
      vertex 34.94046297003615 -0.9816707807845644 4.2
      vertex 35.00991963402076 -0.7418785592914302 2
    endloop
  endfacet
  facet normal -0.9797906520422667 0.2000256937760494 0
    outer loop
      vertex 35.00991963402076 -0.7418785592914302 2
      vertex 35.00991963402076 -0.7418785592914302 4.2
      vertex 35.05985581417753 -0.49727497065905657 2
    endloop
  endfacet
  facet normal -0.9927088740980546 0.12053668025531704 0
    outer loop
      vertex 35.05985581417753 -0.49727497065905657 2
      vertex 35.05985581417753 -0.49727497065905657 4.2
      vertex 35.08994765521605 -0.24944636302185164 2
    endloop
  endfacet
  facet normal -0.9991889981715695 0.04026594010942144 0
    outer loop
      vertex 35.08994765521605 -0.24944636302185164 2
      vertex 35.08994765521605 -0.24944636302185164 4.2
      vertex 35.1 0 2
    endloop
  endfacet
  facet normal -0.9350162426854135 0.3546048870425388 0
    outer loop
      vertex 34.94046297003615 -0.9816707807845644 2
      vertex 34.851936275342354 -1.2150964905662336 4.2
      vertex 34.94046297003615 -0.9816707807845644 4.2
    endloop
  endfacet
  facet normal -0.9605181116313717 0.2782174639164542 0
    outer loop
      vertex 35.00991963402076 -0.7418785592914302 2
      vertex 34.94046297003615 -0.9816707807845644 4.2
      vertex 35.00991963402076 -0.7418785592914302 4.2
    endloop
  endfacet
  facet normal -0.9797906520422667 0.2000256937760494 0
    outer loop
      vertex 35.05985581417753 -0.49727497065905657 2
      vertex 35.00991963402076 -0.7418785592914302 4.2
      vertex 35.05985581417753 -0.49727497065905657 4.2
    endloop
  endfacet
  facet normal -0.9927088740980546 0.12053668025531704 0
    outer loop
      vertex 35.08994765521605 -0.24944636302185164 2
      vertex 35.05985581417753 -0.49727497065905657 4.2
      vertex 35.08994765521605 -0.24944636302185164 4.2
    endloop
  endfacet
  facet normal -0.9991889981715695 0.04026594010942144 0
    outer loop
      vertex 35.1 0 2
      vertex 35.08994765521605 -0.24944636302185164 4.2
      vertex 35.1 0 4.2
    endloop
  endfacet
  facet normal 0 0 -1
    outer loop
      vertex 32.12482441433919 -3.0974858943318657 4.2
      vertex 32.12482441433919 3.0974858943318657 4.2
      vertex 32.3736637087915 -3.077397509703968 4.2
    endloop
  endfacet
  facet normal 0 0 -1
    outer loop
      vertex 32.3736637087915 -3.077397509703968 4.2
      vertex 32.373663708791504 3.0773975097039674 4.2
      vertex 32.62007965070574 -3.03735102133103 4.2
    endloop
  endfacet
  facet normal 0 0 -1
    outer loop
      vertex 32.62007965070574 -3.03735102133103 4.2
      vertex 32.62007965070574 3.03735102133103 4.2
      vertex 32.862474138141 -2.977606146057255 4.2
    endloop
  endfacet
  facet normal 0 0 -1
    outer loop
      vertex 32.862474138141 -2.977606146057255 4.2
      vertex 32.862474138141 2.977606146057254 4.2
      vertex 33.09927514983186 -2.898550352324786 4.2
    endloop
  endfacet
  facet normal 0 0 -1
    outer loop
      vertex 33.09927514983186 -2.898550352324786 4.2
      vertex 33.09927514983186 2.898550352324786 4.2
      vertex 33.32894694034947 -2.8006963472921855 4.2
    endloop
  endfacet
  facet normal 0 0 -1
    outer loop
      vertex 33.32894694034947 -2.8006963472921855 4.2
      vertex 33.32894694034947 2.800696347292185 4.2
      vertex 33.55 -2.68467875173176 4.2
    endloop
  endfacet
  facet normal 0 0 -1
    outer loop
      vertex 33.55 -2.68467875173176 4.2
      vertex 33.55 2.68467875173176 4.2
      vertex 33.76100071486658 -2.551249984270334 4.2
    endloop
  endfacet
  facet normal 0 0 -1
    outer loop
      vertex 33.76100071486658 -2.551249984270334 4.2
      vertex 33.76100071486658 2.551249984270335 4.2
      vertex 33.96058066434567 -2.4012753816657297 4.2
    endloop
  endfacet
  facet normal 0 0 -1
    outer loop
      vertex 33.96058066434567 -2.4012753816657297 4.2
      vertex 33.96058066434567 2.4012753816657293 4.2
      vertex 34.14744549587976 -2.235727586765824 4.2
    endloop
  endfacet
  facet normal 0 0 -1
    outer loop
      vertex 34.14744549587976 -2.235727586765824 4.2
      vertex 34.14744549587976 2.235727586765825 4.2
      vertex 34.32038331933041 -2.0556802405464656 4.2
    endloop
  endfacet
  facet normal 0 0 -1
    outer loop
      vertex 34.32038331933041 -2.0556802405464656 4.2
      vertex 34.32038331933041 2.055680240546465 4.2
      vertex 34.47827256655086 -1.862301019137734 4.2
    endloop
  endfacet
  facet normal 0 0 -1
    outer loop
      vertex 34.47827256655086 -1.862301019137734 4.2
      vertex 34.47827256655086 1.8623010191377345 4.2
      vertex 34.62008926518576 -1.6568440609961839 4.2
    endloop
  endfacet
  facet normal 0 0 -1
    outer loop
      vertex 34.62008926518576 -1.6568440609961839 4.2
      vertex 34.62008926518576 1.6568440609961832 4.2
      vertex 34.74491367952495 -1.4406418333356819 4.2
    endloop
  endfacet
  facet normal 0 0 -1
    outer loop
      vertex 34.74491367952495 -1.4406418333356819 4.2
      vertex 34.74491367952495 1.4406418333356825 4.2
      vertex 34.851936275342354 -1.2150964905662336 4.2
    endloop
  endfacet
  facet normal 0 0 -1
    outer loop
      vertex 34.851936275342354 -1.2150964905662336 4.2
      vertex 34.851936275342354 1.2150964905662327 4.2
      vertex 34.94046297003615 -0.9816707807845644 4.2
    endloop
  endfacet
  facet normal 0 0 -1
    outer loop
      vertex 34.94046297003615 -0.9816707807845644 4.2
      vertex 34.94046297003615 0.9816707807845647 4.2
      vertex 35.00991963402076 -0.7418785592914302 4.2
    endloop
  endfacet
  facet normal 0 0 -1
    outer loop
      vertex 35.00991963402076 -0.7418785592914302 4.2
      vertex 35.00991963402076 0.7418785592914291 4.2
      vertex 35.05985581417753 -0.49727497065905657 4.2
    endloop
  endfacet
  facet normal 0 0 -1
    outer loop
      vertex 35.05985581417753 -0.49727497065905657 4.2
      vertex 35.05985581417753 0.49727497065905674 4.2
      vertex 35.08994765521605 -0.24944636302185164 4.2
    endloop
  endfacet
  facet normal 0 0 -1
    outer loop
      vertex 35.08994765521605 -0.24944636302185164 4.2
      vertex 35.08994765521605 0.24944636302185022 4.2
      vertex 35.1 0 4.2
    endloop
  endfacet
  facet normal 0 0 1
    outer loop
      vertex 35.05985581417753 -0.49727497065905657 2
      vertex 35.08994765521605 0.24944636302185022 2
      vertex 35.05985581417753 0.49727497065905674 2
    endloop
  endfacet
  facet normal 0 0 1
    outer loop
      vertex 35.00991963402076 -0.7418785592914302 2
      vertex 35.05985581417753 0.49727497065905674 2
      vertex 35.00991963402076 0.7418785592914291 2
    endloop
  endfacet
  facet normal 0 0 1
    outer loop
      vertex 34.94046297003615 -0.9816707807845644 2
      vertex 35.00991963402076 0.7418785592914291 2
      vertex 34.94046297003615 0.9816707807845647 2
    endloop
  endfacet
  facet normal 0 0 1
    outer loop
      vertex 34.851936275342354 -1.2150964905662336 2
      vertex 34.94046297003615 0.9816707807845647 2
      vertex 34.851936275342354 1.2150964905662327 2
    endloop
  endfacet
  facet normal 0 0 1
    outer loop
      vertex 34.74491367952495 -1.4406418333356819 2
      vertex 34.851936275342354 1.2150964905662327 2
      vertex 34.74491367952495 1.4406418333356825 2
    endloop
  endfacet
  facet normal 0 0 1
    outer loop
      vertex 34.62008926518576 -1.6568440609961839 2
      vertex 34.74491367952495 1.4406418333356825 2
      vertex 34.62008926518576 1.6568440609961832 2
    endloop
  endfacet
  facet normal 0 0 1
    outer loop
      vertex 34.47827256655086 -1.862301019137734 2
      vertex 34.62008926518576 1.6568440609961832 2
      vertex 34.47827256655086 1.8623010191377345 2
    endloop
  endfacet
  facet normal 0 0 1
    outer loop
      vertex 34.32038331933041 -2.0556802405464656 2
      vertex 34.47827256655086 1.8623010191377345 2
      vertex 34.32038331933041 2.055680240546465 2
    endloop
  endfacet
  facet normal 0 0 1
    outer loop
      vertex 34.14744549587976 -2.235727586765824 2
      vertex 34.32038331933041 2.055680240546465 2
      vertex 34.14744549587976 2.235727586765825 2
    endloop
  endfacet
  facet normal 0 0 1
    outer loop
      vertex 33.96058066434567 -2.4012753816657297 2
      vertex 34.14744549587976 2.235727586765825 2
      vertex 33.96058066434567 2.4012753816657293 2
    endloop
  endfacet
  facet normal 0 0 1
    outer loop
      vertex 33.55 -2.68467875173176 2
      vertex 33.76100071486658 2.551249984270335 2
      vertex 33.55 2.68467875173176 2
    endloop
  endfacet
  facet normal 0 0 1
    outer loop
      vertex 33.32894694034947 -2.8006963472921855 2
      vertex 33.55 2.68467875173176 2
      vertex 33.32894694034947 2.800696347292185 2
    endloop
  endfacet
  facet normal 0 0 1
    outer loop
      vertex 33.09927514983186 -2.898550352324786 2
      vertex 33.32894694034947 2.800696347292185 2
      vertex 33.09927514983186 2.898550352324786 2
    endloop
  endfacet
  facet normal 0 0 1
    outer loop
      vertex 33.76100071486658 -2.551249984270334 2
      vertex 33.96058066434567 2.4012753816657293 2
      vertex 33.76100071486658 2.551249984270335 2
    endloop
  endfacet
  facet normal 0 0 1
    outer loop
      vertex 32.3736637087915 -3.077397509703968 2
      vertex 32.62007965070574 3.03735102133103 2
      vertex 32.373663708791504 3.0773975097039674 2
    endloop
  endfacet
  facet normal 0 0 1
    outer loop
      vertex 32.12482441433919 -3.0974858943318657 2
      vertex 32.373663708791504 3.0773975097039674 2
      vertex 32.12482441433919 3.0974858943318657 2
    endloop
  endfacet
  facet normal 0 0 1
    outer loop
      vertex 32.62007965070574 -3.03735102133103 2
      vertex 32.862474138141 2.977606146057254 2
      vertex 32.62007965070574 3.03735102133103 2
    endloop
  endfacet
  facet normal 0 0 1
    outer loop
      vertex 32.862474138141 -2.977606146057255 2
      vertex 33.09927514983186 2.898550352324786 2
      vertex 32.862474138141 2.977606146057254 2
    endloop
  endfacet
  facet normal -0.9991889981715693 -0.04026594010942165 0
    outer loop
      vertex 35.1 0 2
      vertex 35.1 0 4.2
      vertex 35.08994765521605 0.24944636302185022 2
    endloop
  endfacet
  facet normal -0.9927088740980547 -0.12053668025531626 0
    outer loop
      vertex 35.08994765521605 0.24944636302185022 2
      vertex 35.08994765521605 0.24944636302185022 4.2
      vertex 35.05985581417753 0.49727497065905674 2
    endloop
  endfacet
  facet normal -0.9797906520422663 -0.20002569377605034 0
    outer loop
      vertex 35.05985581417753 0.49727497065905674 2
      vertex 35.05985581417753 0.49727497065905674 4.2
      vertex 35.00991963402076 0.7418785592914291 2
    endloop
  endfacet
  facet normal -0.9605181116313724 -0.2782174639164527 0
    outer loop
      vertex 35.00991963402076 0.7418785592914291 2
      vertex 35.00991963402076 0.7418785592914291 4.2
      vertex 34.94046297003615 0.9816707807845647 2
    endloop
  endfacet
  facet normal -0.9350162426854131 -0.35460488704254045 0
    outer loop
      vertex 34.94046297003615 0.9816707807845647 2
      vertex 34.94046297003615 0.9816707807845647 4.2
      vertex 34.851936275342354 1.2150964905662327 2
    endloop
  endfacet
  facet normal -0.9991889981715693 -0.04026594010942165 0
    outer loop
      vertex 35.1 0 4.2
      vertex 35.08994765521605 0.24944636302185022 4.2
      vertex 35.08994765521605 0.24944636302185022 2
    endloop
  endfacet
  facet normal -0.9927088740980547 -0.12053668025531626 0
    outer loop
      vertex 35.05985581417753 0.49727497065905674 2
      vertex 35.08994765521605 0.24944636302185022 4.2
      vertex 35.05985581417753 0.49727497065905674 4.2
    endloop
  endfacet
  facet normal -0.9797906520422663 -0.20002569377605034 0
    outer loop
      vertex 35.00991963402076 0.7418785592914291 2
      vertex 35.05985581417753 0.49727497065905674 4.2
      vertex 35.00991963402076 0.7418785592914291 4.2
    endloop
  endfacet
  facet normal -0.9605181116313724 -0.2782174639164527 0
    outer loop
      vertex 34.94046297003615 0.9816707807845647 2
      vertex 35.00991963402076 0.7418785592914291 4.2
      vertex 34.94046297003615 0.9816707807845647 4.2
    endloop
  endfacet
  facet normal -0.9350162426854131 -0.35460488704254045 0
    outer loop
      vertex 34.851936275342354 1.2150964905662327 2
      vertex 34.94046297003615 0.9816707807845647 4.2
      vertex 34.851936275342354 1.2150964905662327 4.2
    endloop
  endfacet
  facet normal -0.9034504346103815 -0.42869256140305595 0
    outer loop
      vertex 34.851936275342354 1.2150964905662327 2
      vertex 34.851936275342354 1.2150964905662327 4.2
      vertex 34.74491367952495 1.4406418333356825 2
    endloop
  endfacet
  facet normal -0.866025403784438 -0.5000000000000013 0
    outer loop
      vertex 34.62008926518576 1.6568440609961832 2
      vertex 34.74491367952495 1.4406418333356825 2
      vertex 34.74491367952495 1.4406418333356825 4.2
    endloop
  endfacet
  facet normal -0.822983865893666 -0.5680647467311416 0
    outer loop
      vertex 34.62008926518576 1.6568440609961832 2
      vertex 34.62008926518576 1.6568440609961832 4.2
      vertex 34.47827256655086 1.8623010191377345 2
    endloop
  endfacet
  facet normal -0.7212024473438198 -0.692724353509594 0
    outer loop
      vertex 34.14744549587976 2.235727586765825 2
      vertex 34.32038331933041 2.055680240546465 2
      vertex 34.32038331933041 2.055680240546465 4.2
    endloop
  endfacet
  facet normal -0.6631226582407972 -0.7485107481710993 0
    outer loop
      vertex 33.96058066434567 2.4012753816657293 2
      vertex 34.14744549587976 2.235727586765825 2
      vertex 33.96058066434567 2.4012753816657293 4.2
    endloop
  endfacet
  facet normal -0.7746049618276437 -0.6324453755953906 0
    outer loop
      vertex 34.32038331933041 2.055680240546465 2
      vertex 34.47827256655086 1.8623010191377345 2
      vertex 34.47827256655086 1.8623010191377345 4.2
    endloop
  endfacet
  facet normal -0.9034504346103815 -0.42869256140305595 0
    outer loop
      vertex 34.74491367952495 1.4406418333356825 2
      vertex 34.851936275342354 1.2150964905662327 4.2
      vertex 34.74491367952495 1.4406418333356825 4.2
    endloop
  endfacet
  facet normal -0.866025403784438 -0.5000000000000013 0
    outer loop
      vertex 34.62008926518576 1.6568440609961832 2
      vertex 34.74491367952495 1.4406418333356825 4.2
      vertex 34.62008926518576 1.6568440609961832 4.2
    endloop
  endfacet
  facet normal -0.822983865893666 -0.5680647467311416 0
    outer loop
      vertex 34.62008926518576 1.6568440609961832 4.2
      vertex 34.47827256655086 1.8623010191377345 4.2
      vertex 34.47827256655086 1.8623010191377345 2
    endloop
  endfacet
  facet normal -0.7212024473438198 -0.692724353509594 0
    outer loop
      vertex 34.14744549587976 2.235727586765825 2
      vertex 34.32038331933041 2.055680240546465 4.2
      vertex 34.14744549587976 2.235727586765825 4.2
    endloop
  endfacet
  facet normal -0.6631226582407972 -0.7485107481710993 0
    outer loop
      vertex 34.14744549587976 2.235727586765825 2
      vertex 34.14744549587976 2.235727586765825 4.2
      vertex 33.96058066434567 2.4012753816657293 4.2
    endloop
  endfacet
  facet normal -0.6007422642379772 -0.7994427634035024 0
    outer loop
      vertex 33.96058066434567 2.4012753816657293 2
      vertex 33.96058066434567 2.4012753816657293 4.2
      vertex 33.76100071486658 2.551249984270335 4.2
    endloop
  endfacet
  facet normal -0.7746049618276437 -0.6324453755953906 0
    outer loop
      vertex 34.32038331933041 2.055680240546465 2
      vertex 34.47827256655086 1.8623010191377345 4.2
      vertex 34.32038331933041 2.055680240546465 4.2
    endloop
  endfacet
  facet normal 0 0 -1
    outer loop
      vertex 35.08994765521605 -0.24944636302185164 4.2
      vertex 35.05985581417753 0.49727497065905674 4.2
      vertex 35.08994765521605 0.24944636302185022 4.2
    endloop
  endfacet
  facet normal 0 0 -1
    outer loop
      vertex 35.05985581417753 -0.49727497065905657 4.2
      vertex 35.00991963402076 0.7418785592914291 4.2
      vertex 35.05985581417753 0.49727497065905674 4.2
    endloop
  endfacet
  facet normal 0 0 -1
    outer loop
      vertex 35.00991963402076 -0.7418785592914302 4.2
      vertex 34.94046297003615 0.9816707807845647 4.2
      vertex 35.00991963402076 0.7418785592914291 4.2
    endloop
  endfacet
  facet normal 0 0 -1
    outer loop
      vertex 34.94046297003615 -0.9816707807845644 4.2
      vertex 34.851936275342354 1.2150964905662327 4.2
      vertex 34.94046297003615 0.9816707807845647 4.2
    endloop
  endfacet
  facet normal 0 0 -1
    outer loop
      vertex 34.851936275342354 -1.2150964905662336 4.2
      vertex 34.74491367952495 1.4406418333356825 4.2
      vertex 34.851936275342354 1.2150964905662327 4.2
    endloop
  endfacet
  facet normal 0 0 -1
    outer loop
      vertex 34.62008926518576 -1.6568440609961839 4.2
      vertex 34.47827256655086 1.8623010191377345 4.2
      vertex 34.62008926518576 1.6568440609961832 4.2
    endloop
  endfacet
  facet normal 0 0 -1
    outer loop
      vertex 34.74491367952495 -1.4406418333356819 4.2
      vertex 34.62008926518576 1.6568440609961832 4.2
      vertex 34.74491367952495 1.4406418333356825 4.2
    endloop
  endfacet
  facet normal 0 0 -1
    outer loop
      vertex 34.32038331933041 -2.0556802405464656 4.2
      vertex 34.14744549587976 2.235727586765825 4.2
      vertex 34.32038331933041 2.055680240546465 4.2
    endloop
  endfacet
  facet normal 0 0 -1
    outer loop
      vertex 33.76100071486658 -2.551249984270334 4.2
      vertex 33.55 2.68467875173176 4.2
      vertex 33.76100071486658 2.551249984270335 4.2
    endloop
  endfacet
  facet normal 0 0 -1
    outer loop
      vertex 33.55 -2.68467875173176 4.2
      vertex 33.32894694034947 2.800696347292185 4.2
      vertex 33.55 2.68467875173176 4.2
    endloop
  endfacet
  facet normal 0 0 -1
    outer loop
      vertex 33.96058066434567 -2.4012753816657297 4.2
      vertex 33.76100071486658 2.551249984270335 4.2
      vertex 33.96058066434567 2.4012753816657293 4.2
    endloop
  endfacet
  facet normal 0 0 -1
    outer loop
      vertex 34.14744549587976 -2.235727586765824 4.2
      vertex 33.96058066434567 2.4012753816657293 4.2
      vertex 34.14744549587976 2.235727586765825 4.2
    endloop
  endfacet
  facet normal 0 0 -1
    outer loop
      vertex 31.875175585660813 3.0974858943318657 4.2
      vertex 32.12482441433919 3.0974858943318657 4.2
      vertex 32.12482441433919 -3.0974858943318657 4.2
    endloop
  endfacet
  facet normal 0 0 -1
    outer loop
      vertex 32.3736637087915 -3.077397509703968 4.2
      vertex 32.12482441433919 3.0974858943318657 4.2
      vertex 32.373663708791504 3.0773975097039674 4.2
    endloop
  endfacet
  facet normal 0 0 -1
    outer loop
      vertex 32.62007965070574 -3.03735102133103 4.2
      vertex 32.373663708791504 3.0773975097039674 4.2
      vertex 32.62007965070574 3.03735102133103 4.2
    endloop
  endfacet
  facet normal 0 0 -1
    outer loop
      vertex 32.862474138141 -2.977606146057255 4.2
      vertex 32.62007965070574 3.03735102133103 4.2
      vertex 32.862474138141 2.977606146057254 4.2
    endloop
  endfacet
  facet normal 0 0 -1
    outer loop
      vertex 33.09927514983186 -2.898550352324786 4.2
      vertex 32.862474138141 2.977606146057254 4.2
      vertex 33.09927514983186 2.898550352324786 4.2
    endloop
  endfacet
  facet normal 0 0 -1
    outer loop
      vertex 33.32894694034947 -2.8006963472921855 4.2
      vertex 33.09927514983186 2.898550352324786 4.2
      vertex 33.32894694034947 2.800696347292185 4.2
    endloop
  endfacet
  facet normal 0 0 -1
    outer loop
      vertex 34.47827256655086 -1.862301019137734 4.2
      vertex 34.32038331933041 2.055680240546465 4.2
      vertex 34.47827256655086 1.8623010191377345 4.2
    endloop
  endfacet
  facet normal -0.5344658261277959 -0.8451900855437979 0
    outer loop
      vertex 33.55 2.68467875173176 2
      vertex 33.76100071486658 2.551249984270335 2
      vertex 33.55 2.68467875173176 4.2
    endloop
  endfacet
  facet normal -0.6007422642379772 -0.7994427634035024 0
    outer loop
      vertex 33.76100071486658 2.551249984270335 2
      vertex 33.96058066434567 2.4012753816657293 2
      vertex 33.76100071486658 2.551249984270335 4.2
    endloop
  endfacet
  facet normal -0.46472317204377295 -0.8854560256532076 0
    outer loop
      vertex 33.32894694034947 2.800696347292185 2
      vertex 33.55 2.68467875173176 2
      vertex 33.32894694034947 2.800696347292185 4.2
    endloop
  endfacet
  facet normal -0.3166679938014714 -0.9485364419471459 0
    outer loop
      vertex 32.862474138141 2.977606146057254 2
      vertex 33.09927514983186 2.898550352324786 2
      vertex 32.862474138141 2.977606146057254 4.2
    endloop
  endfacet
  facet normal -0.08046656871672431 -0.99675730813421 0
    outer loop
      vertex 32.373663708791504 3.0773975097039674 2
      vertex 32.12482441433919 3.0974858943318657 4.2
      vertex 32.12482441433919 3.0974858943318657 2
    endloop
  endfacet
  facet normal -0.16041128085776007 -0.987050262637913 0
    outer loop
      vertex 32.373663708791504 3.0773975097039674 2
      vertex 32.62007965070574 3.03735102133103 2
      vertex 32.373663708791504 3.0773975097039674 4.2
    endloop
  endfacet
  facet normal -0.23931566428756085 -0.9709418174260511 0
    outer loop
      vertex 32.62007965070574 3.03735102133103 2
      vertex 32.862474138141 2.977606146057254 2
      vertex 32.62007965070574 3.03735102133103 4.2
    endloop
  endfacet
  facet normal -0.39196660986007625 -0.9199794436588237 0
    outer loop
      vertex 33.09927514983186 2.898550352324786 2
      vertex 33.32894694034947 2.800696347292185 2
      vertex 33.09927514983186 2.898550352324786 4.2
    endloop
  endfacet
  facet normal -0.5344658261277959 -0.8451900855437979 0
    outer loop
      vertex 33.55 2.68467875173176 4.2
      vertex 33.76100071486658 2.551249984270335 2
      vertex 33.76100071486658 2.551249984270335 4.2
    endloop
  endfacet
  facet normal -0.46472317204377295 -0.8854560256532076 0
    outer loop
      vertex 33.55 2.68467875173176 2
      vertex 33.55 2.68467875173176 4.2
      vertex 33.32894694034947 2.800696347292185 4.2
    endloop
  endfacet
  facet normal -0.3166679938014714 -0.9485364419471459 0
    outer loop
      vertex 33.09927514983186 2.898550352324786 2
      vertex 33.09927514983186 2.898550352324786 4.2
      vertex 32.862474138141 2.977606146057254 4.2
    endloop
  endfacet
  facet normal 0 -1 0
    outer loop
      vertex 31.875175585660813 3.0974858943318657 4.2
      vertex 32.12482441433919 3.0974858943318657 2
      vertex 32.12482441433919 3.0974858943318657 4.2
    endloop
  endfacet
  facet normal -0.08046656871672431 -0.99675730813421 0
    outer loop
      vertex 32.373663708791504 3.0773975097039674 2
      vertex 32.373663708791504 3.0773975097039674 4.2
      vertex 32.12482441433919 3.0974858943318657 4.2
    endloop
  endfacet
  facet normal -0.16041128085776007 -0.987050262637913 0
    outer loop
      vertex 32.62007965070574 3.03735102133103 2
      vertex 32.62007965070574 3.03735102133103 4.2
      vertex 32.373663708791504 3.0773975097039674 4.2
    endloop
  endfacet
  facet normal -0.23931566428756085 -0.9709418174260511 0
    outer loop
      vertex 32.862474138141 2.977606146057254 2
      vertex 32.862474138141 2.977606146057254 4.2
      vertex 32.62007965070574 3.03735102133103 4.2
    endloop
  endfacet
  facet normal -0.39196660986007625 -0.9199794436588237 0
    outer loop
      vertex 33.32894694034947 2.800696347292185 2
      vertex 33.32894694034947 2.800696347292185 4.2
      vertex 33.09927514983186 2.898550352324786 4.2
    endloop
  endfacet
  facet normal -0.09844022244180974 -0.7004385782272216 -0.7068913075831641
    outer loop
      vertex 47.60279183958292 -3.7791832023994383 0
      vertex 47.47735768366173 -4.972609476841367 1.2
      vertex 47.34013692486567 -3.7422694614463903 0
    endloop
  endfacet
  facet normal -0.14706055229900805 -0.6918655022624522 -0.7068913075831639
    outer loop
      vertex 47.08069679672126 -3.6871237598487863 0
      vertex 47.34013692486567 -3.7422694614463903 0
      vertex 47.131759111665346 -4.92403876506104 1.2
    endloop
  endfacet
  facet normal -0.04934030171605129 -0.7055991878467082 -0.7068913075831637
    outer loop
      vertex 47.60279183958292 -3.7791832023994383 0
      vertex 47.8673819125305 -3.7976851426725635 0
      vertex 47.8255025164875 -4.9969541350954785 1.2
    endloop
  endfacet
  facet normal 0 -0.7073221891495876 -0.7068913075831637
    outer loop
      vertex 47.8673819125305 -3.7976851426725635 0
      vertex 48.1326180874695 -3.7976851426725635 0
      vertex 48.1744974835125 -4.9969541350954785 1.2
    endloop
  endfacet
  facet normal -0.1949644179278833 -0.6799217271167367 -0.706891307583164
    outer loop
      vertex 46.8257354213752 -3.614014761921583 0
      vertex 47.08069679672126 -3.6871237598487863 0
      vertex 46.79039052200166 -4.851478631379982 1.2
    endloop
  endfacet
  facet normal -0.24191843651036668 -0.6646654416620026 -0.7068913075831637
    outer loop
      vertex 46.57649494501953 -3.523298647353792 0
      vertex 46.8257354213752 -3.614014761921583 0
      vertex 46.454915028125264 -4.755282581475767 1.2
    endloop
  endfacet
  facet normal -0.2876938527877324 -0.6461709729874252 -0.7068913075831635
    outer loop
      vertex 46.33418964220151 -3.4154173759368347 0
      vertex 46.57649494501953 -3.523298647353792 0
      vertex 46.12696703292044 -4.635919272833937 1.2
    endloop
  endfacet
  facet normal 0.04934030171605129 -0.7055991878467082 -0.7068913075831637
    outer loop
      vertex 48.1326180874695 -3.7976851426725635 0
      vertex 48.39720816041708 -3.7791832023994383 0
      vertex 48.1744974835125 -4.9969541350954785 1.2
    endloop
  endfacet
  facet normal 0.09844022244180974 -0.7004385782272216 -0.7068913075831641
    outer loop
      vertex 48.39720816041708 -3.7791832023994383 0
      vertex 48.65986307513433 -3.7422694614463903 0
      vertex 48.52264231633827 -4.972609476841367 1.2
    endloop
  endfacet
  facet normal 0.14706055229900805 -0.6918655022624522 -0.7068913075831639
    outer loop
      vertex 48.65986307513433 -3.7422694614463903 0
      vertex 48.91930320327874 -3.6871237598487863 0
      vertex 48.868240888334654 -4.92403876506104 1.2
    endloop
  endfacet
  facet normal 0.19496441792788333 -0.6799217271167368 -0.706891307583164
    outer loop
      vertex 48.91930320327874 -3.6871237598487863 0
      vertex 49.1742645786248 -3.614014761921583 0
      vertex 49.20960947799834 -4.851478631379982 1.2
    endloop
  endfacet
  facet normal 0.24191843651036668 -0.6646654416620026 -0.7068913075831637
    outer loop
      vertex 49.1742645786248 -3.614014761921583 0
      vertex 49.42350505498047 -3.523298647353792 0
      vertex 49.545084971874736 -4.755282581475767 1.2
    endloop
  endfacet
  facet normal 0.2876938527877324 -0.6461709729874252 -0.7068913075831635
    outer loop
      vertex 49.42350505498047 -3.523298647353792 0
      vertex 49.66581035779849 -3.4154173759368347 0
      vertex 49.87303296707956 -4.635919272833937 1.2
    endloop
  endfacet
  facet normal -0.3320676535331961 -0.6245284242853338 -0.7068913075831639
    outer loop
      vertex 46.1 -3.2908965343808667 0
      vertex 45.80814426605461 -4.493970231495835 1.2
      vertex 45.5 -4.330127018922193 1.2
    endloop
  endfacet
  facet normal -0.3748236540499659 -0.599843235877505 -0.7068913075831641
    outer loop
      vertex 45.20403548264626 -4.145187862775208 1.2
      vertex 45.87506696681116 -3.150342775709158 0
      vertex 45.5 -4.330127018922193 1.2
    endloop
  endfacet
  facet normal -0.14706055229900858 -0.6918655022624521 -0.706891307583164
    outer loop
      vertex 47.08069679672126 -3.6871237598487863 0
      vertex 47.131759111665346 -4.92403876506104 1.2
      vertex 46.79039052200166 -4.851478631379982 1.2
    endloop
  endfacet
  facet normal -0.19496441792788655 -0.6799217271167363 -0.7068913075831635
    outer loop
      vertex 46.8257354213752 -3.614014761921583 0
      vertex 46.79039052200166 -4.851478631379982 1.2
      vertex 46.454915028125264 -4.755282581475767 1.2
    endloop
  endfacet
  facet normal -0.09844022244181133 -0.7004385782272214 -0.7068913075831639
    outer loop
      vertex 47.34013692486567 -3.7422694614463903 0
      vertex 47.47735768366173 -4.972609476841367 1.2
      vertex 47.131759111665346 -4.92403876506104 1.2
    endloop
  endfacet
  facet normal -0.04934030171604947 -0.705599187846708 -0.706891307583164
    outer loop
      vertex 47.60279183958292 -3.7791832023994383 0
      vertex 47.8255025164875 -4.9969541350954785 1.2
      vertex 47.47735768366173 -4.972609476841367 1.2
    endloop
  endfacet
  facet normal 0 -0.7073221891495876 -0.7068913075831637
    outer loop
      vertex 47.8673819125305 -3.7976851426725635 0
      vertex 48.1744974835125 -4.9969541350954785 1.2
      vertex 47.8255025164875 -4.9969541350954785 1.2
    endloop
  endfacet
  facet normal 0.04934030171604947 -0.705599187846708 -0.706891307583164
    outer loop
      vertex 48.39720816041708 -3.7791832023994383 0
      vertex 48.52264231633827 -4.972609476841367 1.2
      vertex 48.1744974835125 -4.9969541350954785 1.2
    endloop
  endfacet
  facet normal 0.09844022244181133 -0.7004385782272214 -0.7068913075831639
    outer loop
      vertex 48.65986307513433 -3.7422694614463903 0
      vertex 48.868240888334654 -4.92403876506104 1.2
      vertex 48.52264231633827 -4.972609476841367 1.2
    endloop
  endfacet
  facet normal 0.14706055229900858 -0.6918655022624521 -0.706891307583164
    outer loop
      vertex 48.91930320327874 -3.6871237598487863 0
      vertex 49.20960947799834 -4.851478631379982 1.2
      vertex 48.868240888334654 -4.92403876506104 1.2
    endloop
  endfacet
  facet normal 0.19496441792788655 -0.6799217271167363 -0.7068913075831635
    outer loop
      vertex 49.1742645786248 -3.614014761921583 0
      vertex 49.545084971874736 -4.755282581475767 1.2
      vertex 49.20960947799834 -4.851478631379982 1.2
    endloop
  endfacet
  facet normal -0.2419184365103663 -0.6646654416620027 -0.7068913075831635
    outer loop
      vertex 46.57649494501953 -3.523298647353792 0
      vertex 46.454915028125264 -4.755282581475767 1.2
      vertex 46.12696703292044 -4.635919272833937 1.2
    endloop
  endfacet
  facet normal -0.2876938527877286 -0.6461709729874263 -0.706891307583164
    outer loop
      vertex 46.33418964220151 -3.4154173759368347 0
      vertex 46.12696703292044 -4.635919272833937 1.2
      vertex 45.80814426605461 -4.493970231495835 1.2
    endloop
  endfacet
  facet normal 0.2419184365103663 -0.6646654416620027 -0.7068913075831635
    outer loop
      vertex 49.42350505498047 -3.523298647353792 0
      vertex 49.87303296707956 -4.635919272833937 1.2
      vertex 49.545084971874736 -4.755282581475767 1.2
    endloop
  endfacet
  facet normal 0.2876938527877286 -0.6461709729874263 -0.706891307583164
    outer loop
      vertex 49.66581035779849 -3.4154173759368347 0
      vertex 50.19185573394539 -4.493970231495835 1.2
      vertex 49.87303296707956 -4.635919272833937 1.2
    endloop
  endfacet
  facet normal 0.3320676535331961 -0.6245284242853338 -0.7068913075831639
    outer loop
      vertex 49.9 -3.2908965343808667 0
      vertex 50.5 -4.330127018922193 1.2
      vertex 50.19185573394539 -4.493970231495835 1.2
    endloop
  endfacet
  facet normal 0.37482365404996587 -0.5998432358775051 -0.7068913075831641
    outer loop
      vertex 50.12493303318884 -3.150342775709158 0
      vertex 50.79596451735374 -4.145187862775208 1.2
      vertex 50.5 -4.330127018922193 1.2
    endloop
  endfacet
  facet normal -0.37482365404996715 -0.5998432358775044 -0.7068913075831639
    outer loop
      vertex 45.87506696681116 -3.150342775709158 0
      vertex 46.1 -3.2908965343808667 0
      vertex 45.5 -4.330127018922193 1.2
    endloop
  endfacet
  facet normal -0.4157535514013531 -0.5722356715205079 -0.7068913075831642
    outer loop
      vertex 45.20403548264626 -4.145187862775208 1.2
      vertex 45.6604863937625 -2.994440863705543 0
      vertex 45.87506696681116 -3.150342775709158 0
    endloop
  endfacet
  facet normal -0.4546579392417143 -0.541840232492793 -0.7068913075831628
    outer loop
      vertex 45.45730369583634 -2.823950336814098 0
      vertex 45.6604863937625 -2.994440863705543 0
      vertex 44.92169262337171 -3.9400537680336094 1.2
    endloop
  endfacet
  facet normal -0.49134727930414096 -0.5088050023179642 -0.7068913075831637
    outer loop
      vertex 45.45730369583634 -2.823950336814098 0
      vertex 44.65434696820571 -3.715724127386971 1.2
      vertex 45.26650875871312 -2.6397018077441894 0
    endloop
  endfacet
  facet normal -0.5256428248118677 -0.47329092531673084 -0.7068913075831623
    outer loop
      vertex 45.26650875871312 -2.6397018077441894 0
      vertex 44.40330099830675 -3.4732918522949863 1.2
      vertex 45.089031116147886 -2.442592916808849 0
    endloop
  endfacet
  facet normal -0.5573774913145206 -0.4354710225024125 -0.7068913075831637
    outer loop
      vertex 44.16977778440511 -3.2139380484326963 1.2
      vertex 44.9257354213752 -2.2335839587113977 0
      vertex 45.089031116147886 -2.442592916808849 0
    endloop
  endfacet
  facet normal -0.33206765353319356 -0.624528424285335 -0.7068913075831641
    outer loop
      vertex 46.1 -3.2908965343808667 0
      vertex 46.33418964220151 -3.4154173759368347 0
      vertex 45.80814426605461 -4.493970231495835 1.2
    endloop
  endfacet
  facet normal 0.33206765353319356 -0.624528424285335 -0.7068913075831642
    outer loop
      vertex 49.66581035779849 -3.4154173759368347 0
      vertex 49.9 -3.2908965343808667 0
      vertex 50.19185573394539 -4.493970231495835 1.2
    endloop
  endfacet
  facet normal 0.37482365404996715 -0.5998432358775044 -0.7068913075831639
    outer loop
      vertex 49.9 -3.2908965343808667 0
      vertex 50.12493303318884 -3.150342775709158 0
      vertex 50.5 -4.330127018922193 1.2
    endloop
  endfacet
  facet normal 0.4157535514013534 -0.5722356715205078 -0.7068913075831642
    outer loop
      vertex 50.12493303318884 -3.150342775709158 0
      vertex 50.3395136062375 -2.994440863705543 0
      vertex 50.79596451735374 -4.145187862775208 1.2
    endloop
  endfacet
  facet normal -0.41575355140136155 -0.5722356715205034 -0.706891307583163
    outer loop
      vertex 44.92169262337171 -3.9400537680336094 1.2
      vertex 45.6604863937625 -2.994440863705543 0
      vertex 45.20403548264626 -4.145187862775208 1.2
    endloop
  endfacet
  facet normal -0.4546579392417095 -0.541840232492796 -0.7068913075831634
    outer loop
      vertex 45.45730369583634 -2.823950336814098 0
      vertex 44.92169262337171 -3.9400537680336094 1.2
      vertex 44.65434696820571 -3.715724127386971 1.2
    endloop
  endfacet
  facet normal -0.49134727930414784 -0.508805002317959 -0.7068913075831628
    outer loop
      vertex 45.26650875871312 -2.6397018077441894 0
      vertex 44.65434696820571 -3.715724127386971 1.2
      vertex 44.40330099830675 -3.4732918522949863 1.2
    endloop
  endfacet
  facet normal -0.5256428248118593 -0.473290925316738 -0.7068913075831635
    outer loop
      vertex 44.16977778440511 -3.2139380484326963 1.2
      vertex 45.089031116147886 -2.442592916808849 0
      vertex 44.40330099830675 -3.4732918522949863 1.2
    endloop
  endfacet
  facet normal -0.5573774913145199 -0.43547102250241326 -0.7068913075831638
    outer loop
      vertex 44.16977778440511 -3.2139380484326963 1.2
      vertex 43.954915028125264 -2.938926261462366 1.2
      vertex 44.9257354213752 -2.2335839587113977 0
    endloop
  endfacet
  facet normal -0.5863966707068955 -0.3955295486398397 -0.7068913075831624
    outer loop
      vertex 43.75975951921787 -2.6495963211660243 1.2
      vertex 44.77741723460558 -2.0136932040861786 0
      vertex 43.954915028125264 -2.938926261462366 1.2
    endloop
  endfacet
  facet normal -0.586396670706888 -0.3955295486398484 -0.706891307583164
    outer loop
      vertex 43.954915028125264 -2.938926261462366 1.2
      vertex 44.77741723460558 -2.0136932040861786 0
      vertex 44.9257354213752 -2.2335839587113977 0
    endloop
  endfacet
  facet normal -0.6125589844639668 -0.3536610945747928 -0.7068913075831623
    outer loop
      vertex 43.75975951921787 -2.6495963211660243 1.2
      vertex 44.64479914713608 -1.783991938586385 0
      vertex 44.77741723460558 -2.0136932040861786 0
    endloop
  endfacet
  facet normal -0.6357369724229407 -0.3100696392068681 -0.7068913075831642
    outer loop
      vertex 44.528527260958114 -1.5455992436880408 0
      vertex 44.64479914713608 -1.783991938586385 0
      vertex 43.58526203570536 -2.347357813929454 1.2
    endloop
  endfacet
  facet normal -0.6558177137563341 -0.26496755572480946 -0.7068913075831637
    outer loop
      vertex 44.528527260958114 -1.5455992436880408 0
      vertex 43.43227271178699 -2.033683215379001 1.2
      vertex 44.42916804101355 -1.2996765446375411 0
    endloop
  endfacet
  facet normal -0.6727033771108676 -0.21857457694571822 -0.7068913075831631
    outer loop
      vertex 44.42916804101355 -1.2996765446375411 0
      vertex 43.30153689607046 -1.7101007166283435 1.2
      vertex 44.347205555434385 -1.0474219521045969 0
    endloop
  endfacet
  facet normal 0 0 -1
    outer loop
      vertex 47.60279183958292 -3.7791832023994383 0
      vertex 47.8673819125305 3.7976851426725635 0
      vertex 47.8673819125305 -3.7976851426725635 0
    endloop
  endfacet
  facet normal 0 0 -1
    outer loop
      vertex 47.8673819125305 -3.7976851426725635 0
      vertex 48.1326180874695 3.7976851426725635 0
      vertex 48.1326180874695 -3.7976851426725635 0
    endloop
  endfacet
  facet normal 0 0 -1
    outer loop
      vertex 48.1326180874695 -3.7976851426725635 0
      vertex 48.39720816041708 3.7791832023994383 0
      vertex 48.39720816041708 -3.7791832023994383 0
    endloop
  endfacet
  facet normal 0 0 -1
    outer loop
      vertex 48.39720816041708 -3.7791832023994383 0
      vertex 48.65986307513433 3.7422694614463903 0
      vertex 48.65986307513433 -3.7422694614463903 0
    endloop
  endfacet
  facet normal -0.6125589844639591 -0.3536610945748031 -0.7068913075831641
    outer loop
      vertex 43.75975951921787 -2.6495963211660243 1.2
      vertex 43.58526203570536 -2.347357813929454 1.2
      vertex 44.64479914713608 -1.783991938586385 0
    endloop
  endfacet
  facet normal -0.635736972422943 -0.31006963920686437 -0.7068913075831638
    outer loop
      vertex 44.528527260958114 -1.5455992436880408 0
      vertex 43.58526203570536 -2.347357813929454 1.2
      vertex 43.43227271178699 -2.033683215379001 1.2
    endloop
  endfacet
  facet normal -0.655817713756336 -0.26496755572480624 -0.7068913075831632
    outer loop
      vertex 44.42916804101355 -1.2996765446375411 0
      vertex 43.43227271178699 -2.033683215379001 1.2
      vertex 43.30153689607046 -1.7101007166283435 1.2
    endloop
  endfacet
  facet normal -0.6727033771108685 -0.21857457694571614 -0.7068913075831629
    outer loop
      vertex 44.347205555434385 -1.0474219521045969 0
      vertex 43.30153689607046 -1.7101007166283435 1.2
      vertex 43.193691520308406 -1.3781867790849958 1.2
    endloop
  endfacet
  facet normal 0 0 -1
    outer loop
      vertex 45.87506696681116 -3.150342775709158 0
      vertex 45.6604863937625 -2.994440863705543 0
      vertex 45.87506696681116 3.150342775709158 0
    endloop
  endfacet
  facet normal 0 0 -1
    outer loop
      vertex 45.45730369583634 -2.823950336814098 0
      vertex 45.6604863937625 2.994440863705543 0
      vertex 45.6604863937625 -2.994440863705543 0
    endloop
  endfacet
  facet normal 0 0 -1
    outer loop
      vertex 45.26650875871312 -2.6397018077441894 0
      vertex 45.089031116147886 -2.442592916808849 0
      vertex 45.26650875871312 2.6397018077441894 0
    endloop
  endfacet
  facet normal 0 0 -1
    outer loop
      vertex 45.45730369583634 -2.823950336814098 0
      vertex 45.26650875871312 -2.6397018077441894 0
      vertex 45.45730369583634 2.823950336814098 0
    endloop
  endfacet
  facet normal 0 0 -1
    outer loop
      vertex 44.9257354213752 -2.2335839587113977 0
      vertex 45.089031116147886 2.442592916808849 0
      vertex 45.089031116147886 -2.442592916808849 0
    endloop
  endfacet
  facet normal 0 0 -1
    outer loop
      vertex 44.77741723460558 -2.0136932040861786 0
      vertex 44.9257354213752 2.2335839587113977 0
      vertex 44.9257354213752 -2.2335839587113977 0
    endloop
  endfacet
  facet normal -0.6863116972320287 -0.17111672479877177 -0.7068913075831629
    outer loop
      vertex 44.347205555434385 -1.0474219521045969 0
      vertex 43.193691520308406 -1.3781867790849958 1.2
      vertex 44.28303911721154 -0.7900644251074854 0
    endloop
  endfacet
  facet normal -0.6965763757520814 -0.12282520916921263 -0.7068913075831634
    outer loop
      vertex 44.23698133878203 -0.5288577836482486 0
      vertex 44.28303911721154 -0.7900644251074854 0
      vertex 43.10926199633097 -1.0395584540887968 1.2
    endloop
  endfacet
  facet normal 0 0 -1
    outer loop
      vertex 44.528527260958114 -1.5455992436880408 0
      vertex 44.64479914713608 1.783991938586385 0
      vertex 44.64479914713608 -1.783991938586385 0
    endloop
  endfacet
  facet normal 0 0 -1
    outer loop
      vertex 44.528527260958114 -1.5455992436880408 0
      vertex 44.42916804101355 -1.2996765446375411 0
      vertex 44.528527260958114 1.5455992436880408 0
    endloop
  endfacet
  facet normal 0 0 -1
    outer loop
      vertex 44.42916804101355 -1.2996765446375411 0
      vertex 44.347205555434385 -1.0474219521045969 0
      vertex 44.42916804101355 1.2996765446375411 0
    endloop
  endfacet
  facet normal 0 0 -1
    outer loop
      vertex 44.77741723460558 -2.0136932040861786 0
      vertex 44.64479914713608 -1.783991938586385 0
      vertex 44.77741723460558 2.0136932040861786 0
    endloop
  endfacet
  facet normal 0 0 -1
    outer loop
      vertex 44.347205555434385 -1.0474219521045969 0
      vertex 44.28303911721154 -0.7900644251074854 0
      vertex 44.347205555434385 1.0474219521045969 0
    endloop
  endfacet
  facet normal 0 0 -1
    outer loop
      vertex 44.23698133878203 -0.5288577836482486 0
      vertex 44.28303911721154 0.7900644251074854 0
      vertex 44.28303911721154 -0.7900644251074854 0
    endloop
  endfacet
  facet normal 0 0 -1
    outer loop
      vertex 44.23698133878203 -0.5288577836482486 0
      vertex 44.20925660901267 -0.26507460022767615 0
      vertex 44.23698133878203 0.5288577836482486 0
    endloop
  endfacet
  facet normal -0.7034474041890855 -0.07393530146690741 -0.7068913075831637
    outer loop
      vertex 44.23698133878203 -0.5288577836482486 0
      vertex 43.048659656292145 -0.6958655048003272 1.2
      vertex 44.20925660901267 -0.26507460022767615 0
    endloop
  endfacet
  facet normal -0.7068913075831629 -0.024685188407828615 -0.7068913075831647
    outer loop
      vertex 44.20925660901267 -0.26507460022767615 0
      vertex 43 0 1.2
      vertex 44.2 0 0
    endloop
  endfacet
  facet normal 0 0 -1
    outer loop
      vertex 46.1 -3.2908965343808667 0
      vertex 46.33418964220151 3.4154173759368347 0
      vertex 46.33418964220151 -3.4154173759368347 0
    endloop
  endfacet
  facet normal 0 0 -1
    outer loop
      vertex 46.57649494501953 -3.523298647353792 0
      vertex 46.8257354213752 3.614014761921583 0
      vertex 46.8257354213752 -3.614014761921583 0
    endloop
  endfacet
  facet normal 0 0 -1
    outer loop
      vertex 46.8257354213752 -3.614014761921583 0
      vertex 47.08069679672126 3.6871237598487863 0
      vertex 47.08069679672126 -3.6871237598487863 0
    endloop
  endfacet
  facet normal 0 0 -1
    outer loop
      vertex 46.33418964220151 -3.4154173759368347 0
      vertex 46.57649494501953 3.523298647353792 0
      vertex 46.57649494501953 -3.523298647353792 0
    endloop
  endfacet
  facet normal 0 0 -1
    outer loop
      vertex 45.87506696681116 -3.150342775709158 0
      vertex 46.1 3.2908965343808667 0
      vertex 46.1 -3.2908965343808667 0
    endloop
  endfacet
  facet normal 0 0 -1
    outer loop
      vertex 47.08069679672126 -3.6871237598487863 0
      vertex 47.34013692486567 3.7422694614463903 0
      vertex 47.34013692486567 -3.7422694614463903 0
    endloop
  endfacet
  facet normal 0 0 -1
    outer loop
      vertex 47.60279183958292 -3.7791832023994383 0
      vertex 47.34013692486567 -3.7422694614463903 0
      vertex 47.60279183958292 3.7791832023994383 0
    endloop
  endfacet
  facet normal 0 0 -1
    outer loop
      vertex 48.65986307513433 -3.7422694614463903 0
      vertex 48.91930320327874 3.6871237598487863 0
      vertex 48.91930320327874 -3.6871237598487863 0
    endloop
  endfacet
  facet normal 0 0 -1
    outer loop
      vertex 48.91930320327874 -3.6871237598487863 0
      vertex 49.1742645786248 3.614014761921583 0
      vertex 49.1742645786248 -3.614014761921583 0
    endloop
  endfacet
  facet normal 0 0 -1
    outer loop
      vertex 49.1742645786248 -3.614014761921583 0
      vertex 49.42350505498047 3.523298647353792 0
      vertex 49.42350505498047 -3.523298647353792 0
    endloop
  endfacet
  facet normal 0 0 -1
    outer loop
      vertex 49.42350505498047 -3.523298647353792 0
      vertex 49.66581035779849 3.4154173759368347 0
      vertex 49.66581035779849 -3.4154173759368347 0
    endloop
  endfacet
  facet normal 0 0 -1
    outer loop
      vertex 49.66581035779849 -3.4154173759368347 0
      vertex 49.9 3.2908965343808667 0
      vertex 49.9 -3.2908965343808667 0
    endloop
  endfacet
  facet normal 0 0 -1
    outer loop
      vertex 49.9 -3.2908965343808667 0
      vertex 50.12493303318884 3.150342775709158 0
      vertex 50.12493303318884 -3.150342775709158 0
    endloop
  endfacet
  facet normal 0 0 -1
    outer loop
      vertex 50.12493303318884 -3.150342775709158 0
      vertex 50.3395136062375 2.994440863705543 0
      vertex 50.3395136062375 -2.994440863705543 0
    endloop
  endfacet
  facet normal 0 0 -1
    outer loop
      vertex 50.3395136062375 -2.994440863705543 0
      vertex 50.54269630416366 2.823950336814098 0
      vertex 50.54269630416366 -2.823950336814098 0
    endloop
  endfacet
  facet normal -0.6863116972320272 -0.17111672479877535 -0.7068913075831632
    outer loop
      vertex 44.28303911721154 -0.7900644251074854 0
      vertex 43.193691520308406 -1.3781867790849958 1.2
      vertex 43.10926199633097 -1.0395584540887968 1.2
    endloop
  endfacet
  facet normal -0.6965763757520802 -0.12282520916921615 -0.7068913075831638
    outer loop
      vertex 44.23698133878203 -0.5288577836482486 0
      vertex 43.10926199633097 -1.0395584540887968 1.2
      vertex 43.048659656292145 -0.6958655048003272 1.2
    endloop
  endfacet
  facet normal -0.7034474041890852 -0.0739353014669083 -0.7068913075831639
    outer loop
      vertex 44.20925660901267 -0.26507460022767615 0
      vertex 43.048659656292145 -0.6958655048003272 1.2
      vertex 43.01217974870088 -0.3487823687206265 1.2
    endloop
  endfacet
  facet normal -0.7068913075831637 -0.024685188407835307 -0.7068913075831638
    outer loop
      vertex 44.20925660901267 -0.26507460022767615 0
      vertex 43.01217974870088 -0.3487823687206265 1.2
      vertex 43 0 1.2
    endloop
  endfacet
  facet normal 0.4546579392417143 -0.541840232492793 -0.7068913075831628
    outer loop
      vertex 50.3395136062375 -2.994440863705543 0
      vertex 50.54269630416366 -2.823950336814098 0
      vertex 51.07830737662829 -3.9400537680336094 1.2
    endloop
  endfacet
  facet normal 0.49134727930414096 -0.5088050023179642 -0.7068913075831637
    outer loop
      vertex 50.54269630416366 -2.823950336814098 0
      vertex 50.73349124128688 -2.6397018077441894 0
      vertex 51.34565303179429 -3.715724127386971 1.2
    endloop
  endfacet
  facet normal 0.5256428248118677 -0.47329092531673084 -0.7068913075831623
    outer loop
      vertex 50.73349124128688 -2.6397018077441894 0
      vertex 50.910968883852114 -2.442592916808849 0
      vertex 51.59669900169325 -3.4732918522949863 1.2
    endloop
  endfacet
  facet normal 0.5573774913145206 -0.4354710225024125 -0.7068913075831637
    outer loop
      vertex 51.83022221559489 -3.2139380484326963 1.2
      vertex 50.910968883852114 -2.442592916808849 0
      vertex 51.0742645786248 -2.2335839587113977 0
    endloop
  endfacet
  facet normal 0.4157535514013616 -0.5722356715205034 -0.7068913075831631
    outer loop
      vertex 50.3395136062375 -2.994440863705543 0
      vertex 51.07830737662829 -3.9400537680336094 1.2
      vertex 50.79596451735374 -4.145187862775208 1.2
    endloop
  endfacet
  facet normal 0.4546579392417095 -0.541840232492796 -0.7068913075831634
    outer loop
      vertex 50.54269630416366 -2.823950336814098 0
      vertex 51.34565303179429 -3.715724127386971 1.2
      vertex 51.07830737662829 -3.9400537680336094 1.2
    endloop
  endfacet
  facet normal 0.49134727930414784 -0.508805002317959 -0.7068913075831628
    outer loop
      vertex 50.73349124128688 -2.6397018077441894 0
      vertex 51.59669900169325 -3.4732918522949863 1.2
      vertex 51.34565303179429 -3.715724127386971 1.2
    endloop
  endfacet
  facet normal 0.5256428248118594 -0.4732909253167381 -0.7068913075831637
    outer loop
      vertex 51.59669900169325 -3.4732918522949863 1.2
      vertex 50.910968883852114 -2.442592916808849 0
      vertex 51.83022221559489 -3.2139380484326963 1.2
    endloop
  endfacet
  facet normal 0.5573774913145199 -0.43547102250241326 -0.7068913075831638
    outer loop
      vertex 51.83022221559489 -3.2139380484326963 1.2
      vertex 51.0742645786248 -2.2335839587113977 0
      vertex 52.045084971874736 -2.938926261462366 1.2
    endloop
  endfacet
  facet normal 0.5863966707068955 -0.3955295486398397 -0.7068913075831624
    outer loop
      vertex 52.045084971874736 -2.938926261462366 1.2
      vertex 51.22258276539442 -2.0136932040861786 0
      vertex 52.24024048078213 -2.6495963211660243 1.2
    endloop
  endfacet
  facet normal 0.586396670706888 -0.3955295486398484 -0.706891307583164
    outer loop
      vertex 52.045084971874736 -2.938926261462366 1.2
      vertex 51.0742645786248 -2.2335839587113977 0
      vertex 51.22258276539442 -2.0136932040861786 0
    endloop
  endfacet
  facet normal 0.6125589844639668 -0.3536610945747928 -0.7068913075831623
    outer loop
      vertex 52.24024048078213 -2.6495963211660243 1.2
      vertex 51.22258276539442 -2.0136932040861786 0
      vertex 51.35520085286392 -1.783991938586385 0
    endloop
  endfacet
  facet normal 0.6357369724229407 -0.3100696392068681 -0.7068913075831642
    outer loop
      vertex 51.35520085286392 -1.783991938586385 0
      vertex 51.471472739041886 -1.5455992436880408 0
      vertex 52.41473796429464 -2.347357813929454 1.2
    endloop
  endfacet
  facet normal 0.6558177137563341 -0.26496755572480946 -0.7068913075831637
    outer loop
      vertex 51.471472739041886 -1.5455992436880408 0
      vertex 51.57083195898645 -1.2996765446375411 0
      vertex 52.56772728821301 -2.033683215379001 1.2
    endloop
  endfacet
  facet normal 0.6727033771108676 -0.21857457694571822 -0.7068913075831631
    outer loop
      vertex 51.57083195898645 -1.2996765446375411 0
      vertex 51.652794444565615 -1.0474219521045969 0
      vertex 52.69846310392954 -1.7101007166283435 1.2
    endloop
  endfacet
  facet normal 0.6125589844639591 -0.3536610945748031 -0.7068913075831641
    outer loop
      vertex 52.24024048078213 -2.6495963211660243 1.2
      vertex 51.35520085286392 -1.783991938586385 0
      vertex 52.41473796429464 -2.347357813929454 1.2
    endloop
  endfacet
  facet normal 0.635736972422943 -0.31006963920686437 -0.7068913075831638
    outer loop
      vertex 51.471472739041886 -1.5455992436880408 0
      vertex 52.56772728821301 -2.033683215379001 1.2
      vertex 52.41473796429464 -2.347357813929454 1.2
    endloop
  endfacet
  facet normal 0.655817713756336 -0.26496755572480624 -0.7068913075831632
    outer loop
      vertex 51.57083195898645 -1.2996765446375411 0
      vertex 52.69846310392954 -1.7101007166283435 1.2
      vertex 52.56772728821301 -2.033683215379001 1.2
    endloop
  endfacet
  facet normal 0.6727033771108685 -0.21857457694571614 -0.7068913075831629
    outer loop
      vertex 51.652794444565615 -1.0474219521045969 0
      vertex 52.806308479691594 -1.3781867790849958 1.2
      vertex 52.69846310392954 -1.7101007166283435 1.2
    endloop
  endfacet
  facet normal 0 0 -1
    outer loop
      vertex 50.54269630416366 -2.823950336814098 0
      vertex 50.73349124128688 2.6397018077441894 0
      vertex 50.73349124128688 -2.6397018077441894 0
    endloop
  endfacet
  facet normal 0 0 -1
    outer loop
      vertex 50.73349124128688 -2.6397018077441894 0
      vertex 50.910968883852114 2.442592916808849 0
      vertex 50.910968883852114 -2.442592916808849 0
    endloop
  endfacet
  facet normal 0 0 -1
    outer loop
      vertex 50.910968883852114 -2.442592916808849 0
      vertex 51.0742645786248 2.2335839587113977 0
      vertex 51.0742645786248 -2.2335839587113977 0
    endloop
  endfacet
  facet normal 0 0 -1
    outer loop
      vertex 51.0742645786248 -2.2335839587113977 0
      vertex 51.22258276539442 2.0136932040861786 0
      vertex 51.22258276539442 -2.0136932040861786 0
    endloop
  endfacet
  facet normal 0 0 -1
    outer loop
      vertex 51.22258276539442 -2.0136932040861786 0
      vertex 51.35520085286392 1.783991938586385 0
      vertex 51.35520085286392 -1.783991938586385 0
    endloop
  endfacet
  facet normal 0.6863116972320287 -0.17111672479877177 -0.7068913075831629
    outer loop
      vertex 51.652794444565615 -1.0474219521045969 0
      vertex 51.71696088278846 -0.7900644251074854 0
      vertex 52.806308479691594 -1.3781867790849958 1.2
    endloop
  endfacet
  facet normal 0.6965763757520814 -0.12282520916921263 -0.7068913075831634
    outer loop
      vertex 51.71696088278846 -0.7900644251074854 0
      vertex 51.76301866121797 -0.5288577836482486 0
      vertex 52.89073800366903 -1.0395584540887968 1.2
    endloop
  endfacet
  facet normal 0 0 -1
    outer loop
      vertex 51.35520085286392 -1.783991938586385 0
      vertex 51.471472739041886 1.5455992436880408 0
      vertex 51.471472739041886 -1.5455992436880408 0
    endloop
  endfacet
  facet normal 0 0 -1
    outer loop
      vertex 51.471472739041886 -1.5455992436880408 0
      vertex 51.57083195898645 1.2996765446375411 0
      vertex 51.57083195898645 -1.2996765446375411 0
    endloop
  endfacet
  facet normal 0 0 -1
    outer loop
      vertex 51.57083195898645 -1.2996765446375411 0
      vertex 51.652794444565615 1.0474219521045969 0
      vertex 51.652794444565615 -1.0474219521045969 0
    endloop
  endfacet
  facet normal 0 0 -1
    outer loop
      vertex 51.652794444565615 -1.0474219521045969 0
      vertex 51.71696088278846 0.7900644251074854 0
      vertex 51.71696088278846 -0.7900644251074854 0
    endloop
  endfacet
  facet normal 0 0 -1
    outer loop
      vertex 51.71696088278846 -0.7900644251074854 0
      vertex 51.76301866121797 0.5288577836482486 0
      vertex 51.76301866121797 -0.5288577836482486 0
    endloop
  endfacet
  facet normal 0 0 -1
    outer loop
      vertex 51.76301866121797 -0.5288577836482486 0
      vertex 51.79074339098733 0.26507460022767615 0
      vertex 51.79074339098733 -0.26507460022767615 0
    endloop
  endfacet
  facet normal 0.7034474041890855 -0.07393530146690741 -0.7068913075831637
    outer loop
      vertex 51.76301866121797 -0.5288577836482486 0
      vertex 51.79074339098733 -0.26507460022767615 0
      vertex 52.951340343707855 -0.6958655048003272 1.2
    endloop
  endfacet
  facet normal 0.7068913075831629 -0.024685188407828615 -0.7068913075831647
    outer loop
      vertex 51.79074339098733 -0.26507460022767615 0
      vertex 51.8 0 0
      vertex 53 0 1.2
    endloop
  endfacet
  facet normal 0.6863116972320272 -0.17111672479877535 -0.7068913075831632
    outer loop
      vertex 51.71696088278846 -0.7900644251074854 0
      vertex 52.89073800366903 -1.0395584540887968 1.2
      vertex 52.806308479691594 -1.3781867790849958 1.2
    endloop
  endfacet
  facet normal 0.6965763757520802 -0.12282520916921615 -0.7068913075831638
    outer loop
      vertex 51.76301866121797 -0.5288577836482486 0
      vertex 52.951340343707855 -0.6958655048003272 1.2
      vertex 52.89073800366903 -1.0395584540887968 1.2
    endloop
  endfacet
  facet normal 0.7034474041890852 -0.0739353014669083 -0.7068913075831639
    outer loop
      vertex 51.79074339098733 -0.26507460022767615 0
      vertex 52.98782025129912 -0.3487823687206265 1.2
      vertex 52.951340343707855 -0.6958655048003272 1.2
    endloop
  endfacet
  facet normal 0.7068913075831637 -0.024685188407835307 -0.7068913075831638
    outer loop
      vertex 51.79074339098733 -0.26507460022767615 0
      vertex 53 0 1.2
      vertex 52.98782025129912 -0.3487823687206265 1.2
    endloop
  endfacet
  facet normal 0 0 -1
    outer loop
      vertex 44.20925660901267 -0.26507460022767615 0
      vertex 44.2 0 0
      vertex 44.20925660901267 0.26507460022767615 0
    endloop
  endfacet
  facet normal 0 0 -1
    outer loop
      vertex 44.20925660901267 -0.26507460022767615 0
      vertex 44.20925660901267 0.26507460022767615 0
      vertex 44.23698133878203 0.5288577836482486 0
    endloop
  endfacet
  facet normal 0 0 -1
    outer loop
      vertex 44.23698133878203 -0.5288577836482486 0
      vertex 44.23698133878203 0.5288577836482486 0
      vertex 44.28303911721154 0.7900644251074854 0
    endloop
  endfacet
  facet normal 0 0 -1
    outer loop
      vertex 44.28303911721154 -0.7900644251074854 0
      vertex 44.28303911721154 0.7900644251074854 0
      vertex 44.347205555434385 1.0474219521045969 0
    endloop
  endfacet
  facet normal 0 0 -1
    outer loop
      vertex 44.347205555434385 -1.0474219521045969 0
      vertex 44.347205555434385 1.0474219521045969 0
      vertex 44.42916804101355 1.2996765446375411 0
    endloop
  endfacet
  facet normal 0 0 -1
    outer loop
      vertex 44.42916804101355 -1.2996765446375411 0
      vertex 44.42916804101355 1.2996765446375411 0
      vertex 44.528527260958114 1.5455992436880408 0
    endloop
  endfacet
  facet normal 0 0 -1
    outer loop
      vertex 44.528527260958114 -1.5455992436880408 0
      vertex 44.528527260958114 1.5455992436880408 0
      vertex 44.64479914713608 1.783991938586385 0
    endloop
  endfacet
  facet normal -0.7068913075831629 0.024685188407828615 -0.7068913075831647
    outer loop
      vertex 44.2 0 0
      vertex 43 0 1.2
      vertex 44.20925660901267 0.26507460022767615 0
    endloop
  endfacet
  facet normal -0.7034474041890855 0.07393530146690741 -0.7068913075831637
    outer loop
      vertex 44.20925660901267 0.26507460022767615 0
      vertex 43.048659656292145 0.6958655048003272 1.2
      vertex 44.23698133878203 0.5288577836482486 0
    endloop
  endfacet
  facet normal 0 0 -1
    outer loop
      vertex 44.64479914713608 -1.783991938586385 0
      vertex 44.64479914713608 1.783991938586385 0
      vertex 44.77741723460558 2.0136932040861786 0
    endloop
  endfacet
  facet normal 0 0 -1
    outer loop
      vertex 44.77741723460558 -2.0136932040861786 0
      vertex 44.77741723460558 2.0136932040861786 0
      vertex 44.9257354213752 2.2335839587113977 0
    endloop
  endfacet
  facet normal 0 0 -1
    outer loop
      vertex 44.9257354213752 -2.2335839587113977 0
      vertex 44.9257354213752 2.2335839587113977 0
      vertex 45.089031116147886 2.442592916808849 0
    endloop
  endfacet
  facet normal 0 0 -1
    outer loop
      vertex 45.089031116147886 -2.442592916808849 0
      vertex 45.089031116147886 2.442592916808849 0
      vertex 45.26650875871312 2.6397018077441894 0
    endloop
  endfacet
  facet normal 0 0 -1
    outer loop
      vertex 45.26650875871312 -2.6397018077441894 0
      vertex 45.26650875871312 2.6397018077441894 0
      vertex 45.45730369583634 2.823950336814098 0
    endloop
  endfacet
  facet normal 0 0 -1
    outer loop
      vertex 45.45730369583634 -2.823950336814098 0
      vertex 45.45730369583634 2.823950336814098 0
      vertex 45.6604863937625 2.994440863705543 0
    endloop
  endfacet
  facet normal 0 0 -1
    outer loop
      vertex 45.6604863937625 -2.994440863705543 0
      vertex 45.6604863937625 2.994440863705543 0
      vertex 45.87506696681116 3.150342775709158 0
    endloop
  endfacet
  facet normal -0.6965763757520814 0.12282520916921263 -0.7068913075831634
    outer loop
      vertex 44.23698133878203 0.5288577836482486 0
      vertex 43.10926199633097 1.0395584540887968 1.2
      vertex 44.28303911721154 0.7900644251074854 0
    endloop
  endfacet
  facet normal -0.6863116972320287 0.17111672479877177 -0.7068913075831628
    outer loop
      vertex 44.28303911721154 0.7900644251074854 0
      vertex 43.193691520308406 1.3781867790849958 1.2
      vertex 44.347205555434385 1.0474219521045969 0
    endloop
  endfacet
  facet normal 0 0 -1
    outer loop
      vertex 45.87506696681116 -3.150342775709158 0
      vertex 45.87506696681116 3.150342775709158 0
      vertex 46.1 3.2908965343808667 0
    endloop
  endfacet
  facet normal 0 0 -1
    outer loop
      vertex 46.1 -3.2908965343808667 0
      vertex 46.1 3.2908965343808667 0
      vertex 46.33418964220151 3.4154173759368347 0
    endloop
  endfacet
  facet normal 0 0 -1
    outer loop
      vertex 46.33418964220151 -3.4154173759368347 0
      vertex 46.33418964220151 3.4154173759368347 0
      vertex 46.57649494501953 3.523298647353792 0
    endloop
  endfacet
  facet normal 0 0 -1
    outer loop
      vertex 46.57649494501953 -3.523298647353792 0
      vertex 46.57649494501953 3.523298647353792 0
      vertex 46.8257354213752 3.614014761921583 0
    endloop
  endfacet
  facet normal 0 0 -1
    outer loop
      vertex 46.8257354213752 -3.614014761921583 0
      vertex 46.8257354213752 3.614014761921583 0
      vertex 47.08069679672126 3.6871237598487863 0
    endloop
  endfacet
  facet normal 0 0 -1
    outer loop
      vertex 47.08069679672126 -3.6871237598487863 0
      vertex 47.08069679672126 3.6871237598487863 0
      vertex 47.34013692486567 3.7422694614463903 0
    endloop
  endfacet
  facet normal 0 0 -1
    outer loop
      vertex 48.39720816041708 -3.7791832023994383 0
      vertex 48.39720816041708 3.7791832023994383 0
      vertex 48.65986307513433 3.7422694614463903 0
    endloop
  endfacet
  facet normal 0 0 -1
    outer loop
      vertex 48.65986307513433 -3.7422694614463903 0
      vertex 48.65986307513433 3.7422694614463903 0
      vertex 48.91930320327874 3.6871237598487863 0
    endloop
  endfacet
  facet normal 0 0 -1
    outer loop
      vertex 48.91930320327874 -3.6871237598487863 0
      vertex 48.91930320327874 3.6871237598487863 0
      vertex 49.1742645786248 3.614014761921583 0
    endloop
  endfacet
  facet normal 0 0 -1
    outer loop
      vertex 49.1742645786248 -3.614014761921583 0
      vertex 49.1742645786248 3.614014761921583 0
      vertex 49.42350505498047 3.523298647353792 0
    endloop
  endfacet
  facet normal 0 0 -1
    outer loop
      vertex 50.12493303318884 -3.150342775709158 0
      vertex 50.12493303318884 3.150342775709158 0
      vertex 50.3395136062375 2.994440863705543 0
    endloop
  endfacet
  facet normal 0 0 -1
    outer loop
      vertex 50.3395136062375 -2.994440863705543 0
      vertex 50.3395136062375 2.994440863705543 0
      vertex 50.54269630416366 2.823950336814098 0
    endloop
  endfacet
  facet normal 0 0 -1
    outer loop
      vertex 49.9 -3.2908965343808667 0
      vertex 49.9 3.2908965343808667 0
      vertex 50.12493303318884 3.150342775709158 0
    endloop
  endfacet
  facet normal 0 0 -1
    outer loop
      vertex 49.42350505498047 -3.523298647353792 0
      vertex 49.42350505498047 3.523298647353792 0
      vertex 49.66581035779849 3.4154173759368347 0
    endloop
  endfacet
  facet normal 0 0 -1
    outer loop
      vertex 49.66581035779849 -3.4154173759368347 0
      vertex 49.66581035779849 3.4154173759368347 0
      vertex 49.9 3.2908965343808667 0
    endloop
  endfacet
  facet normal -0.7068913075831637 0.024685188407835307 -0.7068913075831638
    outer loop
      vertex 44.20925660901267 0.26507460022767615 0
      vertex 43 0 1.2
      vertex 43.01217974870088 0.3487823687206265 1.2
    endloop
  endfacet
  facet normal -0.7034474041890852 0.0739353014669083 -0.7068913075831639
    outer loop
      vertex 44.20925660901267 0.26507460022767615 0
      vertex 43.01217974870088 0.3487823687206265 1.2
      vertex 43.048659656292145 0.6958655048003272 1.2
    endloop
  endfacet
  facet normal -0.6965763757520802 0.12282520916921615 -0.7068913075831638
    outer loop
      vertex 44.23698133878203 0.5288577836482486 0
      vertex 43.048659656292145 0.6958655048003272 1.2
      vertex 43.10926199633097 1.0395584540887968 1.2
    endloop
  endfacet
  facet normal -0.6863116972320272 0.17111672479877535 -0.7068913075831632
    outer loop
      vertex 44.28303911721154 0.7900644251074854 0
      vertex 43.10926199633097 1.0395584540887968 1.2
      vertex 43.193691520308406 1.3781867790849958 1.2
    endloop
  endfacet
  facet normal -0.6727033771108676 0.21857457694571822 -0.7068913075831631
    outer loop
      vertex 44.347205555434385 1.0474219521045969 0
      vertex 43.30153689607046 1.7101007166283435 1.2
      vertex 44.42916804101355 1.2996765446375411 0
    endloop
  endfacet
  facet normal -0.6558177137563341 0.26496755572480946 -0.7068913075831637
    outer loop
      vertex 44.42916804101355 1.2996765446375411 0
      vertex 43.43227271178699 2.033683215379001 1.2
      vertex 44.528527260958114 1.5455992436880408 0
    endloop
  endfacet
  facet normal -0.6357369724229407 0.3100696392068681 -0.7068913075831642
    outer loop
      vertex 44.528527260958114 1.5455992436880408 0
      vertex 43.58526203570536 2.347357813929454 1.2
      vertex 44.64479914713608 1.783991938586385 0
    endloop
  endfacet
  facet normal -0.6125589844639668 0.3536610945747927 -0.7068913075831623
    outer loop
      vertex 44.64479914713608 1.783991938586385 0
      vertex 43.75975951921787 2.6495963211660243 1.2
      vertex 44.77741723460558 2.0136932040861786 0
    endloop
  endfacet
  facet normal -0.586396670706888 0.3955295486398484 -0.7068913075831641
    outer loop
      vertex 44.77741723460558 2.0136932040861786 0
      vertex 43.954915028125264 2.938926261462366 1.2
      vertex 44.9257354213752 2.2335839587113977 0
    endloop
  endfacet
  facet normal 0 0 -1
    outer loop
      vertex 47.34013692486567 -3.7422694614463903 0
      vertex 47.34013692486567 3.7422694614463903 0
      vertex 47.60279183958292 3.7791832023994383 0
    endloop
  endfacet
  facet normal 0 0 -1
    outer loop
      vertex 47.60279183958292 -3.7791832023994383 0
      vertex 47.60279183958292 3.7791832023994383 0
      vertex 47.8673819125305 3.7976851426725635 0
    endloop
  endfacet
  facet normal 0 0 -1
    outer loop
      vertex 47.8673819125305 -3.7976851426725635 0
      vertex 47.8673819125305 3.7976851426725635 0
      vertex 48.1326180874695 3.7976851426725635 0
    endloop
  endfacet
  facet normal 0 0 -1
    outer loop
      vertex 48.1326180874695 -3.7976851426725635 0
      vertex 48.1326180874695 3.7976851426725635 0
      vertex 48.39720816041708 3.7791832023994383 0
    endloop
  endfacet
  facet normal -0.6727033771108685 0.21857457694571614 -0.7068913075831629
    outer loop
      vertex 44.347205555434385 1.0474219521045969 0
      vertex 43.193691520308406 1.3781867790849958 1.2
      vertex 43.30153689607046 1.7101007166283435 1.2
    endloop
  endfacet
  facet normal -0.655817713756336 0.26496755572480624 -0.7068913075831632
    outer loop
      vertex 44.42916804101355 1.2996765446375411 0
      vertex 43.30153689607046 1.7101007166283435 1.2
      vertex 43.43227271178699 2.033683215379001 1.2
    endloop
  endfacet
  facet normal -0.635736972422943 0.31006963920686437 -0.7068913075831638
    outer loop
      vertex 44.528527260958114 1.5455992436880408 0
      vertex 43.43227271178699 2.033683215379001 1.2
      vertex 43.58526203570536 2.347357813929454 1.2
    endloop
  endfacet
  facet normal -0.612558984463959 0.353661094574803 -0.7068913075831641
    outer loop
      vertex 44.64479914713608 1.783991938586385 0
      vertex 43.58526203570536 2.347357813929454 1.2
      vertex 43.75975951921787 2.6495963211660243 1.2
    endloop
  endfacet
  facet normal -0.5573774913145206 0.4354710225024124 -0.7068913075831637
    outer loop
      vertex 44.9257354213752 2.2335839587113977 0
      vertex 44.16977778440511 3.2139380484326963 1.2
      vertex 45.089031116147886 2.442592916808849 0
    endloop
  endfacet
  facet normal -0.5256428248118677 0.47329092531673084 -0.7068913075831621
    outer loop
      vertex 45.089031116147886 2.442592916808849 0
      vertex 44.40330099830675 3.4732918522949863 1.2
      vertex 45.26650875871312 2.6397018077441894 0
    endloop
  endfacet
  facet normal -0.49134727930414096 0.5088050023179642 -0.7068913075831637
    outer loop
      vertex 45.26650875871312 2.6397018077441894 0
      vertex 44.65434696820571 3.715724127386971 1.2
      vertex 45.45730369583634 2.823950336814098 0
    endloop
  endfacet
  facet normal -0.4546579392417143 0.541840232492793 -0.7068913075831628
    outer loop
      vertex 45.45730369583634 2.823950336814098 0
      vertex 44.92169262337171 3.9400537680336094 1.2
      vertex 45.6604863937625 2.994440863705543 0
    endloop
  endfacet
  facet normal -0.4157535514013531 0.5722356715205079 -0.7068913075831642
    outer loop
      vertex 45.20403548264626 4.145187862775208 1.2
      vertex 45.87506696681116 3.150342775709158 0
      vertex 45.6604863937625 2.994440863705543 0
    endloop
  endfacet
  facet normal -0.37482365404996715 0.5998432358775044 -0.7068913075831639
    outer loop
      vertex 45.87506696681116 3.150342775709158 0
      vertex 45.5 4.330127018922193 1.2
      vertex 46.1 3.2908965343808667 0
    endloop
  endfacet
  facet normal -0.33206765353319356 0.624528424285335 -0.7068913075831641
    outer loop
      vertex 46.1 3.2908965343808667 0
      vertex 45.80814426605461 4.493970231495835 1.2
      vertex 46.33418964220151 3.4154173759368347 0
    endloop
  endfacet
  facet normal 0.4157535514013534 0.5722356715205078 -0.7068913075831642
    outer loop
      vertex 50.3395136062375 2.994440863705543 0
      vertex 50.12493303318884 3.150342775709158 0
      vertex 50.79596451735374 4.145187862775208 1.2
    endloop
  endfacet
  facet normal 0.37482365404996715 0.5998432358775044 -0.7068913075831639
    outer loop
      vertex 49.9 3.2908965343808667 0
      vertex 50.5 4.330127018922193 1.2
      vertex 50.12493303318884 3.150342775709158 0
    endloop
  endfacet
  facet normal 0.33206765353319356 0.624528424285335 -0.7068913075831642
    outer loop
      vertex 49.66581035779849 3.4154173759368347 0
      vertex 50.19185573394539 4.493970231495835 1.2
      vertex 49.9 3.2908965343808667 0
    endloop
  endfacet
  facet normal -0.5863966707068955 0.39552954863983986 -0.7068913075831625
    outer loop
      vertex 44.77741723460558 2.0136932040861786 0
      vertex 43.75975951921787 2.6495963211660243 1.2
      vertex 43.954915028125264 2.938926261462366 1.2
    endloop
  endfacet
  facet normal -0.5573774913145197 0.43547102250241326 -0.7068913075831639
    outer loop
      vertex 44.9257354213752 2.2335839587113977 0
      vertex 43.954915028125264 2.938926261462366 1.2
      vertex 44.16977778440511 3.2139380484326963 1.2
    endloop
  endfacet
  facet normal -0.5256428248118595 0.473290925316738 -0.7068913075831635
    outer loop
      vertex 45.089031116147886 2.442592916808849 0
      vertex 44.16977778440511 3.2139380484326963 1.2
      vertex 44.40330099830675 3.4732918522949863 1.2
    endloop
  endfacet
  facet normal -0.49134727930414784 0.508805002317959 -0.7068913075831628
    outer loop
      vertex 45.26650875871312 2.6397018077441894 0
      vertex 44.40330099830675 3.4732918522949863 1.2
      vertex 44.65434696820571 3.715724127386971 1.2
    endloop
  endfacet
  facet normal -0.4546579392417095 0.541840232492796 -0.7068913075831634
    outer loop
      vertex 45.45730369583634 2.823950336814098 0
      vertex 44.65434696820571 3.715724127386971 1.2
      vertex 44.92169262337171 3.9400537680336094 1.2
    endloop
  endfacet
  facet normal -0.41575355140136155 0.5722356715205034 -0.706891307583163
    outer loop
      vertex 44.92169262337171 3.9400537680336094 1.2
      vertex 45.20403548264626 4.145187862775208 1.2
      vertex 45.6604863937625 2.994440863705543 0
    endloop
  endfacet
  facet normal -0.2876938527877324 0.6461709729874252 -0.7068913075831635
    outer loop
      vertex 46.33418964220151 3.4154173759368347 0
      vertex 46.12696703292044 4.635919272833937 1.2
      vertex 46.57649494501953 3.523298647353792 0
    endloop
  endfacet
  facet normal -0.24191843651036668 0.6646654416620026 -0.7068913075831637
    outer loop
      vertex 46.57649494501953 3.523298647353792 0
      vertex 46.454915028125264 4.755282581475767 1.2
      vertex 46.8257354213752 3.614014761921583 0
    endloop
  endfacet
  facet normal -0.1949644179278833 0.6799217271167367 -0.706891307583164
    outer loop
      vertex 46.8257354213752 3.614014761921583 0
      vertex 46.79039052200166 4.851478631379982 1.2
      vertex 47.08069679672126 3.6871237598487863 0
    endloop
  endfacet
  facet normal -0.14706055229900805 0.6918655022624522 -0.7068913075831639
    outer loop
      vertex 47.08069679672126 3.6871237598487863 0
      vertex 47.131759111665346 4.92403876506104 1.2
      vertex 47.34013692486567 3.7422694614463903 0
    endloop
  endfacet
  facet normal -0.09844022244180974 0.7004385782272216 -0.7068913075831641
    outer loop
      vertex 47.34013692486567 3.7422694614463903 0
      vertex 47.47735768366173 4.972609476841367 1.2
      vertex 47.60279183958292 3.7791832023994383 0
    endloop
  endfacet
  facet normal -0.04934030171605129 0.7055991878467082 -0.7068913075831637
    outer loop
      vertex 47.60279183958292 3.7791832023994383 0
      vertex 47.8255025164875 4.9969541350954785 1.2
      vertex 47.8673819125305 3.7976851426725635 0
    endloop
  endfacet
  facet normal 0 0.7073221891495876 -0.7068913075831637
    outer loop
      vertex 47.8673819125305 3.7976851426725635 0
      vertex 47.8255025164875 4.9969541350954785 1.2
      vertex 48.1326180874695 3.7976851426725635 0
    endloop
  endfacet
  facet normal 0.19496441792788333 0.6799217271167368 -0.706891307583164
    outer loop
      vertex 48.91930320327874 3.6871237598487863 0
      vertex 49.20960947799834 4.851478631379982 1.2
      vertex 49.1742645786248 3.614014761921583 0
    endloop
  endfacet
  facet normal 0.2876938527877324 0.6461709729874252 -0.7068913075831635
    outer loop
      vertex 49.42350505498047 3.523298647353792 0
      vertex 49.87303296707956 4.635919272833937 1.2
      vertex 49.66581035779849 3.4154173759368347 0
    endloop
  endfacet
  facet normal 0.24191843651036668 0.6646654416620026 -0.7068913075831637
    outer loop
      vertex 49.1742645786248 3.614014761921583 0
      vertex 49.545084971874736 4.755282581475767 1.2
      vertex 49.42350505498047 3.523298647353792 0
    endloop
  endfacet
  facet normal 0.04934030171605129 0.7055991878467082 -0.7068913075831637
    outer loop
      vertex 48.1326180874695 3.7976851426725635 0
      vertex 48.1744974835125 4.9969541350954785 1.2
      vertex 48.39720816041708 3.7791832023994383 0
    endloop
  endfacet
  facet normal 0.09844022244180974 0.7004385782272216 -0.7068913075831641
    outer loop
      vertex 48.65986307513433 3.7422694614463903 0
      vertex 48.39720816041708 3.7791832023994383 0
      vertex 48.52264231633827 4.972609476841367 1.2
    endloop
  endfacet
  facet normal 0.14706055229900805 0.6918655022624522 -0.7068913075831639
    outer loop
      vertex 48.65986307513433 3.7422694614463903 0
      vertex 48.868240888334654 4.92403876506104 1.2
      vertex 48.91930320327874 3.6871237598487863 0
    endloop
  endfacet
  facet normal -0.3748236540499659 0.599843235877505 -0.7068913075831641
    outer loop
      vertex 45.20403548264626 4.145187862775208 1.2
      vertex 45.5 4.330127018922193 1.2
      vertex 45.87506696681116 3.150342775709158 0
    endloop
  endfacet
  facet normal -0.3320676535331961 0.6245284242853338 -0.7068913075831639
    outer loop
      vertex 46.1 3.2908965343808667 0
      vertex 45.5 4.330127018922193 1.2
      vertex 45.80814426605461 4.493970231495835 1.2
    endloop
  endfacet
  facet normal -0.2876938527877286 0.6461709729874263 -0.706891307583164
    outer loop
      vertex 46.33418964220151 3.4154173759368347 0
      vertex 45.80814426605461 4.493970231495835 1.2
      vertex 46.12696703292044 4.635919272833937 1.2
    endloop
  endfacet
  facet normal -0.2419184365103663 0.6646654416620027 -0.7068913075831635
    outer loop
      vertex 46.57649494501953 3.523298647353792 0
      vertex 46.12696703292044 4.635919272833937 1.2
      vertex 46.454915028125264 4.755282581475767 1.2
    endloop
  endfacet
  facet normal 0.37482365404996587 0.5998432358775051 -0.7068913075831641
    outer loop
      vertex 50.12493303318884 3.150342775709158 0
      vertex 50.5 4.330127018922193 1.2
      vertex 50.79596451735374 4.145187862775208 1.2
    endloop
  endfacet
  facet normal 0.3320676535331961 0.6245284242853338 -0.7068913075831639
    outer loop
      vertex 49.9 3.2908965343808667 0
      vertex 50.19185573394539 4.493970231495835 1.2
      vertex 50.5 4.330127018922193 1.2
    endloop
  endfacet
  facet normal 0.2876938527877286 0.6461709729874263 -0.706891307583164
    outer loop
      vertex 49.66581035779849 3.4154173759368347 0
      vertex 49.87303296707956 4.635919272833937 1.2
      vertex 50.19185573394539 4.493970231495835 1.2
    endloop
  endfacet
  facet normal 0.2419184365103663 0.6646654416620027 -0.7068913075831635
    outer loop
      vertex 49.42350505498047 3.523298647353792 0
      vertex 49.545084971874736 4.755282581475767 1.2
      vertex 49.87303296707956 4.635919272833937 1.2
    endloop
  endfacet
  facet normal -0.19496441792788655 0.6799217271167363 -0.7068913075831635
    outer loop
      vertex 46.8257354213752 3.614014761921583 0
      vertex 46.454915028125264 4.755282581475767 1.2
      vertex 46.79039052200166 4.851478631379982 1.2
    endloop
  endfacet
  facet normal -0.14706055229900858 0.6918655022624521 -0.706891307583164
    outer loop
      vertex 47.08069679672126 3.6871237598487863 0
      vertex 46.79039052200166 4.851478631379982 1.2
      vertex 47.131759111665346 4.92403876506104 1.2
    endloop
  endfacet
  facet normal -0.09844022244181133 0.7004385782272214 -0.7068913075831639
    outer loop
      vertex 47.34013692486567 3.7422694614463903 0
      vertex 47.131759111665346 4.92403876506104 1.2
      vertex 47.47735768366173 4.972609476841367 1.2
    endloop
  endfacet
  facet normal -0.04934030171604947 0.705599187846708 -0.706891307583164
    outer loop
      vertex 47.60279183958292 3.7791832023994383 0
      vertex 47.47735768366173 4.972609476841367 1.2
      vertex 47.8255025164875 4.9969541350954785 1.2
    endloop
  endfacet
  facet normal 0 0.7073221891495877 -0.7068913075831637
    outer loop
      vertex 47.8255025164875 4.9969541350954785 1.2
      vertex 48.1744974835125 4.9969541350954785 1.2
      vertex 48.1326180874695 3.7976851426725635 0
    endloop
  endfacet
  facet normal 0.19496441792788655 0.6799217271167363 -0.7068913075831635
    outer loop
      vertex 49.1742645786248 3.614014761921583 0
      vertex 49.20960947799834 4.851478631379982 1.2
      vertex 49.545084971874736 4.755282581475767 1.2
    endloop
  endfacet
  facet normal 0.14706055229900858 0.6918655022624521 -0.706891307583164
    outer loop
      vertex 48.91930320327874 3.6871237598487863 0
      vertex 48.868240888334654 4.92403876506104 1.2
      vertex 49.20960947799834 4.851478631379982 1.2
    endloop
  endfacet
  facet normal 0.04934030171604947 0.705599187846708 -0.706891307583164
    outer loop
      vertex 48.39720816041708 3.7791832023994383 0
      vertex 48.1744974835125 4.9969541350954785 1.2
      vertex 48.52264231633827 4.972609476841367 1.2
    endloop
  endfacet
  facet normal 0.09844022244181133 0.7004385782272214 -0.7068913075831639
    outer loop
      vertex 48.65986307513433 3.7422694614463903 0
      vertex 48.52264231633827 4.972609476841367 1.2
      vertex 48.868240888334654 4.92403876506104 1.2
    endloop
  endfacet
  facet normal 0 0 -1
    outer loop
      vertex 51.79074339098733 -0.26507460022767615 0
      vertex 51.79074339098733 0.26507460022767615 0
      vertex 51.8 0 0
    endloop
  endfacet
  facet normal 0 0 -1
    outer loop
      vertex 51.76301866121797 -0.5288577836482486 0
      vertex 51.76301866121797 0.5288577836482486 0
      vertex 51.79074339098733 0.26507460022767615 0
    endloop
  endfacet
  facet normal 0 0 -1
    outer loop
      vertex 51.71696088278846 -0.7900644251074854 0
      vertex 51.71696088278846 0.7900644251074854 0
      vertex 51.76301866121797 0.5288577836482486 0
    endloop
  endfacet
  facet normal 0 0 -1
    outer loop
      vertex 51.652794444565615 -1.0474219521045969 0
      vertex 51.652794444565615 1.0474219521045969 0
      vertex 51.71696088278846 0.7900644251074854 0
    endloop
  endfacet
  facet normal 0 0 -1
    outer loop
      vertex 51.57083195898645 -1.2996765446375411 0
      vertex 51.57083195898645 1.2996765446375411 0
      vertex 51.652794444565615 1.0474219521045969 0
    endloop
  endfacet
  facet normal 0 0 -1
    outer loop
      vertex 51.471472739041886 -1.5455992436880408 0
      vertex 51.471472739041886 1.5455992436880408 0
      vertex 51.57083195898645 1.2996765446375411 0
    endloop
  endfacet
  facet normal 0 0 -1
    outer loop
      vertex 51.35520085286392 -1.783991938586385 0
      vertex 51.35520085286392 1.783991938586385 0
      vertex 51.471472739041886 1.5455992436880408 0
    endloop
  endfacet
  facet normal 0 0 -1
    outer loop
      vertex 51.22258276539442 -2.0136932040861786 0
      vertex 51.22258276539442 2.0136932040861786 0
      vertex 51.35520085286392 1.783991938586385 0
    endloop
  endfacet
  facet normal 0.7068913075831629 0.024685188407828615 -0.7068913075831647
    outer loop
      vertex 51.8 0 0
      vertex 51.79074339098733 0.26507460022767615 0
      vertex 53 0 1.2
    endloop
  endfacet
  facet normal 0.7034474041890855 0.07393530146690741 -0.7068913075831637
    outer loop
      vertex 51.79074339098733 0.26507460022767615 0
      vertex 51.76301866121797 0.5288577836482486 0
      vertex 52.951340343707855 0.6958655048003272 1.2
    endloop
  endfacet
  facet normal 0 0 -1
    outer loop
      vertex 50.910968883852114 -2.442592916808849 0
      vertex 50.910968883852114 2.442592916808849 0
      vertex 51.0742645786248 2.2335839587113977 0
    endloop
  endfacet
  facet normal 0 0 -1
    outer loop
      vertex 51.0742645786248 -2.2335839587113977 0
      vertex 51.0742645786248 2.2335839587113977 0
      vertex 51.22258276539442 2.0136932040861786 0
    endloop
  endfacet
  facet normal 0 0 -1
    outer loop
      vertex 50.73349124128688 -2.6397018077441894 0
      vertex 50.73349124128688 2.6397018077441894 0
      vertex 50.910968883852114 2.442592916808849 0
    endloop
  endfacet
  facet normal 0 0 -1
    outer loop
      vertex 50.54269630416366 -2.823950336814098 0
      vertex 50.54269630416366 2.823950336814098 0
      vertex 50.73349124128688 2.6397018077441894 0
    endloop
  endfacet
  facet normal 0.6965763757520814 0.12282520916921263 -0.7068913075831634
    outer loop
      vertex 51.71696088278846 0.7900644251074854 0
      vertex 52.89073800366903 1.0395584540887968 1.2
      vertex 51.76301866121797 0.5288577836482486 0
    endloop
  endfacet
  facet normal 0.6863116972320287 0.17111672479877177 -0.7068913075831628
    outer loop
      vertex 51.71696088278846 0.7900644251074854 0
      vertex 51.652794444565615 1.0474219521045969 0
      vertex 52.806308479691594 1.3781867790849958 1.2
    endloop
  endfacet
  facet normal 0.7068913075831637 0.024685188407835307 -0.7068913075831638
    outer loop
      vertex 51.79074339098733 0.26507460022767615 0
      vertex 52.98782025129912 0.3487823687206265 1.2
      vertex 53 0 1.2
    endloop
  endfacet
  facet normal 0.7034474041890852 0.0739353014669083 -0.7068913075831639
    outer loop
      vertex 51.79074339098733 0.26507460022767615 0
      vertex 52.951340343707855 0.6958655048003272 1.2
      vertex 52.98782025129912 0.3487823687206265 1.2
    endloop
  endfacet
  facet normal 0.6965763757520802 0.12282520916921615 -0.7068913075831638
    outer loop
      vertex 51.76301866121797 0.5288577836482486 0
      vertex 52.89073800366903 1.0395584540887968 1.2
      vertex 52.951340343707855 0.6958655048003272 1.2
    endloop
  endfacet
  facet normal 0.6863116972320272 0.17111672479877535 -0.7068913075831632
    outer loop
      vertex 51.71696088278846 0.7900644251074854 0
      vertex 52.806308479691594 1.3781867790849958 1.2
      vertex 52.89073800366903 1.0395584540887968 1.2
    endloop
  endfacet
  facet normal 0.6727033771108676 0.21857457694571822 -0.7068913075831631
    outer loop
      vertex 51.652794444565615 1.0474219521045969 0
      vertex 51.57083195898645 1.2996765446375411 0
      vertex 52.69846310392954 1.7101007166283435 1.2
    endloop
  endfacet
  facet normal 0.6558177137563341 0.26496755572480946 -0.7068913075831637
    outer loop
      vertex 51.57083195898645 1.2996765446375411 0
      vertex 51.471472739041886 1.5455992436880408 0
      vertex 52.56772728821301 2.033683215379001 1.2
    endloop
  endfacet
  facet normal 0.6125589844639668 0.3536610945747927 -0.7068913075831623
    outer loop
      vertex 51.35520085286392 1.783991938586385 0
      vertex 51.22258276539442 2.0136932040861786 0
      vertex 52.24024048078213 2.6495963211660243 1.2
    endloop
  endfacet
  facet normal 0.6357369724229407 0.3100696392068681 -0.7068913075831642
    outer loop
      vertex 51.35520085286392 1.783991938586385 0
      vertex 52.41473796429464 2.347357813929454 1.2
      vertex 51.471472739041886 1.5455992436880408 0
    endloop
  endfacet
  facet normal 0.5863966707068881 0.3955295486398484 -0.706891307583164
    outer loop
      vertex 51.0742645786248 2.2335839587113977 0
      vertex 52.045084971874736 2.938926261462366 1.2
      vertex 51.22258276539442 2.0136932040861786 0
    endloop
  endfacet
  facet normal 0.6727033771108685 0.21857457694571614 -0.7068913075831629
    outer loop
      vertex 51.652794444565615 1.0474219521045969 0
      vertex 52.69846310392954 1.7101007166283435 1.2
      vertex 52.806308479691594 1.3781867790849958 1.2
    endloop
  endfacet
  facet normal 0.655817713756336 0.26496755572480624 -0.7068913075831632
    outer loop
      vertex 51.57083195898645 1.2996765446375411 0
      vertex 52.56772728821301 2.033683215379001 1.2
      vertex 52.69846310392954 1.7101007166283435 1.2
    endloop
  endfacet
  facet normal 0.635736972422943 0.31006963920686437 -0.7068913075831638
    outer loop
      vertex 51.471472739041886 1.5455992436880408 0
      vertex 52.41473796429464 2.347357813929454 1.2
      vertex 52.56772728821301 2.033683215379001 1.2
    endloop
  endfacet
  facet normal 0.612558984463959 0.353661094574803 -0.7068913075831641
    outer loop
      vertex 51.35520085286392 1.783991938586385 0
      vertex 52.24024048078213 2.6495963211660243 1.2
      vertex 52.41473796429464 2.347357813929454 1.2
    endloop
  endfacet
  facet normal 0.5573774913145206 0.4354710225024124 -0.7068913075831637
    outer loop
      vertex 50.910968883852114 2.442592916808849 0
      vertex 51.83022221559489 3.2139380484326963 1.2
      vertex 51.0742645786248 2.2335839587113977 0
    endloop
  endfacet
  facet normal 0.5256428248118677 0.47329092531673084 -0.7068913075831621
    outer loop
      vertex 50.910968883852114 2.442592916808849 0
      vertex 50.73349124128688 2.6397018077441894 0
      vertex 51.59669900169325 3.4732918522949863 1.2
    endloop
  endfacet
  facet normal 0.49134727930414096 0.5088050023179642 -0.7068913075831637
    outer loop
      vertex 50.73349124128688 2.6397018077441894 0
      vertex 50.54269630416366 2.823950336814098 0
      vertex 51.34565303179429 3.715724127386971 1.2
    endloop
  endfacet
  facet normal 0.4546579392417143 0.541840232492793 -0.7068913075831628
    outer loop
      vertex 50.3395136062375 2.994440863705543 0
      vertex 51.07830737662829 3.9400537680336094 1.2
      vertex 50.54269630416366 2.823950336814098 0
    endloop
  endfacet
  facet normal 0.5573774913145197 0.43547102250241326 -0.7068913075831639
    outer loop
      vertex 51.0742645786248 2.2335839587113977 0
      vertex 51.83022221559489 3.2139380484326963 1.2
      vertex 52.045084971874736 2.938926261462366 1.2
    endloop
  endfacet
  facet normal 0.5863966707068955 0.39552954863983986 -0.7068913075831625
    outer loop
      vertex 51.22258276539442 2.0136932040861786 0
      vertex 52.045084971874736 2.938926261462366 1.2
      vertex 52.24024048078213 2.6495963211660243 1.2
    endloop
  endfacet
  facet normal 0.5256428248118595 0.473290925316738 -0.7068913075831635
    outer loop
      vertex 50.910968883852114 2.442592916808849 0
      vertex 51.59669900169325 3.4732918522949863 1.2
      vertex 51.83022221559489 3.2139380484326963 1.2
    endloop
  endfacet
  facet normal 0.49134727930414784 0.508805002317959 -0.7068913075831628
    outer loop
      vertex 50.73349124128688 2.6397018077441894 0
      vertex 51.34565303179429 3.715724127386971 1.2
      vertex 51.59669900169325 3.4732918522949863 1.2
    endloop
  endfacet
  facet normal 0.4546579392417095 0.541840232492796 -0.7068913075831634
    outer loop
      vertex 50.54269630416366 2.823950336814098 0
      vertex 51.07830737662829 3.9400537680336094 1.2
      vertex 51.34565303179429 3.715724127386971 1.2
    endloop
  endfacet
  facet normal 0.4157535514013616 0.5722356715205034 -0.7068913075831631
    outer loop
      vertex 50.3395136062375 2.994440863705543 0
      vertex 50.79596451735374 4.145187862775208 1.2
      vertex 51.07830737662829 3.9400537680336094 1.2
    endloop
  endfacet
  facet normal -0.4694715627858933 -0.8829475928589257 0
    outer loop
      vertex 45.80814426605461 -4.493970231495835 1.2
      vertex 45.80814426605461 -4.493970231495835 4.8
      vertex 45.5 -4.330127018922193 1.2
    endloop
  endfacet
  facet normal -0.5299192642332005 -0.8480480961564288 0
    outer loop
      vertex 45.20403548264626 -4.145187862775208 1.2
      vertex 45.5 -4.330127018922193 1.2
      vertex 45.5 -4.330127018922193 4.8
    endloop
  endfacet
  facet normal -0.5877852522924822 -0.8090169943749409 0
    outer loop
      vertex 44.92169262337171 -3.9400537680336094 1.2
      vertex 45.20403548264626 -4.145187862775208 1.2
      vertex 45.20403548264626 -4.145187862775208 4.8
    endloop
  endfacet
  facet normal -0.6427876096865331 -0.7660444431189832 0
    outer loop
      vertex 44.92169262337171 -3.9400537680336094 1.2
      vertex 44.92169262337171 -3.9400537680336094 4.8
      vertex 44.65434696820571 -3.715724127386971 1.2
    endloop
  endfacet
  facet normal -0.20791169081775765 -0.9781476007338059 0
    outer loop
      vertex 46.79039052200166 -4.851478631379982 1.2
      vertex 47.131759111665346 -4.92403876506104 1.2
      vertex 47.131759111665346 -4.92403876506104 4.8
    endloop
  endfacet
  facet normal -0.3420201433256667 -0.9396926207859091 0
    outer loop
      vertex 46.12696703292044 -4.635919272833937 1.2
      vertex 46.454915028125264 -4.755282581475767 1.2
      vertex 46.454915028125264 -4.755282581475767 4.8
    endloop
  endfacet
  facet normal -0.27563735581700327 -0.9612616959383178 0
    outer loop
      vertex 46.454915028125264 -4.755282581475767 1.2
      vertex 46.79039052200166 -4.851478631379982 1.2
      vertex 46.79039052200166 -4.851478631379982 4.8
    endloop
  endfacet
  facet normal -0.13917310096006727 -0.9902680687415701 0
    outer loop
      vertex 47.131759111665346 -4.92403876506104 1.2
      vertex 47.47735768366173 -4.972609476841367 1.2
      vertex 47.47735768366173 -4.972609476841367 4.8
    endloop
  endfacet
  facet normal -0.06975647374412394 -0.9975640502598244 0
    outer loop
      vertex 47.47735768366173 -4.972609476841367 1.2
      vertex 47.8255025164875 -4.9969541350954785 1.2
      vertex 47.8255025164875 -4.9969541350954785 4.8
    endloop
  endfacet
  facet normal 0 -1 0
    outer loop
      vertex 47.8255025164875 -4.9969541350954785 1.2
      vertex 48.1744974835125 -4.9969541350954785 1.2
      vertex 48.1744974835125 -4.9969541350954785 4.8
    endloop
  endfacet
  facet normal -0.40673664307579876 -0.9135454576426015 0
    outer loop
      vertex 45.80814426605461 -4.493970231495835 1.2
      vertex 46.12696703292044 -4.635919272833937 1.2
      vertex 46.12696703292044 -4.635919272833937 4.8
    endloop
  endfacet
  facet normal 0.06975647374412394 -0.9975640502598244 0
    outer loop
      vertex 48.1744974835125 -4.9969541350954785 1.2
      vertex 48.52264231633827 -4.972609476841367 1.2
      vertex 48.52264231633827 -4.972609476841367 4.8
    endloop
  endfacet
  facet normal 0.13917310096006727 -0.9902680687415701 0
    outer loop
      vertex 48.52264231633827 -4.972609476841367 1.2
      vertex 48.868240888334654 -4.92403876506104 1.2
      vertex 48.868240888334654 -4.92403876506104 4.8
    endloop
  endfacet
  facet normal 0.20791169081775765 -0.9781476007338059 0
    outer loop
      vertex 48.868240888334654 -4.92403876506104 1.2
      vertex 49.20960947799834 -4.851478631379982 1.2
      vertex 49.20960947799834 -4.851478631379982 4.8
    endloop
  endfacet
  facet normal 0.27563735581700327 -0.9612616959383178 0
    outer loop
      vertex 49.20960947799834 -4.851478631379982 1.2
      vertex 49.545084971874736 -4.755282581475767 1.2
      vertex 49.545084971874736 -4.755282581475767 4.8
    endloop
  endfacet
  facet normal 0.3420201433256667 -0.9396926207859091 0
    outer loop
      vertex 49.545084971874736 -4.755282581475767 1.2
      vertex 49.87303296707956 -4.635919272833937 1.2
      vertex 49.87303296707956 -4.635919272833937 4.8
    endloop
  endfacet
  facet normal 0.40673664307579876 -0.9135454576426015 0
    outer loop
      vertex 49.87303296707956 -4.635919272833937 1.2
      vertex 50.19185573394539 -4.493970231495835 1.2
      vertex 50.19185573394539 -4.493970231495835 4.8
    endloop
  endfacet
  facet normal 0.4694715627858933 -0.8829475928589257 0
    outer loop
      vertex 50.19185573394539 -4.493970231495835 1.2
      vertex 50.5 -4.330127018922193 1.2
      vertex 50.5 -4.330127018922193 4.8
    endloop
  endfacet
  facet normal -0.694658370459003 -0.7193398003386458 0
    outer loop
      vertex 44.40330099830675 -3.4732918522949863 1.2
      vertex 44.65434696820571 -3.715724127386971 1.2
      vertex 44.65434696820571 -3.715724127386971 4.8
    endloop
  endfacet
  facet normal -0.743144825477395 -0.6691306063588573 0
    outer loop
      vertex 44.16977778440511 -3.2139380484326963 1.2
      vertex 44.40330099830675 -3.4732918522949863 1.2
      vertex 44.16977778440511 -3.2139380484326963 4.8
    endloop
  endfacet
  facet normal -0.7880107536067178 -0.6156614753256638 0
    outer loop
      vertex 44.16977778440511 -3.2139380484326963 1.2
      vertex 43.954915028125264 -2.938926261462366 4.8
      vertex 43.954915028125264 -2.938926261462366 1.2
    endloop
  endfacet
  facet normal -0.8290375725550452 -0.5591929034707417 0
    outer loop
      vertex 43.75975951921787 -2.6495963211660243 1.2
      vertex 43.954915028125264 -2.938926261462366 1.2
      vertex 43.75975951921787 -2.6495963211660243 4.8
    endloop
  endfacet
  facet normal -0.4694715627858933 -0.8829475928589257 0
    outer loop
      vertex 45.5 -4.330127018922193 1.2
      vertex 45.80814426605461 -4.493970231495835 4.8
      vertex 45.5 -4.330127018922193 4.8
    endloop
  endfacet
  facet normal -0.5299192642332005 -0.8480480961564288 0
    outer loop
      vertex 45.20403548264626 -4.145187862775208 1.2
      vertex 45.5 -4.330127018922193 4.8
      vertex 45.20403548264626 -4.145187862775208 4.8
    endloop
  endfacet
  facet normal -0.5877852522924822 -0.8090169943749409 0
    outer loop
      vertex 44.92169262337171 -3.9400537680336094 1.2
      vertex 45.20403548264626 -4.145187862775208 4.8
      vertex 44.92169262337171 -3.9400537680336094 4.8
    endloop
  endfacet
  facet normal -0.6427876096865331 -0.7660444431189832 0
    outer loop
      vertex 44.65434696820571 -3.715724127386971 1.2
      vertex 44.92169262337171 -3.9400537680336094 4.8
      vertex 44.65434696820571 -3.715724127386971 4.8
    endloop
  endfacet
  facet normal -0.20791169081775765 -0.9781476007338059 0
    outer loop
      vertex 46.79039052200166 -4.851478631379982 1.2
      vertex 47.131759111665346 -4.92403876506104 4.8
      vertex 46.79039052200166 -4.851478631379982 4.8
    endloop
  endfacet
  facet normal -0.27563735581700327 -0.9612616959383178 0
    outer loop
      vertex 46.454915028125264 -4.755282581475767 1.2
      vertex 46.79039052200166 -4.851478631379982 4.8
      vertex 46.454915028125264 -4.755282581475767 4.8
    endloop
  endfacet
  facet normal -0.13917310096006727 -0.9902680687415701 0
    outer loop
      vertex 47.131759111665346 -4.92403876506104 1.2
      vertex 47.47735768366173 -4.972609476841367 4.8
      vertex 47.131759111665346 -4.92403876506104 4.8
    endloop
  endfacet
  facet normal -0.06975647374412394 -0.9975640502598244 0
    outer loop
      vertex 47.47735768366173 -4.972609476841367 1.2
      vertex 47.8255025164875 -4.9969541350954785 4.8
      vertex 47.47735768366173 -4.972609476841367 4.8
    endloop
  endfacet
  facet normal 0 -1 0
    outer loop
      vertex 47.8255025164875 -4.9969541350954785 1.2
      vertex 48.1744974835125 -4.9969541350954785 4.8
      vertex 47.8255025164875 -4.9969541350954785 4.8
    endloop
  endfacet
  facet normal -0.3420201433256667 -0.9396926207859091 0
    outer loop
      vertex 46.12696703292044 -4.635919272833937 1.2
      vertex 46.454915028125264 -4.755282581475767 4.8
      vertex 46.12696703292044 -4.635919272833937 4.8
    endloop
  endfacet
  facet normal -0.40673664307579876 -0.9135454576426015 0
    outer loop
      vertex 45.80814426605461 -4.493970231495835 1.2
      vertex 46.12696703292044 -4.635919272833937 4.8
      vertex 45.80814426605461 -4.493970231495835 4.8
    endloop
  endfacet
  facet normal 0.06975647374412394 -0.9975640502598244 0
    outer loop
      vertex 48.1744974835125 -4.9969541350954785 1.2
      vertex 48.52264231633827 -4.972609476841367 4.8
      vertex 48.1744974835125 -4.9969541350954785 4.8
    endloop
  endfacet
  facet normal 0.13917310096006727 -0.9902680687415701 0
    outer loop
      vertex 48.52264231633827 -4.972609476841367 1.2
      vertex 48.868240888334654 -4.92403876506104 4.8
      vertex 48.52264231633827 -4.972609476841367 4.8
    endloop
  endfacet
  facet normal 0.20791169081775765 -0.9781476007338059 0
    outer loop
      vertex 48.868240888334654 -4.92403876506104 1.2
      vertex 49.20960947799834 -4.851478631379982 4.8
      vertex 48.868240888334654 -4.92403876506104 4.8
    endloop
  endfacet
  facet normal 0.27563735581700327 -0.9612616959383178 0
    outer loop
      vertex 49.20960947799834 -4.851478631379982 1.2
      vertex 49.545084971874736 -4.755282581475767 4.8
      vertex 49.20960947799834 -4.851478631379982 4.8
    endloop
  endfacet
  facet normal 0.3420201433256667 -0.9396926207859091 0
    outer loop
      vertex 49.545084971874736 -4.755282581475767 1.2
      vertex 49.87303296707956 -4.635919272833937 4.8
      vertex 49.545084971874736 -4.755282581475767 4.8
    endloop
  endfacet
  facet normal 0.40673664307579876 -0.9135454576426015 0
    outer loop
      vertex 49.87303296707956 -4.635919272833937 1.2
      vertex 50.19185573394539 -4.493970231495835 4.8
      vertex 49.87303296707956 -4.635919272833937 4.8
    endloop
  endfacet
  facet normal 0.4694715627858933 -0.8829475928589257 0
    outer loop
      vertex 50.19185573394539 -4.493970231495835 1.2
      vertex 50.5 -4.330127018922193 4.8
      vertex 50.19185573394539 -4.493970231495835 4.8
    endloop
  endfacet
  facet normal -0.694658370459003 -0.7193398003386458 0
    outer loop
      vertex 44.40330099830675 -3.4732918522949863 1.2
      vertex 44.65434696820571 -3.715724127386971 4.8
      vertex 44.40330099830675 -3.4732918522949863 4.8
    endloop
  endfacet
  facet normal -0.743144825477395 -0.6691306063588573 0
    outer loop
      vertex 44.40330099830675 -3.4732918522949863 1.2
      vertex 44.40330099830675 -3.4732918522949863 4.8
      vertex 44.16977778440511 -3.2139380484326963 4.8
    endloop
  endfacet
  facet normal -0.7880107536067178 -0.6156614753256638 0
    outer loop
      vertex 44.16977778440511 -3.2139380484326963 1.2
      vertex 44.16977778440511 -3.2139380484326963 4.8
      vertex 43.954915028125264 -2.938926261462366 4.8
    endloop
  endfacet
  facet normal -0.8290375725550452 -0.5591929034707417 0
    outer loop
      vertex 43.954915028125264 -2.938926261462366 1.2
      vertex 43.954915028125264 -2.938926261462366 4.8
      vertex 43.75975951921787 -2.6495963211660243 4.8
    endloop
  endfacet
  facet normal -0.866025403784431 -0.5000000000000133 0
    outer loop
      vertex 43.75975951921787 -2.6495963211660243 1.2
      vertex 43.75975951921787 -2.6495963211660243 4.8
      vertex 43.58526203570536 -2.347357813929454 4.8
    endloop
  endfacet
  facet normal -0.8987940462991676 -0.4383711467890762 0
    outer loop
      vertex 43.58526203570536 -2.347357813929454 1.2
      vertex 43.43227271178699 -2.033683215379001 4.8
      vertex 43.43227271178699 -2.033683215379001 1.2
    endloop
  endfacet
  facet normal -0.866025403784431 -0.5000000000000133 0
    outer loop
      vertex 43.75975951921787 -2.6495963211660243 1.2
      vertex 43.58526203570536 -2.347357813929454 4.8
      vertex 43.58526203570536 -2.347357813929454 1.2
    endloop
  endfacet
  facet normal -0.9271838545667911 -0.374606593415903 0
    outer loop
      vertex 43.43227271178699 -2.033683215379001 1.2
      vertex 43.30153689607046 -1.7101007166283435 4.8
      vertex 43.30153689607046 -1.7101007166283435 1.2
    endloop
  endfacet
  facet normal -0.9510565162951524 -0.3090169943749507 0
    outer loop
      vertex 43.30153689607046 -1.7101007166283435 1.2
      vertex 43.193691520308406 -1.3781867790849958 4.8
      vertex 43.193691520308406 -1.3781867790849958 1.2
    endloop
  endfacet
  facet normal -0.9702957262759963 -0.2419218955996681 0
    outer loop
      vertex 43.193691520308406 -1.3781867790849958 1.2
      vertex 43.10926199633097 -1.0395584540887968 4.8
      vertex 43.10926199633097 -1.0395584540887968 1.2
    endloop
  endfacet
  facet normal -0.9848077530122065 -0.1736481776669395 0
    outer loop
      vertex 43.10926199633097 -1.0395584540887968 1.2
      vertex 43.048659656292145 -0.6958655048003272 4.8
      vertex 43.048659656292145 -0.6958655048003272 1.2
    endloop
  endfacet
  facet normal -0.994521895368275 -0.10452846326763829 0
    outer loop
      vertex 43.048659656292145 -0.6958655048003272 1.2
      vertex 43.01217974870088 -0.3487823687206265 4.8
      vertex 43.01217974870088 -0.3487823687206265 1.2
    endloop
  endfacet
  facet normal -0.9993908270190954 -0.03489949670250613 0
    outer loop
      vertex 43.01217974870088 -0.3487823687206265 1.2
      vertex 43 0 4.8
      vertex 43 0 1.2
    endloop
  endfacet
  facet normal -0.8987940462991676 -0.4383711467890762 0
    outer loop
      vertex 43.58526203570536 -2.347357813929454 1.2
      vertex 43.58526203570536 -2.347357813929454 4.8
      vertex 43.43227271178699 -2.033683215379001 4.8
    endloop
  endfacet
  facet normal -0.9271838545667911 -0.374606593415903 0
    outer loop
      vertex 43.43227271178699 -2.033683215379001 1.2
      vertex 43.43227271178699 -2.033683215379001 4.8
      vertex 43.30153689607046 -1.7101007166283435 4.8
    endloop
  endfacet
  facet normal -0.9510565162951524 -0.3090169943749507 0
    outer loop
      vertex 43.30153689607046 -1.7101007166283435 1.2
      vertex 43.30153689607046 -1.7101007166283435 4.8
      vertex 43.193691520308406 -1.3781867790849958 4.8
    endloop
  endfacet
  facet normal -0.9702957262759963 -0.2419218955996681 0
    outer loop
      vertex 43.193691520308406 -1.3781867790849958 1.2
      vertex 43.193691520308406 -1.3781867790849958 4.8
      vertex 43.10926199633097 -1.0395584540887968 4.8
    endloop
  endfacet
  facet normal 0 0 1
    outer loop
      vertex 45.80814426605461 -4.493970231495835 4.8
      vertex 45.5 4.330127018922193 4.8
      vertex 45.5 -4.330127018922193 4.8
    endloop
  endfacet
  facet normal 0 0 1
    outer loop
      vertex 45.20403548264626 -4.145187862775208 4.8
      vertex 45.5 -4.330127018922193 4.8
      vertex 45.20403548264626 4.145187862775208 4.8
    endloop
  endfacet
  facet normal 0 0 1
    outer loop
      vertex 44.92169262337171 -3.9400537680336094 4.8
      vertex 45.20403548264626 -4.145187862775208 4.8
      vertex 44.92169262337171 3.9400537680336094 4.8
    endloop
  endfacet
  facet normal 0 0 1
    outer loop
      vertex 44.92169262337171 -3.9400537680336094 4.8
      vertex 44.65434696820571 3.715724127386971 4.8
      vertex 44.65434696820571 -3.715724127386971 4.8
    endloop
  endfacet
  facet normal 0 0 1
    outer loop
      vertex 46.12696703292044 -4.635919272833937 4.8
      vertex 46.454915028125264 -4.755282581475767 4.8
      vertex 46.12696703292044 4.635919272833937 4.8
    endloop
  endfacet
  facet normal 0 0 1
    outer loop
      vertex 46.79039052200166 -4.851478631379982 4.8
      vertex 47.131759111665346 -4.92403876506104 4.8
      vertex 46.79039052200166 4.851478631379982 4.8
    endloop
  endfacet
  facet normal 0 0 1
    outer loop
      vertex 46.454915028125264 -4.755282581475767 4.8
      vertex 46.79039052200166 -4.851478631379982 4.8
      vertex 46.454915028125264 4.755282581475767 4.8
    endloop
  endfacet
  facet normal 0 0 1
    outer loop
      vertex 47.131759111665346 -4.92403876506104 4.8
      vertex 47.47735768366173 -4.972609476841367 4.8
      vertex 47.131759111665346 4.92403876506104 4.8
    endloop
  endfacet
  facet normal 0 0 1
    outer loop
      vertex 47.47735768366173 -4.972609476841367 4.8
      vertex 47.8255025164875 -4.9969541350954785 4.8
      vertex 47.47735768366173 4.972609476841367 4.8
    endloop
  endfacet
  facet normal 0 0 1
    outer loop
      vertex 47.8255025164875 -4.9969541350954785 4.8
      vertex 48.1744974835125 -4.9969541350954785 4.8
      vertex 47.8255025164875 4.9969541350954785 4.8
    endloop
  endfacet
  facet normal 0 0 1
    outer loop
      vertex 45.80814426605461 -4.493970231495835 4.8
      vertex 46.12696703292044 -4.635919272833937 4.8
      vertex 45.80814426605461 4.493970231495835 4.8
    endloop
  endfacet
  facet normal 0 0 1
    outer loop
      vertex 48.1744974835125 -4.9969541350954785 4.8
      vertex 48.52264231633827 -4.972609476841367 4.8
      vertex 48.1744974835125 4.9969541350954785 4.8
    endloop
  endfacet
  facet normal 0 0 1
    outer loop
      vertex 48.52264231633827 -4.972609476841367 4.8
      vertex 48.868240888334654 -4.92403876506104 4.8
      vertex 48.52264231633827 4.972609476841367 4.8
    endloop
  endfacet
  facet normal 0 0 1
    outer loop
      vertex 48.868240888334654 -4.92403876506104 4.8
      vertex 49.20960947799834 -4.851478631379982 4.8
      vertex 48.868240888334654 4.92403876506104 4.8
    endloop
  endfacet
  facet normal 0 0 1
    outer loop
      vertex 49.20960947799834 -4.851478631379982 4.8
      vertex 49.545084971874736 -4.755282581475767 4.8
      vertex 49.20960947799834 4.851478631379982 4.8
    endloop
  endfacet
  facet normal 0 0 1
    outer loop
      vertex 49.545084971874736 -4.755282581475767 4.8
      vertex 49.87303296707956 -4.635919272833937 4.8
      vertex 49.545084971874736 4.755282581475767 4.8
    endloop
  endfacet
  facet normal 0 0 1
    outer loop
      vertex 49.87303296707956 -4.635919272833937 4.8
      vertex 50.19185573394539 -4.493970231495835 4.8
      vertex 49.87303296707956 4.635919272833937 4.8
    endloop
  endfacet
  facet normal 0 0 1
    outer loop
      vertex 50.19185573394539 -4.493970231495835 4.8
      vertex 50.5 -4.330127018922193 4.8
      vertex 50.19185573394539 4.493970231495835 4.8
    endloop
  endfacet
  facet normal -0.9848077530122065 -0.1736481776669395 0
    outer loop
      vertex 43.10926199633097 -1.0395584540887968 1.2
      vertex 43.10926199633097 -1.0395584540887968 4.8
      vertex 43.048659656292145 -0.6958655048003272 4.8
    endloop
  endfacet
  facet normal -0.994521895368275 -0.10452846326763829 0
    outer loop
      vertex 43.048659656292145 -0.6958655048003272 1.2
      vertex 43.048659656292145 -0.6958655048003272 4.8
      vertex 43.01217974870088 -0.3487823687206265 4.8
    endloop
  endfacet
  facet normal -0.9993908270190954 -0.03489949670250613 0
    outer loop
      vertex 43.01217974870088 -0.3487823687206265 1.2
      vertex 43.01217974870088 -0.3487823687206265 4.8
      vertex 43 0 4.8
    endloop
  endfacet
  facet normal 0 0 1
    outer loop
      vertex 43.58526203570536 -2.347357813929454 4.8
      vertex 43.43227271178699 2.033683215379001 4.8
      vertex 43.43227271178699 -2.033683215379001 4.8
    endloop
  endfacet
  facet normal 0 0 1
    outer loop
      vertex 43.43227271178699 -2.033683215379001 4.8
      vertex 43.30153689607046 1.7101007166283435 4.8
      vertex 43.30153689607046 -1.7101007166283435 4.8
    endloop
  endfacet
  facet normal 0 0 1
    outer loop
      vertex 44.40330099830675 -3.4732918522949863 4.8
      vertex 44.65434696820571 -3.715724127386971 4.8
      vertex 44.40330099830675 3.4732918522949863 4.8
    endloop
  endfacet
  facet normal 0 0 1
    outer loop
      vertex 44.16977778440511 -3.2139380484326963 4.8
      vertex 44.40330099830675 -3.4732918522949863 4.8
      vertex 44.16977778440511 3.2139380484326963 4.8
    endloop
  endfacet
  facet normal 0 0 1
    outer loop
      vertex 44.16977778440511 -3.2139380484326963 4.8
      vertex 43.954915028125264 2.938926261462366 4.8
      vertex 43.954915028125264 -2.938926261462366 4.8
    endloop
  endfacet
  facet normal 0 0 1
    outer loop
      vertex 43.75975951921787 -2.6495963211660243 4.8
      vertex 43.954915028125264 -2.938926261462366 4.8
      vertex 43.75975951921787 2.6495963211660243 4.8
    endloop
  endfacet
  facet normal 0 0 1
    outer loop
      vertex 43.75975951921787 -2.6495963211660243 4.8
      vertex 43.58526203570536 2.347357813929454 4.8
      vertex 43.58526203570536 -2.347357813929454 4.8
    endloop
  endfacet
  facet normal 0 0 1
    outer loop
      vertex 43.30153689607046 -1.7101007166283435 4.8
      vertex 43.193691520308406 1.3781867790849958 4.8
      vertex 43.193691520308406 -1.3781867790849958 4.8
    endloop
  endfacet
  facet normal 0 0 1
    outer loop
      vertex 43.193691520308406 -1.3781867790849958 4.8
      vertex 43.10926199633097 1.0395584540887968 4.8
      vertex 43.10926199633097 -1.0395584540887968 4.8
    endloop
  endfacet
  facet normal 0 0 1
    outer loop
      vertex 43.10926199633097 -1.0395584540887968 4.8
      vertex 43.048659656292145 0.6958655048003272 4.8
      vertex 43.048659656292145 -0.6958655048003272 4.8
    endloop
  endfacet
  facet normal 0 0 1
    outer loop
      vertex 43.048659656292145 -0.6958655048003272 4.8
      vertex 43.01217974870088 0.3487823687206265 4.8
      vertex 43.01217974870088 -0.3487823687206265 4.8
    endloop
  endfacet
  facet normal 0.5299192642332005 -0.8480480961564288 0
    outer loop
      vertex 50.5 -4.330127018922193 1.2
      vertex 50.79596451735374 -4.145187862775208 1.2
      vertex 50.79596451735374 -4.145187862775208 4.8
    endloop
  endfacet
  facet normal 0.5877852522924822 -0.8090169943749409 0
    outer loop
      vertex 50.79596451735374 -4.145187862775208 1.2
      vertex 51.07830737662829 -3.9400537680336094 1.2
      vertex 51.07830737662829 -3.9400537680336094 4.8
    endloop
  endfacet
  facet normal 0.6427876096865331 -0.7660444431189832 0
    outer loop
      vertex 51.07830737662829 -3.9400537680336094 1.2
      vertex 51.34565303179429 -3.715724127386971 1.2
      vertex 51.34565303179429 -3.715724127386971 4.8
    endloop
  endfacet
  facet normal 0.694658370459003 -0.7193398003386458 0
    outer loop
      vertex 51.34565303179429 -3.715724127386971 1.2
      vertex 51.59669900169325 -3.4732918522949863 1.2
      vertex 51.59669900169325 -3.4732918522949863 4.8
    endloop
  endfacet
  facet normal 0.743144825477395 -0.6691306063588573 0
    outer loop
      vertex 51.59669900169325 -3.4732918522949863 1.2
      vertex 51.83022221559489 -3.2139380484326963 1.2
      vertex 51.59669900169325 -3.4732918522949863 4.8
    endloop
  endfacet
  facet normal 0.7880107536067178 -0.6156614753256638 0
    outer loop
      vertex 51.83022221559489 -3.2139380484326963 1.2
      vertex 52.045084971874736 -2.938926261462366 1.2
      vertex 51.83022221559489 -3.2139380484326963 4.8
    endloop
  endfacet
  facet normal 0.8290375725550452 -0.5591929034707417 0
    outer loop
      vertex 52.045084971874736 -2.938926261462366 1.2
      vertex 52.24024048078213 -2.6495963211660243 1.2
      vertex 52.045084971874736 -2.938926261462366 4.8
    endloop
  endfacet
  facet normal 0.866025403784431 -0.5000000000000133 0
    outer loop
      vertex 52.24024048078213 -2.6495963211660243 1.2
      vertex 52.41473796429464 -2.347357813929454 1.2
      vertex 52.24024048078213 -2.6495963211660243 4.8
    endloop
  endfacet
  facet normal 0.5299192642332005 -0.8480480961564288 0
    outer loop
      vertex 50.5 -4.330127018922193 1.2
      vertex 50.79596451735374 -4.145187862775208 4.8
      vertex 50.5 -4.330127018922193 4.8
    endloop
  endfacet
  facet normal 0.5877852522924822 -0.8090169943749409 0
    outer loop
      vertex 50.79596451735374 -4.145187862775208 1.2
      vertex 51.07830737662829 -3.9400537680336094 4.8
      vertex 50.79596451735374 -4.145187862775208 4.8
    endloop
  endfacet
  facet normal 0.6427876096865331 -0.7660444431189832 0
    outer loop
      vertex 51.07830737662829 -3.9400537680336094 1.2
      vertex 51.34565303179429 -3.715724127386971 4.8
      vertex 51.07830737662829 -3.9400537680336094 4.8
    endloop
  endfacet
  facet normal 0.694658370459003 -0.7193398003386458 0
    outer loop
      vertex 51.34565303179429 -3.715724127386971 1.2
      vertex 51.59669900169325 -3.4732918522949863 4.8
      vertex 51.34565303179429 -3.715724127386971 4.8
    endloop
  endfacet
  facet normal 0.743144825477395 -0.6691306063588573 0
    outer loop
      vertex 51.83022221559489 -3.2139380484326963 1.2
      vertex 51.83022221559489 -3.2139380484326963 4.8
      vertex 51.59669900169325 -3.4732918522949863 4.8
    endloop
  endfacet
  facet normal 0.7880107536067178 -0.6156614753256638 0
    outer loop
      vertex 52.045084971874736 -2.938926261462366 1.2
      vertex 52.045084971874736 -2.938926261462366 4.8
      vertex 51.83022221559489 -3.2139380484326963 4.8
    endloop
  endfacet
  facet normal 0.8290375725550452 -0.5591929034707417 0
    outer loop
      vertex 52.24024048078213 -2.6495963211660243 1.2
      vertex 52.24024048078213 -2.6495963211660243 4.8
      vertex 52.045084971874736 -2.938926261462366 4.8
    endloop
  endfacet
  facet normal 0.8987940462991676 -0.4383711467890762 0
    outer loop
      vertex 52.41473796429464 -2.347357813929454 1.2
      vertex 52.56772728821301 -2.033683215379001 1.2
      vertex 52.41473796429464 -2.347357813929454 4.8
    endloop
  endfacet
  facet normal 0.9271838545667911 -0.374606593415903 0
    outer loop
      vertex 52.56772728821301 -2.033683215379001 1.2
      vertex 52.69846310392954 -1.7101007166283435 1.2
      vertex 52.56772728821301 -2.033683215379001 4.8
    endloop
  endfacet
  facet normal 0.9510565162951524 -0.3090169943749507 0
    outer loop
      vertex 52.69846310392954 -1.7101007166283435 1.2
      vertex 52.806308479691594 -1.3781867790849958 1.2
      vertex 52.69846310392954 -1.7101007166283435 4.8
    endloop
  endfacet
  facet normal 0.9702957262759963 -0.2419218955996681 0
    outer loop
      vertex 52.806308479691594 -1.3781867790849958 1.2
      vertex 52.89073800366903 -1.0395584540887968 1.2
      vertex 52.806308479691594 -1.3781867790849958 4.8
    endloop
  endfacet
  facet normal 0.9848077530122065 -0.1736481776669395 0
    outer loop
      vertex 52.89073800366903 -1.0395584540887968 1.2
      vertex 52.951340343707855 -0.6958655048003272 1.2
      vertex 52.89073800366903 -1.0395584540887968 4.8
    endloop
  endfacet
  facet normal 0.994521895368275 -0.10452846326763829 0
    outer loop
      vertex 52.951340343707855 -0.6958655048003272 1.2
      vertex 52.98782025129912 -0.3487823687206265 1.2
      vertex 52.951340343707855 -0.6958655048003272 4.8
    endloop
  endfacet
  facet normal 0.9993908270190954 -0.03489949670250613 0
    outer loop
      vertex 52.98782025129912 -0.3487823687206265 1.2
      vertex 53 0 1.2
      vertex 52.98782025129912 -0.3487823687206265 4.8
    endloop
  endfacet
  facet normal 0.866025403784431 -0.5000000000000133 0
    outer loop
      vertex 52.41473796429464 -2.347357813929454 1.2
      vertex 52.41473796429464 -2.347357813929454 4.8
      vertex 52.24024048078213 -2.6495963211660243 4.8
    endloop
  endfacet
  facet normal 0.8987940462991676 -0.4383711467890762 0
    outer loop
      vertex 52.56772728821301 -2.033683215379001 1.2
      vertex 52.56772728821301 -2.033683215379001 4.8
      vertex 52.41473796429464 -2.347357813929454 4.8
    endloop
  endfacet
  facet normal 0.9271838545667911 -0.374606593415903 0
    outer loop
      vertex 52.69846310392954 -1.7101007166283435 1.2
      vertex 52.69846310392954 -1.7101007166283435 4.8
      vertex 52.56772728821301 -2.033683215379001 4.8
    endloop
  endfacet
  facet normal 0.9510565162951524 -0.3090169943749507 0
    outer loop
      vertex 52.806308479691594 -1.3781867790849958 1.2
      vertex 52.806308479691594 -1.3781867790849958 4.8
      vertex 52.69846310392954 -1.7101007166283435 4.8
    endloop
  endfacet
  facet normal 0 0 1
    outer loop
      vertex 50.5 -4.330127018922193 4.8
      vertex 50.79596451735374 -4.145187862775208 4.8
      vertex 50.5 4.330127018922193 4.8
    endloop
  endfacet
  facet normal 0 0 1
    outer loop
      vertex 50.79596451735374 -4.145187862775208 4.8
      vertex 51.07830737662829 -3.9400537680336094 4.8
      vertex 50.79596451735374 4.145187862775208 4.8
    endloop
  endfacet
  facet normal 0.9702957262759963 -0.2419218955996681 0
    outer loop
      vertex 52.89073800366903 -1.0395584540887968 1.2
      vertex 52.89073800366903 -1.0395584540887968 4.8
      vertex 52.806308479691594 -1.3781867790849958 4.8
    endloop
  endfacet
  facet normal 0.9848077530122065 -0.1736481776669395 0
    outer loop
      vertex 52.951340343707855 -0.6958655048003272 1.2
      vertex 52.951340343707855 -0.6958655048003272 4.8
      vertex 52.89073800366903 -1.0395584540887968 4.8
    endloop
  endfacet
  facet normal 0.994521895368275 -0.10452846326763829 0
    outer loop
      vertex 52.98782025129912 -0.3487823687206265 1.2
      vertex 52.98782025129912 -0.3487823687206265 4.8
      vertex 52.951340343707855 -0.6958655048003272 4.8
    endloop
  endfacet
  facet normal 0.9993908270190954 -0.03489949670250613 0
    outer loop
      vertex 52.98782025129912 -0.3487823687206265 4.8
      vertex 53 0 1.2
      vertex 53 0 4.8
    endloop
  endfacet
  facet normal 0 0 1
    outer loop
      vertex 51.07830737662829 -3.9400537680336094 4.8
      vertex 51.34565303179429 -3.715724127386971 4.8
      vertex 51.07830737662829 3.9400537680336094 4.8
    endloop
  endfacet
  facet normal 0 0 1
    outer loop
      vertex 51.34565303179429 -3.715724127386971 4.8
      vertex 51.59669900169325 -3.4732918522949863 4.8
      vertex 51.34565303179429 3.715724127386971 4.8
    endloop
  endfacet
  facet normal 0 0 1
    outer loop
      vertex 51.59669900169325 -3.4732918522949863 4.8
      vertex 51.83022221559489 -3.2139380484326963 4.8
      vertex 51.59669900169325 3.4732918522949863 4.8
    endloop
  endfacet
  facet normal 0 0 1
    outer loop
      vertex 51.83022221559489 -3.2139380484326963 4.8
      vertex 52.045084971874736 -2.938926261462366 4.8
      vertex 51.83022221559489 3.2139380484326963 4.8
    endloop
  endfacet
  facet normal 0 0 1
    outer loop
      vertex 52.045084971874736 -2.938926261462366 4.8
      vertex 52.24024048078213 -2.6495963211660243 4.8
      vertex 52.045084971874736 2.938926261462366 4.8
    endloop
  endfacet
  facet normal 0 0 1
    outer loop
      vertex 52.24024048078213 -2.6495963211660243 4.8
      vertex 52.41473796429464 -2.347357813929454 4.8
      vertex 52.24024048078213 2.6495963211660243 4.8
    endloop
  endfacet
  facet normal 0 0 1
    outer loop
      vertex 52.41473796429464 -2.347357813929454 4.8
      vertex 52.56772728821301 -2.033683215379001 4.8
      vertex 52.41473796429464 2.347357813929454 4.8
    endloop
  endfacet
  facet normal 0 0 1
    outer loop
      vertex 52.56772728821301 -2.033683215379001 4.8
      vertex 52.69846310392954 -1.7101007166283435 4.8
      vertex 52.56772728821301 2.033683215379001 4.8
    endloop
  endfacet
  facet normal 0 0 1
    outer loop
      vertex 52.69846310392954 -1.7101007166283435 4.8
      vertex 52.806308479691594 -1.3781867790849958 4.8
      vertex 52.69846310392954 1.7101007166283435 4.8
    endloop
  endfacet
  facet normal 0 0 1
    outer loop
      vertex 52.806308479691594 -1.3781867790849958 4.8
      vertex 52.89073800366903 -1.0395584540887968 4.8
      vertex 52.806308479691594 1.3781867790849958 4.8
    endloop
  endfacet
  facet normal 0 0 1
    outer loop
      vertex 52.89073800366903 -1.0395584540887968 4.8
      vertex 52.951340343707855 -0.6958655048003272 4.8
      vertex 52.89073800366903 1.0395584540887968 4.8
    endloop
  endfacet
  facet normal 0 0 1
    outer loop
      vertex 52.951340343707855 -0.6958655048003272 4.8
      vertex 52.98782025129912 -0.3487823687206265 4.8
      vertex 52.951340343707855 0.6958655048003272 4.8
    endloop
  endfacet
  facet normal -0.9993908270190954 0.03489949670250613 0
    outer loop
      vertex 43 0 1.2
      vertex 43.01217974870088 0.3487823687206265 4.8
      vertex 43.01217974870088 0.3487823687206265 1.2
    endloop
  endfacet
  facet normal -0.994521895368275 0.10452846326763829 0
    outer loop
      vertex 43.01217974870088 0.3487823687206265 1.2
      vertex 43.048659656292145 0.6958655048003272 4.8
      vertex 43.048659656292145 0.6958655048003272 1.2
    endloop
  endfacet
  facet normal -0.9848077530122065 0.1736481776669395 0
    outer loop
      vertex 43.048659656292145 0.6958655048003272 1.2
      vertex 43.10926199633097 1.0395584540887968 4.8
      vertex 43.10926199633097 1.0395584540887968 1.2
    endloop
  endfacet
  facet normal -0.9702957262759963 0.2419218955996681 0
    outer loop
      vertex 43.10926199633097 1.0395584540887968 1.2
      vertex 43.193691520308406 1.3781867790849958 4.8
      vertex 43.193691520308406 1.3781867790849958 1.2
    endloop
  endfacet
  facet normal -0.9510565162951524 0.3090169943749507 0
    outer loop
      vertex 43.193691520308406 1.3781867790849958 1.2
      vertex 43.30153689607046 1.7101007166283435 4.8
      vertex 43.30153689607046 1.7101007166283435 1.2
    endloop
  endfacet
  facet normal -0.9271838545667911 0.374606593415903 0
    outer loop
      vertex 43.30153689607046 1.7101007166283435 1.2
      vertex 43.43227271178699 2.033683215379001 4.8
      vertex 43.43227271178699 2.033683215379001 1.2
    endloop
  endfacet
  facet normal -0.8987940462991676 0.4383711467890762 0
    outer loop
      vertex 43.43227271178699 2.033683215379001 1.2
      vertex 43.58526203570536 2.347357813929454 4.8
      vertex 43.58526203570536 2.347357813929454 1.2
    endloop
  endfacet
  facet normal -0.9993908270190954 0.03489949670250613 0
    outer loop
      vertex 43 0 1.2
      vertex 43 0 4.8
      vertex 43.01217974870088 0.3487823687206265 4.8
    endloop
  endfacet
  facet normal -0.994521895368275 0.10452846326763829 0
    outer loop
      vertex 43.01217974870088 0.3487823687206265 1.2
      vertex 43.01217974870088 0.3487823687206265 4.8
      vertex 43.048659656292145 0.6958655048003272 4.8
    endloop
  endfacet
  facet normal -0.9848077530122065 0.1736481776669395 0
    outer loop
      vertex 43.048659656292145 0.6958655048003272 1.2
      vertex 43.048659656292145 0.6958655048003272 4.8
      vertex 43.10926199633097 1.0395584540887968 4.8
    endloop
  endfacet
  facet normal -0.9702957262759963 0.2419218955996681 0
    outer loop
      vertex 43.10926199633097 1.0395584540887968 1.2
      vertex 43.10926199633097 1.0395584540887968 4.8
      vertex 43.193691520308406 1.3781867790849958 4.8
    endloop
  endfacet
  facet normal 0 0 1
    outer loop
      vertex 43.01217974870088 -0.3487823687206265 4.8
      vertex 43.01217974870088 0.3487823687206265 4.8
      vertex 43 0 4.8
    endloop
  endfacet
  facet normal 0 0 1
    outer loop
      vertex 43.048659656292145 -0.6958655048003272 4.8
      vertex 43.048659656292145 0.6958655048003272 4.8
      vertex 43.01217974870088 0.3487823687206265 4.8
    endloop
  endfacet
  facet normal 0 0 1
    outer loop
      vertex 43.10926199633097 -1.0395584540887968 4.8
      vertex 43.10926199633097 1.0395584540887968 4.8
      vertex 43.048659656292145 0.6958655048003272 4.8
    endloop
  endfacet
  facet normal 0 0 1
    outer loop
      vertex 43.193691520308406 -1.3781867790849958 4.8
      vertex 43.193691520308406 1.3781867790849958 4.8
      vertex 43.10926199633097 1.0395584540887968 4.8
    endloop
  endfacet
  facet normal 0 0 1
    outer loop
      vertex 43.30153689607046 -1.7101007166283435 4.8
      vertex 43.30153689607046 1.7101007166283435 4.8
      vertex 43.193691520308406 1.3781867790849958 4.8
    endloop
  endfacet
  facet normal 0 0 1
    outer loop
      vertex 43.43227271178699 -2.033683215379001 4.8
      vertex 43.43227271178699 2.033683215379001 4.8
      vertex 43.30153689607046 1.7101007166283435 4.8
    endloop
  endfacet
  facet normal 0 0 1
    outer loop
      vertex 43.58526203570536 -2.347357813929454 4.8
      vertex 43.58526203570536 2.347357813929454 4.8
      vertex 43.43227271178699 2.033683215379001 4.8
    endloop
  endfacet
  facet normal 0 0 1
    outer loop
      vertex 43.75975951921787 -2.6495963211660243 4.8
      vertex 43.75975951921787 2.6495963211660243 4.8
      vertex 43.58526203570536 2.347357813929454 4.8
    endloop
  endfacet
  facet normal 0 0 1
    outer loop
      vertex 43.954915028125264 -2.938926261462366 4.8
      vertex 43.954915028125264 2.938926261462366 4.8
      vertex 43.75975951921787 2.6495963211660243 4.8
    endloop
  endfacet
  facet normal 0 0 1
    outer loop
      vertex 44.16977778440511 -3.2139380484326963 4.8
      vertex 44.16977778440511 3.2139380484326963 4.8
      vertex 43.954915028125264 2.938926261462366 4.8
    endloop
  endfacet
  facet normal 0 0 1
    outer loop
      vertex 44.40330099830675 -3.4732918522949863 4.8
      vertex 44.40330099830675 3.4732918522949863 4.8
      vertex 44.16977778440511 3.2139380484326963 4.8
    endloop
  endfacet
  facet normal 0 0 1
    outer loop
      vertex 44.65434696820571 -3.715724127386971 4.8
      vertex 44.65434696820571 3.715724127386971 4.8
      vertex 44.40330099830675 3.4732918522949863 4.8
    endloop
  endfacet
  facet normal 0 0 1
    outer loop
      vertex 44.92169262337171 -3.9400537680336094 4.8
      vertex 44.92169262337171 3.9400537680336094 4.8
      vertex 44.65434696820571 3.715724127386971 4.8
    endloop
  endfacet
  facet normal -0.9510565162951524 0.3090169943749507 0
    outer loop
      vertex 43.193691520308406 1.3781867790849958 1.2
      vertex 43.193691520308406 1.3781867790849958 4.8
      vertex 43.30153689607046 1.7101007166283435 4.8
    endloop
  endfacet
  facet normal -0.9271838545667911 0.374606593415903 0
    outer loop
      vertex 43.30153689607046 1.7101007166283435 1.2
      vertex 43.30153689607046 1.7101007166283435 4.8
      vertex 43.43227271178699 2.033683215379001 4.8
    endloop
  endfacet
  facet normal -0.8987940462991676 0.4383711467890762 0
    outer loop
      vertex 43.43227271178699 2.033683215379001 1.2
      vertex 43.43227271178699 2.033683215379001 4.8
      vertex 43.58526203570536 2.347357813929454 4.8
    endloop
  endfacet
  facet normal -0.866025403784431 0.5000000000000133 0
    outer loop
      vertex 43.58526203570536 2.347357813929454 1.2
      vertex 43.58526203570536 2.347357813929454 4.8
      vertex 43.75975951921787 2.6495963211660243 4.8
    endloop
  endfacet
  facet normal 0 0 1
    outer loop
      vertex 45.20403548264626 -4.145187862775208 4.8
      vertex 45.20403548264626 4.145187862775208 4.8
      vertex 44.92169262337171 3.9400537680336094 4.8
    endloop
  endfacet
  facet normal 0 0 1
    outer loop
      vertex 45.5 -4.330127018922193 4.8
      vertex 45.5 4.330127018922193 4.8
      vertex 45.20403548264626 4.145187862775208 4.8
    endloop
  endfacet
  facet normal 0 0 1
    outer loop
      vertex 45.80814426605461 -4.493970231495835 4.8
      vertex 45.80814426605461 4.493970231495835 4.8
      vertex 45.5 4.330127018922193 4.8
    endloop
  endfacet
  facet normal 0 0 1
    outer loop
      vertex 46.12696703292044 -4.635919272833937 4.8
      vertex 46.12696703292044 4.635919272833937 4.8
      vertex 45.80814426605461 4.493970231495835 4.8
    endloop
  endfacet
  facet normal 0 0 1
    outer loop
      vertex 46.454915028125264 -4.755282581475767 4.8
      vertex 46.454915028125264 4.755282581475767 4.8
      vertex 46.12696703292044 4.635919272833937 4.8
    endloop
  endfacet
  facet normal 0 0 1
    outer loop
      vertex 46.79039052200166 -4.851478631379982 4.8
      vertex 46.79039052200166 4.851478631379982 4.8
      vertex 46.454915028125264 4.755282581475767 4.8
    endloop
  endfacet
  facet normal 0 0 1
    outer loop
      vertex 47.131759111665346 -4.92403876506104 4.8
      vertex 47.131759111665346 4.92403876506104 4.8
      vertex 46.79039052200166 4.851478631379982 4.8
    endloop
  endfacet
  facet normal 0 0 1
    outer loop
      vertex 47.47735768366173 -4.972609476841367 4.8
      vertex 47.47735768366173 4.972609476841367 4.8
      vertex 47.131759111665346 4.92403876506104 4.8
    endloop
  endfacet
  facet normal 0 0 1
    outer loop
      vertex 47.8255025164875 -4.9969541350954785 4.8
      vertex 47.8255025164875 4.9969541350954785 4.8
      vertex 47.47735768366173 4.972609476841367 4.8
    endloop
  endfacet
  facet normal 0 0 1
    outer loop
      vertex 47.8255025164875 4.9969541350954785 4.8
      vertex 48.1744974835125 -4.9969541350954785 4.8
      vertex 48.1744974835125 4.9969541350954785 4.8
    endloop
  endfacet
  facet normal 0 0 1
    outer loop
      vertex 50.19185573394539 -4.493970231495835 4.8
      vertex 50.19185573394539 4.493970231495835 4.8
      vertex 49.87303296707956 4.635919272833937 4.8
    endloop
  endfacet
  facet normal 0 0 1
    outer loop
      vertex 50.5 -4.330127018922193 4.8
      vertex 50.5 4.330127018922193 4.8
      vertex 50.19185573394539 4.493970231495835 4.8
    endloop
  endfacet
  facet normal 0 0 1
    outer loop
      vertex 48.52264231633827 -4.972609476841367 4.8
      vertex 48.52264231633827 4.972609476841367 4.8
      vertex 48.1744974835125 4.9969541350954785 4.8
    endloop
  endfacet
  facet normal 0 0 1
    outer loop
      vertex 48.868240888334654 -4.92403876506104 4.8
      vertex 48.868240888334654 4.92403876506104 4.8
      vertex 48.52264231633827 4.972609476841367 4.8
    endloop
  endfacet
  facet normal 0 0 1
    outer loop
      vertex 49.20960947799834 -4.851478631379982 4.8
      vertex 49.20960947799834 4.851478631379982 4.8
      vertex 48.868240888334654 4.92403876506104 4.8
    endloop
  endfacet
  facet normal 0 0 1
    outer loop
      vertex 49.545084971874736 -4.755282581475767 4.8
      vertex 49.545084971874736 4.755282581475767 4.8
      vertex 49.20960947799834 4.851478631379982 4.8
    endloop
  endfacet
  facet normal 0 0 1
    outer loop
      vertex 49.87303296707956 -4.635919272833937 4.8
      vertex 49.87303296707956 4.635919272833937 4.8
      vertex 49.545084971874736 4.755282581475767 4.8
    endloop
  endfacet
  facet normal -0.866025403784431 0.5000000000000133 0
    outer loop
      vertex 43.58526203570536 2.347357813929454 1.2
      vertex 43.75975951921787 2.6495963211660243 4.8
      vertex 43.75975951921787 2.6495963211660243 1.2
    endloop
  endfacet
  facet normal -0.8290375725550452 0.5591929034707417 0
    outer loop
      vertex 43.75975951921787 2.6495963211660243 1.2
      vertex 43.954915028125264 2.938926261462366 4.8
      vertex 43.954915028125264 2.938926261462366 1.2
    endloop
  endfacet
  facet normal -0.7880107536067178 0.6156614753256638 0
    outer loop
      vertex 43.954915028125264 2.938926261462366 1.2
      vertex 44.16977778440511 3.2139380484326963 4.8
      vertex 44.16977778440511 3.2139380484326963 1.2
    endloop
  endfacet
  facet normal -0.743144825477395 0.6691306063588573 0
    outer loop
      vertex 44.16977778440511 3.2139380484326963 1.2
      vertex 44.40330099830675 3.4732918522949863 4.8
      vertex 44.40330099830675 3.4732918522949863 1.2
    endloop
  endfacet
  facet normal -0.694658370459003 0.7193398003386458 0
    outer loop
      vertex 44.40330099830675 3.4732918522949863 1.2
      vertex 44.40330099830675 3.4732918522949863 4.8
      vertex 44.65434696820571 3.715724127386971 1.2
    endloop
  endfacet
  facet normal -0.6427876096865331 0.7660444431189832 0
    outer loop
      vertex 44.65434696820571 3.715724127386971 1.2
      vertex 44.65434696820571 3.715724127386971 4.8
      vertex 44.92169262337171 3.9400537680336094 1.2
    endloop
  endfacet
  facet normal -0.5877852522924822 0.8090169943749409 0
    outer loop
      vertex 44.92169262337171 3.9400537680336094 1.2
      vertex 44.92169262337171 3.9400537680336094 4.8
      vertex 45.20403548264626 4.145187862775208 1.2
    endloop
  endfacet
  facet normal -0.5299192642332005 0.8480480961564288 0
    outer loop
      vertex 45.20403548264626 4.145187862775208 1.2
      vertex 45.20403548264626 4.145187862775208 4.8
      vertex 45.5 4.330127018922193 1.2
    endloop
  endfacet
  facet normal -0.4694715627858933 0.8829475928589257 0
    outer loop
      vertex 45.5 4.330127018922193 1.2
      vertex 45.5 4.330127018922193 4.8
      vertex 45.80814426605461 4.493970231495835 1.2
    endloop
  endfacet
  facet normal -0.40673664307579876 0.9135454576426015 0
    outer loop
      vertex 45.80814426605461 4.493970231495835 1.2
      vertex 45.80814426605461 4.493970231495835 4.8
      vertex 46.12696703292044 4.635919272833937 1.2
    endloop
  endfacet
  facet normal -0.3420201433256667 0.9396926207859091 0
    outer loop
      vertex 46.12696703292044 4.635919272833937 1.2
      vertex 46.12696703292044 4.635919272833937 4.8
      vertex 46.454915028125264 4.755282581475767 1.2
    endloop
  endfacet
  facet normal -0.27563735581700327 0.9612616959383178 0
    outer loop
      vertex 46.454915028125264 4.755282581475767 1.2
      vertex 46.454915028125264 4.755282581475767 4.8
      vertex 46.79039052200166 4.851478631379982 1.2
    endloop
  endfacet
  facet normal -0.20791169081775765 0.9781476007338059 0
    outer loop
      vertex 46.79039052200166 4.851478631379982 1.2
      vertex 46.79039052200166 4.851478631379982 4.8
      vertex 47.131759111665346 4.92403876506104 1.2
    endloop
  endfacet
  facet normal -0.13917310096006727 0.9902680687415701 0
    outer loop
      vertex 47.131759111665346 4.92403876506104 1.2
      vertex 47.131759111665346 4.92403876506104 4.8
      vertex 47.47735768366173 4.972609476841367 1.2
    endloop
  endfacet
  facet normal -0.06975647374412394 0.9975640502598244 0
    outer loop
      vertex 47.47735768366173 4.972609476841367 1.2
      vertex 47.47735768366173 4.972609476841367 4.8
      vertex 47.8255025164875 4.9969541350954785 1.2
    endloop
  endfacet
  facet normal 0 1 0
    outer loop
      vertex 47.8255025164875 4.9969541350954785 1.2
      vertex 47.8255025164875 4.9969541350954785 4.8
      vertex 48.1744974835125 4.9969541350954785 1.2
    endloop
  endfacet
  facet normal 0.4694715627858933 0.8829475928589257 0
    outer loop
      vertex 50.19185573394539 4.493970231495835 1.2
      vertex 50.19185573394539 4.493970231495835 4.8
      vertex 50.5 4.330127018922193 1.2
    endloop
  endfacet
  facet normal 0.40673664307579876 0.9135454576426015 0
    outer loop
      vertex 49.87303296707956 4.635919272833937 1.2
      vertex 49.87303296707956 4.635919272833937 4.8
      vertex 50.19185573394539 4.493970231495835 1.2
    endloop
  endfacet
  facet normal 0.27563735581700327 0.9612616959383178 0
    outer loop
      vertex 49.20960947799834 4.851478631379982 1.2
      vertex 49.20960947799834 4.851478631379982 4.8
      vertex 49.545084971874736 4.755282581475767 1.2
    endloop
  endfacet
  facet normal 0.06975647374412394 0.9975640502598244 0
    outer loop
      vertex 48.1744974835125 4.9969541350954785 1.2
      vertex 48.1744974835125 4.9969541350954785 4.8
      vertex 48.52264231633827 4.972609476841367 1.2
    endloop
  endfacet
  facet normal 0.13917310096006727 0.9902680687415701 0
    outer loop
      vertex 48.52264231633827 4.972609476841367 1.2
      vertex 48.52264231633827 4.972609476841367 4.8
      vertex 48.868240888334654 4.92403876506104 1.2
    endloop
  endfacet
  facet normal 0.20791169081775765 0.9781476007338059 0
    outer loop
      vertex 48.868240888334654 4.92403876506104 1.2
      vertex 48.868240888334654 4.92403876506104 4.8
      vertex 49.20960947799834 4.851478631379982 1.2
    endloop
  endfacet
  facet normal 0.3420201433256667 0.9396926207859091 0
    outer loop
      vertex 49.545084971874736 4.755282581475767 1.2
      vertex 49.545084971874736 4.755282581475767 4.8
      vertex 49.87303296707956 4.635919272833937 1.2
    endloop
  endfacet
  facet normal -0.8290375725550452 0.5591929034707417 0
    outer loop
      vertex 43.75975951921787 2.6495963211660243 1.2
      vertex 43.75975951921787 2.6495963211660243 4.8
      vertex 43.954915028125264 2.938926261462366 4.8
    endloop
  endfacet
  facet normal -0.7880107536067178 0.6156614753256638 0
    outer loop
      vertex 43.954915028125264 2.938926261462366 1.2
      vertex 43.954915028125264 2.938926261462366 4.8
      vertex 44.16977778440511 3.2139380484326963 4.8
    endloop
  endfacet
  facet normal -0.743144825477395 0.6691306063588573 0
    outer loop
      vertex 44.16977778440511 3.2139380484326963 1.2
      vertex 44.16977778440511 3.2139380484326963 4.8
      vertex 44.40330099830675 3.4732918522949863 4.8
    endloop
  endfacet
  facet normal -0.694658370459003 0.7193398003386458 0
    outer loop
      vertex 44.65434696820571 3.715724127386971 1.2
      vertex 44.40330099830675 3.4732918522949863 4.8
      vertex 44.65434696820571 3.715724127386971 4.8
    endloop
  endfacet
  facet normal -0.6427876096865331 0.7660444431189832 0
    outer loop
      vertex 44.92169262337171 3.9400537680336094 1.2
      vertex 44.65434696820571 3.715724127386971 4.8
      vertex 44.92169262337171 3.9400537680336094 4.8
    endloop
  endfacet
  facet normal -0.5877852522924822 0.8090169943749409 0
    outer loop
      vertex 45.20403548264626 4.145187862775208 1.2
      vertex 44.92169262337171 3.9400537680336094 4.8
      vertex 45.20403548264626 4.145187862775208 4.8
    endloop
  endfacet
  facet normal -0.5299192642332005 0.8480480961564288 0
    outer loop
      vertex 45.5 4.330127018922193 1.2
      vertex 45.20403548264626 4.145187862775208 4.8
      vertex 45.5 4.330127018922193 4.8
    endloop
  endfacet
  facet normal -0.4694715627858933 0.8829475928589257 0
    outer loop
      vertex 45.80814426605461 4.493970231495835 1.2
      vertex 45.5 4.330127018922193 4.8
      vertex 45.80814426605461 4.493970231495835 4.8
    endloop
  endfacet
  facet normal -0.40673664307579876 0.9135454576426015 0
    outer loop
      vertex 46.12696703292044 4.635919272833937 1.2
      vertex 45.80814426605461 4.493970231495835 4.8
      vertex 46.12696703292044 4.635919272833937 4.8
    endloop
  endfacet
  facet normal -0.3420201433256667 0.9396926207859091 0
    outer loop
      vertex 46.454915028125264 4.755282581475767 1.2
      vertex 46.12696703292044 4.635919272833937 4.8
      vertex 46.454915028125264 4.755282581475767 4.8
    endloop
  endfacet
  facet normal -0.27563735581700327 0.9612616959383178 0
    outer loop
      vertex 46.79039052200166 4.851478631379982 1.2
      vertex 46.454915028125264 4.755282581475767 4.8
      vertex 46.79039052200166 4.851478631379982 4.8
    endloop
  endfacet
  facet normal -0.20791169081775765 0.9781476007338059 0
    outer loop
      vertex 47.131759111665346 4.92403876506104 1.2
      vertex 46.79039052200166 4.851478631379982 4.8
      vertex 47.131759111665346 4.92403876506104 4.8
    endloop
  endfacet
  facet normal -0.13917310096006727 0.9902680687415701 0
    outer loop
      vertex 47.47735768366173 4.972609476841367 1.2
      vertex 47.131759111665346 4.92403876506104 4.8
      vertex 47.47735768366173 4.972609476841367 4.8
    endloop
  endfacet
  facet normal -0.06975647374412394 0.9975640502598244 0
    outer loop
      vertex 47.8255025164875 4.9969541350954785 1.2
      vertex 47.47735768366173 4.972609476841367 4.8
      vertex 47.8255025164875 4.9969541350954785 4.8
    endloop
  endfacet
  facet normal 0 1 0
    outer loop
      vertex 47.8255025164875 4.9969541350954785 4.8
      vertex 48.1744974835125 4.9969541350954785 4.8
      vertex 48.1744974835125 4.9969541350954785 1.2
    endloop
  endfacet
  facet normal 0.4694715627858933 0.8829475928589257 0
    outer loop
      vertex 50.5 4.330127018922193 1.2
      vertex 50.19185573394539 4.493970231495835 4.8
      vertex 50.5 4.330127018922193 4.8
    endloop
  endfacet
  facet normal 0.3420201433256667 0.9396926207859091 0
    outer loop
      vertex 49.87303296707956 4.635919272833937 1.2
      vertex 49.545084971874736 4.755282581475767 4.8
      vertex 49.87303296707956 4.635919272833937 4.8
    endloop
  endfacet
  facet normal 0.40673664307579876 0.9135454576426015 0
    outer loop
      vertex 50.19185573394539 4.493970231495835 1.2
      vertex 49.87303296707956 4.635919272833937 4.8
      vertex 50.19185573394539 4.493970231495835 4.8
    endloop
  endfacet
  facet normal 0.06975647374412394 0.9975640502598244 0
    outer loop
      vertex 48.52264231633827 4.972609476841367 1.2
      vertex 48.1744974835125 4.9969541350954785 4.8
      vertex 48.52264231633827 4.972609476841367 4.8
    endloop
  endfacet
  facet normal 0.13917310096006727 0.9902680687415701 0
    outer loop
      vertex 48.868240888334654 4.92403876506104 1.2
      vertex 48.52264231633827 4.972609476841367 4.8
      vertex 48.868240888334654 4.92403876506104 4.8
    endloop
  endfacet
  facet normal 0.20791169081775765 0.9781476007338059 0
    outer loop
      vertex 49.20960947799834 4.851478631379982 1.2
      vertex 48.868240888334654 4.92403876506104 4.8
      vertex 49.20960947799834 4.851478631379982 4.8
    endloop
  endfacet
  facet normal 0.27563735581700327 0.9612616959383178 0
    outer loop
      vertex 49.545084971874736 4.755282581475767 1.2
      vertex 49.20960947799834 4.851478631379982 4.8
      vertex 49.545084971874736 4.755282581475767 4.8
    endloop
  endfacet
  facet normal 0.9993908270190954 0.03489949670250613 0
    outer loop
      vertex 53 0 1.2
      vertex 52.98782025129912 0.3487823687206265 1.2
      vertex 53 0 4.8
    endloop
  endfacet
  facet normal 0.994521895368275 0.10452846326763829 0
    outer loop
      vertex 52.98782025129912 0.3487823687206265 1.2
      vertex 52.951340343707855 0.6958655048003272 1.2
      vertex 52.98782025129912 0.3487823687206265 4.8
    endloop
  endfacet
  facet normal 0.9848077530122065 0.1736481776669395 0
    outer loop
      vertex 52.951340343707855 0.6958655048003272 1.2
      vertex 52.89073800366903 1.0395584540887968 1.2
      vertex 52.951340343707855 0.6958655048003272 4.8
    endloop
  endfacet
  facet normal 0.9702957262759963 0.2419218955996681 0
    outer loop
      vertex 52.89073800366903 1.0395584540887968 1.2
      vertex 52.806308479691594 1.3781867790849958 1.2
      vertex 52.89073800366903 1.0395584540887968 4.8
    endloop
  endfacet
  facet normal 0.9510565162951524 0.3090169943749507 0
    outer loop
      vertex 52.806308479691594 1.3781867790849958 1.2
      vertex 52.69846310392954 1.7101007166283435 1.2
      vertex 52.806308479691594 1.3781867790849958 4.8
    endloop
  endfacet
  facet normal 0.9271838545667911 0.374606593415903 0
    outer loop
      vertex 52.69846310392954 1.7101007166283435 1.2
      vertex 52.56772728821301 2.033683215379001 1.2
      vertex 52.69846310392954 1.7101007166283435 4.8
    endloop
  endfacet
  facet normal 0.8987940462991676 0.4383711467890762 0
    outer loop
      vertex 52.56772728821301 2.033683215379001 1.2
      vertex 52.41473796429464 2.347357813929454 1.2
      vertex 52.56772728821301 2.033683215379001 4.8
    endloop
  endfacet
  facet normal 0.866025403784431 0.5000000000000133 0
    outer loop
      vertex 52.41473796429464 2.347357813929454 1.2
      vertex 52.24024048078213 2.6495963211660243 1.2
      vertex 52.41473796429464 2.347357813929454 4.8
    endloop
  endfacet
  facet normal 0.9993908270190954 0.03489949670250613 0
    outer loop
      vertex 52.98782025129912 0.3487823687206265 1.2
      vertex 52.98782025129912 0.3487823687206265 4.8
      vertex 53 0 4.8
    endloop
  endfacet
  facet normal 0.994521895368275 0.10452846326763829 0
    outer loop
      vertex 52.951340343707855 0.6958655048003272 1.2
      vertex 52.951340343707855 0.6958655048003272 4.8
      vertex 52.98782025129912 0.3487823687206265 4.8
    endloop
  endfacet
  facet normal 0.9848077530122065 0.1736481776669395 0
    outer loop
      vertex 52.89073800366903 1.0395584540887968 1.2
      vertex 52.89073800366903 1.0395584540887968 4.8
      vertex 52.951340343707855 0.6958655048003272 4.8
    endloop
  endfacet
  facet normal 0 0 1
    outer loop
      vertex 52.806308479691594 -1.3781867790849958 4.8
      vertex 52.806308479691594 1.3781867790849958 4.8
      vertex 52.69846310392954 1.7101007166283435 4.8
    endloop
  endfacet
  facet normal 0 0 1
    outer loop
      vertex 52.98782025129912 -0.3487823687206265 4.8
      vertex 53 0 4.8
      vertex 52.98782025129912 0.3487823687206265 4.8
    endloop
  endfacet
  facet normal 0 0 1
    outer loop
      vertex 52.98782025129912 -0.3487823687206265 4.8
      vertex 52.98782025129912 0.3487823687206265 4.8
      vertex 52.951340343707855 0.6958655048003272 4.8
    endloop
  endfacet
  facet normal 0 0 1
    outer loop
      vertex 52.951340343707855 -0.6958655048003272 4.8
      vertex 52.951340343707855 0.6958655048003272 4.8
      vertex 52.89073800366903 1.0395584540887968 4.8
    endloop
  endfacet
  facet normal 0 0 1
    outer loop
      vertex 52.89073800366903 -1.0395584540887968 4.8
      vertex 52.89073800366903 1.0395584540887968 4.8
      vertex 52.806308479691594 1.3781867790849958 4.8
    endloop
  endfacet
  facet normal 0 0 1
    outer loop
      vertex 52.69846310392954 -1.7101007166283435 4.8
      vertex 52.69846310392954 1.7101007166283435 4.8
      vertex 52.56772728821301 2.033683215379001 4.8
    endloop
  endfacet
  facet normal 0 0 1
    outer loop
      vertex 52.56772728821301 -2.033683215379001 4.8
      vertex 52.56772728821301 2.033683215379001 4.8
      vertex 52.41473796429464 2.347357813929454 4.8
    endloop
  endfacet
  facet normal 0 0 1
    outer loop
      vertex 52.41473796429464 -2.347357813929454 4.8
      vertex 52.41473796429464 2.347357813929454 4.8
      vertex 52.24024048078213 2.6495963211660243 4.8
    endloop
  endfacet
  facet normal 0 0 1
    outer loop
      vertex 51.59669900169325 -3.4732918522949863 4.8
      vertex 51.59669900169325 3.4732918522949863 4.8
      vertex 51.34565303179429 3.715724127386971 4.8
    endloop
  endfacet
  facet normal 0 0 1
    outer loop
      vertex 52.24024048078213 -2.6495963211660243 4.8
      vertex 52.24024048078213 2.6495963211660243 4.8
      vertex 52.045084971874736 2.938926261462366 4.8
    endloop
  endfacet
  facet normal 0 0 1
    outer loop
      vertex 52.045084971874736 -2.938926261462366 4.8
      vertex 52.045084971874736 2.938926261462366 4.8
      vertex 51.83022221559489 3.2139380484326963 4.8
    endloop
  endfacet
  facet normal 0 0 1
    outer loop
      vertex 51.83022221559489 -3.2139380484326963 4.8
      vertex 51.83022221559489 3.2139380484326963 4.8
      vertex 51.59669900169325 3.4732918522949863 4.8
    endloop
  endfacet
  facet normal 0.9510565162951524 0.3090169943749507 0
    outer loop
      vertex 52.69846310392954 1.7101007166283435 1.2
      vertex 52.69846310392954 1.7101007166283435 4.8
      vertex 52.806308479691594 1.3781867790849958 4.8
    endloop
  endfacet
  facet normal 0.9702957262759963 0.2419218955996681 0
    outer loop
      vertex 52.806308479691594 1.3781867790849958 1.2
      vertex 52.806308479691594 1.3781867790849958 4.8
      vertex 52.89073800366903 1.0395584540887968 4.8
    endloop
  endfacet
  facet normal 0.9271838545667911 0.374606593415903 0
    outer loop
      vertex 52.56772728821301 2.033683215379001 1.2
      vertex 52.56772728821301 2.033683215379001 4.8
      vertex 52.69846310392954 1.7101007166283435 4.8
    endloop
  endfacet
  facet normal 0.8987940462991676 0.4383711467890762 0
    outer loop
      vertex 52.41473796429464 2.347357813929454 1.2
      vertex 52.41473796429464 2.347357813929454 4.8
      vertex 52.56772728821301 2.033683215379001 4.8
    endloop
  endfacet
  facet normal 0 0 1
    outer loop
      vertex 51.07830737662829 -3.9400537680336094 4.8
      vertex 51.07830737662829 3.9400537680336094 4.8
      vertex 50.79596451735374 4.145187862775208 4.8
    endloop
  endfacet
  facet normal 0 0 1
    outer loop
      vertex 51.34565303179429 -3.715724127386971 4.8
      vertex 51.34565303179429 3.715724127386971 4.8
      vertex 51.07830737662829 3.9400537680336094 4.8
    endloop
  endfacet
  facet normal 0 0 1
    outer loop
      vertex 50.79596451735374 -4.145187862775208 4.8
      vertex 50.79596451735374 4.145187862775208 4.8
      vertex 50.5 4.330127018922193 4.8
    endloop
  endfacet
  facet normal 0.8290375725550452 0.5591929034707417 0
    outer loop
      vertex 52.045084971874736 2.938926261462366 1.2
      vertex 52.24024048078213 2.6495963211660243 4.8
      vertex 52.24024048078213 2.6495963211660243 1.2
    endloop
  endfacet
  facet normal 0.7880107536067178 0.6156614753256638 0
    outer loop
      vertex 52.045084971874736 2.938926261462366 1.2
      vertex 51.83022221559489 3.2139380484326963 1.2
      vertex 52.045084971874736 2.938926261462366 4.8
    endloop
  endfacet
  facet normal 0.743144825477395 0.6691306063588573 0
    outer loop
      vertex 51.59669900169325 3.4732918522949863 1.2
      vertex 51.83022221559489 3.2139380484326963 4.8
      vertex 51.83022221559489 3.2139380484326963 1.2
    endloop
  endfacet
  facet normal 0.694658370459003 0.7193398003386458 0
    outer loop
      vertex 51.34565303179429 3.715724127386971 1.2
      vertex 51.34565303179429 3.715724127386971 4.8
      vertex 51.59669900169325 3.4732918522949863 1.2
    endloop
  endfacet
  facet normal 0.6427876096865331 0.7660444431189832 0
    outer loop
      vertex 51.34565303179429 3.715724127386971 1.2
      vertex 51.07830737662829 3.9400537680336094 1.2
      vertex 51.07830737662829 3.9400537680336094 4.8
    endloop
  endfacet
  facet normal 0.5877852522924822 0.8090169943749409 0
    outer loop
      vertex 50.79596451735374 4.145187862775208 1.2
      vertex 50.79596451735374 4.145187862775208 4.8
      vertex 51.07830737662829 3.9400537680336094 1.2
    endloop
  endfacet
  facet normal 0.5299192642332005 0.8480480961564288 0
    outer loop
      vertex 50.5 4.330127018922193 1.2
      vertex 50.5 4.330127018922193 4.8
      vertex 50.79596451735374 4.145187862775208 1.2
    endloop
  endfacet
  facet normal 0.866025403784431 0.5000000000000133 0
    outer loop
      vertex 52.24024048078213 2.6495963211660243 1.2
      vertex 52.24024048078213 2.6495963211660243 4.8
      vertex 52.41473796429464 2.347357813929454 4.8
    endloop
  endfacet
  facet normal 0.8290375725550452 0.5591929034707417 0
    outer loop
      vertex 52.045084971874736 2.938926261462366 1.2
      vertex 52.045084971874736 2.938926261462366 4.8
      vertex 52.24024048078213 2.6495963211660243 4.8
    endloop
  endfacet
  facet normal 0.7880107536067178 0.6156614753256638 0
    outer loop
      vertex 51.83022221559489 3.2139380484326963 1.2
      vertex 51.83022221559489 3.2139380484326963 4.8
      vertex 52.045084971874736 2.938926261462366 4.8
    endloop
  endfacet
  facet normal 0.743144825477395 0.6691306063588573 0
    outer loop
      vertex 51.59669900169325 3.4732918522949863 1.2
      vertex 51.59669900169325 3.4732918522949863 4.8
      vertex 51.83022221559489 3.2139380484326963 4.8
    endloop
  endfacet
  facet normal 0.694658370459003 0.7193398003386458 0
    outer loop
      vertex 51.59669900169325 3.4732918522949863 1.2
      vertex 51.34565303179429 3.715724127386971 4.8
      vertex 51.59669900169325 3.4732918522949863 4.8
    endloop
  endfacet
  facet normal 0.6427876096865331 0.7660444431189832 0
    outer loop
      vertex 51.34565303179429 3.715724127386971 1.2
      vertex 51.07830737662829 3.9400537680336094 4.8
      vertex 51.34565303179429 3.715724127386971 4.8
    endloop
  endfacet
  facet normal 0.5877852522924822 0.8090169943749409 0
    outer loop
      vertex 51.07830737662829 3.9400537680336094 1.2
      vertex 50.79596451735374 4.145187862775208 4.8
      vertex 51.07830737662829 3.9400537680336094 4.8
    endloop
  endfacet
  facet normal 0.5299192642332005 0.8480480961564288 0
    outer loop
      vertex 50.79596451735374 4.145187862775208 1.2
      vertex 50.5 4.330127018922193 4.8
      vertex 50.79596451735374 4.145187862775208 4.8
    endloop
  endfacet
  facet normal 0 0 1
    outer loop
      vertex 45.85255450412024 -2.2357275867658255 2
      vertex 45.85255450412024 2.2357275867658255 2
      vertex 45.67961668066959 -2.0556802405464656 2
    endloop
  endfacet
  facet normal 0 0 1
    outer loop
      vertex 45.37991073481424 -1.6568440609961839 2
      vertex 45.52172743344914 -1.8623010191377352 2
      vertex 45.52172743344914 1.8623010191377352 2
    endloop
  endfacet
  facet normal 0 0 1
    outer loop
      vertex 45.52172743344914 -1.8623010191377352 2
      vertex 45.67961668066959 -2.0556802405464656 2
      vertex 45.67961668066959 2.0556802405464656 2
    endloop
  endfacet
  facet normal 0 0 1
    outer loop
      vertex 45.37991073481424 -1.6568440609961839 2
      vertex 45.37991073481424 1.6568440609961839 2
      vertex 45.25508632047505 -1.4406418333356819 2
    endloop
  endfacet
  facet normal 0 0 1
    outer loop
      vertex 45.25508632047505 -1.4406418333356819 2
      vertex 45.25508632047505 1.4406418333356819 2
      vertex 45.148063724657646 -1.2150964905662323 2
    endloop
  endfacet
  facet normal 0 0 1
    outer loop
      vertex 45.148063724657646 -1.2150964905662323 2
      vertex 45.148063724657646 1.2150964905662323 2
      vertex 45.05953702996385 -0.9816707807845644 2
    endloop
  endfacet
  facet normal 0 0 1
    outer loop
      vertex 45.05953702996385 -0.9816707807845644 2
      vertex 45.05953702996385 0.9816707807845644 2
      vertex 44.99008036597924 -0.7418785592914287 2
    endloop
  endfacet
  facet normal 0 0 1
    outer loop
      vertex 44.99008036597924 -0.7418785592914287 2
      vertex 44.99008036597924 0.7418785592914287 2
      vertex 44.94014418582247 -0.49727497065905657 2
    endloop
  endfacet
  facet normal 0 0 1
    outer loop
      vertex 44.94014418582247 -0.49727497065905657 2
      vertex 44.94014418582247 0.49727497065905657 2
      vertex 44.91005234478395 -0.24944636302185014 2
    endloop
  endfacet
  facet normal 0 0 1
    outer loop
      vertex 47.137525861859 -2.977606146057254 2
      vertex 47.37992034929426 -3.03735102133103 2
      vertex 47.37992034929426 3.03735102133103 2
    endloop
  endfacet
  facet normal 0 0 1
    outer loop
      vertex 46.90072485016814 -2.898550352324786 2
      vertex 47.137525861859 -2.977606146057254 2
      vertex 47.137525861859 2.977606146057254 2
    endloop
  endfacet
  facet normal 0 0 1
    outer loop
      vertex 47.37992034929426 -3.03735102133103 2
      vertex 47.6263362912085 -3.077397509703968 2
      vertex 47.626336291208496 3.0773975097039674 2
    endloop
  endfacet
  facet normal 0 0 1
    outer loop
      vertex 47.6263362912085 -3.077397509703968 2
      vertex 47.87517558566081 -3.0974858943318657 2
      vertex 47.87517558566081 3.0974858943318657 2
    endloop
  endfacet
  facet normal 0 0 1
    outer loop
      vertex 47.87517558566081 -3.0974858943318657 2
      vertex 48.12482441433919 -3.0974858943318657 2
      vertex 48.12482441433919 3.0974858943318657 2
    endloop
  endfacet
  facet normal 0 0 1
    outer loop
      vertex 46.23899928513342 -2.551249984270335 2
      vertex 46.45 -2.68467875173176 2
      vertex 46.45 2.68467875173176 2
    endloop
  endfacet
  facet normal 0 0 1
    outer loop
      vertex 46.03941933565433 -2.4012753816657297 2
      vertex 46.23899928513342 -2.551249984270335 2
      vertex 46.23899928513342 2.551249984270335 2
    endloop
  endfacet
  facet normal 0 0 1
    outer loop
      vertex 46.67105305965053 -2.800696347292185 2
      vertex 46.67105305965053 2.800696347292185 2
      vertex 46.45 -2.68467875173176 2
    endloop
  endfacet
  facet normal 0 0 1
    outer loop
      vertex 46.67105305965053 -2.800696347292185 2
      vertex 46.90072485016814 -2.898550352324786 2
      vertex 46.90072485016814 2.898550352324786 2
    endloop
  endfacet
  facet normal 0 0 1
    outer loop
      vertex 46.03941933565433 -2.4012753816657297 2
      vertex 46.03941933565433 2.4012753816657297 2
      vertex 45.85255450412024 -2.2357275867658255 2
    endloop
  endfacet
  facet normal 0 0 1
    outer loop
      vertex 48.12482441433919 -3.0974858943318657 2
      vertex 48.3736637087915 -3.077397509703968 2
      vertex 48.373663708791504 3.0773975097039674 2
    endloop
  endfacet
  facet normal 0 0 1
    outer loop
      vertex 48.3736637087915 -3.077397509703968 2
      vertex 48.62007965070574 -3.03735102133103 2
      vertex 48.62007965070574 3.03735102133103 2
    endloop
  endfacet
  facet normal 0 0 1
    outer loop
      vertex 48.62007965070574 -3.03735102133103 2
      vertex 48.862474138141 -2.977606146057255 2
      vertex 48.862474138141 2.977606146057254 2
    endloop
  endfacet
  facet normal 0 0 1
    outer loop
      vertex 48.862474138141 -2.977606146057255 2
      vertex 49.09927514983186 -2.898550352324786 2
      vertex 49.09927514983186 2.898550352324786 2
    endloop
  endfacet
  facet normal 0 0 1
    outer loop
      vertex 49.09927514983186 -2.898550352324786 2
      vertex 49.32894694034947 -2.8006963472921855 2
      vertex 49.32894694034947 2.800696347292185 2
    endloop
  endfacet
  facet normal 0 0 1
    outer loop
      vertex 49.32894694034947 -2.8006963472921855 2
      vertex 49.55 -2.68467875173176 2
      vertex 49.55 2.68467875173176 2
    endloop
  endfacet
  facet normal 0 0 1
    outer loop
      vertex 49.55 -2.68467875173176 2
      vertex 49.76100071486658 -2.551249984270334 2
      vertex 49.76100071486658 2.551249984270335 2
    endloop
  endfacet
  facet normal 0 0 1
    outer loop
      vertex 49.76100071486658 -2.551249984270334 2
      vertex 49.96058066434567 -2.4012753816657297 2
      vertex 49.96058066434567 2.4012753816657293 2
    endloop
  endfacet
  facet normal 0 0 1
    outer loop
      vertex 49.96058066434567 -2.4012753816657297 2
      vertex 50.14744549587976 -2.235727586765824 2
      vertex 50.14744549587976 2.235727586765825 2
    endloop
  endfacet
  facet normal 0 0 1
    outer loop
      vertex 50.14744549587976 -2.235727586765824 2
      vertex 50.32038331933041 -2.0556802405464656 2
      vertex 50.32038331933041 2.055680240546465 2
    endloop
  endfacet
  facet normal 0 0 1
    outer loop
      vertex 50.32038331933041 -2.0556802405464656 2
      vertex 50.47827256655086 -1.862301019137734 2
      vertex 50.47827256655086 1.8623010191377345 2
    endloop
  endfacet
  facet normal 0 0 1
    outer loop
      vertex 50.47827256655086 -1.862301019137734 2
      vertex 50.62008926518576 -1.6568440609961839 2
      vertex 50.62008926518576 1.6568440609961832 2
    endloop
  endfacet
  facet normal 0 0 1
    outer loop
      vertex 50.62008926518576 -1.6568440609961839 2
      vertex 50.74491367952495 -1.4406418333356819 2
      vertex 50.74491367952495 1.4406418333356825 2
    endloop
  endfacet
  facet normal 0 0 1
    outer loop
      vertex 50.74491367952495 -1.4406418333356819 2
      vertex 50.851936275342354 -1.2150964905662336 2
      vertex 50.851936275342354 1.2150964905662327 2
    endloop
  endfacet
  facet normal 0 0 1
    outer loop
      vertex 50.851936275342354 -1.2150964905662336 2
      vertex 50.94046297003615 -0.9816707807845644 2
      vertex 50.94046297003615 0.9816707807845647 2
    endloop
  endfacet
  facet normal 0 0 1
    outer loop
      vertex 50.94046297003615 -0.9816707807845644 2
      vertex 51.00991963402076 -0.7418785592914302 2
      vertex 51.00991963402076 0.7418785592914291 2
    endloop
  endfacet
  facet normal 0 0 1
    outer loop
      vertex 51.00991963402076 -0.7418785592914302 2
      vertex 51.05985581417753 -0.49727497065905657 2
      vertex 51.05985581417753 0.49727497065905674 2
    endloop
  endfacet
  facet normal 0 0 1
    outer loop
      vertex 51.05985581417753 -0.49727497065905657 2
      vertex 51.08994765521605 -0.24944636302185164 2
      vertex 51.08994765521605 0.24944636302185022 2
    endloop
  endfacet
  facet normal 0 0 1
    outer loop
      vertex 51.08994765521605 -0.24944636302185164 2
      vertex 51.1 0 2
      vertex 51.08994765521605 0.24944636302185022 2
    endloop
  endfacet
  facet normal 0.39196660986007625 0.9199794436588237 0
    outer loop
      vertex 46.67105305965053 -2.800696347292185 2
      vertex 46.90072485016814 -2.898550352324786 4.2
      vertex 46.90072485016814 -2.898550352324786 2
    endloop
  endfacet
  facet normal 0.1604112808577573 0.9870502626379133 0
    outer loop
      vertex 47.37992034929426 -3.03735102133103 2
      vertex 47.6263362912085 -3.077397509703968 4.2
      vertex 47.6263362912085 -3.077397509703968 2
    endloop
  endfacet
  facet normal 0.23931566428756085 0.9709418174260511 0
    outer loop
      vertex 47.137525861859 -2.977606146057254 2
      vertex 47.37992034929426 -3.03735102133103 4.2
      vertex 47.37992034929426 -3.03735102133103 2
    endloop
  endfacet
  facet normal 0.08046656871672482 0.99675730813421 0
    outer loop
      vertex 47.6263362912085 -3.077397509703968 2
      vertex 47.87517558566081 -3.0974858943318657 4.2
      vertex 47.87517558566081 -3.0974858943318657 2
    endloop
  endfacet
  facet normal 0 1 0
    outer loop
      vertex 47.87517558566081 -3.0974858943318657 2
      vertex 48.12482441433919 -3.0974858943318657 4.2
      vertex 48.12482441433919 -3.0974858943318657 2
    endloop
  endfacet
  facet normal 0.3166679938014714 0.9485364419471459 0
    outer loop
      vertex 46.90072485016814 -2.898550352324786 2
      vertex 47.137525861859 -2.977606146057254 4.2
      vertex 47.137525861859 -2.977606146057254 2
    endloop
  endfacet
  facet normal 0.46472317204377295 0.8854560256532076 0
    outer loop
      vertex 46.67105305965053 -2.800696347292185 2
      vertex 46.45 -2.68467875173176 2
      vertex 46.67105305965053 -2.800696347292185 4.2
    endloop
  endfacet
  facet normal 0.5344658261277959 0.8451900855437979 0
    outer loop
      vertex 46.23899928513342 -2.551249984270335 2
      vertex 46.45 -2.68467875173176 4.2
      vertex 46.45 -2.68467875173176 2
    endloop
  endfacet
  facet normal 0.600742264237976 0.7994427634035032 0
    outer loop
      vertex 46.03941933565433 -2.4012753816657297 2
      vertex 46.23899928513342 -2.551249984270335 4.2
      vertex 46.23899928513342 -2.551249984270335 2
    endloop
  endfacet
  facet normal -0.08046656871672482 0.99675730813421 0
    outer loop
      vertex 48.12482441433919 -3.0974858943318657 2
      vertex 48.3736637087915 -3.077397509703968 4.2
      vertex 48.3736637087915 -3.077397509703968 2
    endloop
  endfacet
  facet normal -0.1604112808577573 0.9870502626379133 0
    outer loop
      vertex 48.3736637087915 -3.077397509703968 2
      vertex 48.62007965070574 -3.03735102133103 4.2
      vertex 48.62007965070574 -3.03735102133103 2
    endloop
  endfacet
  facet normal -0.23931566428755746 0.9709418174260519 0
    outer loop
      vertex 48.62007965070574 -3.03735102133103 2
      vertex 48.862474138141 -2.977606146057255 4.2
      vertex 48.862474138141 -2.977606146057255 2
    endloop
  endfacet
  facet normal -0.3166679938014746 0.9485364419471447 0
    outer loop
      vertex 48.862474138141 -2.977606146057255 2
      vertex 49.09927514983186 -2.898550352324786 4.2
      vertex 49.09927514983186 -2.898550352324786 2
    endloop
  endfacet
  facet normal -0.3919666098600747 0.9199794436588242 0
    outer loop
      vertex 49.09927514983186 -2.898550352324786 2
      vertex 49.32894694034947 -2.8006963472921855 4.2
      vertex 49.32894694034947 -2.8006963472921855 2
    endloop
  endfacet
  facet normal -0.4647231720437744 0.8854560256532069 0
    outer loop
      vertex 49.32894694034947 -2.8006963472921855 2
      vertex 49.55 -2.68467875173176 4.2
      vertex 49.55 -2.68467875173176 2
    endloop
  endfacet
  facet normal -0.5344658261277986 0.8451900855437965 0
    outer loop
      vertex 49.55 -2.68467875173176 2
      vertex 49.76100071486658 -2.551249984270334 4.2
      vertex 49.76100071486658 -2.551249984270334 2
    endloop
  endfacet
  facet normal 0.3166679938014714 0.9485364419471459 0
    outer loop
      vertex 46.90072485016814 -2.898550352324786 2
      vertex 46.90072485016814 -2.898550352324786 4.2
      vertex 47.137525861859 -2.977606146057254 4.2
    endloop
  endfacet
  facet normal 0.39196660986007625 0.9199794436588237 0
    outer loop
      vertex 46.67105305965053 -2.800696347292185 2
      vertex 46.67105305965053 -2.800696347292185 4.2
      vertex 46.90072485016814 -2.898550352324786 4.2
    endloop
  endfacet
  facet normal 0.1604112808577573 0.9870502626379133 0
    outer loop
      vertex 47.37992034929426 -3.03735102133103 2
      vertex 47.37992034929426 -3.03735102133103 4.2
      vertex 47.6263362912085 -3.077397509703968 4.2
    endloop
  endfacet
  facet normal 0.23931566428756085 0.9709418174260511 0
    outer loop
      vertex 47.137525861859 -2.977606146057254 2
      vertex 47.137525861859 -2.977606146057254 4.2
      vertex 47.37992034929426 -3.03735102133103 4.2
    endloop
  endfacet
  facet normal 0.08046656871672482 0.99675730813421 0
    outer loop
      vertex 47.6263362912085 -3.077397509703968 2
      vertex 47.6263362912085 -3.077397509703968 4.2
      vertex 47.87517558566081 -3.0974858943318657 4.2
    endloop
  endfacet
  facet normal 0 1 0
    outer loop
      vertex 47.87517558566081 -3.0974858943318657 2
      vertex 47.87517558566081 -3.0974858943318657 4.2
      vertex 48.12482441433919 -3.0974858943318657 4.2
    endloop
  endfacet
  facet normal 0.46472317204377295 0.8854560256532076 0
    outer loop
      vertex 46.45 -2.68467875173176 2
      vertex 46.45 -2.68467875173176 4.2
      vertex 46.67105305965053 -2.800696347292185 4.2
    endloop
  endfacet
  facet normal 0.5344658261277959 0.8451900855437979 0
    outer loop
      vertex 46.23899928513342 -2.551249984270335 2
      vertex 46.23899928513342 -2.551249984270335 4.2
      vertex 46.45 -2.68467875173176 4.2
    endloop
  endfacet
  facet normal -0.08046656871672482 0.99675730813421 0
    outer loop
      vertex 48.12482441433919 -3.0974858943318657 2
      vertex 48.12482441433919 -3.0974858943318657 4.2
      vertex 48.3736637087915 -3.077397509703968 4.2
    endloop
  endfacet
  facet normal -0.1604112808577573 0.9870502626379133 0
    outer loop
      vertex 48.3736637087915 -3.077397509703968 2
      vertex 48.3736637087915 -3.077397509703968 4.2
      vertex 48.62007965070574 -3.03735102133103 4.2
    endloop
  endfacet
  facet normal -0.23931566428755746 0.9709418174260519 0
    outer loop
      vertex 48.62007965070574 -3.03735102133103 2
      vertex 48.62007965070574 -3.03735102133103 4.2
      vertex 48.862474138141 -2.977606146057255 4.2
    endloop
  endfacet
  facet normal -0.3166679938014746 0.9485364419471447 0
    outer loop
      vertex 48.862474138141 -2.977606146057255 2
      vertex 48.862474138141 -2.977606146057255 4.2
      vertex 49.09927514983186 -2.898550352324786 4.2
    endloop
  endfacet
  facet normal -0.3919666098600747 0.9199794436588242 0
    outer loop
      vertex 49.09927514983186 -2.898550352324786 2
      vertex 49.09927514983186 -2.898550352324786 4.2
      vertex 49.32894694034947 -2.8006963472921855 4.2
    endloop
  endfacet
  facet normal -0.4647231720437744 0.8854560256532069 0
    outer loop
      vertex 49.32894694034947 -2.8006963472921855 2
      vertex 49.32894694034947 -2.8006963472921855 4.2
      vertex 49.55 -2.68467875173176 4.2
    endloop
  endfacet
  facet normal -0.5344658261277986 0.8451900855437965 0
    outer loop
      vertex 49.55 -2.68467875173176 2
      vertex 49.55 -2.68467875173176 4.2
      vertex 49.76100071486658 -2.551249984270334 4.2
    endloop
  endfacet
  facet normal -0.6007422642379738 0.799442763403505 0
    outer loop
      vertex 49.76100071486658 -2.551249984270334 2
      vertex 49.76100071486658 -2.551249984270334 4.2
      vertex 49.96058066434567 -2.4012753816657297 4.2
    endloop
  endfacet
  facet normal 0.7212024473438198 0.692724353509594 0
    outer loop
      vertex 45.85255450412024 -2.2357275867658255 2
      vertex 45.67961668066959 -2.0556802405464656 2
      vertex 45.67961668066959 -2.0556802405464656 4.2
    endloop
  endfacet
  facet normal 0.7746049618276434 0.6324453755953909 0
    outer loop
      vertex 45.52172743344914 -1.8623010191377352 2
      vertex 45.52172743344914 -1.8623010191377352 4.2
      vertex 45.67961668066959 -2.0556802405464656 2
    endloop
  endfacet
  facet normal 0.822983865893666 0.5680647467311416 0
    outer loop
      vertex 45.37991073481424 -1.6568440609961839 2
      vertex 45.37991073481424 -1.6568440609961839 4.2
      vertex 45.52172743344914 -1.8623010191377352 2
    endloop
  endfacet
  facet normal 0.8660254037844392 0.4999999999999989 0
    outer loop
      vertex 45.37991073481424 -1.6568440609961839 2
      vertex 45.25508632047505 -1.4406418333356819 2
      vertex 45.25508632047505 -1.4406418333356819 4.2
    endloop
  endfacet
  facet normal 0.9034504346103813 0.4286925614030563 0
    outer loop
      vertex 45.25508632047505 -1.4406418333356819 2
      vertex 45.148063724657646 -1.2150964905662323 2
      vertex 45.148063724657646 -1.2150964905662323 4.2
    endloop
  endfacet
  facet normal 0.6631226582407972 0.7485107481710993 0
    outer loop
      vertex 46.03941933565433 -2.4012753816657297 2
      vertex 45.85255450412024 -2.2357275867658255 2
      vertex 46.03941933565433 -2.4012753816657297 4.2
    endloop
  endfacet
  facet normal -0.6007422642379738 0.799442763403505 0
    outer loop
      vertex 49.76100071486658 -2.551249984270334 2
      vertex 49.96058066434567 -2.4012753816657297 4.2
      vertex 49.96058066434567 -2.4012753816657297 2
    endloop
  endfacet
  facet normal -0.6631226582408003 0.7485107481710968 0
    outer loop
      vertex 49.96058066434567 -2.4012753816657297 2
      vertex 50.14744549587976 -2.235727586765824 4.2
      vertex 50.14744549587976 -2.235727586765824 2
    endloop
  endfacet
  facet normal -0.7212024473438173 0.6927243535095967 0
    outer loop
      vertex 50.14744549587976 -2.235727586765824 2
      vertex 50.14744549587976 -2.235727586765824 4.2
      vertex 50.32038331933041 -2.0556802405464656 2
    endloop
  endfacet
  facet normal -0.7746049618276452 0.6324453755953888 0
    outer loop
      vertex 50.32038331933041 -2.0556802405464656 2
      vertex 50.32038331933041 -2.0556802405464656 4.2
      vertex 50.47827256655086 -1.862301019137734 2
    endloop
  endfacet
  facet normal 0.7212024473438198 0.692724353509594 0
    outer loop
      vertex 45.85255450412024 -2.2357275867658255 2
      vertex 45.67961668066959 -2.0556802405464656 4.2
      vertex 45.85255450412024 -2.2357275867658255 4.2
    endloop
  endfacet
  facet normal 0.7746049618276434 0.6324453755953909 0
    outer loop
      vertex 45.67961668066959 -2.0556802405464656 2
      vertex 45.52172743344914 -1.8623010191377352 4.2
      vertex 45.67961668066959 -2.0556802405464656 4.2
    endloop
  endfacet
  facet normal 0.822983865893666 0.5680647467311416 0
    outer loop
      vertex 45.52172743344914 -1.8623010191377352 2
      vertex 45.37991073481424 -1.6568440609961839 4.2
      vertex 45.52172743344914 -1.8623010191377352 4.2
    endloop
  endfacet
  facet normal 0.8660254037844392 0.4999999999999989 0
    outer loop
      vertex 45.37991073481424 -1.6568440609961839 2
      vertex 45.25508632047505 -1.4406418333356819 4.2
      vertex 45.37991073481424 -1.6568440609961839 4.2
    endloop
  endfacet
  facet normal 0.9034504346103813 0.4286925614030563 0
    outer loop
      vertex 45.25508632047505 -1.4406418333356819 2
      vertex 45.148063724657646 -1.2150964905662323 4.2
      vertex 45.25508632047505 -1.4406418333356819 4.2
    endloop
  endfacet
  facet normal 0.600742264237976 0.7994427634035032 0
    outer loop
      vertex 46.03941933565433 -2.4012753816657297 2
      vertex 46.03941933565433 -2.4012753816657297 4.2
      vertex 46.23899928513342 -2.551249984270335 4.2
    endloop
  endfacet
  facet normal 0.6631226582407972 0.7485107481710993 0
    outer loop
      vertex 45.85255450412024 -2.2357275867658255 2
      vertex 45.85255450412024 -2.2357275867658255 4.2
      vertex 46.03941933565433 -2.4012753816657297 4.2
    endloop
  endfacet
  facet normal -0.6631226582408003 0.7485107481710968 0
    outer loop
      vertex 49.96058066434567 -2.4012753816657297 2
      vertex 49.96058066434567 -2.4012753816657297 4.2
      vertex 50.14744549587976 -2.235727586765824 4.2
    endloop
  endfacet
  facet normal -0.7212024473438173 0.6927243535095967 0
    outer loop
      vertex 50.32038331933041 -2.0556802405464656 2
      vertex 50.14744549587976 -2.235727586765824 4.2
      vertex 50.32038331933041 -2.0556802405464656 4.2
    endloop
  endfacet
  facet normal -0.7746049618276452 0.6324453755953888 0
    outer loop
      vertex 50.47827256655086 -1.862301019137734 2
      vertex 50.32038331933041 -2.0556802405464656 4.2
      vertex 50.47827256655086 -1.862301019137734 4.2
    endloop
  endfacet
  facet normal 0.9350162426854128 0.3546048870425405 0
    outer loop
      vertex 45.148063724657646 -1.2150964905662323 2
      vertex 45.05953702996385 -0.9816707807845644 2
      vertex 45.05953702996385 -0.9816707807845644 4.2
    endloop
  endfacet
  facet normal 0.9605181116313724 0.2782174639164526 0
    outer loop
      vertex 45.05953702996385 -0.9816707807845644 2
      vertex 44.99008036597924 -0.7418785592914287 2
      vertex 44.99008036597924 -0.7418785592914287 4.2
    endloop
  endfacet
  facet normal 0.9797906520422663 0.2000256937760506 0
    outer loop
      vertex 44.99008036597924 -0.7418785592914287 2
      vertex 44.94014418582247 -0.49727497065905657 2
      vertex 44.94014418582247 -0.49727497065905657 4.2
    endloop
  endfacet
  facet normal 0.9927088740980547 0.12053668025531632 0
    outer loop
      vertex 44.94014418582247 -0.49727497065905657 2
      vertex 44.91005234478395 -0.24944636302185014 2
      vertex 44.91005234478395 -0.24944636302185014 4.2
    endloop
  endfacet
  facet normal 0.9991889981715695 0.04026594010942168 0
    outer loop
      vertex 44.91005234478395 -0.24944636302185014 2
      vertex 44.9 0 2
      vertex 44.9 0 4.2
    endloop
  endfacet
  facet normal 0.9350162426854128 0.3546048870425405 0
    outer loop
      vertex 45.148063724657646 -1.2150964905662323 2
      vertex 45.05953702996385 -0.9816707807845644 4.2
      vertex 45.148063724657646 -1.2150964905662323 4.2
    endloop
  endfacet
  facet normal 0.9605181116313724 0.2782174639164526 0
    outer loop
      vertex 45.05953702996385 -0.9816707807845644 2
      vertex 44.99008036597924 -0.7418785592914287 4.2
      vertex 45.05953702996385 -0.9816707807845644 4.2
    endloop
  endfacet
  facet normal 0.9797906520422663 0.2000256937760506 0
    outer loop
      vertex 44.99008036597924 -0.7418785592914287 2
      vertex 44.94014418582247 -0.49727497065905657 4.2
      vertex 44.99008036597924 -0.7418785592914287 4.2
    endloop
  endfacet
  facet normal 0.9927088740980547 0.12053668025531632 0
    outer loop
      vertex 44.94014418582247 -0.49727497065905657 2
      vertex 44.91005234478395 -0.24944636302185014 4.2
      vertex 44.94014418582247 -0.49727497065905657 4.2
    endloop
  endfacet
  facet normal 0.9991889981715695 0.04026594010942168 0
    outer loop
      vertex 44.91005234478395 -0.24944636302185014 2
      vertex 44.9 0 4.2
      vertex 44.91005234478395 -0.24944636302185014 4.2
    endloop
  endfacet
  facet normal 0 0 -1
    outer loop
      vertex 45.85255450412024 -2.2357275867658255 4.2
      vertex 45.67961668066959 -2.0556802405464656 4.2
      vertex 45.67961668066959 2.0556802405464656 4.2
    endloop
  endfacet
  facet normal 0 0 -1
    outer loop
      vertex 45.52172743344914 -1.8623010191377352 4.2
      vertex 45.52172743344914 1.8623010191377352 4.2
      vertex 45.67961668066959 -2.0556802405464656 4.2
    endloop
  endfacet
  facet normal 0 0 -1
    outer loop
      vertex 45.37991073481424 -1.6568440609961839 4.2
      vertex 45.25508632047505 -1.4406418333356819 4.2
      vertex 45.25508632047505 1.4406418333356819 4.2
    endloop
  endfacet
  facet normal 0 0 -1
    outer loop
      vertex 45.25508632047505 -1.4406418333356819 4.2
      vertex 45.148063724657646 -1.2150964905662323 4.2
      vertex 45.148063724657646 1.2150964905662323 4.2
    endloop
  endfacet
  facet normal 0 0 -1
    outer loop
      vertex 45.37991073481424 -1.6568440609961839 4.2
      vertex 45.37991073481424 1.6568440609961839 4.2
      vertex 45.52172743344914 -1.8623010191377352 4.2
    endloop
  endfacet
  facet normal 0 0 -1
    outer loop
      vertex 45.148063724657646 -1.2150964905662323 4.2
      vertex 45.05953702996385 -0.9816707807845644 4.2
      vertex 45.05953702996385 0.9816707807845644 4.2
    endloop
  endfacet
  facet normal 0 0 -1
    outer loop
      vertex 45.05953702996385 -0.9816707807845644 4.2
      vertex 44.99008036597924 -0.7418785592914287 4.2
      vertex 44.99008036597924 0.7418785592914287 4.2
    endloop
  endfacet
  facet normal 0 0 -1
    outer loop
      vertex 44.99008036597924 -0.7418785592914287 4.2
      vertex 44.94014418582247 -0.49727497065905657 4.2
      vertex 44.94014418582247 0.49727497065905657 4.2
    endloop
  endfacet
  facet normal 0 0 -1
    outer loop
      vertex 44.94014418582247 -0.49727497065905657 4.2
      vertex 44.91005234478395 -0.24944636302185014 4.2
      vertex 44.91005234478395 0.24944636302185014 4.2
    endloop
  endfacet
  facet normal 0 0 -1
    outer loop
      vertex 46.90072485016814 -2.898550352324786 4.2
      vertex 46.90072485016814 2.898550352324786 4.2
      vertex 47.137525861859 -2.977606146057254 4.2
    endloop
  endfacet
  facet normal 0 0 -1
    outer loop
      vertex 46.67105305965053 -2.800696347292185 4.2
      vertex 46.67105305965053 2.800696347292185 4.2
      vertex 46.90072485016814 -2.898550352324786 4.2
    endloop
  endfacet
  facet normal 0 0 -1
    outer loop
      vertex 47.37992034929426 -3.03735102133103 4.2
      vertex 47.37992034929426 3.03735102133103 4.2
      vertex 47.6263362912085 -3.077397509703968 4.2
    endloop
  endfacet
  facet normal 0 0 -1
    outer loop
      vertex 47.137525861859 -2.977606146057254 4.2
      vertex 47.137525861859 2.977606146057254 4.2
      vertex 47.37992034929426 -3.03735102133103 4.2
    endloop
  endfacet
  facet normal 0 0 -1
    outer loop
      vertex 47.6263362912085 -3.077397509703968 4.2
      vertex 47.626336291208496 3.0773975097039674 4.2
      vertex 47.87517558566081 -3.0974858943318657 4.2
    endloop
  endfacet
  facet normal 0 0 -1
    outer loop
      vertex 47.87517558566081 -3.0974858943318657 4.2
      vertex 47.87517558566081 3.0974858943318657 4.2
      vertex 48.12482441433919 -3.0974858943318657 4.2
    endloop
  endfacet
  facet normal 0 0 -1
    outer loop
      vertex 46.23899928513342 -2.551249984270335 4.2
      vertex 46.23899928513342 2.551249984270335 4.2
      vertex 46.45 -2.68467875173176 4.2
    endloop
  endfacet
  facet normal 0 0 -1
    outer loop
      vertex 46.03941933565433 -2.4012753816657297 4.2
      vertex 46.03941933565433 2.4012753816657297 4.2
      vertex 46.23899928513342 -2.551249984270335 4.2
    endloop
  endfacet
  facet normal 0 0 -1
    outer loop
      vertex 46.03941933565433 -2.4012753816657297 4.2
      vertex 45.85255450412024 -2.2357275867658255 4.2
      vertex 45.85255450412024 2.2357275867658255 4.2
    endloop
  endfacet
  facet normal 0 0 -1
    outer loop
      vertex 46.67105305965053 -2.800696347292185 4.2
      vertex 46.45 -2.68467875173176 4.2
      vertex 46.45 2.68467875173176 4.2
    endloop
  endfacet
  facet normal 0 0 -1
    outer loop
      vertex 48.12482441433919 -3.0974858943318657 4.2
      vertex 48.12482441433919 3.0974858943318657 4.2
      vertex 48.3736637087915 -3.077397509703968 4.2
    endloop
  endfacet
  facet normal 0 0 -1
    outer loop
      vertex 48.3736637087915 -3.077397509703968 4.2
      vertex 48.373663708791504 3.0773975097039674 4.2
      vertex 48.62007965070574 -3.03735102133103 4.2
    endloop
  endfacet
  facet normal 0 0 -1
    outer loop
      vertex 48.62007965070574 -3.03735102133103 4.2
      vertex 48.62007965070574 3.03735102133103 4.2
      vertex 48.862474138141 -2.977606146057255 4.2
    endloop
  endfacet
  facet normal 0 0 -1
    outer loop
      vertex 48.862474138141 -2.977606146057255 4.2
      vertex 48.862474138141 2.977606146057254 4.2
      vertex 49.09927514983186 -2.898550352324786 4.2
    endloop
  endfacet
  facet normal 0 0 -1
    outer loop
      vertex 49.09927514983186 -2.898550352324786 4.2
      vertex 49.09927514983186 2.898550352324786 4.2
      vertex 49.32894694034947 -2.8006963472921855 4.2
    endloop
  endfacet
  facet normal 0 0 -1
    outer loop
      vertex 49.32894694034947 -2.8006963472921855 4.2
      vertex 49.32894694034947 2.800696347292185 4.2
      vertex 49.55 -2.68467875173176 4.2
    endloop
  endfacet
  facet normal 0 0 -1
    outer loop
      vertex 49.55 -2.68467875173176 4.2
      vertex 49.55 2.68467875173176 4.2
      vertex 49.76100071486658 -2.551249984270334 4.2
    endloop
  endfacet
  facet normal 0 0 -1
    outer loop
      vertex 49.76100071486658 -2.551249984270334 4.2
      vertex 49.76100071486658 2.551249984270335 4.2
      vertex 49.96058066434567 -2.4012753816657297 4.2
    endloop
  endfacet
  facet normal 0 0 -1
    outer loop
      vertex 49.96058066434567 -2.4012753816657297 4.2
      vertex 49.96058066434567 2.4012753816657293 4.2
      vertex 50.14744549587976 -2.235727586765824 4.2
    endloop
  endfacet
  facet normal 0 0 -1
    outer loop
      vertex 50.14744549587976 -2.235727586765824 4.2
      vertex 50.14744549587976 2.235727586765825 4.2
      vertex 50.32038331933041 -2.0556802405464656 4.2
    endloop
  endfacet
  facet normal 0 0 -1
    outer loop
      vertex 50.32038331933041 -2.0556802405464656 4.2
      vertex 50.32038331933041 2.055680240546465 4.2
      vertex 50.47827256655086 -1.862301019137734 4.2
    endloop
  endfacet
  facet normal -0.8229838658936648 0.5680647467311438 0
    outer loop
      vertex 50.47827256655086 -1.862301019137734 2
      vertex 50.47827256655086 -1.862301019137734 4.2
      vertex 50.62008926518576 -1.6568440609961839 2
    endloop
  endfacet
  facet normal -0.8660254037844392 0.4999999999999989 0
    outer loop
      vertex 50.62008926518576 -1.6568440609961839 2
      vertex 50.62008926518576 -1.6568440609961839 4.2
      vertex 50.74491367952495 -1.4406418333356819 2
    endloop
  endfacet
  facet normal -0.9034504346103803 0.4286925614030584 0
    outer loop
      vertex 50.74491367952495 -1.4406418333356819 2
      vertex 50.74491367952495 -1.4406418333356819 4.2
      vertex 50.851936275342354 -1.2150964905662336 2
    endloop
  endfacet
  facet normal -0.8229838658936648 0.5680647467311438 0
    outer loop
      vertex 50.62008926518576 -1.6568440609961839 2
      vertex 50.47827256655086 -1.862301019137734 4.2
      vertex 50.62008926518576 -1.6568440609961839 4.2
    endloop
  endfacet
  facet normal -0.8660254037844392 0.4999999999999989 0
    outer loop
      vertex 50.74491367952495 -1.4406418333356819 2
      vertex 50.62008926518576 -1.6568440609961839 4.2
      vertex 50.74491367952495 -1.4406418333356819 4.2
    endloop
  endfacet
  facet normal -0.9034504346103803 0.4286925614030584 0
    outer loop
      vertex 50.851936275342354 -1.2150964905662336 2
      vertex 50.74491367952495 -1.4406418333356819 4.2
      vertex 50.851936275342354 -1.2150964905662336 4.2
    endloop
  endfacet
  facet normal -0.9350162426854135 0.3546048870425388 0
    outer loop
      vertex 50.851936275342354 -1.2150964905662336 2
      vertex 50.851936275342354 -1.2150964905662336 4.2
      vertex 50.94046297003615 -0.9816707807845644 2
    endloop
  endfacet
  facet normal -0.9605181116313717 0.2782174639164542 0
    outer loop
      vertex 50.94046297003615 -0.9816707807845644 2
      vertex 50.94046297003615 -0.9816707807845644 4.2
      vertex 51.00991963402076 -0.7418785592914302 2
    endloop
  endfacet
  facet normal -0.9797906520422667 0.2000256937760494 0
    outer loop
      vertex 51.00991963402076 -0.7418785592914302 2
      vertex 51.00991963402076 -0.7418785592914302 4.2
      vertex 51.05985581417753 -0.49727497065905657 2
    endloop
  endfacet
  facet normal -0.9927088740980546 0.12053668025531704 0
    outer loop
      vertex 51.05985581417753 -0.49727497065905657 2
      vertex 51.05985581417753 -0.49727497065905657 4.2
      vertex 51.08994765521605 -0.24944636302185164 2
    endloop
  endfacet
  facet normal -0.9991889981715695 0.04026594010942144 0
    outer loop
      vertex 51.08994765521605 -0.24944636302185164 2
      vertex 51.08994765521605 -0.24944636302185164 4.2
      vertex 51.1 0 2
    endloop
  endfacet
  facet normal -0.9350162426854135 0.3546048870425388 0
    outer loop
      vertex 50.94046297003615 -0.9816707807845644 2
      vertex 50.851936275342354 -1.2150964905662336 4.2
      vertex 50.94046297003615 -0.9816707807845644 4.2
    endloop
  endfacet
  facet normal -0.9605181116313717 0.2782174639164542 0
    outer loop
      vertex 51.00991963402076 -0.7418785592914302 2
      vertex 50.94046297003615 -0.9816707807845644 4.2
      vertex 51.00991963402076 -0.7418785592914302 4.2
    endloop
  endfacet
  facet normal -0.9797906520422667 0.2000256937760494 0
    outer loop
      vertex 51.05985581417753 -0.49727497065905657 2
      vertex 51.00991963402076 -0.7418785592914302 4.2
      vertex 51.05985581417753 -0.49727497065905657 4.2
    endloop
  endfacet
  facet normal -0.9927088740980546 0.12053668025531704 0
    outer loop
      vertex 51.08994765521605 -0.24944636302185164 2
      vertex 51.05985581417753 -0.49727497065905657 4.2
      vertex 51.08994765521605 -0.24944636302185164 4.2
    endloop
  endfacet
  facet normal -0.9991889981715695 0.04026594010942144 0
    outer loop
      vertex 51.08994765521605 -0.24944636302185164 4.2
      vertex 51.1 0 4.2
      vertex 51.1 0 2
    endloop
  endfacet
  facet normal 0 0 -1
    outer loop
      vertex 50.47827256655086 -1.862301019137734 4.2
      vertex 50.47827256655086 1.8623010191377345 4.2
      vertex 50.62008926518576 -1.6568440609961839 4.2
    endloop
  endfacet
  facet normal 0 0 -1
    outer loop
      vertex 50.62008926518576 -1.6568440609961839 4.2
      vertex 50.62008926518576 1.6568440609961832 4.2
      vertex 50.74491367952495 -1.4406418333356819 4.2
    endloop
  endfacet
  facet normal 0 0 -1
    outer loop
      vertex 50.74491367952495 -1.4406418333356819 4.2
      vertex 50.74491367952495 1.4406418333356825 4.2
      vertex 50.851936275342354 -1.2150964905662336 4.2
    endloop
  endfacet
  facet normal 0 0 -1
    outer loop
      vertex 50.851936275342354 -1.2150964905662336 4.2
      vertex 50.851936275342354 1.2150964905662327 4.2
      vertex 50.94046297003615 -0.9816707807845644 4.2
    endloop
  endfacet
  facet normal 0 0 -1
    outer loop
      vertex 50.94046297003615 -0.9816707807845644 4.2
      vertex 50.94046297003615 0.9816707807845647 4.2
      vertex 51.00991963402076 -0.7418785592914302 4.2
    endloop
  endfacet
  facet normal 0 0 -1
    outer loop
      vertex 51.00991963402076 -0.7418785592914302 4.2
      vertex 51.00991963402076 0.7418785592914291 4.2
      vertex 51.05985581417753 -0.49727497065905657 4.2
    endloop
  endfacet
  facet normal 0 0 -1
    outer loop
      vertex 51.05985581417753 -0.49727497065905657 4.2
      vertex 51.05985581417753 0.49727497065905674 4.2
      vertex 51.08994765521605 -0.24944636302185164 4.2
    endloop
  endfacet
  facet normal 0 0 -1
    outer loop
      vertex 51.08994765521605 -0.24944636302185164 4.2
      vertex 51.08994765521605 0.24944636302185022 4.2
      vertex 51.1 0 4.2
    endloop
  endfacet
  facet normal 0 0 1
    outer loop
      vertex 44.91005234478395 -0.24944636302185014 2
      vertex 44.91005234478395 0.24944636302185014 2
      vertex 44.9 0 2
    endloop
  endfacet
  facet normal 0 0 1
    outer loop
      vertex 44.91005234478395 -0.24944636302185014 2
      vertex 44.94014418582247 0.49727497065905657 2
      vertex 44.91005234478395 0.24944636302185014 2
    endloop
  endfacet
  facet normal 0 0 1
    outer loop
      vertex 44.94014418582247 -0.49727497065905657 2
      vertex 44.99008036597924 0.7418785592914287 2
      vertex 44.94014418582247 0.49727497065905657 2
    endloop
  endfacet
  facet normal 0 0 1
    outer loop
      vertex 44.99008036597924 -0.7418785592914287 2
      vertex 45.05953702996385 0.9816707807845644 2
      vertex 44.99008036597924 0.7418785592914287 2
    endloop
  endfacet
  facet normal 0 0 1
    outer loop
      vertex 45.05953702996385 -0.9816707807845644 2
      vertex 45.148063724657646 1.2150964905662323 2
      vertex 45.05953702996385 0.9816707807845644 2
    endloop
  endfacet
  facet normal 0 0 1
    outer loop
      vertex 45.148063724657646 -1.2150964905662323 2
      vertex 45.25508632047505 1.4406418333356819 2
      vertex 45.148063724657646 1.2150964905662323 2
    endloop
  endfacet
  facet normal 0 0 1
    outer loop
      vertex 45.25508632047505 -1.4406418333356819 2
      vertex 45.37991073481424 1.6568440609961839 2
      vertex 45.25508632047505 1.4406418333356819 2
    endloop
  endfacet
  facet normal 0 0 1
    outer loop
      vertex 45.37991073481424 -1.6568440609961839 2
      vertex 45.52172743344914 1.8623010191377352 2
      vertex 45.37991073481424 1.6568440609961839 2
    endloop
  endfacet
  facet normal 0 0 1
    outer loop
      vertex 45.52172743344914 -1.8623010191377352 2
      vertex 45.67961668066959 2.0556802405464656 2
      vertex 45.52172743344914 1.8623010191377352 2
    endloop
  endfacet
  facet normal 0 0 1
    outer loop
      vertex 45.67961668066959 -2.0556802405464656 2
      vertex 45.85255450412024 2.2357275867658255 2
      vertex 45.67961668066959 2.0556802405464656 2
    endloop
  endfacet
  facet normal 0 0 1
    outer loop
      vertex 50.32038331933041 -2.0556802405464656 2
      vertex 50.47827256655086 1.8623010191377345 2
      vertex 50.32038331933041 2.055680240546465 2
    endloop
  endfacet
  facet normal 0 0 1
    outer loop
      vertex 45.85255450412024 -2.2357275867658255 2
      vertex 46.03941933565433 2.4012753816657297 2
      vertex 45.85255450412024 2.2357275867658255 2
    endloop
  endfacet
  facet normal 0 0 1
    outer loop
      vertex 46.03941933565433 -2.4012753816657297 2
      vertex 46.23899928513342 2.551249984270335 2
      vertex 46.03941933565433 2.4012753816657297 2
    endloop
  endfacet
  facet normal 0 0 1
    outer loop
      vertex 46.23899928513342 -2.551249984270335 2
      vertex 46.45 2.68467875173176 2
      vertex 46.23899928513342 2.551249984270335 2
    endloop
  endfacet
  facet normal 0 0 1
    outer loop
      vertex 46.45 -2.68467875173176 2
      vertex 46.67105305965053 2.800696347292185 2
      vertex 46.45 2.68467875173176 2
    endloop
  endfacet
  facet normal 0 0 1
    outer loop
      vertex 46.67105305965053 -2.800696347292185 2
      vertex 46.90072485016814 2.898550352324786 2
      vertex 46.67105305965053 2.800696347292185 2
    endloop
  endfacet
  facet normal 0 0 1
    outer loop
      vertex 46.90072485016814 -2.898550352324786 2
      vertex 47.137525861859 2.977606146057254 2
      vertex 46.90072485016814 2.898550352324786 2
    endloop
  endfacet
  facet normal 0 0 1
    outer loop
      vertex 47.137525861859 -2.977606146057254 2
      vertex 47.37992034929426 3.03735102133103 2
      vertex 47.137525861859 2.977606146057254 2
    endloop
  endfacet
  facet normal 0 0 1
    outer loop
      vertex 47.37992034929426 -3.03735102133103 2
      vertex 47.626336291208496 3.0773975097039674 2
      vertex 47.37992034929426 3.03735102133103 2
    endloop
  endfacet
  facet normal 0 0 1
    outer loop
      vertex 47.6263362912085 -3.077397509703968 2
      vertex 47.87517558566081 3.0974858943318657 2
      vertex 47.626336291208496 3.0773975097039674 2
    endloop
  endfacet
  facet normal 0 0 1
    outer loop
      vertex 47.87517558566081 -3.0974858943318657 2
      vertex 48.12482441433919 3.0974858943318657 2
      vertex 47.87517558566081 3.0974858943318657 2
    endloop
  endfacet
  facet normal 0 0 1
    outer loop
      vertex 49.09927514983186 -2.898550352324786 2
      vertex 49.32894694034947 2.800696347292185 2
      vertex 49.09927514983186 2.898550352324786 2
    endloop
  endfacet
  facet normal 0 0 1
    outer loop
      vertex 50.14744549587976 -2.235727586765824 2
      vertex 50.32038331933041 2.055680240546465 2
      vertex 50.14744549587976 2.235727586765825 2
    endloop
  endfacet
  facet normal 0 0 1
    outer loop
      vertex 49.96058066434567 -2.4012753816657297 2
      vertex 50.14744549587976 2.235727586765825 2
      vertex 49.96058066434567 2.4012753816657293 2
    endloop
  endfacet
  facet normal 0 0 1
    outer loop
      vertex 49.55 -2.68467875173176 2
      vertex 49.76100071486658 2.551249984270335 2
      vertex 49.55 2.68467875173176 2
    endloop
  endfacet
  facet normal 0 0 1
    outer loop
      vertex 49.76100071486658 -2.551249984270334 2
      vertex 49.96058066434567 2.4012753816657293 2
      vertex 49.76100071486658 2.551249984270335 2
    endloop
  endfacet
  facet normal 0 0 1
    outer loop
      vertex 49.32894694034947 -2.8006963472921855 2
      vertex 49.55 2.68467875173176 2
      vertex 49.32894694034947 2.800696347292185 2
    endloop
  endfacet
  facet normal 0 0 1
    outer loop
      vertex 48.3736637087915 -3.077397509703968 2
      vertex 48.62007965070574 3.03735102133103 2
      vertex 48.373663708791504 3.0773975097039674 2
    endloop
  endfacet
  facet normal 0 0 1
    outer loop
      vertex 48.62007965070574 -3.03735102133103 2
      vertex 48.862474138141 2.977606146057254 2
      vertex 48.62007965070574 3.03735102133103 2
    endloop
  endfacet
  facet normal 0 0 1
    outer loop
      vertex 48.12482441433919 -3.0974858943318657 2
      vertex 48.373663708791504 3.0773975097039674 2
      vertex 48.12482441433919 3.0974858943318657 2
    endloop
  endfacet
  facet normal 0 0 1
    outer loop
      vertex 48.862474138141 -2.977606146057255 2
      vertex 49.09927514983186 2.898550352324786 2
      vertex 48.862474138141 2.977606146057254 2
    endloop
  endfacet
  facet normal 0 0 1
    outer loop
      vertex 51.05985581417753 -0.49727497065905657 2
      vertex 51.08994765521605 0.24944636302185022 2
      vertex 51.05985581417753 0.49727497065905674 2
    endloop
  endfacet
  facet normal 0 0 1
    outer loop
      vertex 51.00991963402076 -0.7418785592914302 2
      vertex 51.05985581417753 0.49727497065905674 2
      vertex 51.00991963402076 0.7418785592914291 2
    endloop
  endfacet
  facet normal 0 0 1
    outer loop
      vertex 50.94046297003615 -0.9816707807845644 2
      vertex 51.00991963402076 0.7418785592914291 2
      vertex 50.94046297003615 0.9816707807845647 2
    endloop
  endfacet
  facet normal 0 0 1
    outer loop
      vertex 50.851936275342354 -1.2150964905662336 2
      vertex 50.94046297003615 0.9816707807845647 2
      vertex 50.851936275342354 1.2150964905662327 2
    endloop
  endfacet
  facet normal 0 0 1
    outer loop
      vertex 50.74491367952495 -1.4406418333356819 2
      vertex 50.851936275342354 1.2150964905662327 2
      vertex 50.74491367952495 1.4406418333356825 2
    endloop
  endfacet
  facet normal 0 0 1
    outer loop
      vertex 50.62008926518576 -1.6568440609961839 2
      vertex 50.74491367952495 1.4406418333356825 2
      vertex 50.62008926518576 1.6568440609961832 2
    endloop
  endfacet
  facet normal 0 0 1
    outer loop
      vertex 50.47827256655086 -1.862301019137734 2
      vertex 50.62008926518576 1.6568440609961832 2
      vertex 50.47827256655086 1.8623010191377345 2
    endloop
  endfacet
  facet normal 0.9991889981715695 -0.04026594010942168 0
    outer loop
      vertex 44.9 0 2
      vertex 44.91005234478395 0.24944636302185014 2
      vertex 44.91005234478395 0.24944636302185014 4.2
    endloop
  endfacet
  facet normal 0.9927088740980547 -0.12053668025531632 0
    outer loop
      vertex 44.91005234478395 0.24944636302185014 2
      vertex 44.94014418582247 0.49727497065905657 2
      vertex 44.94014418582247 0.49727497065905657 4.2
    endloop
  endfacet
  facet normal 0.9797906520422663 -0.2000256937760506 0
    outer loop
      vertex 44.94014418582247 0.49727497065905657 2
      vertex 44.99008036597924 0.7418785592914287 2
      vertex 44.99008036597924 0.7418785592914287 4.2
    endloop
  endfacet
  facet normal 0.9605181116313724 -0.2782174639164526 0
    outer loop
      vertex 44.99008036597924 0.7418785592914287 2
      vertex 45.05953702996385 0.9816707807845644 2
      vertex 45.05953702996385 0.9816707807845644 4.2
    endloop
  endfacet
  facet normal 0.9350162426854128 -0.3546048870425405 0
    outer loop
      vertex 45.05953702996385 0.9816707807845644 2
      vertex 45.148063724657646 1.2150964905662323 2
      vertex 45.148063724657646 1.2150964905662323 4.2
    endloop
  endfacet
  facet normal 0.9991889981715695 -0.04026594010942168 0
    outer loop
      vertex 44.9 0 2
      vertex 44.91005234478395 0.24944636302185014 4.2
      vertex 44.9 0 4.2
    endloop
  endfacet
  facet normal 0.9927088740980547 -0.12053668025531632 0
    outer loop
      vertex 44.91005234478395 0.24944636302185014 2
      vertex 44.94014418582247 0.49727497065905657 4.2
      vertex 44.91005234478395 0.24944636302185014 4.2
    endloop
  endfacet
  facet normal 0.9797906520422663 -0.2000256937760506 0
    outer loop
      vertex 44.94014418582247 0.49727497065905657 2
      vertex 44.99008036597924 0.7418785592914287 4.2
      vertex 44.94014418582247 0.49727497065905657 4.2
    endloop
  endfacet
  facet normal 0.9605181116313724 -0.2782174639164526 0
    outer loop
      vertex 44.99008036597924 0.7418785592914287 2
      vertex 45.05953702996385 0.9816707807845644 4.2
      vertex 44.99008036597924 0.7418785592914287 4.2
    endloop
  endfacet
  facet normal 0.9350162426854128 -0.3546048870425405 0
    outer loop
      vertex 45.05953702996385 0.9816707807845644 2
      vertex 45.148063724657646 1.2150964905662323 4.2
      vertex 45.05953702996385 0.9816707807845644 4.2
    endloop
  endfacet
  facet normal 0.9034504346103813 -0.4286925614030563 0
    outer loop
      vertex 45.148063724657646 1.2150964905662323 2
      vertex 45.25508632047505 1.4406418333356819 2
      vertex 45.25508632047505 1.4406418333356819 4.2
    endloop
  endfacet
  facet normal 0.8660254037844392 -0.4999999999999989 0
    outer loop
      vertex 45.25508632047505 1.4406418333356819 2
      vertex 45.37991073481424 1.6568440609961839 2
      vertex 45.37991073481424 1.6568440609961839 4.2
    endloop
  endfacet
  facet normal 0.822983865893666 -0.5680647467311416 0
    outer loop
      vertex 45.37991073481424 1.6568440609961839 2
      vertex 45.52172743344914 1.8623010191377352 2
      vertex 45.52172743344914 1.8623010191377352 4.2
    endloop
  endfacet
  facet normal 0.7746049618276434 -0.6324453755953909 0
    outer loop
      vertex 45.52172743344914 1.8623010191377352 2
      vertex 45.67961668066959 2.0556802405464656 2
      vertex 45.67961668066959 2.0556802405464656 4.2
    endloop
  endfacet
  facet normal 0.7212024473438198 -0.692724353509594 0
    outer loop
      vertex 45.67961668066959 2.0556802405464656 2
      vertex 45.85255450412024 2.2357275867658255 2
      vertex 45.85255450412024 2.2357275867658255 4.2
    endloop
  endfacet
  facet normal 0.6631226582407972 -0.7485107481710993 0
    outer loop
      vertex 45.85255450412024 2.2357275867658255 2
      vertex 46.03941933565433 2.4012753816657297 2
      vertex 45.85255450412024 2.2357275867658255 4.2
    endloop
  endfacet
  facet normal 0.600742264237976 -0.7994427634035032 0
    outer loop
      vertex 46.03941933565433 2.4012753816657297 2
      vertex 46.23899928513342 2.551249984270335 2
      vertex 46.03941933565433 2.4012753816657297 4.2
    endloop
  endfacet
  facet normal -0.7746049618276437 -0.6324453755953906 0
    outer loop
      vertex 50.32038331933041 2.055680240546465 2
      vertex 50.47827256655086 1.8623010191377345 2
      vertex 50.47827256655086 1.8623010191377345 4.2
    endloop
  endfacet
  facet normal -0.7212024473438198 -0.692724353509594 0
    outer loop
      vertex 50.32038331933041 2.055680240546465 2
      vertex 50.32038331933041 2.055680240546465 4.2
      vertex 50.14744549587976 2.235727586765825 2
    endloop
  endfacet
  facet normal -0.6631226582407972 -0.7485107481710993 0
    outer loop
      vertex 50.14744549587976 2.235727586765825 2
      vertex 49.96058066434567 2.4012753816657293 4.2
      vertex 49.96058066434567 2.4012753816657293 2
    endloop
  endfacet
  facet normal 0.9034504346103813 -0.4286925614030563 0
    outer loop
      vertex 45.148063724657646 1.2150964905662323 2
      vertex 45.25508632047505 1.4406418333356819 4.2
      vertex 45.148063724657646 1.2150964905662323 4.2
    endloop
  endfacet
  facet normal 0.8660254037844392 -0.4999999999999989 0
    outer loop
      vertex 45.25508632047505 1.4406418333356819 2
      vertex 45.37991073481424 1.6568440609961839 4.2
      vertex 45.25508632047505 1.4406418333356819 4.2
    endloop
  endfacet
  facet normal 0.822983865893666 -0.5680647467311416 0
    outer loop
      vertex 45.37991073481424 1.6568440609961839 2
      vertex 45.52172743344914 1.8623010191377352 4.2
      vertex 45.37991073481424 1.6568440609961839 4.2
    endloop
  endfacet
  facet normal 0.7746049618276434 -0.6324453755953909 0
    outer loop
      vertex 45.52172743344914 1.8623010191377352 2
      vertex 45.67961668066959 2.0556802405464656 4.2
      vertex 45.52172743344914 1.8623010191377352 4.2
    endloop
  endfacet
  facet normal 0.7212024473438198 -0.692724353509594 0
    outer loop
      vertex 45.67961668066959 2.0556802405464656 2
      vertex 45.85255450412024 2.2357275867658255 4.2
      vertex 45.67961668066959 2.0556802405464656 4.2
    endloop
  endfacet
  facet normal 0.6631226582407972 -0.7485107481710993 0
    outer loop
      vertex 46.03941933565433 2.4012753816657297 2
      vertex 46.03941933565433 2.4012753816657297 4.2
      vertex 45.85255450412024 2.2357275867658255 4.2
    endloop
  endfacet
  facet normal -0.7746049618276437 -0.6324453755953906 0
    outer loop
      vertex 50.32038331933041 2.055680240546465 2
      vertex 50.47827256655086 1.8623010191377345 4.2
      vertex 50.32038331933041 2.055680240546465 4.2
    endloop
  endfacet
  facet normal -0.7212024473438198 -0.692724353509594 0
    outer loop
      vertex 50.14744549587976 2.235727586765825 2
      vertex 50.32038331933041 2.055680240546465 4.2
      vertex 50.14744549587976 2.235727586765825 4.2
    endloop
  endfacet
  facet normal -0.6631226582407972 -0.7485107481710993 0
    outer loop
      vertex 50.14744549587976 2.235727586765825 2
      vertex 50.14744549587976 2.235727586765825 4.2
      vertex 49.96058066434567 2.4012753816657293 4.2
    endloop
  endfacet
  facet normal -0.6007422642379772 -0.7994427634035024 0
    outer loop
      vertex 49.96058066434567 2.4012753816657293 2
      vertex 49.96058066434567 2.4012753816657293 4.2
      vertex 49.76100071486658 2.551249984270335 4.2
    endloop
  endfacet
  facet normal 0 0 -1
    outer loop
      vertex 44.91005234478395 -0.24944636302185014 4.2
      vertex 44.9 0 4.2
      vertex 44.91005234478395 0.24944636302185014 4.2
    endloop
  endfacet
  facet normal 0 0 -1
    outer loop
      vertex 44.94014418582247 -0.49727497065905657 4.2
      vertex 44.91005234478395 0.24944636302185014 4.2
      vertex 44.94014418582247 0.49727497065905657 4.2
    endloop
  endfacet
  facet normal 0 0 -1
    outer loop
      vertex 44.99008036597924 -0.7418785592914287 4.2
      vertex 44.94014418582247 0.49727497065905657 4.2
      vertex 44.99008036597924 0.7418785592914287 4.2
    endloop
  endfacet
  facet normal 0 0 -1
    outer loop
      vertex 45.05953702996385 -0.9816707807845644 4.2
      vertex 44.99008036597924 0.7418785592914287 4.2
      vertex 45.05953702996385 0.9816707807845644 4.2
    endloop
  endfacet
  facet normal 0 0 -1
    outer loop
      vertex 45.148063724657646 -1.2150964905662323 4.2
      vertex 45.05953702996385 0.9816707807845644 4.2
      vertex 45.148063724657646 1.2150964905662323 4.2
    endloop
  endfacet
  facet normal 0 0 -1
    outer loop
      vertex 45.25508632047505 -1.4406418333356819 4.2
      vertex 45.148063724657646 1.2150964905662323 4.2
      vertex 45.25508632047505 1.4406418333356819 4.2
    endloop
  endfacet
  facet normal 0 0 -1
    outer loop
      vertex 45.37991073481424 -1.6568440609961839 4.2
      vertex 45.25508632047505 1.4406418333356819 4.2
      vertex 45.37991073481424 1.6568440609961839 4.2
    endloop
  endfacet
  facet normal 0 0 -1
    outer loop
      vertex 45.52172743344914 -1.8623010191377352 4.2
      vertex 45.37991073481424 1.6568440609961839 4.2
      vertex 45.52172743344914 1.8623010191377352 4.2
    endloop
  endfacet
  facet normal 0 0 -1
    outer loop
      vertex 45.67961668066959 -2.0556802405464656 4.2
      vertex 45.52172743344914 1.8623010191377352 4.2
      vertex 45.67961668066959 2.0556802405464656 4.2
    endloop
  endfacet
  facet normal 0 0 -1
    outer loop
      vertex 45.85255450412024 -2.2357275867658255 4.2
      vertex 45.67961668066959 2.0556802405464656 4.2
      vertex 45.85255450412024 2.2357275867658255 4.2
    endloop
  endfacet
  facet normal 0 0 -1
    outer loop
      vertex 46.03941933565433 -2.4012753816657297 4.2
      vertex 45.85255450412024 2.2357275867658255 4.2
      vertex 46.03941933565433 2.4012753816657297 4.2
    endloop
  endfacet
  facet normal 0 0 -1
    outer loop
      vertex 46.23899928513342 -2.551249984270335 4.2
      vertex 46.03941933565433 2.4012753816657297 4.2
      vertex 46.23899928513342 2.551249984270335 4.2
    endloop
  endfacet
  facet normal 0 0 -1
    outer loop
      vertex 46.45 -2.68467875173176 4.2
      vertex 46.23899928513342 2.551249984270335 4.2
      vertex 46.45 2.68467875173176 4.2
    endloop
  endfacet
  facet normal 0 0 -1
    outer loop
      vertex 46.67105305965053 -2.800696347292185 4.2
      vertex 46.45 2.68467875173176 4.2
      vertex 46.67105305965053 2.800696347292185 4.2
    endloop
  endfacet
  facet normal 0 0 -1
    outer loop
      vertex 46.90072485016814 -2.898550352324786 4.2
      vertex 46.67105305965053 2.800696347292185 4.2
      vertex 46.90072485016814 2.898550352324786 4.2
    endloop
  endfacet
  facet normal 0 0 -1
    outer loop
      vertex 47.137525861859 -2.977606146057254 4.2
      vertex 46.90072485016814 2.898550352324786 4.2
      vertex 47.137525861859 2.977606146057254 4.2
    endloop
  endfacet
  facet normal 0 0 -1
    outer loop
      vertex 47.37992034929426 -3.03735102133103 4.2
      vertex 47.137525861859 2.977606146057254 4.2
      vertex 47.37992034929426 3.03735102133103 4.2
    endloop
  endfacet
  facet normal 0 0 -1
    outer loop
      vertex 47.6263362912085 -3.077397509703968 4.2
      vertex 47.37992034929426 3.03735102133103 4.2
      vertex 47.626336291208496 3.0773975097039674 4.2
    endloop
  endfacet
  facet normal 0 0 -1
    outer loop
      vertex 47.87517558566081 -3.0974858943318657 4.2
      vertex 47.626336291208496 3.0773975097039674 4.2
      vertex 47.87517558566081 3.0974858943318657 4.2
    endloop
  endfacet
  facet normal 0 0 -1
    outer loop
      vertex 47.87517558566081 3.0974858943318657 4.2
      vertex 48.12482441433919 3.0974858943318657 4.2
      vertex 48.12482441433919 -3.0974858943318657 4.2
    endloop
  endfacet
  facet normal 0 0 -1
    outer loop
      vertex 50.47827256655086 -1.862301019137734 4.2
      vertex 50.32038331933041 2.055680240546465 4.2
      vertex 50.47827256655086 1.8623010191377345 4.2
    endloop
  endfacet
  facet normal 0 0 -1
    outer loop
      vertex 50.32038331933041 -2.0556802405464656 4.2
      vertex 50.14744549587976 2.235727586765825 4.2
      vertex 50.32038331933041 2.055680240546465 4.2
    endloop
  endfacet
  facet normal 0 0 -1
    outer loop
      vertex 49.96058066434567 -2.4012753816657297 4.2
      vertex 49.76100071486658 2.551249984270335 4.2
      vertex 49.96058066434567 2.4012753816657293 4.2
    endloop
  endfacet
  facet normal 0 0 -1
    outer loop
      vertex 49.55 -2.68467875173176 4.2
      vertex 49.32894694034947 2.800696347292185 4.2
      vertex 49.55 2.68467875173176 4.2
    endloop
  endfacet
  facet normal 0 0 -1
    outer loop
      vertex 49.76100071486658 -2.551249984270334 4.2
      vertex 49.55 2.68467875173176 4.2
      vertex 49.76100071486658 2.551249984270335 4.2
    endloop
  endfacet
  facet normal 0 0 -1
    outer loop
      vertex 50.14744549587976 -2.235727586765824 4.2
      vertex 49.96058066434567 2.4012753816657293 4.2
      vertex 50.14744549587976 2.235727586765825 4.2
    endloop
  endfacet
  facet normal 0 0 -1
    outer loop
      vertex 48.3736637087915 -3.077397509703968 4.2
      vertex 48.12482441433919 3.0974858943318657 4.2
      vertex 48.373663708791504 3.0773975097039674 4.2
    endloop
  endfacet
  facet normal 0 0 -1
    outer loop
      vertex 48.62007965070574 -3.03735102133103 4.2
      vertex 48.373663708791504 3.0773975097039674 4.2
      vertex 48.62007965070574 3.03735102133103 4.2
    endloop
  endfacet
  facet normal 0 0 -1
    outer loop
      vertex 48.862474138141 -2.977606146057255 4.2
      vertex 48.62007965070574 3.03735102133103 4.2
      vertex 48.862474138141 2.977606146057254 4.2
    endloop
  endfacet
  facet normal 0 0 -1
    outer loop
      vertex 49.09927514983186 -2.898550352324786 4.2
      vertex 48.862474138141 2.977606146057254 4.2
      vertex 49.09927514983186 2.898550352324786 4.2
    endloop
  endfacet
  facet normal 0 0 -1
    outer loop
      vertex 49.32894694034947 -2.8006963472921855 4.2
      vertex 49.09927514983186 2.898550352324786 4.2
      vertex 49.32894694034947 2.800696347292185 4.2
    endloop
  endfacet
  facet normal 0.5344658261277959 -0.8451900855437979 0
    outer loop
      vertex 46.23899928513342 2.551249984270335 2
      vertex 46.45 2.68467875173176 2
      vertex 46.23899928513342 2.551249984270335 4.2
    endloop
  endfacet
  facet normal 0.46472317204377295 -0.8854560256532076 0
    outer loop
      vertex 46.45 2.68467875173176 2
      vertex 46.67105305965053 2.800696347292185 2
      vertex 46.45 2.68467875173176 4.2
    endloop
  endfacet
  facet normal 0.39196660986007625 -0.9199794436588237 0
    outer loop
      vertex 46.67105305965053 2.800696347292185 2
      vertex 46.90072485016814 2.898550352324786 2
      vertex 46.67105305965053 2.800696347292185 4.2
    endloop
  endfacet
  facet normal 0.3166679938014714 -0.9485364419471459 0
    outer loop
      vertex 46.90072485016814 2.898550352324786 2
      vertex 47.137525861859 2.977606146057254 2
      vertex 46.90072485016814 2.898550352324786 4.2
    endloop
  endfacet
  facet normal 0.23931566428756085 -0.9709418174260511 0
    outer loop
      vertex 47.137525861859 2.977606146057254 2
      vertex 47.37992034929426 3.03735102133103 2
      vertex 47.137525861859 2.977606146057254 4.2
    endloop
  endfacet
  facet normal 0.16041128085776007 -0.987050262637913 0
    outer loop
      vertex 47.37992034929426 3.03735102133103 2
      vertex 47.626336291208496 3.0773975097039674 2
      vertex 47.37992034929426 3.03735102133103 4.2
    endloop
  endfacet
  facet normal 0.08046656871672431 -0.99675730813421 0
    outer loop
      vertex 47.626336291208496 3.0773975097039674 2
      vertex 47.87517558566081 3.0974858943318657 2
      vertex 47.626336291208496 3.0773975097039674 4.2
    endloop
  endfacet
  facet normal 0 -1 0
    outer loop
      vertex 47.87517558566081 3.0974858943318657 2
      vertex 48.12482441433919 3.0974858943318657 2
      vertex 47.87517558566081 3.0974858943318657 4.2
    endloop
  endfacet
  facet normal -0.6007422642379772 -0.7994427634035024 0
    outer loop
      vertex 49.76100071486658 2.551249984270335 2
      vertex 49.96058066434567 2.4012753816657293 2
      vertex 49.76100071486658 2.551249984270335 4.2
    endloop
  endfacet
  facet normal -0.5344658261277959 -0.8451900855437979 0
    outer loop
      vertex 49.55 2.68467875173176 2
      vertex 49.76100071486658 2.551249984270335 2
      vertex 49.55 2.68467875173176 4.2
    endloop
  endfacet
  facet normal -0.46472317204377295 -0.8854560256532076 0
    outer loop
      vertex 49.32894694034947 2.800696347292185 2
      vertex 49.55 2.68467875173176 2
      vertex 49.32894694034947 2.800696347292185 4.2
    endloop
  endfacet
  facet normal -0.39196660986007625 -0.9199794436588237 0
    outer loop
      vertex 49.09927514983186 2.898550352324786 2
      vertex 49.32894694034947 2.800696347292185 2
      vertex 49.09927514983186 2.898550352324786 4.2
    endloop
  endfacet
  facet normal -0.3166679938014714 -0.9485364419471459 0
    outer loop
      vertex 48.862474138141 2.977606146057254 2
      vertex 49.09927514983186 2.898550352324786 2
      vertex 48.862474138141 2.977606146057254 4.2
    endloop
  endfacet
  facet normal -0.23931566428756085 -0.9709418174260511 0
    outer loop
      vertex 48.62007965070574 3.03735102133103 2
      vertex 48.862474138141 2.977606146057254 2
      vertex 48.62007965070574 3.03735102133103 4.2
    endloop
  endfacet
  facet normal -0.16041128085776007 -0.987050262637913 0
    outer loop
      vertex 48.373663708791504 3.0773975097039674 2
      vertex 48.62007965070574 3.03735102133103 2
      vertex 48.373663708791504 3.0773975097039674 4.2
    endloop
  endfacet
  facet normal -0.08046656871672431 -0.99675730813421 0
    outer loop
      vertex 48.12482441433919 3.0974858943318657 2
      vertex 48.373663708791504 3.0773975097039674 2
      vertex 48.12482441433919 3.0974858943318657 4.2
    endloop
  endfacet
  facet normal 0.600742264237976 -0.7994427634035032 0
    outer loop
      vertex 46.23899928513342 2.551249984270335 2
      vertex 46.23899928513342 2.551249984270335 4.2
      vertex 46.03941933565433 2.4012753816657297 4.2
    endloop
  endfacet
  facet normal 0.5344658261277959 -0.8451900855437979 0
    outer loop
      vertex 46.45 2.68467875173176 2
      vertex 46.45 2.68467875173176 4.2
      vertex 46.23899928513342 2.551249984270335 4.2
    endloop
  endfacet
  facet normal 0.46472317204377295 -0.8854560256532076 0
    outer loop
      vertex 46.67105305965053 2.800696347292185 2
      vertex 46.67105305965053 2.800696347292185 4.2
      vertex 46.45 2.68467875173176 4.2
    endloop
  endfacet
  facet normal 0.39196660986007625 -0.9199794436588237 0
    outer loop
      vertex 46.90072485016814 2.898550352324786 2
      vertex 46.90072485016814 2.898550352324786 4.2
      vertex 46.67105305965053 2.800696347292185 4.2
    endloop
  endfacet
  facet normal 0.3166679938014714 -0.9485364419471459 0
    outer loop
      vertex 47.137525861859 2.977606146057254 2
      vertex 47.137525861859 2.977606146057254 4.2
      vertex 46.90072485016814 2.898550352324786 4.2
    endloop
  endfacet
  facet normal 0.23931566428756085 -0.9709418174260511 0
    outer loop
      vertex 47.37992034929426 3.03735102133103 2
      vertex 47.37992034929426 3.03735102133103 4.2
      vertex 47.137525861859 2.977606146057254 4.2
    endloop
  endfacet
  facet normal 0.16041128085776007 -0.987050262637913 0
    outer loop
      vertex 47.626336291208496 3.0773975097039674 2
      vertex 47.626336291208496 3.0773975097039674 4.2
      vertex 47.37992034929426 3.03735102133103 4.2
    endloop
  endfacet
  facet normal 0.08046656871672431 -0.99675730813421 0
    outer loop
      vertex 47.87517558566081 3.0974858943318657 2
      vertex 47.87517558566081 3.0974858943318657 4.2
      vertex 47.626336291208496 3.0773975097039674 4.2
    endloop
  endfacet
  facet normal 0 -1 0
    outer loop
      vertex 47.87517558566081 3.0974858943318657 4.2
      vertex 48.12482441433919 3.0974858943318657 2
      vertex 48.12482441433919 3.0974858943318657 4.2
    endloop
  endfacet
  facet normal -0.5344658261277959 -0.8451900855437979 0
    outer loop
      vertex 49.76100071486658 2.551249984270335 2
      vertex 49.76100071486658 2.551249984270335 4.2
      vertex 49.55 2.68467875173176 4.2
    endloop
  endfacet
  facet normal -0.46472317204377295 -0.8854560256532076 0
    outer loop
      vertex 49.55 2.68467875173176 2
      vertex 49.55 2.68467875173176 4.2
      vertex 49.32894694034947 2.800696347292185 4.2
    endloop
  endfacet
  facet normal -0.39196660986007625 -0.9199794436588237 0
    outer loop
      vertex 49.32894694034947 2.800696347292185 2
      vertex 49.32894694034947 2.800696347292185 4.2
      vertex 49.09927514983186 2.898550352324786 4.2
    endloop
  endfacet
  facet normal -0.3166679938014714 -0.9485364419471459 0
    outer loop
      vertex 49.09927514983186 2.898550352324786 2
      vertex 49.09927514983186 2.898550352324786 4.2
      vertex 48.862474138141 2.977606146057254 4.2
    endloop
  endfacet
  facet normal -0.08046656871672431 -0.99675730813421 0
    outer loop
      vertex 48.373663708791504 3.0773975097039674 2
      vertex 48.373663708791504 3.0773975097039674 4.2
      vertex 48.12482441433919 3.0974858943318657 4.2
    endloop
  endfacet
  facet normal -0.16041128085776007 -0.987050262637913 0
    outer loop
      vertex 48.62007965070574 3.03735102133103 2
      vertex 48.62007965070574 3.03735102133103 4.2
      vertex 48.373663708791504 3.0773975097039674 4.2
    endloop
  endfacet
  facet normal -0.23931566428756085 -0.9709418174260511 0
    outer loop
      vertex 48.862474138141 2.977606146057254 2
      vertex 48.862474138141 2.977606146057254 4.2
      vertex 48.62007965070574 3.03735102133103 4.2
    endloop
  endfacet
  facet normal -0.9991889981715693 -0.04026594010942165 0
    outer loop
      vertex 51.1 0 2
      vertex 51.1 0 4.2
      vertex 51.08994765521605 0.24944636302185022 2
    endloop
  endfacet
  facet normal -0.9927088740980547 -0.12053668025531626 0
    outer loop
      vertex 51.08994765521605 0.24944636302185022 2
      vertex 51.08994765521605 0.24944636302185022 4.2
      vertex 51.05985581417753 0.49727497065905674 2
    endloop
  endfacet
  facet normal -0.9797906520422663 -0.20002569377605034 0
    outer loop
      vertex 51.05985581417753 0.49727497065905674 2
      vertex 51.05985581417753 0.49727497065905674 4.2
      vertex 51.00991963402076 0.7418785592914291 2
    endloop
  endfacet
  facet normal -0.9605181116313724 -0.2782174639164527 0
    outer loop
      vertex 51.00991963402076 0.7418785592914291 2
      vertex 51.00991963402076 0.7418785592914291 4.2
      vertex 50.94046297003615 0.9816707807845647 2
    endloop
  endfacet
  facet normal -0.9350162426854131 -0.35460488704254045 0
    outer loop
      vertex 50.94046297003615 0.9816707807845647 2
      vertex 50.94046297003615 0.9816707807845647 4.2
      vertex 50.851936275342354 1.2150964905662327 2
    endloop
  endfacet
  facet normal -0.9991889981715693 -0.04026594010942165 0
    outer loop
      vertex 51.08994765521605 0.24944636302185022 2
      vertex 51.1 0 4.2
      vertex 51.08994765521605 0.24944636302185022 4.2
    endloop
  endfacet
  facet normal -0.9927088740980547 -0.12053668025531626 0
    outer loop
      vertex 51.05985581417753 0.49727497065905674 2
      vertex 51.08994765521605 0.24944636302185022 4.2
      vertex 51.05985581417753 0.49727497065905674 4.2
    endloop
  endfacet
  facet normal -0.9797906520422663 -0.20002569377605034 0
    outer loop
      vertex 51.00991963402076 0.7418785592914291 2
      vertex 51.05985581417753 0.49727497065905674 4.2
      vertex 51.00991963402076 0.7418785592914291 4.2
    endloop
  endfacet
  facet normal -0.9605181116313724 -0.2782174639164527 0
    outer loop
      vertex 50.94046297003615 0.9816707807845647 2
      vertex 51.00991963402076 0.7418785592914291 4.2
      vertex 50.94046297003615 0.9816707807845647 4.2
    endloop
  endfacet
  facet normal -0.9350162426854131 -0.35460488704254045 0
    outer loop
      vertex 50.851936275342354 1.2150964905662327 2
      vertex 50.94046297003615 0.9816707807845647 4.2
      vertex 50.851936275342354 1.2150964905662327 4.2
    endloop
  endfacet
  facet normal -0.9034504346103815 -0.42869256140305595 0
    outer loop
      vertex 50.851936275342354 1.2150964905662327 2
      vertex 50.851936275342354 1.2150964905662327 4.2
      vertex 50.74491367952495 1.4406418333356825 2
    endloop
  endfacet
  facet normal -0.866025403784438 -0.5000000000000013 0
    outer loop
      vertex 50.74491367952495 1.4406418333356825 2
      vertex 50.74491367952495 1.4406418333356825 4.2
      vertex 50.62008926518576 1.6568440609961832 2
    endloop
  endfacet
  facet normal -0.822983865893666 -0.5680647467311416 0
    outer loop
      vertex 50.47827256655086 1.8623010191377345 2
      vertex 50.62008926518576 1.6568440609961832 2
      vertex 50.62008926518576 1.6568440609961832 4.2
    endloop
  endfacet
  facet normal -0.9034504346103815 -0.42869256140305595 0
    outer loop
      vertex 50.74491367952495 1.4406418333356825 2
      vertex 50.851936275342354 1.2150964905662327 4.2
      vertex 50.74491367952495 1.4406418333356825 4.2
    endloop
  endfacet
  facet normal -0.866025403784438 -0.5000000000000013 0
    outer loop
      vertex 50.62008926518576 1.6568440609961832 2
      vertex 50.74491367952495 1.4406418333356825 4.2
      vertex 50.62008926518576 1.6568440609961832 4.2
    endloop
  endfacet
  facet normal -0.822983865893666 -0.5680647467311416 0
    outer loop
      vertex 50.47827256655086 1.8623010191377345 2
      vertex 50.62008926518576 1.6568440609961832 4.2
      vertex 50.47827256655086 1.8623010191377345 4.2
    endloop
  endfacet
  facet normal 0 0 -1
    outer loop
      vertex 51.05985581417753 -0.49727497065905657 4.2
      vertex 51.00991963402076 0.7418785592914291 4.2
      vertex 51.05985581417753 0.49727497065905674 4.2
    endloop
  endfacet
  facet normal 0 0 -1
    outer loop
      vertex 51.08994765521605 -0.24944636302185164 4.2
      vertex 51.05985581417753 0.49727497065905674 4.2
      vertex 51.08994765521605 0.24944636302185022 4.2
    endloop
  endfacet
  facet normal 0 0 -1
    outer loop
      vertex 51.00991963402076 -0.7418785592914302 4.2
      vertex 50.94046297003615 0.9816707807845647 4.2
      vertex 51.00991963402076 0.7418785592914291 4.2
    endloop
  endfacet
  facet normal 0 0 -1
    outer loop
      vertex 50.94046297003615 -0.9816707807845644 4.2
      vertex 50.851936275342354 1.2150964905662327 4.2
      vertex 50.94046297003615 0.9816707807845647 4.2
    endloop
  endfacet
  facet normal 0 0 -1
    outer loop
      vertex 50.851936275342354 -1.2150964905662336 4.2
      vertex 50.74491367952495 1.4406418333356825 4.2
      vertex 50.851936275342354 1.2150964905662327 4.2
    endloop
  endfacet
  facet normal 0 0 -1
    outer loop
      vertex 50.74491367952495 -1.4406418333356819 4.2
      vertex 50.62008926518576 1.6568440609961832 4.2
      vertex 50.74491367952495 1.4406418333356825 4.2
    endloop
  endfacet
  facet normal 0 0 -1
    outer loop
      vertex 50.62008926518576 -1.6568440609961839 4.2
      vertex 50.47827256655086 1.8623010191377345 4.2
      vertex 50.62008926518576 1.6568440609961832 4.2
    endloop
  endfacet
  facet normal -0.14706055229901124 -0.6918655022624521 -0.7068913075831633
    outer loop
      vertex 62.935543659361464 -4.269301195614385 0
      vertex 63.2359480182655 -4.333154113253715 0
      vertex 63.131759111665346 -4.92403876506104 0.6
    endloop
  endfacet
  facet normal -0.19496441792788113 -0.6799217271167369 -0.7068913075831643
    outer loop
      vertex 62.64032522475023 -4.1846486716986755 0
      vertex 62.935543659361464 -4.269301195614385 0
      vertex 62.79039052200166 -4.851478631379982 0.6
    endloop
  endfacet
  facet normal -0.0984402224418112 -0.7004385782272219 -0.7068913075831635
    outer loop
      vertex 63.2359480182655 -4.333154113253715 0
      vertex 63.54007476162232 -4.375896339620403 0
      vertex 63.47735768366173 -4.972609476841367 0.6
    endloop
  endfacet
  facet normal -0.04934030171605023 -0.7055991878467085 -0.7068913075831632
    outer loop
      vertex 63.54007476162232 -4.375896339620403 0
      vertex 63.846442214509 -4.397319638884022 0
      vertex 63.8255025164875 -4.9969541350954785 0.6
    endloop
  endfacet
  facet normal 0 -0.7073221891495881 -0.7068913075831633
    outer loop
      vertex 63.846442214509 -4.397319638884022 0
      vertex 64.153557785491 -4.397319638884022 0
      vertex 64.17449748351251 -4.9969541350954785 0.6
    endloop
  endfacet
  facet normal 0.04934030171605021 -0.7055991878467083 -0.7068913075831635
    outer loop
      vertex 64.153557785491 -4.397319638884022 0
      vertex 64.45992523837768 -4.375896339620403 0
      vertex 64.17449748351251 -4.9969541350954785 0.6
    endloop
  endfacet
  facet normal -0.0493403017160495 -0.7055991878467084 -0.7068913075831635
    outer loop
      vertex 63.54007476162232 -4.375896339620403 0
      vertex 63.8255025164875 -4.9969541350954785 0.6
      vertex 63.47735768366173 -4.972609476841367 0.6
    endloop
  endfacet
  facet normal -0.0984402224418114 -0.700438578227222 -0.7068913075831635
    outer loop
      vertex 63.2359480182655 -4.333154113253715 0
      vertex 63.47735768366173 -4.972609476841367 0.6
      vertex 63.131759111665346 -4.92403876506104 0.6
    endloop
  endfacet
  facet normal 0 -0.707322189149588 -0.7068913075831632
    outer loop
      vertex 63.846442214509 -4.397319638884022 0
      vertex 64.17449748351251 -4.9969541350954785 0.6
      vertex 63.8255025164875 -4.9969541350954785 0.6
    endloop
  endfacet
  facet normal -0.1949644179278867 -0.6799217271167369 -0.706891307583163
    outer loop
      vertex 62.64032522475023 -4.1846486716986755 0
      vertex 62.79039052200166 -4.851478631379982 0.6
      vertex 62.454915028125264 -4.755282581475767 0.6
    endloop
  endfacet
  facet normal -0.14706055229900855 -0.691865502262452 -0.7068913075831641
    outer loop
      vertex 62.935543659361464 -4.269301195614385 0
      vertex 63.131759111665346 -4.92403876506104 0.6
      vertex 62.79039052200166 -4.851478631379982 0.6
    endloop
  endfacet
  facet normal -0.2419184365103662 -0.6646654416620023 -0.706891307583164
    outer loop
      vertex 62.35173098896999 -4.079608960093865 0
      vertex 62.454915028125264 -4.755282581475767 0.6
      vertex 62.12696703292044 -4.635919272833937 0.6
    endloop
  endfacet
  facet normal -0.3320676535331921 -0.6245284242853362 -0.7068913075831639
    outer loop
      vertex 61.8 -3.81051177665153 0
      vertex 62.07116695412806 -3.9546938037163355 0
      vertex 61.80814426605461 -4.493970231495835 0.6
    endloop
  endfacet
  facet normal -0.3748236540499706 -0.599843235877504 -0.7068913075831625
    outer loop
      vertex 61.8 -3.81051177665153 0
      vertex 61.5 -4.330127018922193 0.6
      vertex 61.53955122472871 -3.6477653192421835 0
    endloop
  endfacet
  facet normal -0.4157535514013581 -0.5722356715205048 -0.7068913075831638
    outer loop
      vertex 61.20403548264626 -4.145187862775208 0.6
      vertex 61.291089508567104 -3.4672473158695767 0
      vertex 61.53955122472871 -3.6477653192421835 0
    endloop
  endfacet
  facet normal -0.24191843651037118 -0.6646654416620018 -0.7068913075831625
    outer loop
      vertex 62.35173098896999 -4.079608960093865 0
      vertex 62.64032522475023 -4.1846486716986755 0
      vertex 62.454915028125264 -4.755282581475767 0.6
    endloop
  endfacet
  facet normal -0.2876938527877269 -0.6461709729874271 -0.7068913075831641
    outer loop
      vertex 62.07116695412806 -3.9546938037163355 0
      vertex 62.35173098896999 -4.079608960093865 0
      vertex 62.12696703292044 -4.635919272833937 0.6
    endloop
  endfacet
  facet normal -0.2876938527877285 -0.6461709729874268 -0.7068913075831637
    outer loop
      vertex 62.07116695412806 -3.9546938037163355 0
      vertex 62.12696703292044 -4.635919272833937 0.6
      vertex 61.80814426605461 -4.493970231495835 0.6
    endloop
  endfacet
  facet normal -0.33206765353319667 -0.6245284242853351 -0.7068913075831625
    outer loop
      vertex 61.8 -3.81051177665153 0
      vertex 61.80814426605461 -4.493970231495835 0.6
      vertex 61.5 -4.330127018922193 0.6
    endloop
  endfacet
  facet normal -0.37482365404996604 -0.5998432358775052 -0.7068913075831637
    outer loop
      vertex 61.20403548264626 -4.145187862775208 0.6
      vertex 61.53955122472871 -3.6477653192421835 0
      vertex 61.5 -4.330127018922193 0.6
    endloop
  endfacet
  facet normal -0.4157535514013617 -0.5722356715205036 -0.7068913075831629
    outer loop
      vertex 60.92169262337171 -3.9400537680336094 0.6
      vertex 61.291089508567104 -3.4672473158695767 0
      vertex 61.20403548264626 -4.145187862775208 0.6
    endloop
  endfacet
  facet normal 0.09844022244181128 -0.7004385782272223 -0.7068913075831629
    outer loop
      vertex 64.45992523837768 -4.375896339620403 0
      vertex 64.7640519817345 -4.333154113253715 0
      vertex 64.52264231633826 -4.972609476841367 0.6
    endloop
  endfacet
  facet normal 0.1470605522990079 -0.6918655022624528 -0.7068913075831633
    outer loop
      vertex 64.7640519817345 -4.333154113253715 0
      vertex 65.06445634063854 -4.269301195614385 0
      vertex 64.86824088833465 -4.92403876506104 0.6
    endloop
  endfacet
  facet normal 0.19496441792788582 -0.6799217271167369 -0.7068913075831632
    outer loop
      vertex 65.06445634063854 -4.269301195614385 0
      vertex 65.35967477524977 -4.1846486716986755 0
      vertex 65.20960947799834 -4.851478631379982 0.6
    endloop
  endfacet
  facet normal 0.04934030171605151 -0.7055991878467085 -0.7068913075831632
    outer loop
      vertex 64.45992523837768 -4.375896339620403 0
      vertex 64.52264231633826 -4.972609476841367 0.6
      vertex 64.17449748351251 -4.9969541350954785 0.6
    endloop
  endfacet
  facet normal 0.09844022244180939 -0.7004385782272221 -0.7068913075831633
    outer loop
      vertex 64.7640519817345 -4.333154113253715 0
      vertex 64.86824088833465 -4.92403876506104 0.6
      vertex 64.52264231633826 -4.972609476841367 0.6
    endloop
  endfacet
  facet normal 0.14706055229900872 -0.6918655022624528 -0.7068913075831632
    outer loop
      vertex 65.06445634063854 -4.269301195614385 0
      vertex 65.20960947799834 -4.851478631379982 0.6
      vertex 64.86824088833465 -4.92403876506104 0.6
    endloop
  endfacet
  facet normal 0.1949644179278827 -0.679921727116737 -0.706891307583164
    outer loop
      vertex 65.20960947799834 -4.851478631379982 0.6
      vertex 65.35967477524977 -4.1846486716986755 0
      vertex 65.54508497187474 -4.755282581475767 0.6
    endloop
  endfacet
  facet normal 0.2419184365103657 -0.664665441662001 -0.7068913075831654
    outer loop
      vertex 65.64826901103001 -4.079608960093865 0
      vertex 65.87303296707957 -4.635919272833937 0.6
      vertex 65.54508497187474 -4.755282581475767 0.6
    endloop
  endfacet
  facet normal 0.2419184365103707 -0.6646654416620006 -0.7068913075831641
    outer loop
      vertex 65.35967477524977 -4.1846486716986755 0
      vertex 65.64826901103001 -4.079608960093865 0
      vertex 65.54508497187474 -4.755282581475767 0.6
    endloop
  endfacet
  facet normal 0.2876938527877262 -0.6461709729874254 -0.7068913075831658
    outer loop
      vertex 65.64826901103001 -4.079608960093865 0
      vertex 65.92883304587194 -3.9546938037163355 0
      vertex 65.87303296707957 -4.635919272833937 0.6
    endloop
  endfacet
  facet normal 0.3320676535331921 -0.6245284242853362 -0.7068913075831639
    outer loop
      vertex 65.92883304587194 -3.9546938037163355 0
      vertex 66.2 -3.81051177665153 0
      vertex 66.19185573394539 -4.493970231495835 0.6
    endloop
  endfacet
  facet normal 0.3748236540499706 -0.599843235877504 -0.7068913075831625
    outer loop
      vertex 66.2 -3.81051177665153 0
      vertex 66.46044877527129 -3.6477653192421835 0
      vertex 66.5 -4.330127018922193 0.6
    endloop
  endfacet
  facet normal 0.4157535514013503 -0.5722356715205102 -0.7068913075831639
    outer loop
      vertex 66.46044877527129 -3.6477653192421835 0
      vertex 66.7089104914329 -3.4672473158695767 0
      vertex 66.79596451735374 -4.145187862775208 0.6
    endloop
  endfacet
  facet normal 0.28769385278773385 -0.6461709729874243 -0.7068913075831639
    outer loop
      vertex 65.92883304587194 -3.9546938037163355 0
      vertex 66.19185573394539 -4.493970231495835 0.6
      vertex 65.87303296707957 -4.635919272833937 0.6
    endloop
  endfacet
  facet normal 0.33206765353319667 -0.6245284242853351 -0.7068913075831625
    outer loop
      vertex 66.2 -3.81051177665153 0
      vertex 66.5 -4.330127018922193 0.6
      vertex 66.19185573394539 -4.493970231495835 0.6
    endloop
  endfacet
  facet normal 0.374823654049966 -0.5998432358775052 -0.7068913075831637
    outer loop
      vertex 66.46044877527129 -3.6477653192421835 0
      vertex 66.79596451735374 -4.145187862775208 0.6
      vertex 66.5 -4.330127018922193 0.6
    endloop
  endfacet
  facet normal 0.4157535514013632 -0.5722356715205056 -0.7068913075831604
    outer loop
      vertex 66.79596451735374 -4.145187862775208 0.6
      vertex 66.7089104914329 -3.4672473158695767 0
      vertex 67.07830737662829 -3.9400537680336094 0.6
    endloop
  endfacet
  facet normal -0.45465793924171166 -0.5418402324927954 -0.7068913075831625
    outer loop
      vertex 60.92169262337171 -3.9400537680336094 0.6
      vertex 61.05582533202102 -3.269837232100535 0
      vertex 61.291089508567104 -3.4672473158695767 0
    endloop
  endfacet
  facet normal -0.49134727930414096 -0.5088050023179647 -0.7068913075831635
    outer loop
      vertex 60.83490487850993 -3.0564968300195883 0
      vertex 61.05582533202102 -3.269837232100535 0
      vertex 60.65434696820571 -3.715724127386971 0.6
    endloop
  endfacet
  facet normal -0.45465793924170955 -0.5418402324927964 -0.7068913075831632
    outer loop
      vertex 60.92169262337171 -3.9400537680336094 0.6
      vertex 60.65434696820571 -3.715724127386971 0.6
      vertex 61.05582533202102 -3.269837232100535 0
    endloop
  endfacet
  facet normal -0.49134727930414906 -0.5088050023179602 -0.7068913075831609
    outer loop
      vertex 60.83490487850993 -3.0564968300195883 0
      vertex 60.65434696820571 -3.715724127386971 0.6
      vertex 60.40330099830675 -3.4732918522949863 0.6
    endloop
  endfacet
  facet normal -0.5256428248118608 -0.4732909253167393 -0.7068913075831619
    outer loop
      vertex 60.16977778440511 -3.2139380484326963 0.6
      vertex 60.629404450276496 -2.828265482620773 0
      vertex 60.40330099830675 -3.4732918522949863 0.6
    endloop
  endfacet
  facet normal -0.5256428248118649 -0.47329092531673655 -0.7068913075831607
    outer loop
      vertex 60.629404450276496 -2.828265482620773 0
      vertex 60.83490487850993 -3.0564968300195883 0
      vertex 60.40330099830675 -3.4732918522949863 0.6
    endloop
  endfacet
  facet normal -0.5573774913145262 -0.43547102250240854 -0.7068913075831618
    outer loop
      vertex 60.16977778440511 -3.2139380484326963 0.6
      vertex 60.44032522475023 -2.586255110086882 0
      vertex 60.629404450276496 -2.828265482620773 0
    endloop
  endfacet
  facet normal -0.5863966707068876 -0.3955295486398489 -0.7068913075831639
    outer loop
      vertex 59.954915028125264 -2.938926261462366 0.6
      vertex 60.26858837691172 -2.3316447626261017 0
      vertex 60.44032522475023 -2.586255110086882 0
    endloop
  endfacet
  facet normal -0.5573774913145199 -0.43547102250241326 -0.7068913075831639
    outer loop
      vertex 60.16977778440511 -3.2139380484326963 0.6
      vertex 59.954915028125264 -2.938926261462366 0.6
      vertex 60.44032522475023 -2.586255110086882 0
    endloop
  endfacet
  facet normal -0.5863966707068972 -0.3955295486398408 -0.7068913075831608
    outer loop
      vertex 59.75975951921787 -2.6495963211660243 0.6
      vertex 60.26858837691172 -2.3316447626261017 0
      vertex 59.954915028125264 -2.938926261462366 0.6
    endloop
  endfacet
  facet normal 0.45465793924172976 -0.5418402324927843 -0.7068913075831597
    outer loop
      vertex 67.07830737662829 -3.9400537680336094 0.6
      vertex 66.7089104914329 -3.4672473158695767 0
      vertex 66.94417466797897 -3.269837232100535 0
    endloop
  endfacet
  facet normal 0.4913472793041326 -0.5088050023179724 -0.7068913075831635
    outer loop
      vertex 66.94417466797897 -3.269837232100535 0
      vertex 67.16509512149007 -3.0564968300195883 0
      vertex 67.34565303179428 -3.715724127386971 0.6
    endloop
  endfacet
  facet normal 0.45465793924171655 -0.5418402324927903 -0.7068913075831634
    outer loop
      vertex 67.07830737662829 -3.9400537680336094 0.6
      vertex 66.94417466797897 -3.269837232100535 0
      vertex 67.34565303179428 -3.715724127386971 0.6
    endloop
  endfacet
  facet normal 0.49134727930414207 -0.5088050023179673 -0.7068913075831608
    outer loop
      vertex 67.16509512149007 -3.0564968300195883 0
      vertex 67.59669900169325 -3.4732918522949863 0.6
      vertex 67.34565303179428 -3.715724127386971 0.6
    endloop
  endfacet
  facet normal 0.5256428248118608 -0.47329092531673916 -0.706891307583162
    outer loop
      vertex 67.3705955497235 -2.828265482620773 0
      vertex 67.83022221559489 -3.2139380484326963 0.6
      vertex 67.59669900169325 -3.4732918522949863 0.6
    endloop
  endfacet
  facet normal 0.5256428248118649 -0.47329092531673655 -0.7068913075831607
    outer loop
      vertex 67.16509512149007 -3.0564968300195883 0
      vertex 67.3705955497235 -2.828265482620773 0
      vertex 67.59669900169325 -3.4732918522949863 0.6
    endloop
  endfacet
  facet normal 0.557377491314518 -0.4354710225024186 -0.7068913075831619
    outer loop
      vertex 67.3705955497235 -2.828265482620773 0
      vertex 67.55967477524977 -2.586255110086882 0
      vertex 67.83022221559489 -3.2139380484326963 0.6
    endloop
  endfacet
  facet normal 0.5863966707068954 -0.39552954863983775 -0.7068913075831638
    outer loop
      vertex 67.55967477524977 -2.586255110086882 0
      vertex 67.73141162308828 -2.3316447626261017 0
      vertex 68.04508497187474 -2.938926261462366 0.6
    endloop
  endfacet
  facet normal 0.557377491314513 -0.43547102250242237 -0.7068913075831635
    outer loop
      vertex 67.55967477524977 -2.586255110086882 0
      vertex 68.04508497187474 -2.938926261462366 0.6
      vertex 67.83022221559489 -3.2139380484326963 0.6
    endloop
  endfacet
  facet normal 0.5863966707068942 -0.3955295486398388 -0.7068913075831641
    outer loop
      vertex 68.04508497187474 -2.938926261462366 0.6
      vertex 67.73141162308828 -2.3316447626261017 0
      vertex 68.24024048078213 -2.6495963211660243 0.6
    endloop
  endfacet
  facet normal -0.6357369724229431 -0.31006963920686453 -0.7068913075831638
    outer loop
      vertex 59.980399986372554 -1.7896412295335211 0
      vertex 59.58526203570536 -2.347357813929454 0.6
      vertex 59.43227271178699 -2.033683215379001 0.6
    endloop
  endfacet
  facet normal -0.6727033771108726 -0.21857457694571022 -0.706891307583161
    outer loop
      vertex 59.865352468542 -1.5048886306329425 0
      vertex 59.30153689607046 -1.7101007166283435 0.6
      vertex 59.770448537871395 -1.2128043655947964 0
    endloop
  endfacet
  facet normal -0.6558177137563378 -0.264967555724807 -0.7068913075831612
    outer loop
      vertex 59.865352468542 -1.5048886306329425 0
      vertex 59.43227271178699 -2.033683215379001 0.6
      vertex 59.30153689607046 -1.7101007166283435 0.6
    endloop
  endfacet
  facet normal -0.6727033771108687 -0.21857457694571622 -0.7068913075831629
    outer loop
      vertex 59.30153689607046 -1.7101007166283435 0.6
      vertex 59.193691520308406 -1.3781867790849958 0.6
      vertex 59.770448537871395 -1.2128043655947964 0
    endloop
  endfacet
  facet normal -0.6863116972320302 -0.17111672479876622 -0.7068913075831627
    outer loop
      vertex 59.193691520308406 -1.3781867790849958 0.6
      vertex 59.69615055677126 -0.9148114395981412 0
      vertex 59.770448537871395 -1.2128043655947964 0
    endloop
  endfacet
  facet normal -0.6965763757520773 -0.12282520916922222 -0.7068913075831657
    outer loop
      vertex 59.69615055677126 -0.9148114395981412 0
      vertex 59.10926199633097 -1.0395584540887968 0.6
      vertex 59.64282049753709 -0.612361644224288 0
    endloop
  endfacet
  facet normal -0.6863116972320251 -0.17111672479877488 -0.7068913075831653
    outer loop
      vertex 59.193691520308406 -1.3781867790849958 0.6
      vertex 59.10926199633097 -1.0395584540887968 0.6
      vertex 59.69615055677126 -0.9148114395981412 0
    endloop
  endfacet
  facet normal -0.6965763757520802 -0.12282520916921616 -0.7068913075831639
    outer loop
      vertex 59.64282049753709 -0.612361644224288 0
      vertex 59.10926199633097 -1.0395584540887968 0.6
      vertex 59.048659656292145 -0.6958655048003272 0.6
    endloop
  endfacet
  facet normal -0.7034474041890844 -0.0739353014669159 -0.7068913075831639
    outer loop
      vertex 59.61071817885677 -0.30692848447415133 0
      vertex 59.64282049753709 -0.612361644224288 0
      vertex 59.048659656292145 -0.6958655048003272 0.6
    endloop
  endfacet
  facet normal 0 0 -1
    outer loop
      vertex 59.770448537871395 -1.2128043655947964 0
      vertex 59.69615055677126 -0.9148114395981412 0
      vertex 59.770448537871395 1.2128043655947964 0
    endloop
  endfacet
  facet normal 0 0 -1
    outer loop
      vertex 59.69615055677126 -0.9148114395981412 0
      vertex 59.64282049753709 -0.612361644224288 0
      vertex 59.69615055677126 0.9148114395981412 0
    endloop
  endfacet
  facet normal 0 0 -1
    outer loop
      vertex 59.61071817885677 -0.30692848447415133 0
      vertex 59.64282049753709 0.612361644224288 0
      vertex 59.64282049753709 -0.612361644224288 0
    endloop
  endfacet
  facet normal -0.706891307583163 -0.02468518840782431 -0.7068913075831648
    outer loop
      vertex 59.61071817885677 -0.30692848447415133 0
      vertex 59 0 0.6
      vertex 59.6 0 0
    endloop
  endfacet
  facet normal -0.7034474041890874 -0.07393530146690852 -0.7068913075831618
    outer loop
      vertex 59.61071817885677 -0.30692848447415133 0
      vertex 59.048659656292145 -0.6958655048003272 0.6
      vertex 59.01217974870088 -0.3487823687206265 0.6
    endloop
  endfacet
  facet normal -0.7068913075831657 -0.024685188407835377 -0.7068913075831617
    outer loop
      vertex 59.61071817885677 -0.30692848447415133 0
      vertex 59.01217974870088 -0.3487823687206265 0.6
      vertex 59 0 0.6
    endloop
  endfacet
  facet normal -0.6125589844639686 -0.35366109457479356 -0.7068913075831604
    outer loop
      vertex 59.75975951921787 -2.6495963211660243 0.6
      vertex 60.11503059142072 -2.0656748762579196 0
      vertex 60.26858837691172 -2.3316447626261017 0
    endloop
  endfacet
  facet normal -0.6357369724229418 -0.3100696392068661 -0.7068913075831642
    outer loop
      vertex 60.11503059142072 -2.0656748762579196 0
      vertex 59.58526203570536 -2.347357813929454 0.6
      vertex 59.980399986372554 -1.7896412295335211 0
    endloop
  endfacet
  facet normal -0.6125589844639591 -0.3536610945748031 -0.7068913075831641
    outer loop
      vertex 59.75975951921787 -2.6495963211660243 0.6
      vertex 59.58526203570536 -2.347357813929454 0.6
      vertex 60.11503059142072 -2.0656748762579196 0
    endloop
  endfacet
  facet normal -0.655817713756332 -0.2649675557248146 -0.7068913075831637
    outer loop
      vertex 59.865352468542 -1.5048886306329425 0
      vertex 59.980399986372554 -1.7896412295335211 0
      vertex 59.43227271178699 -2.033683215379001 0.6
    endloop
  endfacet
  facet normal 0 0 -1
    outer loop
      vertex 61.8 -3.81051177665153 0
      vertex 62.07116695412806 3.9546938037163355 0
      vertex 62.07116695412806 -3.9546938037163355 0
    endloop
  endfacet
  facet normal 0 0 -1
    outer loop
      vertex 62.935543659361464 -4.269301195614385 0
      vertex 63.2359480182655 4.333154113253715 0
      vertex 63.2359480182655 -4.333154113253715 0
    endloop
  endfacet
  facet normal 0 0 -1
    outer loop
      vertex 62.35173098896999 -4.079608960093865 0
      vertex 62.64032522475023 4.1846486716986755 0
      vertex 62.64032522475023 -4.1846486716986755 0
    endloop
  endfacet
  facet normal 0 0 -1
    outer loop
      vertex 62.07116695412806 -3.9546938037163355 0
      vertex 62.35173098896999 4.079608960093865 0
      vertex 62.35173098896999 -4.079608960093865 0
    endloop
  endfacet
  facet normal 0 0 -1
    outer loop
      vertex 62.64032522475023 -4.1846486716986755 0
      vertex 62.935543659361464 4.269301195614385 0
      vertex 62.935543659361464 -4.269301195614385 0
    endloop
  endfacet
  facet normal 0 0 -1
    outer loop
      vertex 63.2359480182655 -4.333154113253715 0
      vertex 63.54007476162232 4.375896339620403 0
      vertex 63.54007476162232 -4.375896339620403 0
    endloop
  endfacet
  facet normal 0 0 -1
    outer loop
      vertex 63.54007476162232 -4.375896339620403 0
      vertex 63.846442214509 4.397319638884022 0
      vertex 63.846442214509 -4.397319638884022 0
    endloop
  endfacet
  facet normal 0 0 -1
    outer loop
      vertex 63.846442214509 -4.397319638884022 0
      vertex 64.153557785491 4.397319638884022 0
      vertex 64.153557785491 -4.397319638884022 0
    endloop
  endfacet
  facet normal 0 0 -1
    outer loop
      vertex 64.153557785491 -4.397319638884022 0
      vertex 64.45992523837768 4.375896339620403 0
      vertex 64.45992523837768 -4.375896339620403 0
    endloop
  endfacet
  facet normal 0.6125589844639655 -0.3536610945747919 -0.7068913075831641
    outer loop
      vertex 68.24024048078213 -2.6495963211660243 0.6
      vertex 67.73141162308828 -2.3316447626261017 0
      vertex 67.88496940857928 -2.0656748762579196 0
    endloop
  endfacet
  facet normal 0.6357369724229518 -0.3100696392068546 -0.7068913075831602
    outer loop
      vertex 67.88496940857928 -2.0656748762579196 0
      vertex 68.01960001362744 -1.7896412295335211 0
      vertex 68.41473796429463 -2.347357813929454 0.6
    endloop
  endfacet
  facet normal 0.6125589844639742 -0.3536610945747831 -0.7068913075831608
    outer loop
      vertex 68.24024048078213 -2.6495963211660243 0.6
      vertex 67.88496940857928 -2.0656748762579196 0
      vertex 68.41473796429463 -2.347357813929454 0.6
    endloop
  endfacet
  facet normal 0.6357369724229343 -0.31006963920687464 -0.7068913075831673
    outer loop
      vertex 68.01960001362744 -1.7896412295335211 0
      vertex 68.567727288213 -2.033683215379001 0.6
      vertex 68.41473796429463 -2.347357813929454 0.6
    endloop
  endfacet
  facet normal 0 0 -1
    outer loop
      vertex 64.45992523837768 -4.375896339620403 0
      vertex 64.7640519817345 4.333154113253715 0
      vertex 64.7640519817345 -4.333154113253715 0
    endloop
  endfacet
  facet normal 0 0 -1
    outer loop
      vertex 64.7640519817345 -4.333154113253715 0
      vertex 65.06445634063854 4.269301195614385 0
      vertex 65.06445634063854 -4.269301195614385 0
    endloop
  endfacet
  facet normal 0 0 -1
    outer loop
      vertex 65.06445634063854 -4.269301195614385 0
      vertex 65.35967477524977 4.1846486716986755 0
      vertex 65.35967477524977 -4.1846486716986755 0
    endloop
  endfacet
  facet normal 0 0 -1
    outer loop
      vertex 65.35967477524977 -4.1846486716986755 0
      vertex 65.64826901103001 4.079608960093865 0
      vertex 65.64826901103001 -4.079608960093865 0
    endloop
  endfacet
  facet normal 0 0 -1
    outer loop
      vertex 65.64826901103001 -4.079608960093865 0
      vertex 65.92883304587194 3.9546938037163355 0
      vertex 65.92883304587194 -3.9546938037163355 0
    endloop
  endfacet
  facet normal 0 0 -1
    outer loop
      vertex 65.92883304587194 -3.9546938037163355 0
      vertex 66.2 3.81051177665153 0
      vertex 66.2 -3.81051177665153 0
    endloop
  endfacet
  facet normal 0 0 -1
    outer loop
      vertex 66.2 -3.81051177665153 0
      vertex 66.46044877527129 3.6477653192421835 0
      vertex 66.46044877527129 -3.6477653192421835 0
    endloop
  endfacet
  facet normal 0.6558177137563226 -0.2649675557248271 -0.7068913075831679
    outer loop
      vertex 68.01960001362744 -1.7896412295335211 0
      vertex 68.134647531458 -1.5048886306329425 0
      vertex 68.567727288213 -2.033683215379001 0.6
    endloop
  endfacet
  facet normal 0.6727033771108776 -0.21857457694569551 -0.7068913075831607
    outer loop
      vertex 68.134647531458 -1.5048886306329425 0
      vertex 68.2295514621286 -1.2128043655947964 0
      vertex 68.69846310392954 -1.7101007166283435 0.6
    endloop
  endfacet
  facet normal 0.6558177137563378 -0.264967555724807 -0.7068913075831612
    outer loop
      vertex 68.134647531458 -1.5048886306329425 0
      vertex 68.69846310392954 -1.7101007166283435 0.6
      vertex 68.567727288213 -2.033683215379001 0.6
    endloop
  endfacet
  facet normal 0.6727033771108648 -0.218574576945715 -0.7068913075831669
    outer loop
      vertex 68.69846310392954 -1.7101007166283435 0.6
      vertex 68.2295514621286 -1.2128043655947964 0
      vertex 68.8063084796916 -1.3781867790849958 0.6
    endloop
  endfacet
  facet normal 0 0 -1
    outer loop
      vertex 60.629404450276496 -2.828265482620773 0
      vertex 60.83490487850993 3.0564968300195883 0
      vertex 60.83490487850993 -3.0564968300195883 0
    endloop
  endfacet
  facet normal 0 0 -1
    outer loop
      vertex 61.291089508567104 -3.4672473158695767 0
      vertex 61.53955122472871 3.6477653192421835 0
      vertex 61.53955122472871 -3.6477653192421835 0
    endloop
  endfacet
  facet normal 0 0 -1
    outer loop
      vertex 61.8 -3.81051177665153 0
      vertex 61.53955122472871 -3.6477653192421835 0
      vertex 61.8 3.81051177665153 0
    endloop
  endfacet
  facet normal 0 0 -1
    outer loop
      vertex 60.83490487850993 -3.0564968300195883 0
      vertex 61.05582533202102 3.269837232100535 0
      vertex 61.05582533202102 -3.269837232100535 0
    endloop
  endfacet
  facet normal 0 0 -1
    outer loop
      vertex 61.05582533202102 -3.269837232100535 0
      vertex 61.291089508567104 3.4672473158695767 0
      vertex 61.291089508567104 -3.4672473158695767 0
    endloop
  endfacet
  facet normal 0 0 -1
    outer loop
      vertex 60.44032522475023 -2.586255110086882 0
      vertex 60.629404450276496 2.828265482620773 0
      vertex 60.629404450276496 -2.828265482620773 0
    endloop
  endfacet
  facet normal 0 0 -1
    outer loop
      vertex 60.11503059142072 -2.0656748762579196 0
      vertex 60.26858837691172 2.3316447626261017 0
      vertex 60.26858837691172 -2.3316447626261017 0
    endloop
  endfacet
  facet normal 0 0 -1
    outer loop
      vertex 60.44032522475023 -2.586255110086882 0
      vertex 60.26858837691172 -2.3316447626261017 0
      vertex 60.44032522475023 2.586255110086882 0
    endloop
  endfacet
  facet normal 0 0 -1
    outer loop
      vertex 60.11503059142072 -2.0656748762579196 0
      vertex 59.980399986372554 -1.7896412295335211 0
      vertex 60.11503059142072 2.0656748762579196 0
    endloop
  endfacet
  facet normal 0 0 -1
    outer loop
      vertex 59.865352468542 -1.5048886306329425 0
      vertex 59.980399986372554 1.7896412295335211 0
      vertex 59.980399986372554 -1.7896412295335211 0
    endloop
  endfacet
  facet normal 0 0 -1
    outer loop
      vertex 59.865352468542 -1.5048886306329425 0
      vertex 59.770448537871395 -1.2128043655947964 0
      vertex 59.865352468542 1.5048886306329425 0
    endloop
  endfacet
  facet normal 0 0 -1
    outer loop
      vertex 66.46044877527129 -3.6477653192421835 0
      vertex 66.7089104914329 3.4672473158695767 0
      vertex 66.7089104914329 -3.4672473158695767 0
    endloop
  endfacet
  facet normal 0 0 -1
    outer loop
      vertex 66.7089104914329 -3.4672473158695767 0
      vertex 66.94417466797897 3.269837232100535 0
      vertex 66.94417466797897 -3.269837232100535 0
    endloop
  endfacet
  facet normal 0 0 -1
    outer loop
      vertex 66.94417466797897 -3.269837232100535 0
      vertex 67.16509512149007 3.0564968300195883 0
      vertex 67.16509512149007 -3.0564968300195883 0
    endloop
  endfacet
  facet normal 0 0 -1
    outer loop
      vertex 67.16509512149007 -3.0564968300195883 0
      vertex 67.3705955497235 2.828265482620773 0
      vertex 67.3705955497235 -2.828265482620773 0
    endloop
  endfacet
  facet normal 0 0 -1
    outer loop
      vertex 67.3705955497235 -2.828265482620773 0
      vertex 67.55967477524977 2.586255110086882 0
      vertex 67.55967477524977 -2.586255110086882 0
    endloop
  endfacet
  facet normal 0.686311697232022 -0.17111672479878057 -0.706891307583167
    outer loop
      vertex 68.8063084796916 -1.3781867790849958 0.6
      vertex 68.2295514621286 -1.2128043655947964 0
      vertex 68.30384944322874 -0.9148114395981412 0
    endloop
  endfacet
  facet normal 0 0 -1
    outer loop
      vertex 67.55967477524977 -2.586255110086882 0
      vertex 67.73141162308828 2.3316447626261017 0
      vertex 67.73141162308828 -2.3316447626261017 0
    endloop
  endfacet
  facet normal 0 0 -1
    outer loop
      vertex 67.73141162308828 -2.3316447626261017 0
      vertex 67.88496940857928 2.0656748762579196 0
      vertex 67.88496940857928 -2.0656748762579196 0
    endloop
  endfacet
  facet normal 0 0 -1
    outer loop
      vertex 67.88496940857928 -2.0656748762579196 0
      vertex 68.01960001362744 1.7896412295335211 0
      vertex 68.01960001362744 -1.7896412295335211 0
    endloop
  endfacet
  facet normal 0.6965763757520773 -0.12282520916922222 -0.7068913075831657
    outer loop
      vertex 68.30384944322874 -0.9148114395981412 0
      vertex 68.35717950246291 -0.612361644224288 0
      vertex 68.89073800366903 -1.0395584540887968 0.6
    endloop
  endfacet
  facet normal 0.6863116972320251 -0.17111672479877488 -0.7068913075831653
    outer loop
      vertex 68.8063084796916 -1.3781867790849958 0.6
      vertex 68.30384944322874 -0.9148114395981412 0
      vertex 68.89073800366903 -1.0395584540887968 0.6
    endloop
  endfacet
  facet normal 0.6965763757520802 -0.12282520916921616 -0.7068913075831639
    outer loop
      vertex 68.35717950246291 -0.612361644224288 0
      vertex 68.95134034370786 -0.6958655048003272 0.6
      vertex 68.89073800366903 -1.0395584540887968 0.6
    endloop
  endfacet
  facet normal 0 0 -1
    outer loop
      vertex 68.01960001362744 -1.7896412295335211 0
      vertex 68.134647531458 1.5048886306329425 0
      vertex 68.134647531458 -1.5048886306329425 0
    endloop
  endfacet
  facet normal 0 0 -1
    outer loop
      vertex 68.134647531458 -1.5048886306329425 0
      vertex 68.2295514621286 1.2128043655947964 0
      vertex 68.2295514621286 -1.2128043655947964 0
    endloop
  endfacet
  facet normal 0 0 -1
    outer loop
      vertex 68.2295514621286 -1.2128043655947964 0
      vertex 68.30384944322874 0.9148114395981412 0
      vertex 68.30384944322874 -0.9148114395981412 0
    endloop
  endfacet
  facet normal 0.7034474041890844 -0.0739353014669159 -0.7068913075831639
    outer loop
      vertex 68.35717950246291 -0.612361644224288 0
      vertex 68.38928182114323 -0.30692848447415133 0
      vertex 68.95134034370786 -0.6958655048003272 0.6
    endloop
  endfacet
  facet normal 0 0 -1
    outer loop
      vertex 68.30384944322874 -0.9148114395981412 0
      vertex 68.35717950246291 0.612361644224288 0
      vertex 68.35717950246291 -0.612361644224288 0
    endloop
  endfacet
  facet normal 0 0 -1
    outer loop
      vertex 68.35717950246291 -0.612361644224288 0
      vertex 68.38928182114323 0.30692848447415133 0
      vertex 68.38928182114323 -0.30692848447415133 0
    endloop
  endfacet
  facet normal 0.7068913075831668 -0.024685188407840803 -0.7068913075831601
    outer loop
      vertex 68.38928182114323 -0.30692848447415133 0
      vertex 68.4 0 0
      vertex 69 0 0.6
    endloop
  endfacet
  facet normal 0.7034474041890819 -0.0739353014669222 -0.7068913075831657
    outer loop
      vertex 68.38928182114323 -0.30692848447415133 0
      vertex 68.98782025129913 -0.3487823687206265 0.6
      vertex 68.95134034370786 -0.6958655048003272 0.6
    endloop
  endfacet
  facet normal 0.7068913075831622 -0.024685188407821006 -0.7068913075831655
    outer loop
      vertex 68.38928182114323 -0.30692848447415133 0
      vertex 69 0 0.6
      vertex 68.98782025129913 -0.3487823687206265 0.6
    endloop
  endfacet
  facet normal 0 0 -1
    outer loop
      vertex 59.61071817885677 -0.30692848447415133 0
      vertex 59.6 0 0
      vertex 59.61071817885677 0.30692848447415133 0
    endloop
  endfacet
  facet normal 0 0 -1
    outer loop
      vertex 59.61071817885677 -0.30692848447415133 0
      vertex 59.61071817885677 0.30692848447415133 0
      vertex 59.64282049753709 0.612361644224288 0
    endloop
  endfacet
  facet normal 0 0 -1
    outer loop
      vertex 59.64282049753709 -0.612361644224288 0
      vertex 59.64282049753709 0.612361644224288 0
      vertex 59.69615055677126 0.9148114395981412 0
    endloop
  endfacet
  facet normal -0.706891307583163 0.02468518840782431 -0.7068913075831648
    outer loop
      vertex 59.6 0 0
      vertex 59 0 0.6
      vertex 59.61071817885677 0.30692848447415133 0
    endloop
  endfacet
  facet normal 0 0 -1
    outer loop
      vertex 59.69615055677126 -0.9148114395981412 0
      vertex 59.69615055677126 0.9148114395981412 0
      vertex 59.770448537871395 1.2128043655947964 0
    endloop
  endfacet
  facet normal -0.7034474041890844 0.0739353014669159 -0.7068913075831639
    outer loop
      vertex 59.61071817885677 0.30692848447415133 0
      vertex 59.048659656292145 0.6958655048003272 0.6
      vertex 59.64282049753709 0.612361644224288 0
    endloop
  endfacet
  facet normal -0.7068913075831657 0.024685188407835377 -0.7068913075831617
    outer loop
      vertex 59.61071817885677 0.30692848447415133 0
      vertex 59 0 0.6
      vertex 59.01217974870088 0.3487823687206265 0.6
    endloop
  endfacet
  facet normal -0.7034474041890874 0.07393530146690852 -0.7068913075831618
    outer loop
      vertex 59.61071817885677 0.30692848447415133 0
      vertex 59.01217974870088 0.3487823687206265 0.6
      vertex 59.048659656292145 0.6958655048003272 0.6
    endloop
  endfacet
  facet normal -0.6965763757520773 0.12282520916922222 -0.7068913075831657
    outer loop
      vertex 59.64282049753709 0.612361644224288 0
      vertex 59.10926199633097 1.0395584540887968 0.6
      vertex 59.69615055677126 0.9148114395981412 0
    endloop
  endfacet
  facet normal -0.68631169723203 0.17111672479876616 -0.7068913075831627
    outer loop
      vertex 59.69615055677126 0.9148114395981412 0
      vertex 59.193691520308406 1.3781867790849958 0.6
      vertex 59.770448537871395 1.2128043655947964 0
    endloop
  endfacet
  facet normal -0.6965763757520802 0.12282520916921616 -0.7068913075831639
    outer loop
      vertex 59.64282049753709 0.612361644224288 0
      vertex 59.048659656292145 0.6958655048003272 0.6
      vertex 59.10926199633097 1.0395584540887968 0.6
    endloop
  endfacet
  facet normal -0.6863116972320252 0.17111672479877488 -0.7068913075831653
    outer loop
      vertex 59.69615055677126 0.9148114395981412 0
      vertex 59.10926199633097 1.0395584540887968 0.6
      vertex 59.193691520308406 1.3781867790849958 0.6
    endloop
  endfacet
  facet normal -0.6727033771108726 0.21857457694571022 -0.706891307583161
    outer loop
      vertex 59.770448537871395 1.2128043655947964 0
      vertex 59.30153689607046 1.7101007166283435 0.6
      vertex 59.865352468542 1.5048886306329425 0
    endloop
  endfacet
  facet normal -0.6727033771108685 0.21857457694571633 -0.7068913075831629
    outer loop
      vertex 59.770448537871395 1.2128043655947964 0
      vertex 59.193691520308406 1.3781867790849958 0.6
      vertex 59.30153689607046 1.7101007166283435 0.6
    endloop
  endfacet
  facet normal -0.6558177137563378 0.264967555724807 -0.7068913075831612
    outer loop
      vertex 59.865352468542 1.5048886306329425 0
      vertex 59.30153689607046 1.7101007166283435 0.6
      vertex 59.43227271178699 2.033683215379001 0.6
    endloop
  endfacet
  facet normal -0.6357369724229431 0.31006963920686453 -0.7068913075831638
    outer loop
      vertex 59.980399986372554 1.7896412295335211 0
      vertex 59.43227271178699 2.033683215379001 0.6
      vertex 59.58526203570536 2.347357813929454 0.6
    endloop
  endfacet
  facet normal 0 0 -1
    outer loop
      vertex 59.770448537871395 -1.2128043655947964 0
      vertex 59.770448537871395 1.2128043655947964 0
      vertex 59.865352468542 1.5048886306329425 0
    endloop
  endfacet
  facet normal 0 0 -1
    outer loop
      vertex 59.865352468542 -1.5048886306329425 0
      vertex 59.865352468542 1.5048886306329425 0
      vertex 59.980399986372554 1.7896412295335211 0
    endloop
  endfacet
  facet normal 0 0 -1
    outer loop
      vertex 59.980399986372554 -1.7896412295335211 0
      vertex 59.980399986372554 1.7896412295335211 0
      vertex 60.11503059142072 2.0656748762579196 0
    endloop
  endfacet
  facet normal 0 0 -1
    outer loop
      vertex 60.11503059142072 -2.0656748762579196 0
      vertex 60.11503059142072 2.0656748762579196 0
      vertex 60.26858837691172 2.3316447626261017 0
    endloop
  endfacet
  facet normal 0 0 -1
    outer loop
      vertex 60.26858837691172 -2.3316447626261017 0
      vertex 60.26858837691172 2.3316447626261017 0
      vertex 60.44032522475023 2.586255110086882 0
    endloop
  endfacet
  facet normal 0 0 -1
    outer loop
      vertex 60.44032522475023 -2.586255110086882 0
      vertex 60.44032522475023 2.586255110086882 0
      vertex 60.629404450276496 2.828265482620773 0
    endloop
  endfacet
  facet normal 0 0 -1
    outer loop
      vertex 60.629404450276496 -2.828265482620773 0
      vertex 60.629404450276496 2.828265482620773 0
      vertex 60.83490487850993 3.0564968300195883 0
    endloop
  endfacet
  facet normal 0 0 -1
    outer loop
      vertex 60.83490487850993 -3.0564968300195883 0
      vertex 60.83490487850993 3.0564968300195883 0
      vertex 61.05582533202102 3.269837232100535 0
    endloop
  endfacet
  facet normal 0 0 -1
    outer loop
      vertex 61.05582533202102 -3.269837232100535 0
      vertex 61.05582533202102 3.269837232100535 0
      vertex 61.291089508567104 3.4672473158695767 0
    endloop
  endfacet
  facet normal 0 0 -1
    outer loop
      vertex 61.291089508567104 -3.4672473158695767 0
      vertex 61.291089508567104 3.4672473158695767 0
      vertex 61.53955122472871 3.6477653192421835 0
    endloop
  endfacet
  facet normal 0 0 -1
    outer loop
      vertex 68.38928182114323 -0.30692848447415133 0
      vertex 68.38928182114323 0.30692848447415133 0
      vertex 68.4 0 0
    endloop
  endfacet
  facet normal 0 0 -1
    outer loop
      vertex 68.35717950246291 -0.612361644224288 0
      vertex 68.35717950246291 0.612361644224288 0
      vertex 68.38928182114323 0.30692848447415133 0
    endloop
  endfacet
  facet normal 0 0 -1
    outer loop
      vertex 68.30384944322874 -0.9148114395981412 0
      vertex 68.30384944322874 0.9148114395981412 0
      vertex 68.35717950246291 0.612361644224288 0
    endloop
  endfacet
  facet normal 0 0 -1
    outer loop
      vertex 68.2295514621286 -1.2128043655947964 0
      vertex 68.2295514621286 1.2128043655947964 0
      vertex 68.30384944322874 0.9148114395981412 0
    endloop
  endfacet
  facet normal 0.7068913075831668 0.024685188407840803 -0.7068913075831601
    outer loop
      vertex 68.4 0 0
      vertex 68.38928182114323 0.30692848447415133 0
      vertex 69 0 0.6
    endloop
  endfacet
  facet normal 0 0 -1
    outer loop
      vertex 68.134647531458 -1.5048886306329425 0
      vertex 68.134647531458 1.5048886306329425 0
      vertex 68.2295514621286 1.2128043655947964 0
    endloop
  endfacet
  facet normal 0 0 -1
    outer loop
      vertex 68.01960001362744 -1.7896412295335211 0
      vertex 68.01960001362744 1.7896412295335211 0
      vertex 68.134647531458 1.5048886306329425 0
    endloop
  endfacet
  facet normal 0 0 -1
    outer loop
      vertex 67.88496940857928 -2.0656748762579196 0
      vertex 67.88496940857928 2.0656748762579196 0
      vertex 68.01960001362744 1.7896412295335211 0
    endloop
  endfacet
  facet normal 0.7034474041890844 0.0739353014669159 -0.7068913075831639
    outer loop
      vertex 68.35717950246291 0.612361644224288 0
      vertex 68.95134034370786 0.6958655048003272 0.6
      vertex 68.38928182114323 0.30692848447415133 0
    endloop
  endfacet
  facet normal 0.7068913075831622 0.024685188407821006 -0.7068913075831655
    outer loop
      vertex 68.38928182114323 0.30692848447415133 0
      vertex 68.98782025129913 0.3487823687206265 0.6
      vertex 69 0 0.6
    endloop
  endfacet
  facet normal 0.7034474041890819 0.0739353014669222 -0.7068913075831657
    outer loop
      vertex 68.38928182114323 0.30692848447415133 0
      vertex 68.95134034370786 0.6958655048003272 0.6
      vertex 68.98782025129913 0.3487823687206265 0.6
    endloop
  endfacet
  facet normal 0 0 -1
    outer loop
      vertex 66.46044877527129 -3.6477653192421835 0
      vertex 66.46044877527129 3.6477653192421835 0
      vertex 66.7089104914329 3.4672473158695767 0
    endloop
  endfacet
  facet normal 0 0 -1
    outer loop
      vertex 66.2 -3.81051177665153 0
      vertex 66.2 3.81051177665153 0
      vertex 66.46044877527129 3.6477653192421835 0
    endloop
  endfacet
  facet normal 0 0 -1
    outer loop
      vertex 67.73141162308828 -2.3316447626261017 0
      vertex 67.73141162308828 2.3316447626261017 0
      vertex 67.88496940857928 2.0656748762579196 0
    endloop
  endfacet
  facet normal 0 0 -1
    outer loop
      vertex 67.55967477524977 -2.586255110086882 0
      vertex 67.55967477524977 2.586255110086882 0
      vertex 67.73141162308828 2.3316447626261017 0
    endloop
  endfacet
  facet normal 0 0 -1
    outer loop
      vertex 67.3705955497235 -2.828265482620773 0
      vertex 67.3705955497235 2.828265482620773 0
      vertex 67.55967477524977 2.586255110086882 0
    endloop
  endfacet
  facet normal 0.6965763757520773 0.12282520916922222 -0.7068913075831657
    outer loop
      vertex 68.35717950246291 0.612361644224288 0
      vertex 68.30384944322874 0.9148114395981412 0
      vertex 68.89073800366903 1.0395584540887968 0.6
    endloop
  endfacet
  facet normal 0 0 -1
    outer loop
      vertex 67.16509512149007 -3.0564968300195883 0
      vertex 67.16509512149007 3.0564968300195883 0
      vertex 67.3705955497235 2.828265482620773 0
    endloop
  endfacet
  facet normal 0 0 -1
    outer loop
      vertex 66.7089104914329 -3.4672473158695767 0
      vertex 66.7089104914329 3.4672473158695767 0
      vertex 66.94417466797897 3.269837232100535 0
    endloop
  endfacet
  facet normal 0 0 -1
    outer loop
      vertex 66.94417466797897 -3.269837232100535 0
      vertex 66.94417466797897 3.269837232100535 0
      vertex 67.16509512149007 3.0564968300195883 0
    endloop
  endfacet
  facet normal 0.686311697232022 0.1711167247987805 -0.706891307583167
    outer loop
      vertex 68.30384944322874 0.9148114395981412 0
      vertex 68.2295514621286 1.2128043655947964 0
      vertex 68.8063084796916 1.3781867790849958 0.6
    endloop
  endfacet
  facet normal 0.6965763757520802 0.12282520916921616 -0.7068913075831639
    outer loop
      vertex 68.35717950246291 0.612361644224288 0
      vertex 68.89073800366903 1.0395584540887968 0.6
      vertex 68.95134034370786 0.6958655048003272 0.6
    endloop
  endfacet
  facet normal 0.6863116972320252 0.17111672479877488 -0.7068913075831653
    outer loop
      vertex 68.30384944322874 0.9148114395981412 0
      vertex 68.8063084796916 1.3781867790849958 0.6
      vertex 68.89073800366903 1.0395584540887968 0.6
    endloop
  endfacet
  facet normal 0 0 -1
    outer loop
      vertex 61.53955122472871 -3.6477653192421835 0
      vertex 61.53955122472871 3.6477653192421835 0
      vertex 61.8 3.81051177665153 0
    endloop
  endfacet
  facet normal 0 0 -1
    outer loop
      vertex 61.8 -3.81051177665153 0
      vertex 61.8 3.81051177665153 0
      vertex 62.07116695412806 3.9546938037163355 0
    endloop
  endfacet
  facet normal -0.655817713756332 0.2649675557248146 -0.7068913075831637
    outer loop
      vertex 59.865352468542 1.5048886306329425 0
      vertex 59.43227271178699 2.033683215379001 0.6
      vertex 59.980399986372554 1.7896412295335211 0
    endloop
  endfacet
  facet normal 0 0 -1
    outer loop
      vertex 62.07116695412806 -3.9546938037163355 0
      vertex 62.07116695412806 3.9546938037163355 0
      vertex 62.35173098896999 4.079608960093865 0
    endloop
  endfacet
  facet normal 0 0 -1
    outer loop
      vertex 62.35173098896999 -4.079608960093865 0
      vertex 62.35173098896999 4.079608960093865 0
      vertex 62.64032522475023 4.1846486716986755 0
    endloop
  endfacet
  facet normal 0 0 -1
    outer loop
      vertex 62.64032522475023 -4.1846486716986755 0
      vertex 62.64032522475023 4.1846486716986755 0
      vertex 62.935543659361464 4.269301195614385 0
    endloop
  endfacet
  facet normal 0 0 -1
    outer loop
      vertex 62.935543659361464 -4.269301195614385 0
      vertex 62.935543659361464 4.269301195614385 0
      vertex 63.2359480182655 4.333154113253715 0
    endloop
  endfacet
  facet normal 0 0 -1
    outer loop
      vertex 63.2359480182655 -4.333154113253715 0
      vertex 63.2359480182655 4.333154113253715 0
      vertex 63.54007476162232 4.375896339620403 0
    endloop
  endfacet
  facet normal 0 0 -1
    outer loop
      vertex 63.54007476162232 -4.375896339620403 0
      vertex 63.54007476162232 4.375896339620403 0
      vertex 63.846442214509 4.397319638884022 0
    endloop
  endfacet
  facet normal 0 0 -1
    outer loop
      vertex 63.846442214509 -4.397319638884022 0
      vertex 63.846442214509 4.397319638884022 0
      vertex 64.153557785491 4.397319638884022 0
    endloop
  endfacet
  facet normal 0 0 -1
    outer loop
      vertex 64.153557785491 -4.397319638884022 0
      vertex 64.153557785491 4.397319638884022 0
      vertex 64.45992523837768 4.375896339620403 0
    endloop
  endfacet
  facet normal -0.6357369724229418 0.3100696392068661 -0.7068913075831642
    outer loop
      vertex 59.980399986372554 1.7896412295335211 0
      vertex 59.58526203570536 2.347357813929454 0.6
      vertex 60.11503059142072 2.0656748762579196 0
    endloop
  endfacet
  facet normal -0.6125589844639685 0.35366109457479367 -0.7068913075831604
    outer loop
      vertex 60.11503059142072 2.0656748762579196 0
      vertex 59.75975951921787 2.6495963211660243 0.6
      vertex 60.26858837691172 2.3316447626261017 0
    endloop
  endfacet
  facet normal -0.612558984463959 0.353661094574803 -0.706891307583164
    outer loop
      vertex 60.11503059142072 2.0656748762579196 0
      vertex 59.58526203570536 2.347357813929454 0.6
      vertex 59.75975951921787 2.6495963211660243 0.6
    endloop
  endfacet
  facet normal 0 0 -1
    outer loop
      vertex 65.06445634063854 -4.269301195614385 0
      vertex 65.06445634063854 4.269301195614385 0
      vertex 65.35967477524977 4.1846486716986755 0
    endloop
  endfacet
  facet normal 0 0 -1
    outer loop
      vertex 65.35967477524977 -4.1846486716986755 0
      vertex 65.35967477524977 4.1846486716986755 0
      vertex 65.64826901103001 4.079608960093865 0
    endloop
  endfacet
  facet normal 0 0 -1
    outer loop
      vertex 64.45992523837768 -4.375896339620403 0
      vertex 64.45992523837768 4.375896339620403 0
      vertex 64.7640519817345 4.333154113253715 0
    endloop
  endfacet
  facet normal 0 0 -1
    outer loop
      vertex 64.7640519817345 -4.333154113253715 0
      vertex 64.7640519817345 4.333154113253715 0
      vertex 65.06445634063854 4.269301195614385 0
    endloop
  endfacet
  facet normal 0 0 -1
    outer loop
      vertex 65.64826901103001 -4.079608960093865 0
      vertex 65.64826901103001 4.079608960093865 0
      vertex 65.92883304587194 3.9546938037163355 0
    endloop
  endfacet
  facet normal 0 0 -1
    outer loop
      vertex 65.92883304587194 -3.9546938037163355 0
      vertex 65.92883304587194 3.9546938037163355 0
      vertex 66.2 3.81051177665153 0
    endloop
  endfacet
  facet normal 0.6727033771108776 0.21857457694569551 -0.7068913075831607
    outer loop
      vertex 68.2295514621286 1.2128043655947964 0
      vertex 68.134647531458 1.5048886306329425 0
      vertex 68.69846310392954 1.7101007166283435 0.6
    endloop
  endfacet
  facet normal 0.6558177137563226 0.2649675557248271 -0.7068913075831679
    outer loop
      vertex 68.01960001362744 1.7896412295335211 0
      vertex 68.567727288213 2.033683215379001 0.6
      vertex 68.134647531458 1.5048886306329425 0
    endloop
  endfacet
  facet normal 0.6727033771108648 0.21857457694571514 -0.7068913075831668
    outer loop
      vertex 68.2295514621286 1.2128043655947964 0
      vertex 68.69846310392954 1.7101007166283435 0.6
      vertex 68.8063084796916 1.3781867790849958 0.6
    endloop
  endfacet
  facet normal 0.6558177137563378 0.264967555724807 -0.7068913075831612
    outer loop
      vertex 68.134647531458 1.5048886306329425 0
      vertex 68.567727288213 2.033683215379001 0.6
      vertex 68.69846310392954 1.7101007166283435 0.6
    endloop
  endfacet
  facet normal 0.6357369724229517 0.31006963920685454 -0.7068913075831601
    outer loop
      vertex 68.01960001362744 1.7896412295335211 0
      vertex 67.88496940857928 2.0656748762579196 0
      vertex 68.41473796429463 2.347357813929454 0.6
    endloop
  endfacet
  facet normal 0.6125589844639654 0.3536610945747919 -0.7068913075831641
    outer loop
      vertex 67.73141162308828 2.3316447626261017 0
      vertex 68.24024048078213 2.6495963211660243 0.6
      vertex 67.88496940857928 2.0656748762579196 0
    endloop
  endfacet
  facet normal 0.6357369724229343 0.31006963920687464 -0.7068913075831673
    outer loop
      vertex 68.01960001362744 1.7896412295335211 0
      vertex 68.41473796429463 2.347357813929454 0.6
      vertex 68.567727288213 2.033683215379001 0.6
    endloop
  endfacet
  facet normal 0.6125589844639743 0.35366109457478306 -0.7068913075831608
    outer loop
      vertex 67.88496940857928 2.0656748762579196 0
      vertex 68.24024048078213 2.6495963211660243 0.6
      vertex 68.41473796429463 2.347357813929454 0.6
    endloop
  endfacet
  facet normal -0.5863966707068876 0.39552954863984885 -0.706891307583164
    outer loop
      vertex 60.26858837691172 2.3316447626261017 0
      vertex 59.954915028125264 2.938926261462366 0.6
      vertex 60.44032522475023 2.586255110086882 0
    endloop
  endfacet
  facet normal -0.5573774913145262 0.43547102250240854 -0.7068913075831618
    outer loop
      vertex 60.16977778440511 3.2139380484326963 0.6
      vertex 60.629404450276496 2.828265482620773 0
      vertex 60.44032522475023 2.586255110086882 0
    endloop
  endfacet
  facet normal -0.5256428248118649 0.47329092531673655 -0.7068913075831607
    outer loop
      vertex 60.629404450276496 2.828265482620773 0
      vertex 60.40330099830675 3.4732918522949863 0.6
      vertex 60.83490487850993 3.0564968300195883 0
    endloop
  endfacet
  facet normal -0.5863966707068972 0.3955295486398408 -0.7068913075831608
    outer loop
      vertex 60.26858837691172 2.3316447626261017 0
      vertex 59.75975951921787 2.6495963211660243 0.6
      vertex 59.954915028125264 2.938926261462366 0.6
    endloop
  endfacet
  facet normal -0.5573774913145199 0.43547102250241326 -0.7068913075831637
    outer loop
      vertex 59.954915028125264 2.938926261462366 0.6
      vertex 60.16977778440511 3.2139380484326963 0.6
      vertex 60.44032522475023 2.586255110086882 0
    endloop
  endfacet
  facet normal -0.49134727930414096 0.5088050023179647 -0.7068913075831635
    outer loop
      vertex 60.83490487850993 3.0564968300195883 0
      vertex 60.65434696820571 3.715724127386971 0.6
      vertex 61.05582533202102 3.269837232100535 0
    endloop
  endfacet
  facet normal -0.45465793924171155 0.5418402324927954 -0.7068913075831625
    outer loop
      vertex 61.05582533202102 3.269837232100535 0
      vertex 60.92169262337171 3.9400537680336094 0.6
      vertex 61.291089508567104 3.4672473158695767 0
    endloop
  endfacet
  facet normal -0.5256428248118608 0.4732909253167393 -0.7068913075831619
    outer loop
      vertex 60.16977778440511 3.2139380484326963 0.6
      vertex 60.40330099830675 3.4732918522949863 0.6
      vertex 60.629404450276496 2.828265482620773 0
    endloop
  endfacet
  facet normal -0.49134727930414906 0.5088050023179602 -0.7068913075831609
    outer loop
      vertex 60.83490487850993 3.0564968300195883 0
      vertex 60.40330099830675 3.4732918522949863 0.6
      vertex 60.65434696820571 3.715724127386971 0.6
    endloop
  endfacet
  facet normal -0.45465793924170955 0.5418402324927963 -0.7068913075831632
    outer loop
      vertex 61.05582533202102 3.269837232100535 0
      vertex 60.65434696820571 3.715724127386971 0.6
      vertex 60.92169262337171 3.9400537680336094 0.6
    endloop
  endfacet
  facet normal 0.5863966707068954 0.39552954863983775 -0.7068913075831638
    outer loop
      vertex 67.73141162308828 2.3316447626261017 0
      vertex 67.55967477524977 2.586255110086882 0
      vertex 68.04508497187474 2.938926261462366 0.6
    endloop
  endfacet
  facet normal 0.557377491314518 0.4354710225024186 -0.7068913075831619
    outer loop
      vertex 67.3705955497235 2.828265482620773 0
      vertex 67.83022221559489 3.2139380484326963 0.6
      vertex 67.55967477524977 2.586255110086882 0
    endloop
  endfacet
  facet normal 0.5256428248118649 0.47329092531673655 -0.7068913075831607
    outer loop
      vertex 67.16509512149007 3.0564968300195883 0
      vertex 67.59669900169325 3.4732918522949863 0.6
      vertex 67.3705955497235 2.828265482620773 0
    endloop
  endfacet
  facet normal 0.5863966707068942 0.3955295486398388 -0.7068913075831641
    outer loop
      vertex 67.73141162308828 2.3316447626261017 0
      vertex 68.04508497187474 2.938926261462366 0.6
      vertex 68.24024048078213 2.6495963211660243 0.6
    endloop
  endfacet
  facet normal 0.557377491314513 0.43547102250242237 -0.7068913075831635
    outer loop
      vertex 67.55967477524977 2.586255110086882 0
      vertex 67.83022221559489 3.2139380484326963 0.6
      vertex 68.04508497187474 2.938926261462366 0.6
    endloop
  endfacet
  facet normal 0.4913472793041326 0.5088050023179724 -0.7068913075831635
    outer loop
      vertex 66.94417466797897 3.269837232100535 0
      vertex 67.34565303179428 3.715724127386971 0.6
      vertex 67.16509512149007 3.0564968300195883 0
    endloop
  endfacet
  facet normal 0.45465793924172965 0.5418402324927843 -0.7068913075831597
    outer loop
      vertex 66.7089104914329 3.4672473158695767 0
      vertex 67.07830737662829 3.9400537680336094 0.6
      vertex 66.94417466797897 3.269837232100535 0
    endloop
  endfacet
  facet normal 0.5256428248118608 0.47329092531673916 -0.706891307583162
    outer loop
      vertex 67.3705955497235 2.828265482620773 0
      vertex 67.59669900169325 3.4732918522949863 0.6
      vertex 67.83022221559489 3.2139380484326963 0.6
    endloop
  endfacet
  facet normal 0.49134727930414207 0.5088050023179673 -0.7068913075831608
    outer loop
      vertex 67.16509512149007 3.0564968300195883 0
      vertex 67.34565303179428 3.715724127386971 0.6
      vertex 67.59669900169325 3.4732918522949863 0.6
    endloop
  endfacet
  facet normal 0.45465793924171655 0.5418402324927903 -0.7068913075831634
    outer loop
      vertex 66.94417466797897 3.269837232100535 0
      vertex 67.07830737662829 3.9400537680336094 0.6
      vertex 67.34565303179428 3.715724127386971 0.6
    endloop
  endfacet
  facet normal -0.4157535514013583 0.5722356715205049 -0.7068913075831639
    outer loop
      vertex 61.291089508567104 3.4672473158695767 0
      vertex 61.20403548264626 4.145187862775208 0.6
      vertex 61.53955122472871 3.6477653192421835 0
    endloop
  endfacet
  facet normal -0.3748236540499705 0.5998432358775039 -0.7068913075831624
    outer loop
      vertex 61.53955122472871 3.6477653192421835 0
      vertex 61.5 4.330127018922193 0.6
      vertex 61.8 3.81051177665153 0
    endloop
  endfacet
  facet normal -0.3320676535331921 0.6245284242853362 -0.7068913075831639
    outer loop
      vertex 61.8 3.81051177665153 0
      vertex 61.80814426605461 4.493970231495835 0.6
      vertex 62.07116695412806 3.9546938037163355 0
    endloop
  endfacet
  facet normal -0.2876938527877269 0.6461709729874271 -0.7068913075831641
    outer loop
      vertex 62.07116695412806 3.9546938037163355 0
      vertex 62.12696703292044 4.635919272833937 0.6
      vertex 62.35173098896999 4.079608960093865 0
    endloop
  endfacet
  facet normal -0.24191843651037118 0.6646654416620018 -0.7068913075831625
    outer loop
      vertex 62.35173098896999 4.079608960093865 0
      vertex 62.454915028125264 4.755282581475767 0.6
      vertex 62.64032522475023 4.1846486716986755 0
    endloop
  endfacet
  facet normal -0.4157535514013619 0.5722356715205036 -0.7068913075831628
    outer loop
      vertex 61.291089508567104 3.4672473158695767 0
      vertex 60.92169262337171 3.9400537680336094 0.6
      vertex 61.20403548264626 4.145187862775208 0.6
    endloop
  endfacet
  facet normal -0.37482365404996604 0.5998432358775052 -0.7068913075831637
    outer loop
      vertex 61.20403548264626 4.145187862775208 0.6
      vertex 61.5 4.330127018922193 0.6
      vertex 61.53955122472871 3.6477653192421835 0
    endloop
  endfacet
  facet normal -0.33206765353319667 0.6245284242853351 -0.7068913075831625
    outer loop
      vertex 61.8 3.81051177665153 0
      vertex 61.5 4.330127018922193 0.6
      vertex 61.80814426605461 4.493970231495835 0.6
    endloop
  endfacet
  facet normal -0.2876938527877285 0.6461709729874268 -0.7068913075831637
    outer loop
      vertex 62.07116695412806 3.9546938037163355 0
      vertex 61.80814426605461 4.493970231495835 0.6
      vertex 62.12696703292044 4.635919272833937 0.6
    endloop
  endfacet
  facet normal -0.19496441792788113 0.6799217271167369 -0.7068913075831643
    outer loop
      vertex 62.64032522475023 4.1846486716986755 0
      vertex 62.79039052200166 4.851478631379982 0.6
      vertex 62.935543659361464 4.269301195614385 0
    endloop
  endfacet
  facet normal -0.14706055229901124 0.6918655022624521 -0.7068913075831633
    outer loop
      vertex 62.935543659361464 4.269301195614385 0
      vertex 63.131759111665346 4.92403876506104 0.6
      vertex 63.2359480182655 4.333154113253715 0
    endloop
  endfacet
  facet normal -0.0984402224418112 0.7004385782272219 -0.7068913075831635
    outer loop
      vertex 63.2359480182655 4.333154113253715 0
      vertex 63.47735768366173 4.972609476841367 0.6
      vertex 63.54007476162232 4.375896339620403 0
    endloop
  endfacet
  facet normal -0.04934030171605023 0.7055991878467085 -0.7068913075831632
    outer loop
      vertex 63.54007476162232 4.375896339620403 0
      vertex 63.8255025164875 4.9969541350954785 0.6
      vertex 63.846442214509 4.397319638884022 0
    endloop
  endfacet
  facet normal 0 0.7073221891495881 -0.7068913075831633
    outer loop
      vertex 63.846442214509 4.397319638884022 0
      vertex 63.8255025164875 4.9969541350954785 0.6
      vertex 64.153557785491 4.397319638884022 0
    endloop
  endfacet
  facet normal 0.04934030171605021 0.7055991878467083 -0.7068913075831635
    outer loop
      vertex 64.153557785491 4.397319638884022 0
      vertex 64.17449748351251 4.9969541350954785 0.6
      vertex 64.45992523837768 4.375896339620403 0
    endloop
  endfacet
  facet normal -0.2419184365103662 0.6646654416620023 -0.706891307583164
    outer loop
      vertex 62.35173098896999 4.079608960093865 0
      vertex 62.12696703292044 4.635919272833937 0.6
      vertex 62.454915028125264 4.755282581475767 0.6
    endloop
  endfacet
  facet normal -0.1949644179278867 0.6799217271167369 -0.706891307583163
    outer loop
      vertex 62.64032522475023 4.1846486716986755 0
      vertex 62.454915028125264 4.755282581475767 0.6
      vertex 62.79039052200166 4.851478631379982 0.6
    endloop
  endfacet
  facet normal -0.14706055229900855 0.691865502262452 -0.7068913075831641
    outer loop
      vertex 62.935543659361464 4.269301195614385 0
      vertex 62.79039052200166 4.851478631379982 0.6
      vertex 63.131759111665346 4.92403876506104 0.6
    endloop
  endfacet
  facet normal -0.0984402224418114 0.700438578227222 -0.7068913075831635
    outer loop
      vertex 63.2359480182655 4.333154113253715 0
      vertex 63.131759111665346 4.92403876506104 0.6
      vertex 63.47735768366173 4.972609476841367 0.6
    endloop
  endfacet
  facet normal -0.0493403017160495 0.7055991878467084 -0.7068913075831635
    outer loop
      vertex 63.54007476162232 4.375896339620403 0
      vertex 63.47735768366173 4.972609476841367 0.6
      vertex 63.8255025164875 4.9969541350954785 0.6
    endloop
  endfacet
  facet normal 0 0.707322189149588 -0.7068913075831632
    outer loop
      vertex 63.8255025164875 4.9969541350954785 0.6
      vertex 64.17449748351251 4.9969541350954785 0.6
      vertex 64.153557785491 4.397319638884022 0
    endloop
  endfacet
  facet normal 0.4157535514013503 0.5722356715205102 -0.7068913075831639
    outer loop
      vertex 66.46044877527129 3.6477653192421835 0
      vertex 66.79596451735374 4.145187862775208 0.6
      vertex 66.7089104914329 3.4672473158695767 0
    endloop
  endfacet
  facet normal 0.3748236540499705 0.5998432358775039 -0.7068913075831624
    outer loop
      vertex 66.46044877527129 3.6477653192421835 0
      vertex 66.2 3.81051177665153 0
      vertex 66.5 4.330127018922193 0.6
    endloop
  endfacet
  facet normal 0.2419184365103707 0.6646654416620006 -0.7068913075831641
    outer loop
      vertex 65.35967477524977 4.1846486716986755 0
      vertex 65.54508497187474 4.755282581475767 0.6
      vertex 65.64826901103001 4.079608960093865 0
    endloop
  endfacet
  facet normal 0.3320676535331921 0.6245284242853362 -0.7068913075831639
    outer loop
      vertex 65.92883304587194 3.9546938037163355 0
      vertex 66.19185573394539 4.493970231495835 0.6
      vertex 66.2 3.81051177665153 0
    endloop
  endfacet
  facet normal 0.2876938527877262 0.6461709729874254 -0.7068913075831658
    outer loop
      vertex 65.64826901103001 4.079608960093865 0
      vertex 65.87303296707957 4.635919272833937 0.6
      vertex 65.92883304587194 3.9546938037163355 0
    endloop
  endfacet
  facet normal 0.374823654049966 0.5998432358775052 -0.7068913075831637
    outer loop
      vertex 66.46044877527129 3.6477653192421835 0
      vertex 66.5 4.330127018922193 0.6
      vertex 66.79596451735374 4.145187862775208 0.6
    endloop
  endfacet
  facet normal 0.33206765353319667 0.6245284242853351 -0.7068913075831625
    outer loop
      vertex 66.2 3.81051177665153 0
      vertex 66.19185573394539 4.493970231495835 0.6
      vertex 66.5 4.330127018922193 0.6
    endloop
  endfacet
  facet normal 0.28769385278773385 0.6461709729874243 -0.7068913075831639
    outer loop
      vertex 65.92883304587194 3.9546938037163355 0
      vertex 65.87303296707957 4.635919272833937 0.6
      vertex 66.19185573394539 4.493970231495835 0.6
    endloop
  endfacet
  facet normal 0.4157535514013633 0.5722356715205055 -0.7068913075831603
    outer loop
      vertex 66.7089104914329 3.4672473158695767 0
      vertex 66.79596451735374 4.145187862775208 0.6
      vertex 67.07830737662829 3.9400537680336094 0.6
    endloop
  endfacet
  facet normal 0.1470605522990079 0.6918655022624528 -0.7068913075831633
    outer loop
      vertex 64.7640519817345 4.333154113253715 0
      vertex 64.86824088833465 4.92403876506104 0.6
      vertex 65.06445634063854 4.269301195614385 0
    endloop
  endfacet
  facet normal 0.19496441792788582 0.6799217271167369 -0.7068913075831632
    outer loop
      vertex 65.06445634063854 4.269301195614385 0
      vertex 65.20960947799834 4.851478631379982 0.6
      vertex 65.35967477524977 4.1846486716986755 0
    endloop
  endfacet
  facet normal 0.09844022244181128 0.7004385782272223 -0.7068913075831629
    outer loop
      vertex 64.45992523837768 4.375896339620403 0
      vertex 64.52264231633826 4.972609476841367 0.6
      vertex 64.7640519817345 4.333154113253715 0
    endloop
  endfacet
  facet normal 0.1949644179278827 0.679921727116737 -0.706891307583164
    outer loop
      vertex 65.20960947799834 4.851478631379982 0.6
      vertex 65.54508497187474 4.755282581475767 0.6
      vertex 65.35967477524977 4.1846486716986755 0
    endloop
  endfacet
  facet normal 0.14706055229900872 0.6918655022624528 -0.7068913075831632
    outer loop
      vertex 65.06445634063854 4.269301195614385 0
      vertex 64.86824088833465 4.92403876506104 0.6
      vertex 65.20960947799834 4.851478631379982 0.6
    endloop
  endfacet
  facet normal 0.2419184365103657 0.664665441662001 -0.7068913075831654
    outer loop
      vertex 65.64826901103001 4.079608960093865 0
      vertex 65.54508497187474 4.755282581475767 0.6
      vertex 65.87303296707957 4.635919272833937 0.6
    endloop
  endfacet
  facet normal 0.09844022244180939 0.7004385782272221 -0.7068913075831633
    outer loop
      vertex 64.7640519817345 4.333154113253715 0
      vertex 64.52264231633826 4.972609476841367 0.6
      vertex 64.86824088833465 4.92403876506104 0.6
    endloop
  endfacet
  facet normal 0.04934030171605151 0.7055991878467085 -0.7068913075831632
    outer loop
      vertex 64.45992523837768 4.375896339620403 0
      vertex 64.17449748351251 4.9969541350954785 0.6
      vertex 64.52264231633826 4.972609476841367 0.6
    endloop
  endfacet
  facet normal -0.4067366430757987 -0.9135454576426015 0
    outer loop
      vertex 61.80814426605461 -4.493970231495835 0.6
      vertex 62.12696703292044 -4.635919272833937 0.6
      vertex 62.12696703292044 -4.635919272833937 3.4000000000000004
    endloop
  endfacet
  facet normal -0.4694715627858933 -0.8829475928589254 0
    outer loop
      vertex 61.80814426605461 -4.493970231495835 0.6
      vertex 61.80814426605461 -4.493970231495835 3.4000000000000004
      vertex 61.5 -4.330127018922193 0.6
    endloop
  endfacet
  facet normal -0.20791169081775765 -0.9781476007338059 0
    outer loop
      vertex 62.79039052200166 -4.851478631379982 0.6
      vertex 63.131759111665346 -4.92403876506104 0.6
      vertex 63.131759111665346 -4.92403876506104 3.4000000000000004
    endloop
  endfacet
  facet normal -0.3420201433256667 -0.9396926207859091 0
    outer loop
      vertex 62.12696703292044 -4.635919272833937 0.6
      vertex 62.454915028125264 -4.755282581475767 0.6
      vertex 62.454915028125264 -4.755282581475767 3.4000000000000004
    endloop
  endfacet
  facet normal -0.27563735581700327 -0.9612616959383177 0
    outer loop
      vertex 62.454915028125264 -4.755282581475767 0.6
      vertex 62.79039052200166 -4.851478631379982 0.6
      vertex 62.79039052200166 -4.851478631379982 3.4000000000000004
    endloop
  endfacet
  facet normal -0.13917310096006724 -0.99026806874157 0
    outer loop
      vertex 63.131759111665346 -4.92403876506104 0.6
      vertex 63.47735768366173 -4.972609476841367 0.6
      vertex 63.47735768366173 -4.972609476841367 3.4000000000000004
    endloop
  endfacet
  facet normal -0.06975647374412393 -0.9975640502598243 0
    outer loop
      vertex 63.47735768366173 -4.972609476841367 0.6
      vertex 63.8255025164875 -4.9969541350954785 0.6
      vertex 63.8255025164875 -4.9969541350954785 3.4000000000000004
    endloop
  endfacet
  facet normal 0 -1 0
    outer loop
      vertex 63.8255025164875 -4.9969541350954785 0.6
      vertex 64.17449748351251 -4.9969541350954785 0.6
      vertex 64.17449748351251 -4.9969541350954785 3.4000000000000004
    endloop
  endfacet
  facet normal -0.5299192642332003 -0.8480480961564288 0
    outer loop
      vertex 61.20403548264626 -4.145187862775208 0.6
      vertex 61.5 -4.330127018922193 0.6
      vertex 61.5 -4.330127018922193 3.4000000000000004
    endloop
  endfacet
  facet normal -0.5877852522924821 -0.8090169943749408 0
    outer loop
      vertex 60.92169262337171 -3.9400537680336094 0.6
      vertex 61.20403548264626 -4.145187862775208 0.6
      vertex 61.20403548264626 -4.145187862775208 3.4000000000000004
    endloop
  endfacet
  facet normal -0.642787609686533 -0.7660444431189832 0
    outer loop
      vertex 60.92169262337171 -3.9400537680336094 0.6
      vertex 60.92169262337171 -3.9400537680336094 3.4000000000000004
      vertex 60.65434696820571 -3.715724127386971 0.6
    endloop
  endfacet
  facet normal 0.06975647374412677 -0.9975640502598241 0
    outer loop
      vertex 64.17449748351251 -4.9969541350954785 0.6
      vertex 64.52264231633826 -4.972609476841367 0.6
      vertex 64.52264231633826 -4.972609476841367 3.4000000000000004
    endloop
  endfacet
  facet normal 0.13917310096006444 -0.9902680687415704 0
    outer loop
      vertex 64.52264231633826 -4.972609476841367 0.6
      vertex 64.86824088833465 -4.92403876506104 0.6
      vertex 64.86824088833465 -4.92403876506104 3.4000000000000004
    endloop
  endfacet
  facet normal 0.20791169081775765 -0.9781476007338059 0
    outer loop
      vertex 64.86824088833465 -4.92403876506104 0.6
      vertex 65.20960947799834 -4.851478631379982 0.6
      vertex 65.20960947799834 -4.851478631379982 3.4000000000000004
    endloop
  endfacet
  facet normal 0.2756373558169979 -0.9612616959383192 0
    outer loop
      vertex 65.20960947799834 -4.851478631379982 0.6
      vertex 65.54508497187474 -4.755282581475767 0.6
      vertex 65.54508497187474 -4.755282581475767 3.4000000000000004
    endloop
  endfacet
  facet normal 0.3420201433256667 -0.9396926207859091 0
    outer loop
      vertex 65.54508497187474 -4.755282581475767 0.6
      vertex 65.87303296707957 -4.635919272833937 0.6
      vertex 65.87303296707957 -4.635919272833937 3.4000000000000004
    endloop
  endfacet
  facet normal 0.4067366430758063 -0.9135454576425982 0
    outer loop
      vertex 65.87303296707957 -4.635919272833937 0.6
      vertex 66.19185573394539 -4.493970231495835 0.6
      vertex 66.19185573394539 -4.493970231495835 3.4000000000000004
    endloop
  endfacet
  facet normal 0.4694715627858933 -0.8829475928589254 0
    outer loop
      vertex 66.19185573394539 -4.493970231495835 0.6
      vertex 66.5 -4.330127018922193 0.6
      vertex 66.5 -4.330127018922193 3.4000000000000004
    endloop
  endfacet
  facet normal 0.5299192642332003 -0.8480480961564288 0
    outer loop
      vertex 66.5 -4.330127018922193 0.6
      vertex 66.79596451735374 -4.145187862775208 0.6
      vertex 66.79596451735374 -4.145187862775208 3.4000000000000004
    endloop
  endfacet
  facet normal 0.5877852522924821 -0.8090169943749408 0
    outer loop
      vertex 66.79596451735374 -4.145187862775208 0.6
      vertex 67.07830737662829 -3.9400537680336094 0.6
      vertex 67.07830737662829 -3.9400537680336094 3.4000000000000004
    endloop
  endfacet
  facet normal 0.642787609686543 -0.7660444431189748 0
    outer loop
      vertex 67.07830737662829 -3.9400537680336094 0.6
      vertex 67.34565303179428 -3.715724127386971 0.6
      vertex 67.34565303179428 -3.715724127386971 3.4000000000000004
    endloop
  endfacet
  facet normal -0.694658370459003 -0.7193398003386458 0
    outer loop
      vertex 60.40330099830675 -3.4732918522949863 0.6
      vertex 60.65434696820571 -3.715724127386971 0.6
      vertex 60.65434696820571 -3.715724127386971 3.4000000000000004
    endloop
  endfacet
  facet normal -0.743144825477395 -0.6691306063588573 0
    outer loop
      vertex 60.16977778440511 -3.2139380484326963 0.6
      vertex 60.40330099830675 -3.4732918522949863 0.6
      vertex 60.16977778440511 -3.2139380484326963 3.4000000000000004
    endloop
  endfacet
  facet normal -0.7880107536067177 -0.6156614753256637 0
    outer loop
      vertex 60.16977778440511 -3.2139380484326963 0.6
      vertex 59.954915028125264 -2.938926261462366 3.4000000000000004
      vertex 59.954915028125264 -2.938926261462366 0.6
    endloop
  endfacet
  facet normal -0.8290375725550452 -0.5591929034707417 0
    outer loop
      vertex 59.75975951921787 -2.6495963211660243 0.6
      vertex 59.954915028125264 -2.938926261462366 0.6
      vertex 59.75975951921787 -2.6495963211660243 3.4000000000000004
    endloop
  endfacet
  facet normal 0.6946583704589928 -0.7193398003386555 0
    outer loop
      vertex 67.34565303179428 -3.715724127386971 0.6
      vertex 67.59669900169325 -3.4732918522949863 0.6
      vertex 67.59669900169325 -3.4732918522949863 3.4000000000000004
    endloop
  endfacet
  facet normal 0.743144825477395 -0.6691306063588573 0
    outer loop
      vertex 67.59669900169325 -3.4732918522949863 0.6
      vertex 67.83022221559489 -3.2139380484326963 0.6
      vertex 67.59669900169325 -3.4732918522949863 3.4000000000000004
    endloop
  endfacet
  facet normal 0.7880107536067078 -0.6156614753256764 0
    outer loop
      vertex 67.83022221559489 -3.2139380484326963 0.6
      vertex 68.04508497187474 -2.938926261462366 0.6
      vertex 67.83022221559489 -3.2139380484326963 3.4000000000000004
    endloop
  endfacet
  facet normal 0.8290375725550452 -0.5591929034707417 0
    outer loop
      vertex 68.04508497187474 -2.938926261462366 0.6
      vertex 68.24024048078213 -2.6495963211660243 0.6
      vertex 68.04508497187474 -2.938926261462366 3.4000000000000004
    endloop
  endfacet
  facet normal 0.8660254037844486 -0.4999999999999828 0
    outer loop
      vertex 68.24024048078213 -2.6495963211660243 0.6
      vertex 68.41473796429463 -2.347357813929454 0.6
      vertex 68.24024048078213 -2.6495963211660243 3.4000000000000004
    endloop
  endfacet
  facet normal -0.8660254037844309 -0.5000000000000133 0
    outer loop
      vertex 59.75975951921787 -2.6495963211660243 0.6
      vertex 59.58526203570536 -2.347357813929454 3.4000000000000004
      vertex 59.58526203570536 -2.347357813929454 0.6
    endloop
  endfacet
  facet normal -0.8987940462991676 -0.43837114678907607 0
    outer loop
      vertex 59.58526203570536 -2.347357813929454 0.6
      vertex 59.43227271178699 -2.033683215379001 3.4000000000000004
      vertex 59.43227271178699 -2.033683215379001 0.6
    endloop
  endfacet
  facet normal -0.9271838545667911 -0.3746065934159031 0
    outer loop
      vertex 59.43227271178699 -2.033683215379001 0.6
      vertex 59.30153689607046 -1.7101007166283435 3.4000000000000004
      vertex 59.30153689607046 -1.7101007166283435 0.6
    endloop
  endfacet
  facet normal -0.9510565162951525 -0.3090169943749507 0
    outer loop
      vertex 59.30153689607046 -1.7101007166283435 0.6
      vertex 59.193691520308406 -1.3781867790849958 3.4000000000000004
      vertex 59.193691520308406 -1.3781867790849958 0.6
    endloop
  endfacet
  facet normal -0.9702957262759964 -0.24192189559966815 0
    outer loop
      vertex 59.193691520308406 -1.3781867790849958 0.6
      vertex 59.10926199633097 -1.0395584540887968 3.4000000000000004
      vertex 59.10926199633097 -1.0395584540887968 0.6
    endloop
  endfacet
  facet normal -0.9848077530122065 -0.17364817766693952 0
    outer loop
      vertex 59.10926199633097 -1.0395584540887968 0.6
      vertex 59.048659656292145 -0.6958655048003272 3.4000000000000004
      vertex 59.048659656292145 -0.6958655048003272 0.6
    endloop
  endfacet
  facet normal -0.994521895368275 -0.10452846326763827 0
    outer loop
      vertex 59.048659656292145 -0.6958655048003272 0.6
      vertex 59.01217974870088 -0.3487823687206265 3.4000000000000004
      vertex 59.01217974870088 -0.3487823687206265 0.6
    endloop
  endfacet
  facet normal -0.9993908270190955 -0.03489949670250613 0
    outer loop
      vertex 59.01217974870088 -0.3487823687206265 0.6
      vertex 59 0 3.4000000000000004
      vertex 59 0 0.6
    endloop
  endfacet
  facet normal 0.8987940462991596 -0.43837114678909256 0
    outer loop
      vertex 68.41473796429463 -2.347357813929454 0.6
      vertex 68.567727288213 -2.033683215379001 0.6
      vertex 68.41473796429463 -2.347357813929454 3.4000000000000004
    endloop
  endfacet
  facet normal 0.9271838545667911 -0.3746065934159031 0
    outer loop
      vertex 68.567727288213 -2.033683215379001 0.6
      vertex 68.69846310392954 -1.7101007166283435 0.6
      vertex 68.567727288213 -2.033683215379001 3.4000000000000004
    endloop
  endfacet
  facet normal 0.9510565162951525 -0.3090169943749507 0
    outer loop
      vertex 68.69846310392954 -1.7101007166283435 0.6
      vertex 68.8063084796916 -1.3781867790849958 0.6
      vertex 68.69846310392954 -1.7101007166283435 3.4000000000000004
    endloop
  endfacet
  facet normal 0.9702957262759964 -0.24192189559966815 0
    outer loop
      vertex 68.8063084796916 -1.3781867790849958 0.6
      vertex 68.89073800366903 -1.0395584540887968 0.6
      vertex 68.8063084796916 -1.3781867790849958 3.4000000000000004
    endloop
  endfacet
  facet normal 0.9848077530122065 -0.17364817766693952 0
    outer loop
      vertex 68.89073800366903 -1.0395584540887968 0.6
      vertex 68.95134034370786 -0.6958655048003272 0.6
      vertex 68.89073800366903 -1.0395584540887968 3.4000000000000004
    endloop
  endfacet
  facet normal 0.9945218953682728 -0.10452846326765841 0
    outer loop
      vertex 68.95134034370786 -0.6958655048003272 0.6
      vertex 68.98782025129913 -0.3487823687206265 0.6
      vertex 68.95134034370786 -0.6958655048003272 3.4000000000000004
    endloop
  endfacet
  facet normal 0.9993908270190963 -0.034899496702485794 0
    outer loop
      vertex 68.98782025129913 -0.3487823687206265 0.6
      vertex 69 0 0.6
      vertex 68.98782025129913 -0.3487823687206265 3.4000000000000004
    endloop
  endfacet
  facet normal -0.8660254037844309 -0.5000000000000133 0
    outer loop
      vertex 59.75975951921787 -2.6495963211660243 0.6
      vertex 59.75975951921787 -2.6495963211660243 3.4000000000000004
      vertex 59.58526203570536 -2.347357813929454 3.4000000000000004
    endloop
  endfacet
  facet normal -0.4067366430757987 -0.9135454576426015 0
    outer loop
      vertex 61.80814426605461 -4.493970231495835 0.6
      vertex 62.12696703292044 -4.635919272833937 3.4000000000000004
      vertex 61.80814426605461 -4.493970231495835 3.4000000000000004
    endloop
  endfacet
  facet normal -0.4694715627858933 -0.8829475928589254 0
    outer loop
      vertex 61.5 -4.330127018922193 0.6
      vertex 61.80814426605461 -4.493970231495835 3.4000000000000004
      vertex 61.5 -4.330127018922193 3.4000000000000004
    endloop
  endfacet
  facet normal -0.20791169081775765 -0.9781476007338059 0
    outer loop
      vertex 62.79039052200166 -4.851478631379982 0.6
      vertex 63.131759111665346 -4.92403876506104 3.4000000000000004
      vertex 62.79039052200166 -4.851478631379982 3.4000000000000004
    endloop
  endfacet
  facet normal -0.27563735581700327 -0.9612616959383177 0
    outer loop
      vertex 62.454915028125264 -4.755282581475767 0.6
      vertex 62.79039052200166 -4.851478631379982 3.4000000000000004
      vertex 62.454915028125264 -4.755282581475767 3.4000000000000004
    endloop
  endfacet
  facet normal -0.13917310096006724 -0.99026806874157 0
    outer loop
      vertex 63.131759111665346 -4.92403876506104 0.6
      vertex 63.47735768366173 -4.972609476841367 3.4000000000000004
      vertex 63.131759111665346 -4.92403876506104 3.4000000000000004
    endloop
  endfacet
  facet normal -0.06975647374412393 -0.9975640502598243 0
    outer loop
      vertex 63.47735768366173 -4.972609476841367 0.6
      vertex 63.8255025164875 -4.9969541350954785 3.4000000000000004
      vertex 63.47735768366173 -4.972609476841367 3.4000000000000004
    endloop
  endfacet
  facet normal 0 -1 0
    outer loop
      vertex 63.8255025164875 -4.9969541350954785 0.6
      vertex 64.17449748351251 -4.9969541350954785 3.4000000000000004
      vertex 63.8255025164875 -4.9969541350954785 3.4000000000000004
    endloop
  endfacet
  facet normal 0.06975647374412677 -0.9975640502598241 0
    outer loop
      vertex 64.17449748351251 -4.9969541350954785 0.6
      vertex 64.52264231633826 -4.972609476841367 3.4000000000000004
      vertex 64.17449748351251 -4.9969541350954785 3.4000000000000004
    endloop
  endfacet
  facet normal -0.3420201433256667 -0.9396926207859091 0
    outer loop
      vertex 62.12696703292044 -4.635919272833937 0.6
      vertex 62.454915028125264 -4.755282581475767 3.4000000000000004
      vertex 62.12696703292044 -4.635919272833937 3.4000000000000004
    endloop
  endfacet
  facet normal -0.5299192642332003 -0.8480480961564288 0
    outer loop
      vertex 61.20403548264626 -4.145187862775208 0.6
      vertex 61.5 -4.330127018922193 3.4000000000000004
      vertex 61.20403548264626 -4.145187862775208 3.4000000000000004
    endloop
  endfacet
  facet normal -0.642787609686533 -0.7660444431189832 0
    outer loop
      vertex 60.65434696820571 -3.715724127386971 0.6
      vertex 60.92169262337171 -3.9400537680336094 3.4000000000000004
      vertex 60.65434696820571 -3.715724127386971 3.4000000000000004
    endloop
  endfacet
  facet normal -0.5877852522924821 -0.8090169943749408 0
    outer loop
      vertex 60.92169262337171 -3.9400537680336094 0.6
      vertex 61.20403548264626 -4.145187862775208 3.4000000000000004
      vertex 60.92169262337171 -3.9400537680336094 3.4000000000000004
    endloop
  endfacet
  facet normal 0.13917310096006444 -0.9902680687415704 0
    outer loop
      vertex 64.52264231633826 -4.972609476841367 0.6
      vertex 64.86824088833465 -4.92403876506104 3.4000000000000004
      vertex 64.52264231633826 -4.972609476841367 3.4000000000000004
    endloop
  endfacet
  facet normal 0.20791169081775765 -0.9781476007338059 0
    outer loop
      vertex 64.86824088833465 -4.92403876506104 0.6
      vertex 65.20960947799834 -4.851478631379982 3.4000000000000004
      vertex 64.86824088833465 -4.92403876506104 3.4000000000000004
    endloop
  endfacet
  facet normal 0.2756373558169979 -0.9612616959383192 0
    outer loop
      vertex 65.20960947799834 -4.851478631379982 0.6
      vertex 65.54508497187474 -4.755282581475767 3.4000000000000004
      vertex 65.20960947799834 -4.851478631379982 3.4000000000000004
    endloop
  endfacet
  facet normal 0.3420201433256667 -0.9396926207859091 0
    outer loop
      vertex 65.54508497187474 -4.755282581475767 0.6
      vertex 65.87303296707957 -4.635919272833937 3.4000000000000004
      vertex 65.54508497187474 -4.755282581475767 3.4000000000000004
    endloop
  endfacet
  facet normal 0.4067366430758063 -0.9135454576425982 0
    outer loop
      vertex 65.87303296707957 -4.635919272833937 0.6
      vertex 66.19185573394539 -4.493970231495835 3.4000000000000004
      vertex 65.87303296707957 -4.635919272833937 3.4000000000000004
    endloop
  endfacet
  facet normal 0.4694715627858933 -0.8829475928589254 0
    outer loop
      vertex 66.19185573394539 -4.493970231495835 0.6
      vertex 66.5 -4.330127018922193 3.4000000000000004
      vertex 66.19185573394539 -4.493970231495835 3.4000000000000004
    endloop
  endfacet
  facet normal 0.5299192642332003 -0.8480480961564288 0
    outer loop
      vertex 66.5 -4.330127018922193 0.6
      vertex 66.79596451735374 -4.145187862775208 3.4000000000000004
      vertex 66.5 -4.330127018922193 3.4000000000000004
    endloop
  endfacet
  facet normal 0.5877852522924821 -0.8090169943749408 0
    outer loop
      vertex 66.79596451735374 -4.145187862775208 0.6
      vertex 67.07830737662829 -3.9400537680336094 3.4000000000000004
      vertex 66.79596451735374 -4.145187862775208 3.4000000000000004
    endloop
  endfacet
  facet normal 0.642787609686543 -0.7660444431189748 0
    outer loop
      vertex 67.07830737662829 -3.9400537680336094 0.6
      vertex 67.34565303179428 -3.715724127386971 3.4000000000000004
      vertex 67.07830737662829 -3.9400537680336094 3.4000000000000004
    endloop
  endfacet
  facet normal -0.694658370459003 -0.7193398003386458 0
    outer loop
      vertex 60.40330099830675 -3.4732918522949863 0.6
      vertex 60.65434696820571 -3.715724127386971 3.4000000000000004
      vertex 60.40330099830675 -3.4732918522949863 3.4000000000000004
    endloop
  endfacet
  facet normal -0.743144825477395 -0.6691306063588573 0
    outer loop
      vertex 60.40330099830675 -3.4732918522949863 0.6
      vertex 60.40330099830675 -3.4732918522949863 3.4000000000000004
      vertex 60.16977778440511 -3.2139380484326963 3.4000000000000004
    endloop
  endfacet
  facet normal -0.7880107536067177 -0.6156614753256637 0
    outer loop
      vertex 60.16977778440511 -3.2139380484326963 0.6
      vertex 60.16977778440511 -3.2139380484326963 3.4000000000000004
      vertex 59.954915028125264 -2.938926261462366 3.4000000000000004
    endloop
  endfacet
  facet normal -0.8290375725550452 -0.5591929034707417 0
    outer loop
      vertex 59.954915028125264 -2.938926261462366 0.6
      vertex 59.954915028125264 -2.938926261462366 3.4000000000000004
      vertex 59.75975951921787 -2.6495963211660243 3.4000000000000004
    endloop
  endfacet
  facet normal 0.6946583704589928 -0.7193398003386555 0
    outer loop
      vertex 67.34565303179428 -3.715724127386971 0.6
      vertex 67.59669900169325 -3.4732918522949863 3.4000000000000004
      vertex 67.34565303179428 -3.715724127386971 3.4000000000000004
    endloop
  endfacet
  facet normal 0.743144825477395 -0.6691306063588573 0
    outer loop
      vertex 67.83022221559489 -3.2139380484326963 0.6
      vertex 67.83022221559489 -3.2139380484326963 3.4000000000000004
      vertex 67.59669900169325 -3.4732918522949863 3.4000000000000004
    endloop
  endfacet
  facet normal 0.7880107536067078 -0.6156614753256764 0
    outer loop
      vertex 68.04508497187474 -2.938926261462366 0.6
      vertex 68.04508497187474 -2.938926261462366 3.4000000000000004
      vertex 67.83022221559489 -3.2139380484326963 3.4000000000000004
    endloop
  endfacet
  facet normal 0.8290375725550452 -0.5591929034707417 0
    outer loop
      vertex 68.24024048078213 -2.6495963211660243 0.6
      vertex 68.24024048078213 -2.6495963211660243 3.4000000000000004
      vertex 68.04508497187474 -2.938926261462366 3.4000000000000004
    endloop
  endfacet
  facet normal -0.8987940462991676 -0.43837114678907607 0
    outer loop
      vertex 59.58526203570536 -2.347357813929454 0.6
      vertex 59.58526203570536 -2.347357813929454 3.4000000000000004
      vertex 59.43227271178699 -2.033683215379001 3.4000000000000004
    endloop
  endfacet
  facet normal -0.9271838545667911 -0.3746065934159031 0
    outer loop
      vertex 59.43227271178699 -2.033683215379001 0.6
      vertex 59.43227271178699 -2.033683215379001 3.4000000000000004
      vertex 59.30153689607046 -1.7101007166283435 3.4000000000000004
    endloop
  endfacet
  facet normal -0.9510565162951525 -0.3090169943749507 0
    outer loop
      vertex 59.30153689607046 -1.7101007166283435 0.6
      vertex 59.30153689607046 -1.7101007166283435 3.4000000000000004
      vertex 59.193691520308406 -1.3781867790849958 3.4000000000000004
    endloop
  endfacet
  facet normal -0.9702957262759964 -0.24192189559966815 0
    outer loop
      vertex 59.193691520308406 -1.3781867790849958 0.6
      vertex 59.193691520308406 -1.3781867790849958 3.4000000000000004
      vertex 59.10926199633097 -1.0395584540887968 3.4000000000000004
    endloop
  endfacet
  facet normal -0.9848077530122065 -0.17364817766693952 0
    outer loop
      vertex 59.10926199633097 -1.0395584540887968 0.6
      vertex 59.10926199633097 -1.0395584540887968 3.4000000000000004
      vertex 59.048659656292145 -0.6958655048003272 3.4000000000000004
    endloop
  endfacet
  facet normal -0.994521895368275 -0.10452846326763827 0
    outer loop
      vertex 59.048659656292145 -0.6958655048003272 0.6
      vertex 59.048659656292145 -0.6958655048003272 3.4000000000000004
      vertex 59.01217974870088 -0.3487823687206265 3.4000000000000004
    endloop
  endfacet
  facet normal -0.9993908270190955 -0.03489949670250613 0
    outer loop
      vertex 59.01217974870088 -0.3487823687206265 0.6
      vertex 59.01217974870088 -0.3487823687206265 3.4000000000000004
      vertex 59 0 3.4000000000000004
    endloop
  endfacet
  facet normal 0 0 1
    outer loop
      vertex 59.75975951921787 -2.6495963211660243 3.4000000000000004
      vertex 59.58526203570536 2.347357813929454 3.4000000000000004
      vertex 59.58526203570536 -2.347357813929454 3.4000000000000004
    endloop
  endfacet
  facet normal 0 0 1
    outer loop
      vertex 59.58526203570536 -2.347357813929454 3.4000000000000004
      vertex 59.43227271178699 2.033683215379001 3.4000000000000004
      vertex 59.43227271178699 -2.033683215379001 3.4000000000000004
    endloop
  endfacet
  facet normal 0 0 1
    outer loop
      vertex 59.43227271178699 -2.033683215379001 3.4000000000000004
      vertex 59.30153689607046 1.7101007166283435 3.4000000000000004
      vertex 59.30153689607046 -1.7101007166283435 3.4000000000000004
    endloop
  endfacet
  facet normal 0 0 1
    outer loop
      vertex 59.30153689607046 -1.7101007166283435 3.4000000000000004
      vertex 59.193691520308406 1.3781867790849958 3.4000000000000004
      vertex 59.193691520308406 -1.3781867790849958 3.4000000000000004
    endloop
  endfacet
  facet normal 0 0 1
    outer loop
      vertex 59.193691520308406 -1.3781867790849958 3.4000000000000004
      vertex 59.10926199633097 1.0395584540887968 3.4000000000000004
      vertex 59.10926199633097 -1.0395584540887968 3.4000000000000004
    endloop
  endfacet
  facet normal 0 0 1
    outer loop
      vertex 59.10926199633097 -1.0395584540887968 3.4000000000000004
      vertex 59.048659656292145 0.6958655048003272 3.4000000000000004
      vertex 59.048659656292145 -0.6958655048003272 3.4000000000000004
    endloop
  endfacet
  facet normal 0 0 1
    outer loop
      vertex 59.048659656292145 -0.6958655048003272 3.4000000000000004
      vertex 59.01217974870088 0.3487823687206265 3.4000000000000004
      vertex 59.01217974870088 -0.3487823687206265 3.4000000000000004
    endloop
  endfacet
  facet normal 0.8660254037844486 -0.4999999999999828 0
    outer loop
      vertex 68.41473796429463 -2.347357813929454 0.6
      vertex 68.41473796429463 -2.347357813929454 3.4000000000000004
      vertex 68.24024048078213 -2.6495963211660243 3.4000000000000004
    endloop
  endfacet
  facet normal 0.8987940462991596 -0.43837114678909256 0
    outer loop
      vertex 68.567727288213 -2.033683215379001 0.6
      vertex 68.567727288213 -2.033683215379001 3.4000000000000004
      vertex 68.41473796429463 -2.347357813929454 3.4000000000000004
    endloop
  endfacet
  facet normal 0.9271838545667911 -0.3746065934159031 0
    outer loop
      vertex 68.69846310392954 -1.7101007166283435 0.6
      vertex 68.69846310392954 -1.7101007166283435 3.4000000000000004
      vertex 68.567727288213 -2.033683215379001 3.4000000000000004
    endloop
  endfacet
  facet normal 0.9510565162951525 -0.3090169943749507 0
    outer loop
      vertex 68.8063084796916 -1.3781867790849958 0.6
      vertex 68.8063084796916 -1.3781867790849958 3.4000000000000004
      vertex 68.69846310392954 -1.7101007166283435 3.4000000000000004
    endloop
  endfacet
  facet normal 0 0 1
    outer loop
      vertex 60.92169262337171 -3.9400537680336094 3.4000000000000004
      vertex 60.65434696820571 3.715724127386971 3.4000000000000004
      vertex 60.65434696820571 -3.715724127386971 3.4000000000000004
    endloop
  endfacet
  facet normal 0 0 1
    outer loop
      vertex 61.20403548264626 -4.145187862775208 3.4000000000000004
      vertex 61.5 -4.330127018922193 3.4000000000000004
      vertex 61.20403548264626 4.145187862775208 3.4000000000000004
    endloop
  endfacet
  facet normal 0 0 1
    outer loop
      vertex 61.80814426605461 -4.493970231495835 3.4000000000000004
      vertex 61.5 4.330127018922193 3.4000000000000004
      vertex 61.5 -4.330127018922193 3.4000000000000004
    endloop
  endfacet
  facet normal 0 0 1
    outer loop
      vertex 61.80814426605461 -4.493970231495835 3.4000000000000004
      vertex 62.12696703292044 -4.635919272833937 3.4000000000000004
      vertex 61.80814426605461 4.493970231495835 3.4000000000000004
    endloop
  endfacet
  facet normal 0 0 1
    outer loop
      vertex 60.92169262337171 -3.9400537680336094 3.4000000000000004
      vertex 61.20403548264626 -4.145187862775208 3.4000000000000004
      vertex 60.92169262337171 3.9400537680336094 3.4000000000000004
    endloop
  endfacet
  facet normal 0 0 1
    outer loop
      vertex 62.12696703292044 -4.635919272833937 3.4000000000000004
      vertex 62.454915028125264 -4.755282581475767 3.4000000000000004
      vertex 62.12696703292044 4.635919272833937 3.4000000000000004
    endloop
  endfacet
  facet normal 0 0 1
    outer loop
      vertex 62.454915028125264 -4.755282581475767 3.4000000000000004
      vertex 62.79039052200166 -4.851478631379982 3.4000000000000004
      vertex 62.454915028125264 4.755282581475767 3.4000000000000004
    endloop
  endfacet
  facet normal 0 0 1
    outer loop
      vertex 62.79039052200166 -4.851478631379982 3.4000000000000004
      vertex 63.131759111665346 -4.92403876506104 3.4000000000000004
      vertex 62.79039052200166 4.851478631379982 3.4000000000000004
    endloop
  endfacet
  facet normal 0 0 1
    outer loop
      vertex 63.131759111665346 -4.92403876506104 3.4000000000000004
      vertex 63.47735768366173 -4.972609476841367 3.4000000000000004
      vertex 63.131759111665346 4.92403876506104 3.4000000000000004
    endloop
  endfacet
  facet normal 0 0 1
    outer loop
      vertex 63.47735768366173 -4.972609476841367 3.4000000000000004
      vertex 63.8255025164875 -4.9969541350954785 3.4000000000000004
      vertex 63.47735768366173 4.972609476841367 3.4000000000000004
    endloop
  endfacet
  facet normal 0 0 1
    outer loop
      vertex 63.8255025164875 -4.9969541350954785 3.4000000000000004
      vertex 64.17449748351251 -4.9969541350954785 3.4000000000000004
      vertex 63.8255025164875 4.9969541350954785 3.4000000000000004
    endloop
  endfacet
  facet normal 0 0 1
    outer loop
      vertex 64.17449748351251 -4.9969541350954785 3.4000000000000004
      vertex 64.52264231633826 -4.972609476841367 3.4000000000000004
      vertex 64.17449748351251 4.9969541350954785 3.4000000000000004
    endloop
  endfacet
  facet normal 0 0 1
    outer loop
      vertex 64.52264231633826 -4.972609476841367 3.4000000000000004
      vertex 64.86824088833465 -4.92403876506104 3.4000000000000004
      vertex 64.52264231633826 4.972609476841367 3.4000000000000004
    endloop
  endfacet
  facet normal 0 0 1
    outer loop
      vertex 64.86824088833465 -4.92403876506104 3.4000000000000004
      vertex 65.20960947799834 -4.851478631379982 3.4000000000000004
      vertex 64.86824088833465 4.92403876506104 3.4000000000000004
    endloop
  endfacet
  facet normal 0 0 1
    outer loop
      vertex 65.20960947799834 -4.851478631379982 3.4000000000000004
      vertex 65.54508497187474 -4.755282581475767 3.4000000000000004
      vertex 65.20960947799834 4.851478631379982 3.4000000000000004
    endloop
  endfacet
  facet normal 0 0 1
    outer loop
      vertex 65.54508497187474 -4.755282581475767 3.4000000000000004
      vertex 65.87303296707957 -4.635919272833937 3.4000000000000004
      vertex 65.54508497187474 4.755282581475767 3.4000000000000004
    endloop
  endfacet
  facet normal 0 0 1
    outer loop
      vertex 65.87303296707957 -4.635919272833937 3.4000000000000004
      vertex 66.19185573394539 -4.493970231495835 3.4000000000000004
      vertex 65.87303296707957 4.635919272833937 3.4000000000000004
    endloop
  endfacet
  facet normal 0 0 1
    outer loop
      vertex 66.19185573394539 -4.493970231495835 3.4000000000000004
      vertex 66.5 -4.330127018922193 3.4000000000000004
      vertex 66.19185573394539 4.493970231495835 3.4000000000000004
    endloop
  endfacet
  facet normal 0 0 1
    outer loop
      vertex 66.5 -4.330127018922193 3.4000000000000004
      vertex 66.79596451735374 -4.145187862775208 3.4000000000000004
      vertex 66.5 4.330127018922193 3.4000000000000004
    endloop
  endfacet
  facet normal 0 0 1
    outer loop
      vertex 66.79596451735374 -4.145187862775208 3.4000000000000004
      vertex 67.07830737662829 -3.9400537680336094 3.4000000000000004
      vertex 66.79596451735374 4.145187862775208 3.4000000000000004
    endloop
  endfacet
  facet normal 0.9702957262759964 -0.24192189559966815 0
    outer loop
      vertex 68.89073800366903 -1.0395584540887968 0.6
      vertex 68.89073800366903 -1.0395584540887968 3.4000000000000004
      vertex 68.8063084796916 -1.3781867790849958 3.4000000000000004
    endloop
  endfacet
  facet normal 0.9848077530122065 -0.17364817766693952 0
    outer loop
      vertex 68.95134034370786 -0.6958655048003272 0.6
      vertex 68.95134034370786 -0.6958655048003272 3.4000000000000004
      vertex 68.89073800366903 -1.0395584540887968 3.4000000000000004
    endloop
  endfacet
  facet normal 0.9945218953682728 -0.10452846326765841 0
    outer loop
      vertex 68.98782025129913 -0.3487823687206265 0.6
      vertex 68.98782025129913 -0.3487823687206265 3.4000000000000004
      vertex 68.95134034370786 -0.6958655048003272 3.4000000000000004
    endloop
  endfacet
  facet normal 0.9993908270190963 -0.034899496702485794 0
    outer loop
      vertex 68.98782025129913 -0.3487823687206265 3.4000000000000004
      vertex 69 0 0.6
      vertex 69 0 3.4000000000000004
    endloop
  endfacet
  facet normal 0 0 1
    outer loop
      vertex 60.16977778440511 -3.2139380484326963 3.4000000000000004
      vertex 60.40330099830675 -3.4732918522949863 3.4000000000000004
      vertex 60.16977778440511 3.2139380484326963 3.4000000000000004
    endloop
  endfacet
  facet normal 0 0 1
    outer loop
      vertex 60.40330099830675 -3.4732918522949863 3.4000000000000004
      vertex 60.65434696820571 -3.715724127386971 3.4000000000000004
      vertex 60.40330099830675 3.4732918522949863 3.4000000000000004
    endloop
  endfacet
  facet normal 0 0 1
    outer loop
      vertex 60.16977778440511 -3.2139380484326963 3.4000000000000004
      vertex 59.954915028125264 2.938926261462366 3.4000000000000004
      vertex 59.954915028125264 -2.938926261462366 3.4000000000000004
    endloop
  endfacet
  facet normal 0 0 1
    outer loop
      vertex 59.75975951921787 -2.6495963211660243 3.4000000000000004
      vertex 59.954915028125264 -2.938926261462366 3.4000000000000004
      vertex 59.75975951921787 2.6495963211660243 3.4000000000000004
    endloop
  endfacet
  facet normal 0 0 1
    outer loop
      vertex 67.07830737662829 -3.9400537680336094 3.4000000000000004
      vertex 67.34565303179428 -3.715724127386971 3.4000000000000004
      vertex 67.07830737662829 3.9400537680336094 3.4000000000000004
    endloop
  endfacet
  facet normal 0 0 1
    outer loop
      vertex 67.34565303179428 -3.715724127386971 3.4000000000000004
      vertex 67.59669900169325 -3.4732918522949863 3.4000000000000004
      vertex 67.34565303179428 3.715724127386971 3.4000000000000004
    endloop
  endfacet
  facet normal 0 0 1
    outer loop
      vertex 67.59669900169325 -3.4732918522949863 3.4000000000000004
      vertex 67.83022221559489 -3.2139380484326963 3.4000000000000004
      vertex 67.59669900169325 3.4732918522949863 3.4000000000000004
    endloop
  endfacet
  facet normal 0 0 1
    outer loop
      vertex 67.83022221559489 -3.2139380484326963 3.4000000000000004
      vertex 68.04508497187474 -2.938926261462366 3.4000000000000004
      vertex 67.83022221559489 3.2139380484326963 3.4000000000000004
    endloop
  endfacet
  facet normal 0 0 1
    outer loop
      vertex 68.04508497187474 -2.938926261462366 3.4000000000000004
      vertex 68.24024048078213 -2.6495963211660243 3.4000000000000004
      vertex 68.04508497187474 2.938926261462366 3.4000000000000004
    endloop
  endfacet
  facet normal 0 0 1
    outer loop
      vertex 68.24024048078213 -2.6495963211660243 3.4000000000000004
      vertex 68.41473796429463 -2.347357813929454 3.4000000000000004
      vertex 68.24024048078213 2.6495963211660243 3.4000000000000004
    endloop
  endfacet
  facet normal 0 0 1
    outer loop
      vertex 68.41473796429463 -2.347357813929454 3.4000000000000004
      vertex 68.567727288213 -2.033683215379001 3.4000000000000004
      vertex 68.41473796429463 2.347357813929454 3.4000000000000004
    endloop
  endfacet
  facet normal 0 0 1
    outer loop
      vertex 68.567727288213 -2.033683215379001 3.4000000000000004
      vertex 68.69846310392954 -1.7101007166283435 3.4000000000000004
      vertex 68.567727288213 2.033683215379001 3.4000000000000004
    endloop
  endfacet
  facet normal 0 0 1
    outer loop
      vertex 68.69846310392954 -1.7101007166283435 3.4000000000000004
      vertex 68.8063084796916 -1.3781867790849958 3.4000000000000004
      vertex 68.69846310392954 1.7101007166283435 3.4000000000000004
    endloop
  endfacet
  facet normal 0 0 1
    outer loop
      vertex 68.8063084796916 -1.3781867790849958 3.4000000000000004
      vertex 68.89073800366903 -1.0395584540887968 3.4000000000000004
      vertex 68.8063084796916 1.3781867790849958 3.4000000000000004
    endloop
  endfacet
  facet normal 0 0 1
    outer loop
      vertex 68.89073800366903 -1.0395584540887968 3.4000000000000004
      vertex 68.95134034370786 -0.6958655048003272 3.4000000000000004
      vertex 68.89073800366903 1.0395584540887968 3.4000000000000004
    endloop
  endfacet
  facet normal 0 0 1
    outer loop
      vertex 68.95134034370786 -0.6958655048003272 3.4000000000000004
      vertex 68.98782025129913 -0.3487823687206265 3.4000000000000004
      vertex 68.95134034370786 0.6958655048003272 3.4000000000000004
    endloop
  endfacet
  facet normal -0.9993908270190955 0.03489949670250613 0
    outer loop
      vertex 59 0 0.6
      vertex 59.01217974870088 0.3487823687206265 3.4000000000000004
      vertex 59.01217974870088 0.3487823687206265 0.6
    endloop
  endfacet
  facet normal -0.994521895368275 0.10452846326763827 0
    outer loop
      vertex 59.01217974870088 0.3487823687206265 0.6
      vertex 59.048659656292145 0.6958655048003272 3.4000000000000004
      vertex 59.048659656292145 0.6958655048003272 0.6
    endloop
  endfacet
  facet normal -0.9848077530122065 0.17364817766693952 0
    outer loop
      vertex 59.048659656292145 0.6958655048003272 0.6
      vertex 59.10926199633097 1.0395584540887968 3.4000000000000004
      vertex 59.10926199633097 1.0395584540887968 0.6
    endloop
  endfacet
  facet normal -0.9702957262759964 0.24192189559966815 0
    outer loop
      vertex 59.10926199633097 1.0395584540887968 0.6
      vertex 59.193691520308406 1.3781867790849958 3.4000000000000004
      vertex 59.193691520308406 1.3781867790849958 0.6
    endloop
  endfacet
  facet normal -0.9510565162951525 0.3090169943749507 0
    outer loop
      vertex 59.193691520308406 1.3781867790849958 0.6
      vertex 59.30153689607046 1.7101007166283435 3.4000000000000004
      vertex 59.30153689607046 1.7101007166283435 0.6
    endloop
  endfacet
  facet normal -0.9271838545667911 0.3746065934159031 0
    outer loop
      vertex 59.30153689607046 1.7101007166283435 0.6
      vertex 59.43227271178699 2.033683215379001 3.4000000000000004
      vertex 59.43227271178699 2.033683215379001 0.6
    endloop
  endfacet
  facet normal -0.8987940462991676 0.43837114678907607 0
    outer loop
      vertex 59.43227271178699 2.033683215379001 0.6
      vertex 59.58526203570536 2.347357813929454 3.4000000000000004
      vertex 59.58526203570536 2.347357813929454 0.6
    endloop
  endfacet
  facet normal 0.9993908270190963 0.034899496702485794 0
    outer loop
      vertex 69 0 0.6
      vertex 68.98782025129913 0.3487823687206265 0.6
      vertex 69 0 3.4000000000000004
    endloop
  endfacet
  facet normal 0.9945218953682728 0.10452846326765841 0
    outer loop
      vertex 68.98782025129913 0.3487823687206265 0.6
      vertex 68.95134034370786 0.6958655048003272 0.6
      vertex 68.98782025129913 0.3487823687206265 3.4000000000000004
    endloop
  endfacet
  facet normal 0.9848077530122065 0.17364817766693952 0
    outer loop
      vertex 68.95134034370786 0.6958655048003272 0.6
      vertex 68.89073800366903 1.0395584540887968 0.6
      vertex 68.95134034370786 0.6958655048003272 3.4000000000000004
    endloop
  endfacet
  facet normal 0.9702957262759964 0.24192189559966815 0
    outer loop
      vertex 68.89073800366903 1.0395584540887968 0.6
      vertex 68.8063084796916 1.3781867790849958 0.6
      vertex 68.89073800366903 1.0395584540887968 3.4000000000000004
    endloop
  endfacet
  facet normal 0.9510565162951525 0.3090169943749507 0
    outer loop
      vertex 68.8063084796916 1.3781867790849958 0.6
      vertex 68.69846310392954 1.7101007166283435 0.6
      vertex 68.8063084796916 1.3781867790849958 3.4000000000000004
    endloop
  endfacet
  facet normal 0.9271838545667911 0.3746065934159031 0
    outer loop
      vertex 68.69846310392954 1.7101007166283435 0.6
      vertex 68.567727288213 2.033683215379001 0.6
      vertex 68.69846310392954 1.7101007166283435 3.4000000000000004
    endloop
  endfacet
  facet normal 0.8987940462991596 0.43837114678909256 0
    outer loop
      vertex 68.567727288213 2.033683215379001 0.6
      vertex 68.41473796429463 2.347357813929454 0.6
      vertex 68.567727288213 2.033683215379001 3.4000000000000004
    endloop
  endfacet
  facet normal 0.8660254037844486 0.4999999999999828 0
    outer loop
      vertex 68.41473796429463 2.347357813929454 0.6
      vertex 68.24024048078213 2.6495963211660243 0.6
      vertex 68.41473796429463 2.347357813929454 3.4000000000000004
    endloop
  endfacet
  facet normal -0.8660254037844309 0.5000000000000133 0
    outer loop
      vertex 59.58526203570536 2.347357813929454 0.6
      vertex 59.75975951921787 2.6495963211660243 3.4000000000000004
      vertex 59.75975951921787 2.6495963211660243 0.6
    endloop
  endfacet
  facet normal -0.8290375725550452 0.5591929034707417 0
    outer loop
      vertex 59.75975951921787 2.6495963211660243 0.6
      vertex 59.954915028125264 2.938926261462366 3.4000000000000004
      vertex 59.954915028125264 2.938926261462366 0.6
    endloop
  endfacet
  facet normal -0.7880107536067177 0.6156614753256637 0
    outer loop
      vertex 59.954915028125264 2.938926261462366 0.6
      vertex 60.16977778440511 3.2139380484326963 3.4000000000000004
      vertex 60.16977778440511 3.2139380484326963 0.6
    endloop
  endfacet
  facet normal -0.743144825477395 0.6691306063588573 0
    outer loop
      vertex 60.16977778440511 3.2139380484326963 0.6
      vertex 60.40330099830675 3.4732918522949863 3.4000000000000004
      vertex 60.40330099830675 3.4732918522949863 0.6
    endloop
  endfacet
  facet normal -0.694658370459003 0.7193398003386458 0
    outer loop
      vertex 60.40330099830675 3.4732918522949863 0.6
      vertex 60.40330099830675 3.4732918522949863 3.4000000000000004
      vertex 60.65434696820571 3.715724127386971 0.6
    endloop
  endfacet
  facet normal 0.8290375725550452 0.5591929034707417 0
    outer loop
      vertex 68.04508497187474 2.938926261462366 0.6
      vertex 68.24024048078213 2.6495963211660243 3.4000000000000004
      vertex 68.24024048078213 2.6495963211660243 0.6
    endloop
  endfacet
  facet normal 0.7880107536067078 0.6156614753256764 0
    outer loop
      vertex 68.04508497187474 2.938926261462366 0.6
      vertex 67.83022221559489 3.2139380484326963 0.6
      vertex 68.04508497187474 2.938926261462366 3.4000000000000004
    endloop
  endfacet
  facet normal 0.743144825477395 0.6691306063588573 0
    outer loop
      vertex 67.59669900169325 3.4732918522949863 0.6
      vertex 67.83022221559489 3.2139380484326963 3.4000000000000004
      vertex 67.83022221559489 3.2139380484326963 0.6
    endloop
  endfacet
  facet normal 0.6946583704589928 0.7193398003386555 0
    outer loop
      vertex 67.34565303179428 3.715724127386971 0.6
      vertex 67.34565303179428 3.715724127386971 3.4000000000000004
      vertex 67.59669900169325 3.4732918522949863 0.6
    endloop
  endfacet
  facet normal -0.642787609686533 0.7660444431189832 0
    outer loop
      vertex 60.65434696820571 3.715724127386971 0.6
      vertex 60.65434696820571 3.715724127386971 3.4000000000000004
      vertex 60.92169262337171 3.9400537680336094 0.6
    endloop
  endfacet
  facet normal -0.5877852522924821 0.8090169943749408 0
    outer loop
      vertex 60.92169262337171 3.9400537680336094 0.6
      vertex 60.92169262337171 3.9400537680336094 3.4000000000000004
      vertex 61.20403548264626 4.145187862775208 0.6
    endloop
  endfacet
  facet normal -0.5299192642332003 0.8480480961564288 0
    outer loop
      vertex 61.20403548264626 4.145187862775208 0.6
      vertex 61.20403548264626 4.145187862775208 3.4000000000000004
      vertex 61.5 4.330127018922193 0.6
    endloop
  endfacet
  facet normal -0.4694715627858933 0.8829475928589254 0
    outer loop
      vertex 61.5 4.330127018922193 0.6
      vertex 61.5 4.330127018922193 3.4000000000000004
      vertex 61.80814426605461 4.493970231495835 0.6
    endloop
  endfacet
  facet normal -0.4067366430757987 0.9135454576426015 0
    outer loop
      vertex 61.80814426605461 4.493970231495835 0.6
      vertex 61.80814426605461 4.493970231495835 3.4000000000000004
      vertex 62.12696703292044 4.635919272833937 0.6
    endloop
  endfacet
  facet normal -0.3420201433256667 0.9396926207859091 0
    outer loop
      vertex 62.12696703292044 4.635919272833937 0.6
      vertex 62.12696703292044 4.635919272833937 3.4000000000000004
      vertex 62.454915028125264 4.755282581475767 0.6
    endloop
  endfacet
  facet normal -0.27563735581700327 0.9612616959383177 0
    outer loop
      vertex 62.454915028125264 4.755282581475767 0.6
      vertex 62.454915028125264 4.755282581475767 3.4000000000000004
      vertex 62.79039052200166 4.851478631379982 0.6
    endloop
  endfacet
  facet normal -0.20791169081775765 0.9781476007338059 0
    outer loop
      vertex 62.79039052200166 4.851478631379982 0.6
      vertex 62.79039052200166 4.851478631379982 3.4000000000000004
      vertex 63.131759111665346 4.92403876506104 0.6
    endloop
  endfacet
  facet normal -0.13917310096006724 0.99026806874157 0
    outer loop
      vertex 63.131759111665346 4.92403876506104 0.6
      vertex 63.131759111665346 4.92403876506104 3.4000000000000004
      vertex 63.47735768366173 4.972609476841367 0.6
    endloop
  endfacet
  facet normal -0.06975647374412393 0.9975640502598243 0
    outer loop
      vertex 63.47735768366173 4.972609476841367 0.6
      vertex 63.47735768366173 4.972609476841367 3.4000000000000004
      vertex 63.8255025164875 4.9969541350954785 0.6
    endloop
  endfacet
  facet normal 0 1 0
    outer loop
      vertex 63.8255025164875 4.9969541350954785 0.6
      vertex 63.8255025164875 4.9969541350954785 3.4000000000000004
      vertex 64.17449748351251 4.9969541350954785 0.6
    endloop
  endfacet
  facet normal 0.06975647374412677 0.9975640502598241 0
    outer loop
      vertex 64.17449748351251 4.9969541350954785 0.6
      vertex 64.17449748351251 4.9969541350954785 3.4000000000000004
      vertex 64.52264231633826 4.972609476841367 0.6
    endloop
  endfacet
  facet normal 0.5299192642332003 0.8480480961564288 0
    outer loop
      vertex 66.5 4.330127018922193 0.6
      vertex 66.5 4.330127018922193 3.4000000000000004
      vertex 66.79596451735374 4.145187862775208 0.6
    endloop
  endfacet
  facet normal 0.642787609686543 0.7660444431189748 0
    outer loop
      vertex 67.34565303179428 3.715724127386971 0.6
      vertex 67.07830737662829 3.9400537680336094 0.6
      vertex 67.07830737662829 3.9400537680336094 3.4000000000000004
    endloop
  endfacet
  facet normal 0.5877852522924821 0.8090169943749408 0
    outer loop
      vertex 66.79596451735374 4.145187862775208 0.6
      vertex 66.79596451735374 4.145187862775208 3.4000000000000004
      vertex 67.07830737662829 3.9400537680336094 0.6
    endloop
  endfacet
  facet normal 0.4694715627858933 0.8829475928589254 0
    outer loop
      vertex 66.19185573394539 4.493970231495835 0.6
      vertex 66.19185573394539 4.493970231495835 3.4000000000000004
      vertex 66.5 4.330127018922193 0.6
    endloop
  endfacet
  facet normal 0.4067366430758063 0.9135454576425982 0
    outer loop
      vertex 65.87303296707957 4.635919272833937 0.6
      vertex 65.87303296707957 4.635919272833937 3.4000000000000004
      vertex 66.19185573394539 4.493970231495835 0.6
    endloop
  endfacet
  facet normal 0.2756373558169979 0.9612616959383192 0
    outer loop
      vertex 65.20960947799834 4.851478631379982 0.6
      vertex 65.20960947799834 4.851478631379982 3.4000000000000004
      vertex 65.54508497187474 4.755282581475767 0.6
    endloop
  endfacet
  facet normal 0.13917310096006444 0.9902680687415704 0
    outer loop
      vertex 64.52264231633826 4.972609476841367 0.6
      vertex 64.52264231633826 4.972609476841367 3.4000000000000004
      vertex 64.86824088833465 4.92403876506104 0.6
    endloop
  endfacet
  facet normal 0.20791169081775765 0.9781476007338059 0
    outer loop
      vertex 64.86824088833465 4.92403876506104 0.6
      vertex 64.86824088833465 4.92403876506104 3.4000000000000004
      vertex 65.20960947799834 4.851478631379982 0.6
    endloop
  endfacet
  facet normal 0.3420201433256667 0.9396926207859091 0
    outer loop
      vertex 65.54508497187474 4.755282581475767 0.6
      vertex 65.54508497187474 4.755282581475767 3.4000000000000004
      vertex 65.87303296707957 4.635919272833937 0.6
    endloop
  endfacet
  facet normal -0.9993908270190955 0.03489949670250613 0
    outer loop
      vertex 59 0 0.6
      vertex 59 0 3.4000000000000004
      vertex 59.01217974870088 0.3487823687206265 3.4000000000000004
    endloop
  endfacet
  facet normal -0.994521895368275 0.10452846326763827 0
    outer loop
      vertex 59.01217974870088 0.3487823687206265 0.6
      vertex 59.01217974870088 0.3487823687206265 3.4000000000000004
      vertex 59.048659656292145 0.6958655048003272 3.4000000000000004
    endloop
  endfacet
  facet normal -0.9848077530122065 0.17364817766693952 0
    outer loop
      vertex 59.048659656292145 0.6958655048003272 0.6
      vertex 59.048659656292145 0.6958655048003272 3.4000000000000004
      vertex 59.10926199633097 1.0395584540887968 3.4000000000000004
    endloop
  endfacet
  facet normal -0.9702957262759964 0.24192189559966815 0
    outer loop
      vertex 59.10926199633097 1.0395584540887968 0.6
      vertex 59.10926199633097 1.0395584540887968 3.4000000000000004
      vertex 59.193691520308406 1.3781867790849958 3.4000000000000004
    endloop
  endfacet
  facet normal 0 0 1
    outer loop
      vertex 59.01217974870088 -0.3487823687206265 3.4000000000000004
      vertex 59.01217974870088 0.3487823687206265 3.4000000000000004
      vertex 59 0 3.4000000000000004
    endloop
  endfacet
  facet normal 0 0 1
    outer loop
      vertex 59.048659656292145 -0.6958655048003272 3.4000000000000004
      vertex 59.048659656292145 0.6958655048003272 3.4000000000000004
      vertex 59.01217974870088 0.3487823687206265 3.4000000000000004
    endloop
  endfacet
  facet normal 0 0 1
    outer loop
      vertex 59.10926199633097 -1.0395584540887968 3.4000000000000004
      vertex 59.10926199633097 1.0395584540887968 3.4000000000000004
      vertex 59.048659656292145 0.6958655048003272 3.4000000000000004
    endloop
  endfacet
  facet normal 0 0 1
    outer loop
      vertex 59.193691520308406 -1.3781867790849958 3.4000000000000004
      vertex 59.193691520308406 1.3781867790849958 3.4000000000000004
      vertex 59.10926199633097 1.0395584540887968 3.4000000000000004
    endloop
  endfacet
  facet normal 0 0 1
    outer loop
      vertex 59.30153689607046 -1.7101007166283435 3.4000000000000004
      vertex 59.30153689607046 1.7101007166283435 3.4000000000000004
      vertex 59.193691520308406 1.3781867790849958 3.4000000000000004
    endloop
  endfacet
  facet normal 0 0 1
    outer loop
      vertex 59.43227271178699 -2.033683215379001 3.4000000000000004
      vertex 59.43227271178699 2.033683215379001 3.4000000000000004
      vertex 59.30153689607046 1.7101007166283435 3.4000000000000004
    endloop
  endfacet
  facet normal 0 0 1
    outer loop
      vertex 59.58526203570536 -2.347357813929454 3.4000000000000004
      vertex 59.58526203570536 2.347357813929454 3.4000000000000004
      vertex 59.43227271178699 2.033683215379001 3.4000000000000004
    endloop
  endfacet
  facet normal 0 0 1
    outer loop
      vertex 59.75975951921787 -2.6495963211660243 3.4000000000000004
      vertex 59.75975951921787 2.6495963211660243 3.4000000000000004
      vertex 59.58526203570536 2.347357813929454 3.4000000000000004
    endloop
  endfacet
  facet normal -0.9510565162951525 0.3090169943749507 0
    outer loop
      vertex 59.193691520308406 1.3781867790849958 0.6
      vertex 59.193691520308406 1.3781867790849958 3.4000000000000004
      vertex 59.30153689607046 1.7101007166283435 3.4000000000000004
    endloop
  endfacet
  facet normal -0.9271838545667911 0.3746065934159031 0
    outer loop
      vertex 59.30153689607046 1.7101007166283435 0.6
      vertex 59.30153689607046 1.7101007166283435 3.4000000000000004
      vertex 59.43227271178699 2.033683215379001 3.4000000000000004
    endloop
  endfacet
  facet normal -0.8987940462991676 0.43837114678907607 0
    outer loop
      vertex 59.43227271178699 2.033683215379001 0.6
      vertex 59.43227271178699 2.033683215379001 3.4000000000000004
      vertex 59.58526203570536 2.347357813929454 3.4000000000000004
    endloop
  endfacet
  facet normal -0.8660254037844309 0.5000000000000133 0
    outer loop
      vertex 59.58526203570536 2.347357813929454 0.6
      vertex 59.58526203570536 2.347357813929454 3.4000000000000004
      vertex 59.75975951921787 2.6495963211660243 3.4000000000000004
    endloop
  endfacet
  facet normal 0.9993908270190963 0.034899496702485794 0
    outer loop
      vertex 68.98782025129913 0.3487823687206265 0.6
      vertex 68.98782025129913 0.3487823687206265 3.4000000000000004
      vertex 69 0 3.4000000000000004
    endloop
  endfacet
  facet normal 0.9945218953682728 0.10452846326765841 0
    outer loop
      vertex 68.95134034370786 0.6958655048003272 0.6
      vertex 68.95134034370786 0.6958655048003272 3.4000000000000004
      vertex 68.98782025129913 0.3487823687206265 3.4000000000000004
    endloop
  endfacet
  facet normal 0.9848077530122065 0.17364817766693952 0
    outer loop
      vertex 68.89073800366903 1.0395584540887968 0.6
      vertex 68.89073800366903 1.0395584540887968 3.4000000000000004
      vertex 68.95134034370786 0.6958655048003272 3.4000000000000004
    endloop
  endfacet
  facet normal 0 0 1
    outer loop
      vertex 59.954915028125264 -2.938926261462366 3.4000000000000004
      vertex 59.954915028125264 2.938926261462366 3.4000000000000004
      vertex 59.75975951921787 2.6495963211660243 3.4000000000000004
    endloop
  endfacet
  facet normal 0 0 1
    outer loop
      vertex 60.16977778440511 -3.2139380484326963 3.4000000000000004
      vertex 60.16977778440511 3.2139380484326963 3.4000000000000004
      vertex 59.954915028125264 2.938926261462366 3.4000000000000004
    endloop
  endfacet
  facet normal 0 0 1
    outer loop
      vertex 60.40330099830675 -3.4732918522949863 3.4000000000000004
      vertex 60.40330099830675 3.4732918522949863 3.4000000000000004
      vertex 60.16977778440511 3.2139380484326963 3.4000000000000004
    endloop
  endfacet
  facet normal 0 0 1
    outer loop
      vertex 60.65434696820571 -3.715724127386971 3.4000000000000004
      vertex 60.65434696820571 3.715724127386971 3.4000000000000004
      vertex 60.40330099830675 3.4732918522949863 3.4000000000000004
    endloop
  endfacet
  facet normal 0 0 1
    outer loop
      vertex 60.92169262337171 -3.9400537680336094 3.4000000000000004
      vertex 60.92169262337171 3.9400537680336094 3.4000000000000004
      vertex 60.65434696820571 3.715724127386971 3.4000000000000004
    endloop
  endfacet
  facet normal 0 0 1
    outer loop
      vertex 68.98782025129913 -0.3487823687206265 3.4000000000000004
      vertex 69 0 3.4000000000000004
      vertex 68.98782025129913 0.3487823687206265 3.4000000000000004
    endloop
  endfacet
  facet normal 0 0 1
    outer loop
      vertex 68.98782025129913 -0.3487823687206265 3.4000000000000004
      vertex 68.98782025129913 0.3487823687206265 3.4000000000000004
      vertex 68.95134034370786 0.6958655048003272 3.4000000000000004
    endloop
  endfacet
  facet normal 0 0 1
    outer loop
      vertex 68.95134034370786 -0.6958655048003272 3.4000000000000004
      vertex 68.95134034370786 0.6958655048003272 3.4000000000000004
      vertex 68.89073800366903 1.0395584540887968 3.4000000000000004
    endloop
  endfacet
  facet normal 0 0 1
    outer loop
      vertex 68.89073800366903 -1.0395584540887968 3.4000000000000004
      vertex 68.89073800366903 1.0395584540887968 3.4000000000000004
      vertex 68.8063084796916 1.3781867790849958 3.4000000000000004
    endloop
  endfacet
  facet normal 0 0 1
    outer loop
      vertex 68.8063084796916 -1.3781867790849958 3.4000000000000004
      vertex 68.8063084796916 1.3781867790849958 3.4000000000000004
      vertex 68.69846310392954 1.7101007166283435 3.4000000000000004
    endloop
  endfacet
  facet normal 0 0 1
    outer loop
      vertex 68.69846310392954 -1.7101007166283435 3.4000000000000004
      vertex 68.69846310392954 1.7101007166283435 3.4000000000000004
      vertex 68.567727288213 2.033683215379001 3.4000000000000004
    endloop
  endfacet
  facet normal 0 0 1
    outer loop
      vertex 68.41473796429463 -2.347357813929454 3.4000000000000004
      vertex 68.41473796429463 2.347357813929454 3.4000000000000004
      vertex 68.24024048078213 2.6495963211660243 3.4000000000000004
    endloop
  endfacet
  facet normal 0 0 1
    outer loop
      vertex 68.567727288213 -2.033683215379001 3.4000000000000004
      vertex 68.567727288213 2.033683215379001 3.4000000000000004
      vertex 68.41473796429463 2.347357813929454 3.4000000000000004
    endloop
  endfacet
  facet normal 0 0 1
    outer loop
      vertex 67.83022221559489 -3.2139380484326963 3.4000000000000004
      vertex 67.83022221559489 3.2139380484326963 3.4000000000000004
      vertex 67.59669900169325 3.4732918522949863 3.4000000000000004
    endloop
  endfacet
  facet normal 0 0 1
    outer loop
      vertex 67.59669900169325 -3.4732918522949863 3.4000000000000004
      vertex 67.59669900169325 3.4732918522949863 3.4000000000000004
      vertex 67.34565303179428 3.715724127386971 3.4000000000000004
    endloop
  endfacet
  facet normal 0 0 1
    outer loop
      vertex 68.24024048078213 -2.6495963211660243 3.4000000000000004
      vertex 68.24024048078213 2.6495963211660243 3.4000000000000004
      vertex 68.04508497187474 2.938926261462366 3.4000000000000004
    endloop
  endfacet
  facet normal 0 0 1
    outer loop
      vertex 68.04508497187474 -2.938926261462366 3.4000000000000004
      vertex 68.04508497187474 2.938926261462366 3.4000000000000004
      vertex 67.83022221559489 3.2139380484326963 3.4000000000000004
    endloop
  endfacet
  facet normal 0.9702957262759964 0.24192189559966815 0
    outer loop
      vertex 68.8063084796916 1.3781867790849958 0.6
      vertex 68.8063084796916 1.3781867790849958 3.4000000000000004
      vertex 68.89073800366903 1.0395584540887968 3.4000000000000004
    endloop
  endfacet
  facet normal 0.9510565162951525 0.3090169943749507 0
    outer loop
      vertex 68.69846310392954 1.7101007166283435 0.6
      vertex 68.69846310392954 1.7101007166283435 3.4000000000000004
      vertex 68.8063084796916 1.3781867790849958 3.4000000000000004
    endloop
  endfacet
  facet normal 0.9271838545667911 0.3746065934159031 0
    outer loop
      vertex 68.567727288213 2.033683215379001 0.6
      vertex 68.567727288213 2.033683215379001 3.4000000000000004
      vertex 68.69846310392954 1.7101007166283435 3.4000000000000004
    endloop
  endfacet
  facet normal 0.8987940462991596 0.43837114678909256 0
    outer loop
      vertex 68.41473796429463 2.347357813929454 0.6
      vertex 68.41473796429463 2.347357813929454 3.4000000000000004
      vertex 68.567727288213 2.033683215379001 3.4000000000000004
    endloop
  endfacet
  facet normal 0 0 1
    outer loop
      vertex 61.20403548264626 -4.145187862775208 3.4000000000000004
      vertex 61.20403548264626 4.145187862775208 3.4000000000000004
      vertex 60.92169262337171 3.9400537680336094 3.4000000000000004
    endloop
  endfacet
  facet normal 0 0 1
    outer loop
      vertex 61.5 -4.330127018922193 3.4000000000000004
      vertex 61.5 4.330127018922193 3.4000000000000004
      vertex 61.20403548264626 4.145187862775208 3.4000000000000004
    endloop
  endfacet
  facet normal 0 0 1
    outer loop
      vertex 61.80814426605461 -4.493970231495835 3.4000000000000004
      vertex 61.80814426605461 4.493970231495835 3.4000000000000004
      vertex 61.5 4.330127018922193 3.4000000000000004
    endloop
  endfacet
  facet normal 0 0 1
    outer loop
      vertex 62.12696703292044 -4.635919272833937 3.4000000000000004
      vertex 62.12696703292044 4.635919272833937 3.4000000000000004
      vertex 61.80814426605461 4.493970231495835 3.4000000000000004
    endloop
  endfacet
  facet normal 0 0 1
    outer loop
      vertex 62.454915028125264 -4.755282581475767 3.4000000000000004
      vertex 62.454915028125264 4.755282581475767 3.4000000000000004
      vertex 62.12696703292044 4.635919272833937 3.4000000000000004
    endloop
  endfacet
  facet normal 0 0 1
    outer loop
      vertex 62.79039052200166 -4.851478631379982 3.4000000000000004
      vertex 62.79039052200166 4.851478631379982 3.4000000000000004
      vertex 62.454915028125264 4.755282581475767 3.4000000000000004
    endloop
  endfacet
  facet normal 0 0 1
    outer loop
      vertex 63.131759111665346 -4.92403876506104 3.4000000000000004
      vertex 63.131759111665346 4.92403876506104 3.4000000000000004
      vertex 62.79039052200166 4.851478631379982 3.4000000000000004
    endloop
  endfacet
  facet normal 0 0 1
    outer loop
      vertex 63.47735768366173 -4.972609476841367 3.4000000000000004
      vertex 63.47735768366173 4.972609476841367 3.4000000000000004
      vertex 63.131759111665346 4.92403876506104 3.4000000000000004
    endloop
  endfacet
  facet normal 0 0 1
    outer loop
      vertex 63.8255025164875 -4.9969541350954785 3.4000000000000004
      vertex 63.8255025164875 4.9969541350954785 3.4000000000000004
      vertex 63.47735768366173 4.972609476841367 3.4000000000000004
    endloop
  endfacet
  facet normal 0 0 1
    outer loop
      vertex 63.8255025164875 4.9969541350954785 3.4000000000000004
      vertex 64.17449748351251 -4.9969541350954785 3.4000000000000004
      vertex 64.17449748351251 4.9969541350954785 3.4000000000000004
    endloop
  endfacet
  facet normal 0 0 1
    outer loop
      vertex 66.19185573394539 -4.493970231495835 3.4000000000000004
      vertex 66.19185573394539 4.493970231495835 3.4000000000000004
      vertex 65.87303296707957 4.635919272833937 3.4000000000000004
    endloop
  endfacet
  facet normal 0 0 1
    outer loop
      vertex 66.5 -4.330127018922193 3.4000000000000004
      vertex 66.5 4.330127018922193 3.4000000000000004
      vertex 66.19185573394539 4.493970231495835 3.4000000000000004
    endloop
  endfacet
  facet normal 0 0 1
    outer loop
      vertex 64.52264231633826 -4.972609476841367 3.4000000000000004
      vertex 64.52264231633826 4.972609476841367 3.4000000000000004
      vertex 64.17449748351251 4.9969541350954785 3.4000000000000004
    endloop
  endfacet
  facet normal 0 0 1
    outer loop
      vertex 64.86824088833465 -4.92403876506104 3.4000000000000004
      vertex 64.86824088833465 4.92403876506104 3.4000000000000004
      vertex 64.52264231633826 4.972609476841367 3.4000000000000004
    endloop
  endfacet
  facet normal 0 0 1
    outer loop
      vertex 65.54508497187474 -4.755282581475767 3.4000000000000004
      vertex 65.54508497187474 4.755282581475767 3.4000000000000004
      vertex 65.20960947799834 4.851478631379982 3.4000000000000004
    endloop
  endfacet
  facet normal 0 0 1
    outer loop
      vertex 65.20960947799834 -4.851478631379982 3.4000000000000004
      vertex 65.20960947799834 4.851478631379982 3.4000000000000004
      vertex 64.86824088833465 4.92403876506104 3.4000000000000004
    endloop
  endfacet
  facet normal 0 0 1
    outer loop
      vertex 65.87303296707957 -4.635919272833937 3.4000000000000004
      vertex 65.87303296707957 4.635919272833937 3.4000000000000004
      vertex 65.54508497187474 4.755282581475767 3.4000000000000004
    endloop
  endfacet
  facet normal 0 0 1
    outer loop
      vertex 67.34565303179428 -3.715724127386971 3.4000000000000004
      vertex 67.34565303179428 3.715724127386971 3.4000000000000004
      vertex 67.07830737662829 3.9400537680336094 3.4000000000000004
    endloop
  endfacet
  facet normal 0 0 1
    outer loop
      vertex 67.07830737662829 -3.9400537680336094 3.4000000000000004
      vertex 67.07830737662829 3.9400537680336094 3.4000000000000004
      vertex 66.79596451735374 4.145187862775208 3.4000000000000004
    endloop
  endfacet
  facet normal 0 0 1
    outer loop
      vertex 66.79596451735374 -4.145187862775208 3.4000000000000004
      vertex 66.79596451735374 4.145187862775208 3.4000000000000004
      vertex 66.5 4.330127018922193 3.4000000000000004
    endloop
  endfacet
  facet normal -0.8290375725550452 0.5591929034707417 0
    outer loop
      vertex 59.75975951921787 2.6495963211660243 0.6
      vertex 59.75975951921787 2.6495963211660243 3.4000000000000004
      vertex 59.954915028125264 2.938926261462366 3.4000000000000004
    endloop
  endfacet
  facet normal -0.7880107536067177 0.6156614753256637 0
    outer loop
      vertex 59.954915028125264 2.938926261462366 0.6
      vertex 59.954915028125264 2.938926261462366 3.4000000000000004
      vertex 60.16977778440511 3.2139380484326963 3.4000000000000004
    endloop
  endfacet
  facet normal -0.743144825477395 0.6691306063588573 0
    outer loop
      vertex 60.16977778440511 3.2139380484326963 0.6
      vertex 60.16977778440511 3.2139380484326963 3.4000000000000004
      vertex 60.40330099830675 3.4732918522949863 3.4000000000000004
    endloop
  endfacet
  facet normal -0.694658370459003 0.7193398003386458 0
    outer loop
      vertex 60.65434696820571 3.715724127386971 0.6
      vertex 60.40330099830675 3.4732918522949863 3.4000000000000004
      vertex 60.65434696820571 3.715724127386971 3.4000000000000004
    endloop
  endfacet
  facet normal 0.8660254037844486 0.4999999999999828 0
    outer loop
      vertex 68.24024048078213 2.6495963211660243 0.6
      vertex 68.24024048078213 2.6495963211660243 3.4000000000000004
      vertex 68.41473796429463 2.347357813929454 3.4000000000000004
    endloop
  endfacet
  facet normal 0.8290375725550452 0.5591929034707417 0
    outer loop
      vertex 68.04508497187474 2.938926261462366 0.6
      vertex 68.04508497187474 2.938926261462366 3.4000000000000004
      vertex 68.24024048078213 2.6495963211660243 3.4000000000000004
    endloop
  endfacet
  facet normal 0.7880107536067078 0.6156614753256764 0
    outer loop
      vertex 67.83022221559489 3.2139380484326963 0.6
      vertex 67.83022221559489 3.2139380484326963 3.4000000000000004
      vertex 68.04508497187474 2.938926261462366 3.4000000000000004
    endloop
  endfacet
  facet normal 0.743144825477395 0.6691306063588573 0
    outer loop
      vertex 67.59669900169325 3.4732918522949863 0.6
      vertex 67.59669900169325 3.4732918522949863 3.4000000000000004
      vertex 67.83022221559489 3.2139380484326963 3.4000000000000004
    endloop
  endfacet
  facet normal 0.6946583704589928 0.7193398003386555 0
    outer loop
      vertex 67.59669900169325 3.4732918522949863 0.6
      vertex 67.34565303179428 3.715724127386971 3.4000000000000004
      vertex 67.59669900169325 3.4732918522949863 3.4000000000000004
    endloop
  endfacet
  facet normal -0.642787609686533 0.7660444431189832 0
    outer loop
      vertex 60.92169262337171 3.9400537680336094 0.6
      vertex 60.65434696820571 3.715724127386971 3.4000000000000004
      vertex 60.92169262337171 3.9400537680336094 3.4000000000000004
    endloop
  endfacet
  facet normal -0.5877852522924821 0.8090169943749408 0
    outer loop
      vertex 61.20403548264626 4.145187862775208 0.6
      vertex 60.92169262337171 3.9400537680336094 3.4000000000000004
      vertex 61.20403548264626 4.145187862775208 3.4000000000000004
    endloop
  endfacet
  facet normal -0.5299192642332003 0.8480480961564288 0
    outer loop
      vertex 61.5 4.330127018922193 0.6
      vertex 61.20403548264626 4.145187862775208 3.4000000000000004
      vertex 61.5 4.330127018922193 3.4000000000000004
    endloop
  endfacet
  facet normal -0.4694715627858933 0.8829475928589254 0
    outer loop
      vertex 61.80814426605461 4.493970231495835 0.6
      vertex 61.5 4.330127018922193 3.4000000000000004
      vertex 61.80814426605461 4.493970231495835 3.4000000000000004
    endloop
  endfacet
  facet normal -0.4067366430757987 0.9135454576426015 0
    outer loop
      vertex 62.12696703292044 4.635919272833937 0.6
      vertex 61.80814426605461 4.493970231495835 3.4000000000000004
      vertex 62.12696703292044 4.635919272833937 3.4000000000000004
    endloop
  endfacet
  facet normal -0.3420201433256667 0.9396926207859091 0
    outer loop
      vertex 62.454915028125264 4.755282581475767 0.6
      vertex 62.12696703292044 4.635919272833937 3.4000000000000004
      vertex 62.454915028125264 4.755282581475767 3.4000000000000004
    endloop
  endfacet
  facet normal -0.27563735581700327 0.9612616959383177 0
    outer loop
      vertex 62.79039052200166 4.851478631379982 0.6
      vertex 62.454915028125264 4.755282581475767 3.4000000000000004
      vertex 62.79039052200166 4.851478631379982 3.4000000000000004
    endloop
  endfacet
  facet normal -0.20791169081775765 0.9781476007338059 0
    outer loop
      vertex 63.131759111665346 4.92403876506104 0.6
      vertex 62.79039052200166 4.851478631379982 3.4000000000000004
      vertex 63.131759111665346 4.92403876506104 3.4000000000000004
    endloop
  endfacet
  facet normal -0.13917310096006724 0.99026806874157 0
    outer loop
      vertex 63.47735768366173 4.972609476841367 0.6
      vertex 63.131759111665346 4.92403876506104 3.4000000000000004
      vertex 63.47735768366173 4.972609476841367 3.4000000000000004
    endloop
  endfacet
  facet normal -0.06975647374412393 0.9975640502598243 0
    outer loop
      vertex 63.8255025164875 4.9969541350954785 0.6
      vertex 63.47735768366173 4.972609476841367 3.4000000000000004
      vertex 63.8255025164875 4.9969541350954785 3.4000000000000004
    endloop
  endfacet
  facet normal 0 1 0
    outer loop
      vertex 63.8255025164875 4.9969541350954785 3.4000000000000004
      vertex 64.17449748351251 4.9969541350954785 3.4000000000000004
      vertex 64.17449748351251 4.9969541350954785 0.6
    endloop
  endfacet
  facet normal 0.642787609686543 0.7660444431189748 0
    outer loop
      vertex 67.34565303179428 3.715724127386971 0.6
      vertex 67.07830737662829 3.9400537680336094 3.4000000000000004
      vertex 67.34565303179428 3.715724127386971 3.4000000000000004
    endloop
  endfacet
  facet normal 0.5877852522924821 0.8090169943749408 0
    outer loop
      vertex 67.07830737662829 3.9400537680336094 0.6
      vertex 66.79596451735374 4.145187862775208 3.4000000000000004
      vertex 67.07830737662829 3.9400537680336094 3.4000000000000004
    endloop
  endfacet
  facet normal 0.5299192642332003 0.8480480961564288 0
    outer loop
      vertex 66.79596451735374 4.145187862775208 0.6
      vertex 66.5 4.330127018922193 3.4000000000000004
      vertex 66.79596451735374 4.145187862775208 3.4000000000000004
    endloop
  endfacet
  facet normal 0.4694715627858933 0.8829475928589254 0
    outer loop
      vertex 66.5 4.330127018922193 0.6
      vertex 66.19185573394539 4.493970231495835 3.4000000000000004
      vertex 66.5 4.330127018922193 3.4000000000000004
    endloop
  endfacet
  facet normal 0.4067366430758063 0.9135454576425982 0
    outer loop
      vertex 66.19185573394539 4.493970231495835 0.6
      vertex 65.87303296707957 4.635919272833937 3.4000000000000004
      vertex 66.19185573394539 4.493970231495835 3.4000000000000004
    endloop
  endfacet
  facet normal 0.3420201433256667 0.9396926207859091 0
    outer loop
      vertex 65.87303296707957 4.635919272833937 0.6
      vertex 65.54508497187474 4.755282581475767 3.4000000000000004
      vertex 65.87303296707957 4.635919272833937 3.4000000000000004
    endloop
  endfacet
  facet normal 0.2756373558169979 0.9612616959383192 0
    outer loop
      vertex 65.54508497187474 4.755282581475767 0.6
      vertex 65.20960947799834 4.851478631379982 3.4000000000000004
      vertex 65.54508497187474 4.755282581475767 3.4000000000000004
    endloop
  endfacet
  facet normal 0.06975647374412677 0.9975640502598241 0
    outer loop
      vertex 64.52264231633826 4.972609476841367 0.6
      vertex 64.17449748351251 4.9969541350954785 3.4000000000000004
      vertex 64.52264231633826 4.972609476841367 3.4000000000000004
    endloop
  endfacet
  facet normal 0.13917310096006444 0.9902680687415704 0
    outer loop
      vertex 64.86824088833465 4.92403876506104 0.6
      vertex 64.52264231633826 4.972609476841367 3.4000000000000004
      vertex 64.86824088833465 4.92403876506104 3.4000000000000004
    endloop
  endfacet
  facet normal 0.20791169081775765 0.9781476007338059 0
    outer loop
      vertex 65.20960947799834 4.851478631379982 0.6
      vertex 64.86824088833465 4.92403876506104 3.4000000000000004
      vertex 65.20960947799834 4.851478631379982 3.4000000000000004
    endloop
  endfacet
  facet normal 0.3166679938014714 0.9485364419471459 0
    outer loop
      vertex 62.90072485016814 -2.898550352324786 0.6
      vertex 63.137525861859 -2.977606146057254 2.8000000000000003
      vertex 63.137525861859 -2.977606146057254 0.6
    endloop
  endfacet
  facet normal 0.39196660986007625 0.9199794436588237 0
    outer loop
      vertex 62.67105305965053 -2.800696347292185 0.6
      vertex 62.90072485016814 -2.898550352324786 2.8000000000000003
      vertex 62.90072485016814 -2.898550352324786 0.6
    endloop
  endfacet
  facet normal 0.08046656871672482 0.99675730813421 0
    outer loop
      vertex 63.6263362912085 -3.077397509703968 0.6
      vertex 63.87517558566081 -3.0974858943318657 2.8000000000000003
      vertex 63.87517558566081 -3.0974858943318657 0.6
    endloop
  endfacet
  facet normal 0.1604112808577573 0.9870502626379133 0
    outer loop
      vertex 63.37992034929426 -3.03735102133103 0.6
      vertex 63.6263362912085 -3.077397509703968 2.8000000000000003
      vertex 63.6263362912085 -3.077397509703968 0.6
    endloop
  endfacet
  facet normal 0.23931566428756085 0.9709418174260511 0
    outer loop
      vertex 63.137525861859 -2.977606146057254 0.6
      vertex 63.37992034929426 -3.03735102133103 2.8000000000000003
      vertex 63.37992034929426 -3.03735102133103 0.6
    endloop
  endfacet
  facet normal 0 1 0
    outer loop
      vertex 63.87517558566081 -3.0974858943318657 0.6
      vertex 64.12482441433919 -3.0974858943318657 2.8000000000000003
      vertex 64.12482441433919 -3.0974858943318657 0.6
    endloop
  endfacet
  facet normal -0.08046656871672482 0.99675730813421 0
    outer loop
      vertex 64.12482441433919 -3.0974858943318657 0.6
      vertex 64.3736637087915 -3.077397509703968 2.8000000000000003
      vertex 64.3736637087915 -3.077397509703968 0.6
    endloop
  endfacet
  facet normal 0.46472317204377295 0.8854560256532076 0
    outer loop
      vertex 62.67105305965053 -2.800696347292185 0.6
      vertex 62.45 -2.68467875173176 0.6
      vertex 62.67105305965053 -2.800696347292185 2.8000000000000003
    endloop
  endfacet
  facet normal 0.5344658261277959 0.8451900855437979 0
    outer loop
      vertex 62.23899928513342 -2.551249984270335 0.6
      vertex 62.45 -2.68467875173176 2.8000000000000003
      vertex 62.45 -2.68467875173176 0.6
    endloop
  endfacet
  facet normal 0.600742264237976 0.7994427634035032 0
    outer loop
      vertex 62.03941933565433 -2.4012753816657297 0.6
      vertex 62.23899928513342 -2.551249984270335 2.8000000000000003
      vertex 62.23899928513342 -2.551249984270335 0.6
    endloop
  endfacet
  facet normal -0.1604112808577618 0.9870502626379125 0
    outer loop
      vertex 64.3736637087915 -3.077397509703968 0.6
      vertex 64.62007965070573 -3.03735102133103 2.8000000000000003
      vertex 64.62007965070573 -3.03735102133103 0.6
    endloop
  endfacet
  facet normal -0.23931566428755746 0.9709418174260519 0
    outer loop
      vertex 64.62007965070573 -3.03735102133103 0.6
      vertex 64.862474138141 -2.977606146057255 2.8000000000000003
      vertex 64.862474138141 -2.977606146057255 0.6
    endloop
  endfacet
  facet normal -0.3166679938014746 0.9485364419471447 0
    outer loop
      vertex 64.862474138141 -2.977606146057255 0.6
      vertex 65.09927514983185 -2.898550352324786 2.8000000000000003
      vertex 65.09927514983185 -2.898550352324786 0.6
    endloop
  endfacet
  facet normal -0.3919666098600646 0.9199794436588288 0
    outer loop
      vertex 65.09927514983185 -2.898550352324786 0.6
      vertex 65.32894694034947 -2.8006963472921855 2.8000000000000003
      vertex 65.32894694034947 -2.8006963472921855 0.6
    endloop
  endfacet
  facet normal -0.4647231720437744 0.8854560256532069 0
    outer loop
      vertex 65.32894694034947 -2.8006963472921855 0.6
      vertex 65.55 -2.68467875173176 2.8000000000000003
      vertex 65.55 -2.68467875173176 0.6
    endloop
  endfacet
  facet normal -0.5344658261277986 0.8451900855437965 0
    outer loop
      vertex 65.55 -2.68467875173176 0.6
      vertex 65.76100071486658 -2.551249984270334 2.8000000000000003
      vertex 65.76100071486658 -2.551249984270334 0.6
    endloop
  endfacet
  facet normal 0.23931566428756085 0.9709418174260511 0
    outer loop
      vertex 63.137525861859 -2.977606146057254 0.6
      vertex 63.137525861859 -2.977606146057254 2.8000000000000003
      vertex 63.37992034929426 -3.03735102133103 2.8000000000000003
    endloop
  endfacet
  facet normal 0.3166679938014714 0.9485364419471459 0
    outer loop
      vertex 62.90072485016814 -2.898550352324786 0.6
      vertex 62.90072485016814 -2.898550352324786 2.8000000000000003
      vertex 63.137525861859 -2.977606146057254 2.8000000000000003
    endloop
  endfacet
  facet normal 0.39196660986007625 0.9199794436588237 0
    outer loop
      vertex 62.67105305965053 -2.800696347292185 0.6
      vertex 62.67105305965053 -2.800696347292185 2.8000000000000003
      vertex 62.90072485016814 -2.898550352324786 2.8000000000000003
    endloop
  endfacet
  facet normal 0.1604112808577573 0.9870502626379133 0
    outer loop
      vertex 63.37992034929426 -3.03735102133103 0.6
      vertex 63.37992034929426 -3.03735102133103 2.8000000000000003
      vertex 63.6263362912085 -3.077397509703968 2.8000000000000003
    endloop
  endfacet
  facet normal 0.08046656871672482 0.99675730813421 0
    outer loop
      vertex 63.6263362912085 -3.077397509703968 0.6
      vertex 63.6263362912085 -3.077397509703968 2.8000000000000003
      vertex 63.87517558566081 -3.0974858943318657 2.8000000000000003
    endloop
  endfacet
  facet normal 0 1 0
    outer loop
      vertex 63.87517558566081 -3.0974858943318657 0.6
      vertex 63.87517558566081 -3.0974858943318657 2.8000000000000003
      vertex 64.12482441433919 -3.0974858943318657 2.8000000000000003
    endloop
  endfacet
  facet normal -0.08046656871672482 0.99675730813421 0
    outer loop
      vertex 64.12482441433919 -3.0974858943318657 0.6
      vertex 64.12482441433919 -3.0974858943318657 2.8000000000000003
      vertex 64.3736637087915 -3.077397509703968 2.8000000000000003
    endloop
  endfacet
  facet normal 0.46472317204377295 0.8854560256532076 0
    outer loop
      vertex 62.45 -2.68467875173176 0.6
      vertex 62.45 -2.68467875173176 2.8000000000000003
      vertex 62.67105305965053 -2.800696347292185 2.8000000000000003
    endloop
  endfacet
  facet normal 0.5344658261277959 0.8451900855437979 0
    outer loop
      vertex 62.23899928513342 -2.551249984270335 0.6
      vertex 62.23899928513342 -2.551249984270335 2.8000000000000003
      vertex 62.45 -2.68467875173176 2.8000000000000003
    endloop
  endfacet
  facet normal -0.1604112808577618 0.9870502626379125 0
    outer loop
      vertex 64.3736637087915 -3.077397509703968 0.6
      vertex 64.3736637087915 -3.077397509703968 2.8000000000000003
      vertex 64.62007965070573 -3.03735102133103 2.8000000000000003
    endloop
  endfacet
  facet normal -0.23931566428755746 0.9709418174260519 0
    outer loop
      vertex 64.62007965070573 -3.03735102133103 0.6
      vertex 64.62007965070573 -3.03735102133103 2.8000000000000003
      vertex 64.862474138141 -2.977606146057255 2.8000000000000003
    endloop
  endfacet
  facet normal -0.3166679938014746 0.9485364419471447 0
    outer loop
      vertex 64.862474138141 -2.977606146057255 0.6
      vertex 64.862474138141 -2.977606146057255 2.8000000000000003
      vertex 65.09927514983185 -2.898550352324786 2.8000000000000003
    endloop
  endfacet
  facet normal -0.3919666098600646 0.9199794436588288 0
    outer loop
      vertex 65.09927514983185 -2.898550352324786 0.6
      vertex 65.09927514983185 -2.898550352324786 2.8000000000000003
      vertex 65.32894694034947 -2.8006963472921855 2.8000000000000003
    endloop
  endfacet
  facet normal -0.4647231720437744 0.8854560256532069 0
    outer loop
      vertex 65.32894694034947 -2.8006963472921855 0.6
      vertex 65.32894694034947 -2.8006963472921855 2.8000000000000003
      vertex 65.55 -2.68467875173176 2.8000000000000003
    endloop
  endfacet
  facet normal -0.5344658261277986 0.8451900855437965 0
    outer loop
      vertex 65.55 -2.68467875173176 0.6
      vertex 65.55 -2.68467875173176 2.8000000000000003
      vertex 65.76100071486658 -2.551249984270334 2.8000000000000003
    endloop
  endfacet
  facet normal -0.6007422642379738 0.799442763403505 0
    outer loop
      vertex 65.76100071486658 -2.551249984270334 0.6
      vertex 65.76100071486658 -2.551249984270334 2.8000000000000003
      vertex 65.96058066434567 -2.4012753816657297 2.8000000000000003
    endloop
  endfacet
  facet normal 0 0 1
    outer loop
      vertex 62.03941933565433 -2.4012753816657297 0.6
      vertex 62.03941933565433 2.4012753816657297 0.6
      vertex 61.85255450412024 -2.2357275867658255 0.6
    endloop
  endfacet
  facet normal 0 0 1
    outer loop
      vertex 61.85255450412024 -2.2357275867658255 0.6
      vertex 61.85255450412024 2.2357275867658255 0.6
      vertex 61.67961668066959 -2.0556802405464656 0.6
    endloop
  endfacet
  facet normal 0 0 1
    outer loop
      vertex 62.90072485016814 -2.898550352324786 0.6
      vertex 63.137525861859 -2.977606146057254 0.6
      vertex 63.137525861859 2.977606146057254 0.6
    endloop
  endfacet
  facet normal 0 0 1
    outer loop
      vertex 63.6263362912085 -3.077397509703968 0.6
      vertex 63.87517558566081 -3.0974858943318657 0.6
      vertex 63.87517558566081 3.0974858943318657 0.6
    endloop
  endfacet
  facet normal 0 0 1
    outer loop
      vertex 63.137525861859 -2.977606146057254 0.6
      vertex 63.37992034929426 -3.03735102133103 0.6
      vertex 63.37992034929426 3.03735102133103 0.6
    endloop
  endfacet
  facet normal 0 0 1
    outer loop
      vertex 63.37992034929426 -3.03735102133103 0.6
      vertex 63.6263362912085 -3.077397509703968 0.6
      vertex 63.626336291208496 3.0773975097039674 0.6
    endloop
  endfacet
  facet normal 0 0 1
    outer loop
      vertex 63.87517558566081 -3.0974858943318657 0.6
      vertex 64.12482441433919 -3.0974858943318657 0.6
      vertex 64.12482441433919 3.0974858943318657 0.6
    endloop
  endfacet
  facet normal 0 0 1
    outer loop
      vertex 64.12482441433919 -3.0974858943318657 0.6
      vertex 64.3736637087915 -3.077397509703968 0.6
      vertex 64.3736637087915 3.0773975097039674 0.6
    endloop
  endfacet
  facet normal 0 0 1
    outer loop
      vertex 62.67105305965053 -2.800696347292185 0.6
      vertex 62.67105305965053 2.800696347292185 0.6
      vertex 62.45 -2.68467875173176 0.6
    endloop
  endfacet
  facet normal 0 0 1
    outer loop
      vertex 62.03941933565433 -2.4012753816657297 0.6
      vertex 62.23899928513342 -2.551249984270335 0.6
      vertex 62.23899928513342 2.551249984270335 0.6
    endloop
  endfacet
  facet normal 0 0 1
    outer loop
      vertex 62.23899928513342 -2.551249984270335 0.6
      vertex 62.45 -2.68467875173176 0.6
      vertex 62.45 2.68467875173176 0.6
    endloop
  endfacet
  facet normal 0 0 1
    outer loop
      vertex 62.67105305965053 -2.800696347292185 0.6
      vertex 62.90072485016814 -2.898550352324786 0.6
      vertex 62.90072485016814 2.898550352324786 0.6
    endloop
  endfacet
  facet normal 0 0 1
    outer loop
      vertex 61.37991073481424 -1.6568440609961839 0.6
      vertex 61.52172743344914 -1.8623010191377352 0.6
      vertex 61.52172743344914 1.8623010191377352 0.6
    endloop
  endfacet
  facet normal 0 0 1
    outer loop
      vertex 61.37991073481424 -1.6568440609961839 0.6
      vertex 61.37991073481424 1.6568440609961839 0.6
      vertex 61.25508632047505 -1.4406418333356819 0.6
    endloop
  endfacet
  facet normal 0 0 1
    outer loop
      vertex 61.52172743344914 -1.8623010191377352 0.6
      vertex 61.67961668066959 -2.0556802405464656 0.6
      vertex 61.67961668066959 2.0556802405464656 0.6
    endloop
  endfacet
  facet normal 0 0 1
    outer loop
      vertex 61.25508632047505 -1.4406418333356819 0.6
      vertex 61.25508632047505 1.4406418333356819 0.6
      vertex 61.148063724657646 -1.2150964905662323 0.6
    endloop
  endfacet
  facet normal 0 0 1
    outer loop
      vertex 61.148063724657646 -1.2150964905662323 0.6
      vertex 61.148063724657646 1.2150964905662323 0.6
      vertex 61.05953702996385 -0.9816707807845644 0.6
    endloop
  endfacet
  facet normal 0 0 1
    outer loop
      vertex 61.05953702996385 -0.9816707807845644 0.6
      vertex 61.05953702996385 0.9816707807845644 0.6
      vertex 60.99008036597924 -0.7418785592914287 0.6
    endloop
  endfacet
  facet normal 0 0 1
    outer loop
      vertex 60.99008036597924 -0.7418785592914287 0.6
      vertex 60.99008036597924 0.7418785592914287 0.6
      vertex 60.94014418582247 -0.49727497065905657 0.6
    endloop
  endfacet
  facet normal 0 0 1
    outer loop
      vertex 60.94014418582247 -0.49727497065905657 0.6
      vertex 60.94014418582247 0.49727497065905657 0.6
      vertex 60.91005234478395 -0.24944636302185014 0.6
    endloop
  endfacet
  facet normal 0 0 1
    outer loop
      vertex 64.3736637087915 -3.077397509703968 0.6
      vertex 64.62007965070573 -3.03735102133103 0.6
      vertex 64.62007965070573 3.03735102133103 0.6
    endloop
  endfacet
  facet normal 0 0 1
    outer loop
      vertex 64.62007965070573 -3.03735102133103 0.6
      vertex 64.862474138141 -2.977606146057255 0.6
      vertex 64.86247413814101 2.977606146057254 0.6
    endloop
  endfacet
  facet normal 0 0 1
    outer loop
      vertex 64.862474138141 -2.977606146057255 0.6
      vertex 65.09927514983185 -2.898550352324786 0.6
      vertex 65.09927514983185 2.898550352324786 0.6
    endloop
  endfacet
  facet normal 0 0 1
    outer loop
      vertex 65.09927514983185 -2.898550352324786 0.6
      vertex 65.32894694034947 -2.8006963472921855 0.6
      vertex 65.32894694034947 2.800696347292185 0.6
    endloop
  endfacet
  facet normal 0 0 1
    outer loop
      vertex 65.32894694034947 -2.8006963472921855 0.6
      vertex 65.55 -2.68467875173176 0.6
      vertex 65.55 2.68467875173176 0.6
    endloop
  endfacet
  facet normal 0 0 1
    outer loop
      vertex 65.55 -2.68467875173176 0.6
      vertex 65.76100071486658 -2.551249984270334 0.6
      vertex 65.76100071486658 2.551249984270335 0.6
    endloop
  endfacet
  facet normal 0 0 1
    outer loop
      vertex 65.76100071486658 -2.551249984270334 0.6
      vertex 65.96058066434567 -2.4012753816657297 0.6
      vertex 65.96058066434567 2.4012753816657293 0.6
    endloop
  endfacet
  facet normal 0 0 1
    outer loop
      vertex 65.96058066434567 -2.4012753816657297 0.6
      vertex 66.14744549587977 -2.235727586765824 0.6
      vertex 66.14744549587977 2.235727586765825 0.6
    endloop
  endfacet
  facet normal 0 0 1
    outer loop
      vertex 66.14744549587977 -2.235727586765824 0.6
      vertex 66.32038331933042 -2.0556802405464656 0.6
      vertex 66.32038331933042 2.055680240546465 0.6
    endloop
  endfacet
  facet normal 0 0 1
    outer loop
      vertex 66.32038331933042 -2.0556802405464656 0.6
      vertex 66.47827256655086 -1.862301019137734 0.6
      vertex 66.47827256655086 1.8623010191377345 0.6
    endloop
  endfacet
  facet normal 0 0 1
    outer loop
      vertex 66.47827256655086 -1.862301019137734 0.6
      vertex 66.62008926518577 -1.6568440609961839 0.6
      vertex 66.62008926518577 1.6568440609961832 0.6
    endloop
  endfacet
  facet normal 0 0 1
    outer loop
      vertex 66.62008926518577 -1.6568440609961839 0.6
      vertex 66.74491367952496 -1.4406418333356819 0.6
      vertex 66.74491367952496 1.4406418333356825 0.6
    endloop
  endfacet
  facet normal 0 0 1
    outer loop
      vertex 66.74491367952496 -1.4406418333356819 0.6
      vertex 66.85193627534235 -1.2150964905662336 0.6
      vertex 66.85193627534235 1.2150964905662327 0.6
    endloop
  endfacet
  facet normal 0 0 1
    outer loop
      vertex 66.85193627534235 -1.2150964905662336 0.6
      vertex 66.94046297003615 -0.9816707807845644 0.6
      vertex 66.94046297003615 0.9816707807845647 0.6
    endloop
  endfacet
  facet normal 0 0 1
    outer loop
      vertex 66.94046297003615 -0.9816707807845644 0.6
      vertex 67.00991963402076 -0.7418785592914302 0.6
      vertex 67.00991963402076 0.7418785592914291 0.6
    endloop
  endfacet
  facet normal 0 0 1
    outer loop
      vertex 67.00991963402076 -0.7418785592914302 0.6
      vertex 67.05985581417752 -0.49727497065905657 0.6
      vertex 67.05985581417752 0.49727497065905674 0.6
    endloop
  endfacet
  facet normal 0 0 1
    outer loop
      vertex 67.05985581417752 -0.49727497065905657 0.6
      vertex 67.08994765521605 -0.24944636302185164 0.6
      vertex 67.08994765521605 0.24944636302185022 0.6
    endloop
  endfacet
  facet normal 0 0 1
    outer loop
      vertex 67.08994765521605 -0.24944636302185164 0.6
      vertex 67.1 0 0.6
      vertex 67.08994765521605 0.24944636302185022 0.6
    endloop
  endfacet
  facet normal 0.6631226582407972 0.7485107481710993 0
    outer loop
      vertex 62.03941933565433 -2.4012753816657297 0.6
      vertex 61.85255450412024 -2.2357275867658255 0.6
      vertex 62.03941933565433 -2.4012753816657297 2.8000000000000003
    endloop
  endfacet
  facet normal 0.7212024473438198 0.692724353509594 0
    outer loop
      vertex 61.85255450412024 -2.2357275867658255 0.6
      vertex 61.67961668066959 -2.0556802405464656 0.6
      vertex 61.67961668066959 -2.0556802405464656 2.8000000000000003
    endloop
  endfacet
  facet normal 0.7746049618276434 0.6324453755953909 0
    outer loop
      vertex 61.52172743344914 -1.8623010191377352 0.6
      vertex 61.52172743344914 -1.8623010191377352 2.8000000000000003
      vertex 61.67961668066959 -2.0556802405464656 0.6
    endloop
  endfacet
  facet normal 0.822983865893666 0.5680647467311416 0
    outer loop
      vertex 61.37991073481424 -1.6568440609961839 0.6
      vertex 61.37991073481424 -1.6568440609961839 2.8000000000000003
      vertex 61.52172743344914 -1.8623010191377352 0.6
    endloop
  endfacet
  facet normal 0.8660254037844392 0.4999999999999989 0
    outer loop
      vertex 61.37991073481424 -1.6568440609961839 0.6
      vertex 61.25508632047505 -1.4406418333356819 0.6
      vertex 61.25508632047505 -1.4406418333356819 2.8000000000000003
    endloop
  endfacet
  facet normal 0.9034504346103813 0.4286925614030563 0
    outer loop
      vertex 61.25508632047505 -1.4406418333356819 0.6
      vertex 61.148063724657646 -1.2150964905662323 0.6
      vertex 61.148063724657646 -1.2150964905662323 2.8000000000000003
    endloop
  endfacet
  facet normal -0.6007422642379738 0.799442763403505 0
    outer loop
      vertex 65.76100071486658 -2.551249984270334 0.6
      vertex 65.96058066434567 -2.4012753816657297 2.8000000000000003
      vertex 65.96058066434567 -2.4012753816657297 0.6
    endloop
  endfacet
  facet normal -0.6631226582407861 0.7485107481711092 0
    outer loop
      vertex 65.96058066434567 -2.4012753816657297 0.6
      vertex 66.14744549587977 -2.235727586765824 2.8000000000000003
      vertex 66.14744549587977 -2.235727586765824 0.6
    endloop
  endfacet
  facet normal -0.7212024473438173 0.6927243535095967 0
    outer loop
      vertex 66.14744549587977 -2.235727586765824 0.6
      vertex 66.14744549587977 -2.235727586765824 2.8000000000000003
      vertex 66.32038331933042 -2.0556802405464656 0.6
    endloop
  endfacet
  facet normal -0.774604961827659 0.6324453755953716 0
    outer loop
      vertex 66.32038331933042 -2.0556802405464656 0.6
      vertex 66.32038331933042 -2.0556802405464656 2.8000000000000003
      vertex 66.47827256655086 -1.862301019137734 0.6
    endloop
  endfacet
  facet normal -0.8229838658936515 0.5680647467311631 0
    outer loop
      vertex 66.47827256655086 -1.862301019137734 0.6
      vertex 66.47827256655086 -1.862301019137734 2.8000000000000003
      vertex 66.62008926518577 -1.6568440609961839 0.6
    endloop
  endfacet
  facet normal -0.8660254037844392 0.4999999999999989 0
    outer loop
      vertex 66.62008926518577 -1.6568440609961839 0.6
      vertex 66.62008926518577 -1.6568440609961839 2.8000000000000003
      vertex 66.74491367952496 -1.4406418333356819 0.6
    endloop
  endfacet
  facet normal -0.9034504346103913 0.42869256140303513 0
    outer loop
      vertex 66.74491367952496 -1.4406418333356819 0.6
      vertex 66.74491367952496 -1.4406418333356819 2.8000000000000003
      vertex 66.85193627534235 -1.2150964905662336 0.6
    endloop
  endfacet
  facet normal 0.6631226582407972 0.7485107481710993 0
    outer loop
      vertex 61.85255450412024 -2.2357275867658255 0.6
      vertex 61.85255450412024 -2.2357275867658255 2.8000000000000003
      vertex 62.03941933565433 -2.4012753816657297 2.8000000000000003
    endloop
  endfacet
  facet normal 0.7212024473438198 0.692724353509594 0
    outer loop
      vertex 61.85255450412024 -2.2357275867658255 0.6
      vertex 61.67961668066959 -2.0556802405464656 2.8000000000000003
      vertex 61.85255450412024 -2.2357275867658255 2.8000000000000003
    endloop
  endfacet
  facet normal 0.7746049618276434 0.6324453755953909 0
    outer loop
      vertex 61.67961668066959 -2.0556802405464656 0.6
      vertex 61.52172743344914 -1.8623010191377352 2.8000000000000003
      vertex 61.67961668066959 -2.0556802405464656 2.8000000000000003
    endloop
  endfacet
  facet normal 0.600742264237976 0.7994427634035032 0
    outer loop
      vertex 62.03941933565433 -2.4012753816657297 0.6
      vertex 62.03941933565433 -2.4012753816657297 2.8000000000000003
      vertex 62.23899928513342 -2.551249984270335 2.8000000000000003
    endloop
  endfacet
  facet normal 0.822983865893666 0.5680647467311416 0
    outer loop
      vertex 61.52172743344914 -1.8623010191377352 0.6
      vertex 61.37991073481424 -1.6568440609961839 2.8000000000000003
      vertex 61.52172743344914 -1.8623010191377352 2.8000000000000003
    endloop
  endfacet
  facet normal 0.8660254037844392 0.4999999999999989 0
    outer loop
      vertex 61.37991073481424 -1.6568440609961839 0.6
      vertex 61.25508632047505 -1.4406418333356819 2.8000000000000003
      vertex 61.37991073481424 -1.6568440609961839 2.8000000000000003
    endloop
  endfacet
  facet normal 0.9034504346103813 0.4286925614030563 0
    outer loop
      vertex 61.25508632047505 -1.4406418333356819 0.6
      vertex 61.148063724657646 -1.2150964905662323 2.8000000000000003
      vertex 61.25508632047505 -1.4406418333356819 2.8000000000000003
    endloop
  endfacet
  facet normal -0.6631226582407861 0.7485107481711092 0
    outer loop
      vertex 65.96058066434567 -2.4012753816657297 0.6
      vertex 65.96058066434567 -2.4012753816657297 2.8000000000000003
      vertex 66.14744549587977 -2.235727586765824 2.8000000000000003
    endloop
  endfacet
  facet normal -0.7212024473438173 0.6927243535095967 0
    outer loop
      vertex 66.32038331933042 -2.0556802405464656 0.6
      vertex 66.14744549587977 -2.235727586765824 2.8000000000000003
      vertex 66.32038331933042 -2.0556802405464656 2.8000000000000003
    endloop
  endfacet
  facet normal -0.774604961827659 0.6324453755953716 0
    outer loop
      vertex 66.47827256655086 -1.862301019137734 0.6
      vertex 66.32038331933042 -2.0556802405464656 2.8000000000000003
      vertex 66.47827256655086 -1.862301019137734 2.8000000000000003
    endloop
  endfacet
  facet normal -0.8229838658936515 0.5680647467311631 0
    outer loop
      vertex 66.62008926518577 -1.6568440609961839 0.6
      vertex 66.47827256655086 -1.862301019137734 2.8000000000000003
      vertex 66.62008926518577 -1.6568440609961839 2.8000000000000003
    endloop
  endfacet
  facet normal -0.8660254037844392 0.4999999999999989 0
    outer loop
      vertex 66.74491367952496 -1.4406418333356819 0.6
      vertex 66.62008926518577 -1.6568440609961839 2.8000000000000003
      vertex 66.74491367952496 -1.4406418333356819 2.8000000000000003
    endloop
  endfacet
  facet normal -0.9034504346103913 0.42869256140303513 0
    outer loop
      vertex 66.85193627534235 -1.2150964905662336 0.6
      vertex 66.74491367952496 -1.4406418333356819 2.8000000000000003
      vertex 66.85193627534235 -1.2150964905662336 2.8000000000000003
    endloop
  endfacet
  facet normal 0.9350162426854128 0.3546048870425405 0
    outer loop
      vertex 61.148063724657646 -1.2150964905662323 0.6
      vertex 61.05953702996385 -0.9816707807845644 0.6
      vertex 61.05953702996385 -0.9816707807845644 2.8000000000000003
    endloop
  endfacet
  facet normal 0.9605181116313724 0.2782174639164526 0
    outer loop
      vertex 61.05953702996385 -0.9816707807845644 0.6
      vertex 60.99008036597924 -0.7418785592914287 0.6
      vertex 60.99008036597924 -0.7418785592914287 2.8000000000000003
    endloop
  endfacet
  facet normal 0.9797906520422663 0.2000256937760506 0
    outer loop
      vertex 60.99008036597924 -0.7418785592914287 0.6
      vertex 60.94014418582247 -0.49727497065905657 0.6
      vertex 60.94014418582247 -0.49727497065905657 2.8000000000000003
    endloop
  endfacet
  facet normal 0.9927088740980547 0.12053668025531632 0
    outer loop
      vertex 60.94014418582247 -0.49727497065905657 0.6
      vertex 60.91005234478395 -0.24944636302185014 0.6
      vertex 60.91005234478395 -0.24944636302185014 2.8000000000000003
    endloop
  endfacet
  facet normal 0.9991889981715695 0.04026594010942168 0
    outer loop
      vertex 60.91005234478395 -0.24944636302185014 0.6
      vertex 60.9 0 0.6
      vertex 60.9 0 2.8000000000000003
    endloop
  endfacet
  facet normal -0.9350162426854135 0.3546048870425388 0
    outer loop
      vertex 66.85193627534235 -1.2150964905662336 0.6
      vertex 66.85193627534235 -1.2150964905662336 2.8000000000000003
      vertex 66.94046297003615 -0.9816707807845644 0.6
    endloop
  endfacet
  facet normal -0.9605181116313717 0.2782174639164542 0
    outer loop
      vertex 66.94046297003615 -0.9816707807845644 0.6
      vertex 66.94046297003615 -0.9816707807845644 2.8000000000000003
      vertex 67.00991963402076 -0.7418785592914302 0.6
    endloop
  endfacet
  facet normal -0.9797906520422722 0.20002569377602203 0
    outer loop
      vertex 67.00991963402076 -0.7418785592914302 0.6
      vertex 67.00991963402076 -0.7418785592914302 2.8000000000000003
      vertex 67.05985581417752 -0.49727497065905657 0.6
    endloop
  endfacet
  facet normal -0.9927088740980513 0.12053668025534509 0
    outer loop
      vertex 67.05985581417752 -0.49727497065905657 0.6
      vertex 67.05985581417752 -0.49727497065905657 2.8000000000000003
      vertex 67.08994765521605 -0.24944636302185164 0.6
    endloop
  endfacet
  facet normal -0.9991889981715705 0.04026594010939301 0
    outer loop
      vertex 67.08994765521605 -0.24944636302185164 0.6
      vertex 67.08994765521605 -0.24944636302185164 2.8000000000000003
      vertex 67.1 0 0.6
    endloop
  endfacet
  facet normal 0.9350162426854128 0.3546048870425405 0
    outer loop
      vertex 61.148063724657646 -1.2150964905662323 0.6
      vertex 61.05953702996385 -0.9816707807845644 2.8000000000000003
      vertex 61.148063724657646 -1.2150964905662323 2.8000000000000003
    endloop
  endfacet
  facet normal 0.9605181116313724 0.2782174639164526 0
    outer loop
      vertex 61.05953702996385 -0.9816707807845644 0.6
      vertex 60.99008036597924 -0.7418785592914287 2.8000000000000003
      vertex 61.05953702996385 -0.9816707807845644 2.8000000000000003
    endloop
  endfacet
  facet normal 0.9797906520422663 0.2000256937760506 0
    outer loop
      vertex 60.99008036597924 -0.7418785592914287 0.6
      vertex 60.94014418582247 -0.49727497065905657 2.8000000000000003
      vertex 60.99008036597924 -0.7418785592914287 2.8000000000000003
    endloop
  endfacet
  facet normal 0.9927088740980547 0.12053668025531632 0
    outer loop
      vertex 60.94014418582247 -0.49727497065905657 0.6
      vertex 60.91005234478395 -0.24944636302185014 2.8000000000000003
      vertex 60.94014418582247 -0.49727497065905657 2.8000000000000003
    endloop
  endfacet
  facet normal 0.9991889981715695 0.04026594010942168 0
    outer loop
      vertex 60.91005234478395 -0.24944636302185014 0.6
      vertex 60.9 0 2.8000000000000003
      vertex 60.91005234478395 -0.24944636302185014 2.8000000000000003
    endloop
  endfacet
  facet normal -0.9350162426854135 0.3546048870425388 0
    outer loop
      vertex 66.94046297003615 -0.9816707807845644 0.6
      vertex 66.85193627534235 -1.2150964905662336 2.8000000000000003
      vertex 66.94046297003615 -0.9816707807845644 2.8000000000000003
    endloop
  endfacet
  facet normal -0.9605181116313717 0.2782174639164542 0
    outer loop
      vertex 67.00991963402076 -0.7418785592914302 0.6
      vertex 66.94046297003615 -0.9816707807845644 2.8000000000000003
      vertex 67.00991963402076 -0.7418785592914302 2.8000000000000003
    endloop
  endfacet
  facet normal -0.9797906520422722 0.20002569377602203 0
    outer loop
      vertex 67.05985581417752 -0.49727497065905657 0.6
      vertex 67.00991963402076 -0.7418785592914302 2.8000000000000003
      vertex 67.05985581417752 -0.49727497065905657 2.8000000000000003
    endloop
  endfacet
  facet normal -0.9927088740980513 0.12053668025534509 0
    outer loop
      vertex 67.08994765521605 -0.24944636302185164 0.6
      vertex 67.05985581417752 -0.49727497065905657 2.8000000000000003
      vertex 67.08994765521605 -0.24944636302185164 2.8000000000000003
    endloop
  endfacet
  facet normal -0.9991889981715705 0.04026594010939301 0
    outer loop
      vertex 67.08994765521605 -0.24944636302185164 2.8000000000000003
      vertex 67.1 0 2.8000000000000003
      vertex 67.1 0 0.6
    endloop
  endfacet
  facet normal 0 0 -1
    outer loop
      vertex 62.03941933565433 -2.4012753816657297 2.8000000000000003
      vertex 61.85255450412024 -2.2357275867658255 2.8000000000000003
      vertex 61.85255450412024 2.2357275867658255 2.8000000000000003
    endloop
  endfacet
  facet normal 0 0 -1
    outer loop
      vertex 61.85255450412024 -2.2357275867658255 2.8000000000000003
      vertex 61.67961668066959 -2.0556802405464656 2.8000000000000003
      vertex 61.67961668066959 2.0556802405464656 2.8000000000000003
    endloop
  endfacet
  facet normal 0 0 -1
    outer loop
      vertex 61.52172743344914 -1.8623010191377352 2.8000000000000003
      vertex 61.52172743344914 1.8623010191377352 2.8000000000000003
      vertex 61.67961668066959 -2.0556802405464656 2.8000000000000003
    endloop
  endfacet
  facet normal 0 0 -1
    outer loop
      vertex 62.67105305965053 -2.800696347292185 2.8000000000000003
      vertex 62.67105305965053 2.800696347292185 2.8000000000000003
      vertex 62.90072485016814 -2.898550352324786 2.8000000000000003
    endloop
  endfacet
  facet normal 0 0 -1
    outer loop
      vertex 62.90072485016814 -2.898550352324786 2.8000000000000003
      vertex 62.90072485016814 2.898550352324786 2.8000000000000003
      vertex 63.137525861859 -2.977606146057254 2.8000000000000003
    endloop
  endfacet
  facet normal 0 0 -1
    outer loop
      vertex 63.137525861859 -2.977606146057254 2.8000000000000003
      vertex 63.137525861859 2.977606146057254 2.8000000000000003
      vertex 63.37992034929426 -3.03735102133103 2.8000000000000003
    endloop
  endfacet
  facet normal 0 0 -1
    outer loop
      vertex 63.37992034929426 -3.03735102133103 2.8000000000000003
      vertex 63.37992034929426 3.03735102133103 2.8000000000000003
      vertex 63.6263362912085 -3.077397509703968 2.8000000000000003
    endloop
  endfacet
  facet normal 0 0 -1
    outer loop
      vertex 63.6263362912085 -3.077397509703968 2.8000000000000003
      vertex 63.626336291208496 3.0773975097039674 2.8000000000000003
      vertex 63.87517558566081 -3.0974858943318657 2.8000000000000003
    endloop
  endfacet
  facet normal 0 0 -1
    outer loop
      vertex 63.87517558566081 -3.0974858943318657 2.8000000000000003
      vertex 63.87517558566081 3.0974858943318657 2.8000000000000003
      vertex 64.12482441433919 -3.0974858943318657 2.8000000000000003
    endloop
  endfacet
  facet normal 0 0 -1
    outer loop
      vertex 64.12482441433919 -3.0974858943318657 2.8000000000000003
      vertex 64.12482441433919 3.0974858943318657 2.8000000000000003
      vertex 64.3736637087915 -3.077397509703968 2.8000000000000003
    endloop
  endfacet
  facet normal 0 0 -1
    outer loop
      vertex 62.23899928513342 -2.551249984270335 2.8000000000000003
      vertex 62.23899928513342 2.551249984270335 2.8000000000000003
      vertex 62.45 -2.68467875173176 2.8000000000000003
    endloop
  endfacet
  facet normal 0 0 -1
    outer loop
      vertex 62.67105305965053 -2.800696347292185 2.8000000000000003
      vertex 62.45 -2.68467875173176 2.8000000000000003
      vertex 62.45 2.68467875173176 2.8000000000000003
    endloop
  endfacet
  facet normal 0 0 -1
    outer loop
      vertex 62.03941933565433 -2.4012753816657297 2.8000000000000003
      vertex 62.03941933565433 2.4012753816657297 2.8000000000000003
      vertex 62.23899928513342 -2.551249984270335 2.8000000000000003
    endloop
  endfacet
  facet normal 0 0 -1
    outer loop
      vertex 61.37991073481424 -1.6568440609961839 2.8000000000000003
      vertex 61.37991073481424 1.6568440609961839 2.8000000000000003
      vertex 61.52172743344914 -1.8623010191377352 2.8000000000000003
    endloop
  endfacet
  facet normal 0 0 -1
    outer loop
      vertex 61.37991073481424 -1.6568440609961839 2.8000000000000003
      vertex 61.25508632047505 -1.4406418333356819 2.8000000000000003
      vertex 61.25508632047505 1.4406418333356819 2.8000000000000003
    endloop
  endfacet
  facet normal 0 0 -1
    outer loop
      vertex 61.25508632047505 -1.4406418333356819 2.8000000000000003
      vertex 61.148063724657646 -1.2150964905662323 2.8000000000000003
      vertex 61.148063724657646 1.2150964905662323 2.8000000000000003
    endloop
  endfacet
  facet normal 0 0 -1
    outer loop
      vertex 61.148063724657646 -1.2150964905662323 2.8000000000000003
      vertex 61.05953702996385 -0.9816707807845644 2.8000000000000003
      vertex 61.05953702996385 0.9816707807845644 2.8000000000000003
    endloop
  endfacet
  facet normal 0 0 -1
    outer loop
      vertex 61.05953702996385 -0.9816707807845644 2.8000000000000003
      vertex 60.99008036597924 -0.7418785592914287 2.8000000000000003
      vertex 60.99008036597924 0.7418785592914287 2.8000000000000003
    endloop
  endfacet
  facet normal 0 0 -1
    outer loop
      vertex 60.99008036597924 -0.7418785592914287 2.8000000000000003
      vertex 60.94014418582247 -0.49727497065905657 2.8000000000000003
      vertex 60.94014418582247 0.49727497065905657 2.8000000000000003
    endloop
  endfacet
  facet normal 0 0 -1
    outer loop
      vertex 60.94014418582247 -0.49727497065905657 2.8000000000000003
      vertex 60.91005234478395 -0.24944636302185014 2.8000000000000003
      vertex 60.91005234478395 0.24944636302185014 2.8000000000000003
    endloop
  endfacet
  facet normal 0 0 -1
    outer loop
      vertex 64.3736637087915 -3.077397509703968 2.8000000000000003
      vertex 64.3736637087915 3.0773975097039674 2.8000000000000003
      vertex 64.62007965070573 -3.03735102133103 2.8000000000000003
    endloop
  endfacet
  facet normal 0 0 -1
    outer loop
      vertex 64.62007965070573 -3.03735102133103 2.8000000000000003
      vertex 64.62007965070573 3.03735102133103 2.8000000000000003
      vertex 64.862474138141 -2.977606146057255 2.8000000000000003
    endloop
  endfacet
  facet normal 0 0 -1
    outer loop
      vertex 64.862474138141 -2.977606146057255 2.8000000000000003
      vertex 64.86247413814101 2.977606146057254 2.8000000000000003
      vertex 65.09927514983185 -2.898550352324786 2.8000000000000003
    endloop
  endfacet
  facet normal 0 0 -1
    outer loop
      vertex 65.09927514983185 -2.898550352324786 2.8000000000000003
      vertex 65.09927514983185 2.898550352324786 2.8000000000000003
      vertex 65.32894694034947 -2.8006963472921855 2.8000000000000003
    endloop
  endfacet
  facet normal 0 0 -1
    outer loop
      vertex 65.32894694034947 -2.8006963472921855 2.8000000000000003
      vertex 65.32894694034947 2.800696347292185 2.8000000000000003
      vertex 65.55 -2.68467875173176 2.8000000000000003
    endloop
  endfacet
  facet normal 0 0 -1
    outer loop
      vertex 65.55 -2.68467875173176 2.8000000000000003
      vertex 65.55 2.68467875173176 2.8000000000000003
      vertex 65.76100071486658 -2.551249984270334 2.8000000000000003
    endloop
  endfacet
  facet normal 0 0 -1
    outer loop
      vertex 65.76100071486658 -2.551249984270334 2.8000000000000003
      vertex 65.76100071486658 2.551249984270335 2.8000000000000003
      vertex 65.96058066434567 -2.4012753816657297 2.8000000000000003
    endloop
  endfacet
  facet normal 0 0 -1
    outer loop
      vertex 65.96058066434567 -2.4012753816657297 2.8000000000000003
      vertex 65.96058066434567 2.4012753816657293 2.8000000000000003
      vertex 66.14744549587977 -2.235727586765824 2.8000000000000003
    endloop
  endfacet
  facet normal 0 0 -1
    outer loop
      vertex 66.14744549587977 -2.235727586765824 2.8000000000000003
      vertex 66.14744549587977 2.235727586765825 2.8000000000000003
      vertex 66.32038331933042 -2.0556802405464656 2.8000000000000003
    endloop
  endfacet
  facet normal 0 0 -1
    outer loop
      vertex 66.32038331933042 -2.0556802405464656 2.8000000000000003
      vertex 66.32038331933042 2.055680240546465 2.8000000000000003
      vertex 66.47827256655086 -1.862301019137734 2.8000000000000003
    endloop
  endfacet
  facet normal 0 0 -1
    outer loop
      vertex 66.47827256655086 -1.862301019137734 2.8000000000000003
      vertex 66.47827256655086 1.8623010191377345 2.8000000000000003
      vertex 66.62008926518577 -1.6568440609961839 2.8000000000000003
    endloop
  endfacet
  facet normal 0 0 -1
    outer loop
      vertex 66.62008926518577 -1.6568440609961839 2.8000000000000003
      vertex 66.62008926518577 1.6568440609961832 2.8000000000000003
      vertex 66.74491367952496 -1.4406418333356819 2.8000000000000003
    endloop
  endfacet
  facet normal 0 0 -1
    outer loop
      vertex 66.74491367952496 -1.4406418333356819 2.8000000000000003
      vertex 66.74491367952496 1.4406418333356825 2.8000000000000003
      vertex 66.85193627534235 -1.2150964905662336 2.8000000000000003
    endloop
  endfacet
  facet normal 0 0 -1
    outer loop
      vertex 66.85193627534235 -1.2150964905662336 2.8000000000000003
      vertex 66.85193627534235 1.2150964905662327 2.8000000000000003
      vertex 66.94046297003615 -0.9816707807845644 2.8000000000000003
    endloop
  endfacet
  facet normal 0 0 -1
    outer loop
      vertex 66.94046297003615 -0.9816707807845644 2.8000000000000003
      vertex 66.94046297003615 0.9816707807845647 2.8000000000000003
      vertex 67.00991963402076 -0.7418785592914302 2.8000000000000003
    endloop
  endfacet
  facet normal 0 0 -1
    outer loop
      vertex 67.00991963402076 -0.7418785592914302 2.8000000000000003
      vertex 67.00991963402076 0.7418785592914291 2.8000000000000003
      vertex 67.05985581417752 -0.49727497065905657 2.8000000000000003
    endloop
  endfacet
  facet normal 0 0 -1
    outer loop
      vertex 67.05985581417752 -0.49727497065905657 2.8000000000000003
      vertex 67.05985581417752 0.49727497065905674 2.8000000000000003
      vertex 67.08994765521605 -0.24944636302185164 2.8000000000000003
    endloop
  endfacet
  facet normal 0 0 -1
    outer loop
      vertex 67.08994765521605 -0.24944636302185164 2.8000000000000003
      vertex 67.08994765521605 0.24944636302185022 2.8000000000000003
      vertex 67.1 0 2.8000000000000003
    endloop
  endfacet
  facet normal 0 0 1
    outer loop
      vertex 60.91005234478395 -0.24944636302185014 0.6
      vertex 60.91005234478395 0.24944636302185014 0.6
      vertex 60.9 0 0.6
    endloop
  endfacet
  facet normal 0 0 1
    outer loop
      vertex 60.91005234478395 -0.24944636302185014 0.6
      vertex 60.94014418582247 0.49727497065905657 0.6
      vertex 60.91005234478395 0.24944636302185014 0.6
    endloop
  endfacet
  facet normal 0 0 1
    outer loop
      vertex 60.94014418582247 -0.49727497065905657 0.6
      vertex 60.99008036597924 0.7418785592914287 0.6
      vertex 60.94014418582247 0.49727497065905657 0.6
    endloop
  endfacet
  facet normal 0 0 1
    outer loop
      vertex 60.99008036597924 -0.7418785592914287 0.6
      vertex 61.05953702996385 0.9816707807845644 0.6
      vertex 60.99008036597924 0.7418785592914287 0.6
    endloop
  endfacet
  facet normal 0 0 1
    outer loop
      vertex 61.05953702996385 -0.9816707807845644 0.6
      vertex 61.148063724657646 1.2150964905662323 0.6
      vertex 61.05953702996385 0.9816707807845644 0.6
    endloop
  endfacet
  facet normal 0 0 1
    outer loop
      vertex 61.148063724657646 -1.2150964905662323 0.6
      vertex 61.25508632047505 1.4406418333356819 0.6
      vertex 61.148063724657646 1.2150964905662323 0.6
    endloop
  endfacet
  facet normal 0 0 1
    outer loop
      vertex 61.25508632047505 -1.4406418333356819 0.6
      vertex 61.37991073481424 1.6568440609961839 0.6
      vertex 61.25508632047505 1.4406418333356819 0.6
    endloop
  endfacet
  facet normal 0 0 1
    outer loop
      vertex 61.37991073481424 -1.6568440609961839 0.6
      vertex 61.52172743344914 1.8623010191377352 0.6
      vertex 61.37991073481424 1.6568440609961839 0.6
    endloop
  endfacet
  facet normal 0 0 1
    outer loop
      vertex 61.52172743344914 -1.8623010191377352 0.6
      vertex 61.67961668066959 2.0556802405464656 0.6
      vertex 61.52172743344914 1.8623010191377352 0.6
    endloop
  endfacet
  facet normal 0 0 1
    outer loop
      vertex 61.67961668066959 -2.0556802405464656 0.6
      vertex 61.85255450412024 2.2357275867658255 0.6
      vertex 61.67961668066959 2.0556802405464656 0.6
    endloop
  endfacet
  facet normal 0 0 1
    outer loop
      vertex 61.85255450412024 -2.2357275867658255 0.6
      vertex 62.03941933565433 2.4012753816657297 0.6
      vertex 61.85255450412024 2.2357275867658255 0.6
    endloop
  endfacet
  facet normal 0 0 1
    outer loop
      vertex 62.03941933565433 -2.4012753816657297 0.6
      vertex 62.23899928513342 2.551249984270335 0.6
      vertex 62.03941933565433 2.4012753816657297 0.6
    endloop
  endfacet
  facet normal 0 0 1
    outer loop
      vertex 62.23899928513342 -2.551249984270335 0.6
      vertex 62.45 2.68467875173176 0.6
      vertex 62.23899928513342 2.551249984270335 0.6
    endloop
  endfacet
  facet normal 0 0 1
    outer loop
      vertex 62.45 -2.68467875173176 0.6
      vertex 62.67105305965053 2.800696347292185 0.6
      vertex 62.45 2.68467875173176 0.6
    endloop
  endfacet
  facet normal 0 0 1
    outer loop
      vertex 62.67105305965053 -2.800696347292185 0.6
      vertex 62.90072485016814 2.898550352324786 0.6
      vertex 62.67105305965053 2.800696347292185 0.6
    endloop
  endfacet
  facet normal 0 0 1
    outer loop
      vertex 62.90072485016814 -2.898550352324786 0.6
      vertex 63.137525861859 2.977606146057254 0.6
      vertex 62.90072485016814 2.898550352324786 0.6
    endloop
  endfacet
  facet normal 0 0 1
    outer loop
      vertex 63.137525861859 -2.977606146057254 0.6
      vertex 63.37992034929426 3.03735102133103 0.6
      vertex 63.137525861859 2.977606146057254 0.6
    endloop
  endfacet
  facet normal 0 0 1
    outer loop
      vertex 63.37992034929426 -3.03735102133103 0.6
      vertex 63.626336291208496 3.0773975097039674 0.6
      vertex 63.37992034929426 3.03735102133103 0.6
    endloop
  endfacet
  facet normal 0 0 1
    outer loop
      vertex 63.6263362912085 -3.077397509703968 0.6
      vertex 63.87517558566081 3.0974858943318657 0.6
      vertex 63.626336291208496 3.0773975097039674 0.6
    endloop
  endfacet
  facet normal 0 0 1
    outer loop
      vertex 63.87517558566081 -3.0974858943318657 0.6
      vertex 64.12482441433919 3.0974858943318657 0.6
      vertex 63.87517558566081 3.0974858943318657 0.6
    endloop
  endfacet
  facet normal 0 0 1
    outer loop
      vertex 64.12482441433919 -3.0974858943318657 0.6
      vertex 64.3736637087915 3.0773975097039674 0.6
      vertex 64.12482441433919 3.0974858943318657 0.6
    endloop
  endfacet
  facet normal 0 0 1
    outer loop
      vertex 66.62008926518577 -1.6568440609961839 0.6
      vertex 66.74491367952496 1.4406418333356825 0.6
      vertex 66.62008926518577 1.6568440609961832 0.6
    endloop
  endfacet
  facet normal 0 0 1
    outer loop
      vertex 66.32038331933042 -2.0556802405464656 0.6
      vertex 66.47827256655086 1.8623010191377345 0.6
      vertex 66.32038331933042 2.055680240546465 0.6
    endloop
  endfacet
  facet normal 0 0 1
    outer loop
      vertex 66.47827256655086 -1.862301019137734 0.6
      vertex 66.62008926518577 1.6568440609961832 0.6
      vertex 66.47827256655086 1.8623010191377345 0.6
    endloop
  endfacet
  facet normal 0 0 1
    outer loop
      vertex 67.05985581417752 -0.49727497065905657 0.6
      vertex 67.08994765521605 0.24944636302185022 0.6
      vertex 67.05985581417752 0.49727497065905674 0.6
    endloop
  endfacet
  facet normal 0 0 1
    outer loop
      vertex 67.00991963402076 -0.7418785592914302 0.6
      vertex 67.05985581417752 0.49727497065905674 0.6
      vertex 67.00991963402076 0.7418785592914291 0.6
    endloop
  endfacet
  facet normal 0 0 1
    outer loop
      vertex 66.94046297003615 -0.9816707807845644 0.6
      vertex 67.00991963402076 0.7418785592914291 0.6
      vertex 66.94046297003615 0.9816707807845647 0.6
    endloop
  endfacet
  facet normal 0 0 1
    outer loop
      vertex 66.85193627534235 -1.2150964905662336 0.6
      vertex 66.94046297003615 0.9816707807845647 0.6
      vertex 66.85193627534235 1.2150964905662327 0.6
    endloop
  endfacet
  facet normal 0 0 1
    outer loop
      vertex 66.74491367952496 -1.4406418333356819 0.6
      vertex 66.85193627534235 1.2150964905662327 0.6
      vertex 66.74491367952496 1.4406418333356825 0.6
    endloop
  endfacet
  facet normal 0 0 1
    outer loop
      vertex 65.09927514983185 -2.898550352324786 0.6
      vertex 65.32894694034947 2.800696347292185 0.6
      vertex 65.09927514983185 2.898550352324786 0.6
    endloop
  endfacet
  facet normal 0 0 1
    outer loop
      vertex 65.32894694034947 -2.8006963472921855 0.6
      vertex 65.55 2.68467875173176 0.6
      vertex 65.32894694034947 2.800696347292185 0.6
    endloop
  endfacet
  facet normal 0 0 1
    outer loop
      vertex 65.96058066434567 -2.4012753816657297 0.6
      vertex 66.14744549587977 2.235727586765825 0.6
      vertex 65.96058066434567 2.4012753816657293 0.6
    endloop
  endfacet
  facet normal 0 0 1
    outer loop
      vertex 66.14744549587977 -2.235727586765824 0.6
      vertex 66.32038331933042 2.055680240546465 0.6
      vertex 66.14744549587977 2.235727586765825 0.6
    endloop
  endfacet
  facet normal 0 0 1
    outer loop
      vertex 65.55 -2.68467875173176 0.6
      vertex 65.76100071486658 2.551249984270335 0.6
      vertex 65.55 2.68467875173176 0.6
    endloop
  endfacet
  facet normal 0 0 1
    outer loop
      vertex 65.76100071486658 -2.551249984270334 0.6
      vertex 65.96058066434567 2.4012753816657293 0.6
      vertex 65.76100071486658 2.551249984270335 0.6
    endloop
  endfacet
  facet normal 0 0 1
    outer loop
      vertex 64.3736637087915 -3.077397509703968 0.6
      vertex 64.62007965070573 3.03735102133103 0.6
      vertex 64.3736637087915 3.0773975097039674 0.6
    endloop
  endfacet
  facet normal 0 0 1
    outer loop
      vertex 64.862474138141 -2.977606146057255 0.6
      vertex 65.09927514983185 2.898550352324786 0.6
      vertex 64.86247413814101 2.977606146057254 0.6
    endloop
  endfacet
  facet normal 0 0 1
    outer loop
      vertex 64.62007965070573 -3.03735102133103 0.6
      vertex 64.86247413814101 2.977606146057254 0.6
      vertex 64.62007965070573 3.03735102133103 0.6
    endloop
  endfacet
  facet normal 0.9991889981715695 -0.04026594010942168 0
    outer loop
      vertex 60.9 0 0.6
      vertex 60.91005234478395 0.24944636302185014 0.6
      vertex 60.91005234478395 0.24944636302185014 2.8000000000000003
    endloop
  endfacet
  facet normal 0.9927088740980547 -0.12053668025531632 0
    outer loop
      vertex 60.91005234478395 0.24944636302185014 0.6
      vertex 60.94014418582247 0.49727497065905657 0.6
      vertex 60.94014418582247 0.49727497065905657 2.8000000000000003
    endloop
  endfacet
  facet normal 0.9797906520422663 -0.2000256937760506 0
    outer loop
      vertex 60.94014418582247 0.49727497065905657 0.6
      vertex 60.99008036597924 0.7418785592914287 0.6
      vertex 60.99008036597924 0.7418785592914287 2.8000000000000003
    endloop
  endfacet
  facet normal 0.9605181116313724 -0.2782174639164526 0
    outer loop
      vertex 60.99008036597924 0.7418785592914287 0.6
      vertex 61.05953702996385 0.9816707807845644 0.6
      vertex 61.05953702996385 0.9816707807845644 2.8000000000000003
    endloop
  endfacet
  facet normal 0.9350162426854128 -0.3546048870425405 0
    outer loop
      vertex 61.05953702996385 0.9816707807845644 0.6
      vertex 61.148063724657646 1.2150964905662323 0.6
      vertex 61.148063724657646 1.2150964905662323 2.8000000000000003
    endloop
  endfacet
  facet normal -0.9991889981715705 -0.04026594010939324 0
    outer loop
      vertex 67.1 0 0.6
      vertex 67.1 0 2.8000000000000003
      vertex 67.08994765521605 0.24944636302185022 0.6
    endloop
  endfacet
  facet normal -0.9927088740980513 -0.12053668025534431 0
    outer loop
      vertex 67.08994765521605 0.24944636302185022 0.6
      vertex 67.08994765521605 0.24944636302185022 2.8000000000000003
      vertex 67.05985581417752 0.49727497065905674 0.6
    endloop
  endfacet
  facet normal -0.9797906520422721 -0.20002569377602306 0
    outer loop
      vertex 67.05985581417752 0.49727497065905674 0.6
      vertex 67.05985581417752 0.49727497065905674 2.8000000000000003
      vertex 67.00991963402076 0.7418785592914291 0.6
    endloop
  endfacet
  facet normal -0.9605181116313724 -0.2782174639164527 0
    outer loop
      vertex 67.00991963402076 0.7418785592914291 0.6
      vertex 67.00991963402076 0.7418785592914291 2.8000000000000003
      vertex 66.94046297003615 0.9816707807845647 0.6
    endloop
  endfacet
  facet normal -0.9350162426854131 -0.35460488704254045 0
    outer loop
      vertex 66.94046297003615 0.9816707807845647 0.6
      vertex 66.94046297003615 0.9816707807845647 2.8000000000000003
      vertex 66.85193627534235 1.2150964905662327 0.6
    endloop
  endfacet
  facet normal 0.9991889981715695 -0.04026594010942168 0
    outer loop
      vertex 60.9 0 0.6
      vertex 60.91005234478395 0.24944636302185014 2.8000000000000003
      vertex 60.9 0 2.8000000000000003
    endloop
  endfacet
  facet normal 0.9927088740980547 -0.12053668025531632 0
    outer loop
      vertex 60.91005234478395 0.24944636302185014 0.6
      vertex 60.94014418582247 0.49727497065905657 2.8000000000000003
      vertex 60.91005234478395 0.24944636302185014 2.8000000000000003
    endloop
  endfacet
  facet normal 0.9797906520422663 -0.2000256937760506 0
    outer loop
      vertex 60.94014418582247 0.49727497065905657 0.6
      vertex 60.99008036597924 0.7418785592914287 2.8000000000000003
      vertex 60.94014418582247 0.49727497065905657 2.8000000000000003
    endloop
  endfacet
  facet normal 0.9605181116313724 -0.2782174639164526 0
    outer loop
      vertex 60.99008036597924 0.7418785592914287 0.6
      vertex 61.05953702996385 0.9816707807845644 2.8000000000000003
      vertex 60.99008036597924 0.7418785592914287 2.8000000000000003
    endloop
  endfacet
  facet normal 0.9350162426854128 -0.3546048870425405 0
    outer loop
      vertex 61.05953702996385 0.9816707807845644 0.6
      vertex 61.148063724657646 1.2150964905662323 2.8000000000000003
      vertex 61.05953702996385 0.9816707807845644 2.8000000000000003
    endloop
  endfacet
  facet normal -0.9991889981715705 -0.04026594010939324 0
    outer loop
      vertex 67.08994765521605 0.24944636302185022 0.6
      vertex 67.1 0 2.8000000000000003
      vertex 67.08994765521605 0.24944636302185022 2.8000000000000003
    endloop
  endfacet
  facet normal -0.9927088740980513 -0.12053668025534431 0
    outer loop
      vertex 67.05985581417752 0.49727497065905674 0.6
      vertex 67.08994765521605 0.24944636302185022 2.8000000000000003
      vertex 67.05985581417752 0.49727497065905674 2.8000000000000003
    endloop
  endfacet
  facet normal -0.9797906520422721 -0.20002569377602306 0
    outer loop
      vertex 67.00991963402076 0.7418785592914291 0.6
      vertex 67.05985581417752 0.49727497065905674 2.8000000000000003
      vertex 67.00991963402076 0.7418785592914291 2.8000000000000003
    endloop
  endfacet
  facet normal -0.9605181116313724 -0.2782174639164527 0
    outer loop
      vertex 66.94046297003615 0.9816707807845647 0.6
      vertex 67.00991963402076 0.7418785592914291 2.8000000000000003
      vertex 66.94046297003615 0.9816707807845647 2.8000000000000003
    endloop
  endfacet
  facet normal -0.9350162426854131 -0.35460488704254045 0
    outer loop
      vertex 66.85193627534235 1.2150964905662327 0.6
      vertex 66.94046297003615 0.9816707807845647 2.8000000000000003
      vertex 66.85193627534235 1.2150964905662327 2.8000000000000003
    endloop
  endfacet
  facet normal 0.9034504346103813 -0.4286925614030563 0
    outer loop
      vertex 61.148063724657646 1.2150964905662323 0.6
      vertex 61.25508632047505 1.4406418333356819 0.6
      vertex 61.25508632047505 1.4406418333356819 2.8000000000000003
    endloop
  endfacet
  facet normal 0.8660254037844392 -0.4999999999999989 0
    outer loop
      vertex 61.25508632047505 1.4406418333356819 0.6
      vertex 61.37991073481424 1.6568440609961839 0.6
      vertex 61.37991073481424 1.6568440609961839 2.8000000000000003
    endloop
  endfacet
  facet normal 0.822983865893666 -0.5680647467311416 0
    outer loop
      vertex 61.37991073481424 1.6568440609961839 0.6
      vertex 61.52172743344914 1.8623010191377352 0.6
      vertex 61.52172743344914 1.8623010191377352 2.8000000000000003
    endloop
  endfacet
  facet normal 0.7746049618276434 -0.6324453755953909 0
    outer loop
      vertex 61.52172743344914 1.8623010191377352 0.6
      vertex 61.67961668066959 2.0556802405464656 0.6
      vertex 61.67961668066959 2.0556802405464656 2.8000000000000003
    endloop
  endfacet
  facet normal 0.7212024473438198 -0.692724353509594 0
    outer loop
      vertex 61.67961668066959 2.0556802405464656 0.6
      vertex 61.85255450412024 2.2357275867658255 0.6
      vertex 61.85255450412024 2.2357275867658255 2.8000000000000003
    endloop
  endfacet
  facet normal 0.6631226582407972 -0.7485107481710993 0
    outer loop
      vertex 61.85255450412024 2.2357275867658255 0.6
      vertex 62.03941933565433 2.4012753816657297 0.6
      vertex 61.85255450412024 2.2357275867658255 2.8000000000000003
    endloop
  endfacet
  facet normal 0.600742264237976 -0.7994427634035032 0
    outer loop
      vertex 62.03941933565433 2.4012753816657297 0.6
      vertex 62.23899928513342 2.551249984270335 0.6
      vertex 62.03941933565433 2.4012753816657297 2.8000000000000003
    endloop
  endfacet
  facet normal -0.8229838658936527 -0.5680647467311609 0
    outer loop
      vertex 66.47827256655086 1.8623010191377345 0.6
      vertex 66.62008926518577 1.6568440609961832 0.6
      vertex 66.62008926518577 1.6568440609961832 2.8000000000000003
    endloop
  endfacet
  facet normal -0.9034504346103924 -0.4286925614030327 0
    outer loop
      vertex 66.85193627534235 1.2150964905662327 0.6
      vertex 66.85193627534235 1.2150964905662327 2.8000000000000003
      vertex 66.74491367952496 1.4406418333356825 0.6
    endloop
  endfacet
  facet normal -0.866025403784438 -0.5000000000000013 0
    outer loop
      vertex 66.74491367952496 1.4406418333356825 0.6
      vertex 66.74491367952496 1.4406418333356825 2.8000000000000003
      vertex 66.62008926518577 1.6568440609961832 0.6
    endloop
  endfacet
  facet normal -0.7746049618276576 -0.6324453755953735 0
    outer loop
      vertex 66.32038331933042 2.055680240546465 0.6
      vertex 66.47827256655086 1.8623010191377345 0.6
      vertex 66.47827256655086 1.8623010191377345 2.8000000000000003
    endloop
  endfacet
  facet normal -0.7212024473438198 -0.692724353509594 0
    outer loop
      vertex 66.32038331933042 2.055680240546465 0.6
      vertex 66.32038331933042 2.055680240546465 2.8000000000000003
      vertex 66.14744549587977 2.235727586765825 0.6
    endloop
  endfacet
  facet normal -0.6631226582407831 -0.7485107481711117 0
    outer loop
      vertex 66.14744549587977 2.235727586765825 0.6
      vertex 65.96058066434567 2.4012753816657293 2.8000000000000003
      vertex 65.96058066434567 2.4012753816657293 0.6
    endloop
  endfacet
  facet normal 0.9034504346103813 -0.4286925614030563 0
    outer loop
      vertex 61.148063724657646 1.2150964905662323 0.6
      vertex 61.25508632047505 1.4406418333356819 2.8000000000000003
      vertex 61.148063724657646 1.2150964905662323 2.8000000000000003
    endloop
  endfacet
  facet normal 0.8660254037844392 -0.4999999999999989 0
    outer loop
      vertex 61.25508632047505 1.4406418333356819 0.6
      vertex 61.37991073481424 1.6568440609961839 2.8000000000000003
      vertex 61.25508632047505 1.4406418333356819 2.8000000000000003
    endloop
  endfacet
  facet normal 0.822983865893666 -0.5680647467311416 0
    outer loop
      vertex 61.37991073481424 1.6568440609961839 0.6
      vertex 61.52172743344914 1.8623010191377352 2.8000000000000003
      vertex 61.37991073481424 1.6568440609961839 2.8000000000000003
    endloop
  endfacet
  facet normal 0.7746049618276434 -0.6324453755953909 0
    outer loop
      vertex 61.52172743344914 1.8623010191377352 0.6
      vertex 61.67961668066959 2.0556802405464656 2.8000000000000003
      vertex 61.52172743344914 1.8623010191377352 2.8000000000000003
    endloop
  endfacet
  facet normal 0.7212024473438198 -0.692724353509594 0
    outer loop
      vertex 61.67961668066959 2.0556802405464656 0.6
      vertex 61.85255450412024 2.2357275867658255 2.8000000000000003
      vertex 61.67961668066959 2.0556802405464656 2.8000000000000003
    endloop
  endfacet
  facet normal 0.6631226582407972 -0.7485107481710993 0
    outer loop
      vertex 62.03941933565433 2.4012753816657297 0.6
      vertex 62.03941933565433 2.4012753816657297 2.8000000000000003
      vertex 61.85255450412024 2.2357275867658255 2.8000000000000003
    endloop
  endfacet
  facet normal -0.866025403784438 -0.5000000000000013 0
    outer loop
      vertex 66.62008926518577 1.6568440609961832 0.6
      vertex 66.74491367952496 1.4406418333356825 2.8000000000000003
      vertex 66.62008926518577 1.6568440609961832 2.8000000000000003
    endloop
  endfacet
  facet normal -0.8229838658936527 -0.5680647467311609 0
    outer loop
      vertex 66.47827256655086 1.8623010191377345 0.6
      vertex 66.62008926518577 1.6568440609961832 2.8000000000000003
      vertex 66.47827256655086 1.8623010191377345 2.8000000000000003
    endloop
  endfacet
  facet normal -0.9034504346103924 -0.4286925614030327 0
    outer loop
      vertex 66.74491367952496 1.4406418333356825 0.6
      vertex 66.85193627534235 1.2150964905662327 2.8000000000000003
      vertex 66.74491367952496 1.4406418333356825 2.8000000000000003
    endloop
  endfacet
  facet normal -0.7746049618276576 -0.6324453755953735 0
    outer loop
      vertex 66.32038331933042 2.055680240546465 0.6
      vertex 66.47827256655086 1.8623010191377345 2.8000000000000003
      vertex 66.32038331933042 2.055680240546465 2.8000000000000003
    endloop
  endfacet
  facet normal -0.7212024473438198 -0.692724353509594 0
    outer loop
      vertex 66.14744549587977 2.235727586765825 0.6
      vertex 66.32038331933042 2.055680240546465 2.8000000000000003
      vertex 66.14744549587977 2.235727586765825 2.8000000000000003
    endloop
  endfacet
  facet normal -0.6631226582407831 -0.7485107481711117 0
    outer loop
      vertex 66.14744549587977 2.235727586765825 0.6
      vertex 66.14744549587977 2.235727586765825 2.8000000000000003
      vertex 65.96058066434567 2.4012753816657293 2.8000000000000003
    endloop
  endfacet
  facet normal -0.6007422642379772 -0.7994427634035024 0
    outer loop
      vertex 65.96058066434567 2.4012753816657293 0.6
      vertex 65.96058066434567 2.4012753816657293 2.8000000000000003
      vertex 65.76100071486658 2.551249984270335 2.8000000000000003
    endloop
  endfacet
  facet normal 0.5344658261277959 -0.8451900855437979 0
    outer loop
      vertex 62.23899928513342 2.551249984270335 0.6
      vertex 62.45 2.68467875173176 0.6
      vertex 62.23899928513342 2.551249984270335 2.8000000000000003
    endloop
  endfacet
  facet normal 0.46472317204377295 -0.8854560256532076 0
    outer loop
      vertex 62.45 2.68467875173176 0.6
      vertex 62.67105305965053 2.800696347292185 0.6
      vertex 62.45 2.68467875173176 2.8000000000000003
    endloop
  endfacet
  facet normal 0.39196660986007625 -0.9199794436588237 0
    outer loop
      vertex 62.67105305965053 2.800696347292185 0.6
      vertex 62.90072485016814 2.898550352324786 0.6
      vertex 62.67105305965053 2.800696347292185 2.8000000000000003
    endloop
  endfacet
  facet normal 0.3166679938014714 -0.9485364419471459 0
    outer loop
      vertex 62.90072485016814 2.898550352324786 0.6
      vertex 63.137525861859 2.977606146057254 0.6
      vertex 62.90072485016814 2.898550352324786 2.8000000000000003
    endloop
  endfacet
  facet normal 0.23931566428756085 -0.9709418174260511 0
    outer loop
      vertex 63.137525861859 2.977606146057254 0.6
      vertex 63.37992034929426 3.03735102133103 0.6
      vertex 63.137525861859 2.977606146057254 2.8000000000000003
    endloop
  endfacet
  facet normal 0.16041128085776007 -0.987050262637913 0
    outer loop
      vertex 63.37992034929426 3.03735102133103 0.6
      vertex 63.626336291208496 3.0773975097039674 0.6
      vertex 63.37992034929426 3.03735102133103 2.8000000000000003
    endloop
  endfacet
  facet normal 0.08046656871672431 -0.99675730813421 0
    outer loop
      vertex 63.626336291208496 3.0773975097039674 0.6
      vertex 63.87517558566081 3.0974858943318657 0.6
      vertex 63.626336291208496 3.0773975097039674 2.8000000000000003
    endloop
  endfacet
  facet normal 0 -1 0
    outer loop
      vertex 63.87517558566081 3.0974858943318657 0.6
      vertex 64.12482441433919 3.0974858943318657 0.6
      vertex 63.87517558566081 3.0974858943318657 2.8000000000000003
    endloop
  endfacet
  facet normal -0.0804665687167266 -0.99675730813421 0
    outer loop
      vertex 64.12482441433919 3.0974858943318657 0.6
      vertex 64.3736637087915 3.0773975097039674 0.6
      vertex 64.12482441433919 3.0974858943318657 2.8000000000000003
    endloop
  endfacet
  facet normal -0.46472317204377295 -0.8854560256532076 0
    outer loop
      vertex 65.32894694034947 2.800696347292185 0.6
      vertex 65.55 2.68467875173176 0.6
      vertex 65.32894694034947 2.800696347292185 2.8000000000000003
    endloop
  endfacet
  facet normal -0.6007422642379772 -0.7994427634035024 0
    outer loop
      vertex 65.76100071486658 2.551249984270335 0.6
      vertex 65.96058066434567 2.4012753816657293 0.6
      vertex 65.76100071486658 2.551249984270335 2.8000000000000003
    endloop
  endfacet
  facet normal -0.5344658261277959 -0.8451900855437979 0
    outer loop
      vertex 65.55 2.68467875173176 0.6
      vertex 65.76100071486658 2.551249984270335 0.6
      vertex 65.55 2.68467875173176 2.8000000000000003
    endloop
  endfacet
  facet normal -0.3166679938014885 -0.94853644194714 0
    outer loop
      vertex 64.86247413814101 2.977606146057254 0.6
      vertex 65.09927514983185 2.898550352324786 0.6
      vertex 64.86247413814101 2.977606146057254 2.8000000000000003
    endloop
  endfacet
  facet normal -0.39196660986006604 -0.919979443658828 0
    outer loop
      vertex 65.09927514983185 2.898550352324786 0.6
      vertex 65.32894694034947 2.800696347292185 0.6
      vertex 65.09927514983185 2.898550352324786 2.8000000000000003
    endloop
  endfacet
  facet normal -0.23931566428754764 -0.9709418174260546 0
    outer loop
      vertex 64.62007965070573 3.03735102133103 0.6
      vertex 64.86247413814101 2.977606146057254 0.6
      vertex 64.62007965070573 3.03735102133103 2.8000000000000003
    endloop
  endfacet
  facet normal -0.16041128085776007 -0.987050262637913 0
    outer loop
      vertex 64.3736637087915 3.0773975097039674 0.6
      vertex 64.62007965070573 3.03735102133103 0.6
      vertex 64.3736637087915 3.0773975097039674 2.8000000000000003
    endloop
  endfacet
  facet normal 0.600742264237976 -0.7994427634035032 0
    outer loop
      vertex 62.23899928513342 2.551249984270335 0.6
      vertex 62.23899928513342 2.551249984270335 2.8000000000000003
      vertex 62.03941933565433 2.4012753816657297 2.8000000000000003
    endloop
  endfacet
  facet normal 0.5344658261277959 -0.8451900855437979 0
    outer loop
      vertex 62.45 2.68467875173176 0.6
      vertex 62.45 2.68467875173176 2.8000000000000003
      vertex 62.23899928513342 2.551249984270335 2.8000000000000003
    endloop
  endfacet
  facet normal 0.46472317204377295 -0.8854560256532076 0
    outer loop
      vertex 62.67105305965053 2.800696347292185 0.6
      vertex 62.67105305965053 2.800696347292185 2.8000000000000003
      vertex 62.45 2.68467875173176 2.8000000000000003
    endloop
  endfacet
  facet normal 0.39196660986007625 -0.9199794436588237 0
    outer loop
      vertex 62.90072485016814 2.898550352324786 0.6
      vertex 62.90072485016814 2.898550352324786 2.8000000000000003
      vertex 62.67105305965053 2.800696347292185 2.8000000000000003
    endloop
  endfacet
  facet normal 0.3166679938014714 -0.9485364419471459 0
    outer loop
      vertex 63.137525861859 2.977606146057254 0.6
      vertex 63.137525861859 2.977606146057254 2.8000000000000003
      vertex 62.90072485016814 2.898550352324786 2.8000000000000003
    endloop
  endfacet
  facet normal 0.23931566428756085 -0.9709418174260511 0
    outer loop
      vertex 63.37992034929426 3.03735102133103 0.6
      vertex 63.37992034929426 3.03735102133103 2.8000000000000003
      vertex 63.137525861859 2.977606146057254 2.8000000000000003
    endloop
  endfacet
  facet normal 0.16041128085776007 -0.987050262637913 0
    outer loop
      vertex 63.626336291208496 3.0773975097039674 0.6
      vertex 63.626336291208496 3.0773975097039674 2.8000000000000003
      vertex 63.37992034929426 3.03735102133103 2.8000000000000003
    endloop
  endfacet
  facet normal 0.08046656871672431 -0.99675730813421 0
    outer loop
      vertex 63.87517558566081 3.0974858943318657 0.6
      vertex 63.87517558566081 3.0974858943318657 2.8000000000000003
      vertex 63.626336291208496 3.0773975097039674 2.8000000000000003
    endloop
  endfacet
  facet normal 0 -1 0
    outer loop
      vertex 63.87517558566081 3.0974858943318657 2.8000000000000003
      vertex 64.12482441433919 3.0974858943318657 0.6
      vertex 64.12482441433919 3.0974858943318657 2.8000000000000003
    endloop
  endfacet
  facet normal -0.0804665687167266 -0.99675730813421 0
    outer loop
      vertex 64.3736637087915 3.0773975097039674 0.6
      vertex 64.3736637087915 3.0773975097039674 2.8000000000000003
      vertex 64.12482441433919 3.0974858943318657 2.8000000000000003
    endloop
  endfacet
  facet normal -0.46472317204377295 -0.8854560256532076 0
    outer loop
      vertex 65.55 2.68467875173176 0.6
      vertex 65.55 2.68467875173176 2.8000000000000003
      vertex 65.32894694034947 2.800696347292185 2.8000000000000003
    endloop
  endfacet
  facet normal -0.5344658261277959 -0.8451900855437979 0
    outer loop
      vertex 65.76100071486658 2.551249984270335 0.6
      vertex 65.76100071486658 2.551249984270335 2.8000000000000003
      vertex 65.55 2.68467875173176 2.8000000000000003
    endloop
  endfacet
  facet normal -0.39196660986006604 -0.919979443658828 0
    outer loop
      vertex 65.32894694034947 2.800696347292185 0.6
      vertex 65.32894694034947 2.800696347292185 2.8000000000000003
      vertex 65.09927514983185 2.898550352324786 2.8000000000000003
    endloop
  endfacet
  facet normal -0.3166679938014885 -0.94853644194714 0
    outer loop
      vertex 65.09927514983185 2.898550352324786 0.6
      vertex 65.09927514983185 2.898550352324786 2.8000000000000003
      vertex 64.86247413814101 2.977606146057254 2.8000000000000003
    endloop
  endfacet
  facet normal -0.23931566428754764 -0.9709418174260546 0
    outer loop
      vertex 64.86247413814101 2.977606146057254 0.6
      vertex 64.86247413814101 2.977606146057254 2.8000000000000003
      vertex 64.62007965070573 3.03735102133103 2.8000000000000003
    endloop
  endfacet
  facet normal -0.16041128085776007 -0.987050262637913 0
    outer loop
      vertex 64.62007965070573 3.03735102133103 0.6
      vertex 64.62007965070573 3.03735102133103 2.8000000000000003
      vertex 64.3736637087915 3.0773975097039674 2.8000000000000003
    endloop
  endfacet
  facet normal 0 0 -1
    outer loop
      vertex 60.91005234478395 -0.24944636302185014 2.8000000000000003
      vertex 60.9 0 2.8000000000000003
      vertex 60.91005234478395 0.24944636302185014 2.8000000000000003
    endloop
  endfacet
  facet normal 0 0 -1
    outer loop
      vertex 60.94014418582247 -0.49727497065905657 2.8000000000000003
      vertex 60.91005234478395 0.24944636302185014 2.8000000000000003
      vertex 60.94014418582247 0.49727497065905657 2.8000000000000003
    endloop
  endfacet
  facet normal 0 0 -1
    outer loop
      vertex 60.99008036597924 -0.7418785592914287 2.8000000000000003
      vertex 60.94014418582247 0.49727497065905657 2.8000000000000003
      vertex 60.99008036597924 0.7418785592914287 2.8000000000000003
    endloop
  endfacet
  facet normal 0 0 -1
    outer loop
      vertex 61.05953702996385 -0.9816707807845644 2.8000000000000003
      vertex 60.99008036597924 0.7418785592914287 2.8000000000000003
      vertex 61.05953702996385 0.9816707807845644 2.8000000000000003
    endloop
  endfacet
  facet normal 0 0 -1
    outer loop
      vertex 61.148063724657646 -1.2150964905662323 2.8000000000000003
      vertex 61.05953702996385 0.9816707807845644 2.8000000000000003
      vertex 61.148063724657646 1.2150964905662323 2.8000000000000003
    endloop
  endfacet
  facet normal 0 0 -1
    outer loop
      vertex 61.25508632047505 -1.4406418333356819 2.8000000000000003
      vertex 61.148063724657646 1.2150964905662323 2.8000000000000003
      vertex 61.25508632047505 1.4406418333356819 2.8000000000000003
    endloop
  endfacet
  facet normal 0 0 -1
    outer loop
      vertex 61.37991073481424 -1.6568440609961839 2.8000000000000003
      vertex 61.25508632047505 1.4406418333356819 2.8000000000000003
      vertex 61.37991073481424 1.6568440609961839 2.8000000000000003
    endloop
  endfacet
  facet normal 0 0 -1
    outer loop
      vertex 61.52172743344914 -1.8623010191377352 2.8000000000000003
      vertex 61.37991073481424 1.6568440609961839 2.8000000000000003
      vertex 61.52172743344914 1.8623010191377352 2.8000000000000003
    endloop
  endfacet
  facet normal 0 0 -1
    outer loop
      vertex 61.67961668066959 -2.0556802405464656 2.8000000000000003
      vertex 61.52172743344914 1.8623010191377352 2.8000000000000003
      vertex 61.67961668066959 2.0556802405464656 2.8000000000000003
    endloop
  endfacet
  facet normal 0 0 -1
    outer loop
      vertex 61.85255450412024 -2.2357275867658255 2.8000000000000003
      vertex 61.67961668066959 2.0556802405464656 2.8000000000000003
      vertex 61.85255450412024 2.2357275867658255 2.8000000000000003
    endloop
  endfacet
  facet normal 0 0 -1
    outer loop
      vertex 62.03941933565433 -2.4012753816657297 2.8000000000000003
      vertex 61.85255450412024 2.2357275867658255 2.8000000000000003
      vertex 62.03941933565433 2.4012753816657297 2.8000000000000003
    endloop
  endfacet
  facet normal 0 0 -1
    outer loop
      vertex 62.23899928513342 -2.551249984270335 2.8000000000000003
      vertex 62.03941933565433 2.4012753816657297 2.8000000000000003
      vertex 62.23899928513342 2.551249984270335 2.8000000000000003
    endloop
  endfacet
  facet normal 0 0 -1
    outer loop
      vertex 62.45 -2.68467875173176 2.8000000000000003
      vertex 62.23899928513342 2.551249984270335 2.8000000000000003
      vertex 62.45 2.68467875173176 2.8000000000000003
    endloop
  endfacet
  facet normal 0 0 -1
    outer loop
      vertex 62.67105305965053 -2.800696347292185 2.8000000000000003
      vertex 62.45 2.68467875173176 2.8000000000000003
      vertex 62.67105305965053 2.800696347292185 2.8000000000000003
    endloop
  endfacet
  facet normal 0 0 -1
    outer loop
      vertex 62.90072485016814 -2.898550352324786 2.8000000000000003
      vertex 62.67105305965053 2.800696347292185 2.8000000000000003
      vertex 62.90072485016814 2.898550352324786 2.8000000000000003
    endloop
  endfacet
  facet normal 0 0 -1
    outer loop
      vertex 63.137525861859 -2.977606146057254 2.8000000000000003
      vertex 62.90072485016814 2.898550352324786 2.8000000000000003
      vertex 63.137525861859 2.977606146057254 2.8000000000000003
    endloop
  endfacet
  facet normal 0 0 -1
    outer loop
      vertex 63.37992034929426 -3.03735102133103 2.8000000000000003
      vertex 63.137525861859 2.977606146057254 2.8000000000000003
      vertex 63.37992034929426 3.03735102133103 2.8000000000000003
    endloop
  endfacet
  facet normal 0 0 -1
    outer loop
      vertex 63.6263362912085 -3.077397509703968 2.8000000000000003
      vertex 63.37992034929426 3.03735102133103 2.8000000000000003
      vertex 63.626336291208496 3.0773975097039674 2.8000000000000003
    endloop
  endfacet
  facet normal 0 0 -1
    outer loop
      vertex 63.87517558566081 -3.0974858943318657 2.8000000000000003
      vertex 63.626336291208496 3.0773975097039674 2.8000000000000003
      vertex 63.87517558566081 3.0974858943318657 2.8000000000000003
    endloop
  endfacet
  facet normal 0 0 -1
    outer loop
      vertex 63.87517558566081 3.0974858943318657 2.8000000000000003
      vertex 64.12482441433919 3.0974858943318657 2.8000000000000003
      vertex 64.12482441433919 -3.0974858943318657 2.8000000000000003
    endloop
  endfacet
  facet normal 0 0 -1
    outer loop
      vertex 64.3736637087915 -3.077397509703968 2.8000000000000003
      vertex 64.12482441433919 3.0974858943318657 2.8000000000000003
      vertex 64.3736637087915 3.0773975097039674 2.8000000000000003
    endloop
  endfacet
  facet normal 0 0 -1
    outer loop
      vertex 66.62008926518577 -1.6568440609961839 2.8000000000000003
      vertex 66.47827256655086 1.8623010191377345 2.8000000000000003
      vertex 66.62008926518577 1.6568440609961832 2.8000000000000003
    endloop
  endfacet
  facet normal 0 0 -1
    outer loop
      vertex 67.08994765521605 -0.24944636302185164 2.8000000000000003
      vertex 67.05985581417752 0.49727497065905674 2.8000000000000003
      vertex 67.08994765521605 0.24944636302185022 2.8000000000000003
    endloop
  endfacet
  facet normal 0 0 -1
    outer loop
      vertex 67.05985581417752 -0.49727497065905657 2.8000000000000003
      vertex 67.00991963402076 0.7418785592914291 2.8000000000000003
      vertex 67.05985581417752 0.49727497065905674 2.8000000000000003
    endloop
  endfacet
  facet normal 0 0 -1
    outer loop
      vertex 67.00991963402076 -0.7418785592914302 2.8000000000000003
      vertex 66.94046297003615 0.9816707807845647 2.8000000000000003
      vertex 67.00991963402076 0.7418785592914291 2.8000000000000003
    endloop
  endfacet
  facet normal 0 0 -1
    outer loop
      vertex 66.94046297003615 -0.9816707807845644 2.8000000000000003
      vertex 66.85193627534235 1.2150964905662327 2.8000000000000003
      vertex 66.94046297003615 0.9816707807845647 2.8000000000000003
    endloop
  endfacet
  facet normal 0 0 -1
    outer loop
      vertex 66.85193627534235 -1.2150964905662336 2.8000000000000003
      vertex 66.74491367952496 1.4406418333356825 2.8000000000000003
      vertex 66.85193627534235 1.2150964905662327 2.8000000000000003
    endloop
  endfacet
  facet normal 0 0 -1
    outer loop
      vertex 66.74491367952496 -1.4406418333356819 2.8000000000000003
      vertex 66.62008926518577 1.6568440609961832 2.8000000000000003
      vertex 66.74491367952496 1.4406418333356825 2.8000000000000003
    endloop
  endfacet
  facet normal 0 0 -1
    outer loop
      vertex 65.55 -2.68467875173176 2.8000000000000003
      vertex 65.32894694034947 2.800696347292185 2.8000000000000003
      vertex 65.55 2.68467875173176 2.8000000000000003
    endloop
  endfacet
  facet normal 0 0 -1
    outer loop
      vertex 66.47827256655086 -1.862301019137734 2.8000000000000003
      vertex 66.32038331933042 2.055680240546465 2.8000000000000003
      vertex 66.47827256655086 1.8623010191377345 2.8000000000000003
    endloop
  endfacet
  facet normal 0 0 -1
    outer loop
      vertex 66.32038331933042 -2.0556802405464656 2.8000000000000003
      vertex 66.14744549587977 2.235727586765825 2.8000000000000003
      vertex 66.32038331933042 2.055680240546465 2.8000000000000003
    endloop
  endfacet
  facet normal 0 0 -1
    outer loop
      vertex 66.14744549587977 -2.235727586765824 2.8000000000000003
      vertex 65.96058066434567 2.4012753816657293 2.8000000000000003
      vertex 66.14744549587977 2.235727586765825 2.8000000000000003
    endloop
  endfacet
  facet normal 0 0 -1
    outer loop
      vertex 65.96058066434567 -2.4012753816657297 2.8000000000000003
      vertex 65.76100071486658 2.551249984270335 2.8000000000000003
      vertex 65.96058066434567 2.4012753816657293 2.8000000000000003
    endloop
  endfacet
  facet normal 0 0 -1
    outer loop
      vertex 65.76100071486658 -2.551249984270334 2.8000000000000003
      vertex 65.55 2.68467875173176 2.8000000000000003
      vertex 65.76100071486658 2.551249984270335 2.8000000000000003
    endloop
  endfacet
  facet normal 0 0 -1
    outer loop
      vertex 64.862474138141 -2.977606146057255 2.8000000000000003
      vertex 64.62007965070573 3.03735102133103 2.8000000000000003
      vertex 64.86247413814101 2.977606146057254 2.8000000000000003
    endloop
  endfacet
  facet normal 0 0 -1
    outer loop
      vertex 64.62007965070573 -3.03735102133103 2.8000000000000003
      vertex 64.3736637087915 3.0773975097039674 2.8000000000000003
      vertex 64.62007965070573 3.03735102133103 2.8000000000000003
    endloop
  endfacet
  facet normal 0 0 -1
    outer loop
      vertex 65.09927514983185 -2.898550352324786 2.8000000000000003
      vertex 64.86247413814101 2.977606146057254 2.8000000000000003
      vertex 65.09927514983185 2.898550352324786 2.8000000000000003
    endloop
  endfacet
  facet normal 0 0 -1
    outer loop
      vertex 65.32894694034947 -2.8006963472921855 2.8000000000000003
      vertex 65.09927514983185 2.898550352324786 2.8000000000000003
      vertex 65.32894694034947 2.800696347292185 2.8000000000000003
    endloop
  endfacet
endsolid OpenSCAD_Model
