solid OpenSCAD_Model
  facet normal -0.1949644179278841 -0.6799217271167368 -0.7068913075831638
    outer loop
      vertex -1.0506577808748212 -3.233592155403522 0
      vertex -0.9676875823986709 -3.881182905103986 0.6
      vertex -1.2360679774997896 -3.804226065180614 0.6
    endloop
  endfacet
  facet normal -0.24191843651036732 -0.6646654416620024 -0.7068913075831635
    outer loop
      vertex -1.273662417614101 -3.1524251055270773 0
      vertex -1.2360679774997896 -3.804226065180614 0.6
      vertex -1.498426373663648 -3.7087354182671497 0.6
    endloop
  endfacet
  facet normal -0.19496441792788424 -0.6799217271167367 -0.7068913075831638
    outer loop
      vertex -1.0506577808748212 -3.233592155403522 0
      vertex -0.8225344450388703 -3.299005469338388 0
      vertex -0.9676875823986709 -3.881182905103986 0.6
    endloop
  endfacet
  facet normal -0.24191843651036646 -0.6646654416620025 -0.7068913075831639
    outer loop
      vertex -1.273662417614101 -3.1524251055270773 0
      vertex -1.0506577808748212 -3.233592155403522 0
      vertex -1.2360679774997896 -3.804226065180614 0.6
    endloop
  endfacet
  facet normal -0.2876938527877301 -0.6461709729874262 -0.7068913075831638
    outer loop
      vertex -1.490461899082863 -3.055899757417168 0
      vertex -1.273662417614101 -3.1524251055270773 0
      vertex -1.498426373663648 -3.7087354182671497 0.6
    endloop
  endfacet
  facet normal -0.3748236540499696 -0.5998432358775032 -0.7068913075831637
    outer loop
      vertex -2 -3.4641016151377544 0.6
      vertex -1.9012558718005395 -2.8187277466871414 0
      vertex -1.7 -2.9444863728670914 0
    endloop
  endfacet
  facet normal -0.33206765353319434 -0.624528424285335 -0.7068913075831638
    outer loop
      vertex -1.490461899082863 -3.055899757417168 0
      vertex -1.7534845871563096 -3.595176185196668 0.6
      vertex -1.7 -2.9444863728670914 0
    endloop
  endfacet
  facet normal -0.33206765353319506 -0.6245284242853347 -0.7068913075831637
    outer loop
      vertex -1.7534845871563096 -3.595176185196668 0.6
      vertex -2 -3.4641016151377544 0.6
      vertex -1.7 -2.9444863728670914 0
    endloop
  endfacet
  facet normal -0.28769385278772924 -0.6461709729874264 -0.7068913075831638
    outer loop
      vertex -1.490461899082863 -3.055899757417168 0
      vertex -1.498426373663648 -3.7087354182671497 0.6
      vertex -1.7534845871563096 -3.595176185196668 0.6
    endloop
  endfacet
  facet normal -0.37482365404996904 -0.5998432358775032 -0.7068913075831637
    outer loop
      vertex -2.2367716138829876 -3.3161502902201665 0.6
      vertex -1.9012558718005395 -2.8187277466871414 0
      vertex -2 -3.4641016151377544 0.6
    endloop
  endfacet
  facet normal -0.41575355140135506 -0.5722356715205072 -0.7068913075831637
    outer loop
      vertex -2.462645901302633 -3.1520430144268876 0.6
      vertex -2.0932490161072383 -2.6792365622628544 0
      vertex -2.2367716138829876 -3.3161502902201665 0.6
    endloop
  endfacet
  facet normal -0.14706055229900913 -0.6918655022624522 -0.7068913075831638
    outer loop
      vertex -0.8225344450388703 -3.299005469338388 0
      vertex -0.5904038040675631 -3.348346360241507 0
      vertex -0.6945927106677213 -3.939231012048832 0.6
    endloop
  endfacet
  facet normal -0.0984402224418098 -0.7004385782272218 -0.7068913075831638
    outer loop
      vertex -0.5904038040675631 -3.348346360241507 0
      vertex -0.35539677511002177 -3.381374444252129 0
      vertex -0.4181138530706139 -3.978087581473093 0.6
    endloop
  endfacet
  facet normal -0.04934030171605117 -0.705599187846708 -0.7068913075831639
    outer loop
      vertex -0.35539677511002177 -3.381374444252129 0
      vertex -0.11865828878850329 -3.3979288118649253 0
      vertex -0.13959798681000388 -3.997563308076383 0.6
    endloop
  endfacet
  facet normal 0 -0.7073221891495874 -0.7068913075831639
    outer loop
      vertex -0.11865828878850329 -3.3979288118649253 0
      vertex 0.11865828878850329 -3.3979288118649253 0
      vertex 0.13959798681000388 -3.997563308076383 0.6
    endloop
  endfacet
  facet normal 0.04934030171605117 -0.705599187846708 -0.7068913075831639
    outer loop
      vertex 0.11865828878850329 -3.3979288118649253 0
      vertex 0.35539677511002177 -3.381374444252129 0
      vertex 0.13959798681000388 -3.997563308076383 0.6
    endloop
  endfacet
  facet normal 0.0984402224418098 -0.7004385782272218 -0.7068913075831638
    outer loop
      vertex 0.35539677511002177 -3.381374444252129 0
      vertex 0.5904038040675631 -3.348346360241507 0
      vertex 0.4181138530706139 -3.978087581473093 0.6
    endloop
  endfacet
  facet normal 0.14706055229900913 -0.6918655022624524 -0.7068913075831638
    outer loop
      vertex 0.5904038040675631 -3.348346360241507 0
      vertex 0.8225344450388703 -3.299005469338388 0
      vertex 0.6945927106677213 -3.939231012048832 0.6
    endloop
  endfacet
  facet normal -0.0984402224418102 -0.7004385782272218 -0.7068913075831639
    outer loop
      vertex -0.5904038040675631 -3.348346360241507 0
      vertex -0.4181138530706139 -3.978087581473093 0.6
      vertex -0.6945927106677213 -3.939231012048832 0.6
    endloop
  endfacet
  facet normal -0.049340301716051374 -0.7055991878467079 -0.7068913075831639
    outer loop
      vertex -0.35539677511002177 -3.381374444252129 0
      vertex -0.13959798681000388 -3.997563308076383 0.6
      vertex -0.4181138530706139 -3.978087581473093 0.6
    endloop
  endfacet
  facet normal 0 -0.7073221891495876 -0.7068913075831639
    outer loop
      vertex -0.11865828878850329 -3.3979288118649253 0
      vertex 0.13959798681000388 -3.997563308076383 0.6
      vertex -0.13959798681000388 -3.997563308076383 0.6
    endloop
  endfacet
  facet normal 0.049340301716051374 -0.7055991878467079 -0.7068913075831639
    outer loop
      vertex 0.35539677511002177 -3.381374444252129 0
      vertex 0.4181138530706139 -3.978087581473093 0.6
      vertex 0.13959798681000388 -3.997563308076383 0.6
    endloop
  endfacet
  facet normal 0.0984402224418102 -0.7004385782272218 -0.7068913075831639
    outer loop
      vertex 0.5904038040675631 -3.348346360241507 0
      vertex 0.6945927106677213 -3.939231012048832 0.6
      vertex 0.4181138530706139 -3.978087581473093 0.6
    endloop
  endfacet
  facet normal -0.14706055229900936 -0.6918655022624522 -0.7068913075831638
    outer loop
      vertex -0.8225344450388703 -3.299005469338388 0
      vertex -0.6945927106677213 -3.939231012048832 0.6
      vertex -0.9676875823986709 -3.881182905103986 0.6
    endloop
  endfacet
  facet normal 0.14706055229900936 -0.6918655022624522 -0.7068913075831638
    outer loop
      vertex 0.8225344450388703 -3.299005469338388 0
      vertex 0.9676875823986709 -3.881182905103986 0.6
      vertex 0.6945927106677213 -3.939231012048832 0.6
    endloop
  endfacet
  facet normal 0.19496441792788413 -0.6799217271167367 -0.7068913075831638
    outer loop
      vertex 0.9676875823986709 -3.881182905103986 0.6
      vertex 1.0506577808748212 -3.233592155403522 0
      vertex 1.2360679774997896 -3.804226065180614 0.6
    endloop
  endfacet
  facet normal 0.24191843651036732 -0.6646654416620024 -0.7068913075831635
    outer loop
      vertex 1.273662417614101 -3.1524251055270773 0
      vertex 1.498426373663648 -3.7087354182671497 0.6
      vertex 1.2360679774997896 -3.804226065180614 0.6
    endloop
  endfacet
  facet normal 0.19496441792788424 -0.6799217271167367 -0.7068913075831638
    outer loop
      vertex 0.8225344450388703 -3.299005469338388 0
      vertex 1.0506577808748212 -3.233592155403522 0
      vertex 0.9676875823986709 -3.881182905103986 0.6
    endloop
  endfacet
  facet normal 0.24191843651036646 -0.6646654416620025 -0.7068913075831639
    outer loop
      vertex 1.0506577808748212 -3.233592155403522 0
      vertex 1.273662417614101 -3.1524251055270773 0
      vertex 1.2360679774997896 -3.804226065180614 0.6
    endloop
  endfacet
  facet normal 0.2876938527877301 -0.6461709729874262 -0.7068913075831635
    outer loop
      vertex 1.273662417614101 -3.1524251055270773 0
      vertex 1.490461899082863 -3.055899757417168 0
      vertex 1.498426373663648 -3.7087354182671497 0.6
    endloop
  endfacet
  facet normal 0.33206765353319434 -0.624528424285335 -0.7068913075831638
    outer loop
      vertex 1.490461899082863 -3.055899757417168 0
      vertex 1.7 -2.9444863728670914 0
      vertex 1.7534845871563096 -3.595176185196668 0.6
    endloop
  endfacet
  facet normal 0.37482365404996965 -0.5998432358775032 -0.7068913075831637
    outer loop
      vertex 1.7 -2.9444863728670914 0
      vertex 1.9012558718005395 -2.8187277466871414 0
      vertex 2 -3.4641016151377544 0.6
    endloop
  endfacet
  facet normal 0.28769385278772924 -0.6461709729874264 -0.7068913075831638
    outer loop
      vertex 1.490461899082863 -3.055899757417168 0
      vertex 1.7534845871563096 -3.595176185196668 0.6
      vertex 1.498426373663648 -3.7087354182671497 0.6
    endloop
  endfacet
  facet normal 0.33206765353319506 -0.6245284242853347 -0.7068913075831637
    outer loop
      vertex 1.7534845871563096 -3.595176185196668 0.6
      vertex 1.7 -2.9444863728670914 0
      vertex 2 -3.4641016151377544 0.6
    endloop
  endfacet
  facet normal 0.3748236540499691 -0.5998432358775033 -0.7068913075831637
    outer loop
      vertex 1.9012558718005395 -2.8187277466871414 0
      vertex 2.2367716138829876 -3.3161502902201665 0.6
      vertex 2 -3.4641016151377544 0.6
    endloop
  endfacet
  facet normal -0.49134727930414257 -0.5088050023179623 -0.706891307583164
    outer loop
      vertex -2.2750440616201177 -2.52669240662314 0
      vertex -2.676522425435433 -2.972579301909577 0.6
      vertex -2.445755321151414 -2.3618384595605906 0
    endloop
  endfacet
  facet normal -0.4157535514013545 -0.5722356715205075 -0.7068913075831638
    outer loop
      vertex -2.2367716138829876 -3.3161502902201665 0.6
      vertex -2.0932490161072383 -2.6792365622628544 0
      vertex -1.9012558718005395 -2.8187277466871414 0
    endloop
  endfacet
  facet normal -0.4546579392417144 -0.5418402324927919 -0.7068913075831637
    outer loop
      vertex -2.462645901302633 -3.1520430144268876 0.6
      vertex -2.2750440616201177 -2.52669240662314 0
      vertex -2.0932490161072383 -2.6792365622628544 0
    endloop
  endfacet
  facet normal -0.4546579392417131 -0.5418402324927926 -0.7068913075831639
    outer loop
      vertex -2.462645901302633 -3.1520430144268876 0.6
      vertex -2.676522425435433 -2.972579301909577 0.6
      vertex -2.2750440616201177 -2.52669240662314 0
    endloop
  endfacet
  facet normal -0.4913472793041432 -0.5088050023179619 -0.7068913075831637
    outer loop
      vertex -2.445755321151414 -2.3618384595605906 0
      vertex -2.676522425435433 -2.972579301909577 0.6
      vertex -2.8773592013546048 -2.778633481835989 0.6
    endloop
  endfacet
  facet normal -0.5256428248118592 -0.4732909253167379 -0.7068913075831638
    outer loop
      vertex -3.064177772475912 -2.571150438746157 0.6
      vertex -2.604551106604525 -2.1854778729342335 0
      vertex -2.8773592013546048 -2.778633481835989 0.6
    endloop
  endfacet
  facet normal -0.5256428248118595 -0.47329092531673783 -0.7068913075831638
    outer loop
      vertex -2.604551106604525 -2.1854778729342335 0
      vertex -2.445755321151414 -2.3618384595605906 0
      vertex -2.8773592013546048 -2.778633481835989 0.6
    endloop
  endfacet
  facet normal -0.5573774913145222 -0.4354710225024102 -0.7068913075831637
    outer loop
      vertex -3.064177772475912 -2.571150438746157 0.6
      vertex -2.750657780874821 -1.9984698577944087 0
      vertex -2.604551106604525 -2.1854778729342335 0
    endloop
  endfacet
  facet normal -0.5863966707068926 -0.39552954863984174 -0.7068913075831638
    outer loop
      vertex -3.23606797749979 -2.3511410091698925 0.6
      vertex -2.883363526931848 -1.8017254983928965 0
      vertex -2.750657780874821 -1.9984698577944087 0
    endloop
  endfacet
  facet normal -0.5573774913145223 -0.43547102250241015 -0.7068913075831638
    outer loop
      vertex -3.064177772475912 -2.571150438746157 0.6
      vertex -3.23606797749979 -2.3511410091698925 0.6
      vertex -2.750657780874821 -1.9984698577944087 0
    endloop
  endfacet
  facet normal -0.5863966707068925 -0.395529548639842 -0.7068913075831639
    outer loop
      vertex -3.392192384625704 -2.1196770569328196 0.6
      vertex -2.883363526931848 -1.8017254983928965 0
      vertex -3.23606797749979 -2.3511410091698925 0.6
    endloop
  endfacet
  facet normal 0.41575355140135456 -0.5722356715205075 -0.7068913075831637
    outer loop
      vertex 1.9012558718005395 -2.8187277466871414 0
      vertex 2.0932490161072383 -2.6792365622628544 0
      vertex 2.2367716138829876 -3.3161502902201665 0.6
    endloop
  endfacet
  facet normal 0.41575355140135506 -0.5722356715205072 -0.7068913075831637
    outer loop
      vertex 2.2367716138829876 -3.3161502902201665 0.6
      vertex 2.0932490161072383 -2.6792365622628544 0
      vertex 2.462645901302633 -3.1520430144268876 0.6
    endloop
  endfacet
  facet normal 0.4546579392417144 -0.5418402324927919 -0.7068913075831637
    outer loop
      vertex 2.462645901302633 -3.1520430144268876 0.6
      vertex 2.0932490161072383 -2.6792365622628544 0
      vertex 2.2750440616201177 -2.52669240662314 0
    endloop
  endfacet
  facet normal 0.49134727930414257 -0.5088050023179623 -0.706891307583164
    outer loop
      vertex 2.2750440616201177 -2.52669240662314 0
      vertex 2.445755321151414 -2.3618384595605906 0
      vertex 2.676522425435433 -2.972579301909577 0.6
    endloop
  endfacet
  facet normal 0.4546579392417131 -0.5418402324927926 -0.7068913075831639
    outer loop
      vertex 2.462645901302633 -3.1520430144268876 0.6
      vertex 2.2750440616201177 -2.52669240662314 0
      vertex 2.676522425435433 -2.972579301909577 0.6
    endloop
  endfacet
  facet normal 0.4913472793041432 -0.5088050023179619 -0.7068913075831637
    outer loop
      vertex 2.445755321151414 -2.3618384595605906 0
      vertex 2.8773592013546048 -2.778633481835989 0.6
      vertex 2.676522425435433 -2.972579301909577 0.6
    endloop
  endfacet
  facet normal 0.5256428248118592 -0.47329092531673794 -0.7068913075831638
    outer loop
      vertex 2.604551106604525 -2.1854778729342335 0
      vertex 3.064177772475912 -2.571150438746157 0.6
      vertex 2.8773592013546048 -2.778633481835989 0.6
    endloop
  endfacet
  facet normal 0.5256428248118595 -0.47329092531673783 -0.7068913075831638
    outer loop
      vertex 2.445755321151414 -2.3618384595605906 0
      vertex 2.604551106604525 -2.1854778729342335 0
      vertex 2.8773592013546048 -2.778633481835989 0.6
    endloop
  endfacet
  facet normal 0.5573774913145222 -0.4354710225024102 -0.7068913075831638
    outer loop
      vertex 2.604551106604525 -2.1854778729342335 0
      vertex 2.750657780874821 -1.9984698577944087 0
      vertex 3.064177772475912 -2.571150438746157 0.6
    endloop
  endfacet
  facet normal 0.5863966707068926 -0.39552954863984174 -0.7068913075831638
    outer loop
      vertex 3.23606797749979 -2.3511410091698925 0.6
      vertex 2.750657780874821 -1.9984698577944087 0
      vertex 2.883363526931848 -1.8017254983928965 0
    endloop
  endfacet
  facet normal 0.5573774913145223 -0.43547102250241015 -0.7068913075831638
    outer loop
      vertex 3.064177772475912 -2.571150438746157 0.6
      vertex 2.750657780874821 -1.9984698577944087 0
      vertex 3.23606797749979 -2.3511410091698925 0.6
    endloop
  endfacet
  facet normal 0.5863966707068925 -0.395529548639842 -0.7068913075831639
    outer loop
      vertex 3.23606797749979 -2.3511410091698925 0.6
      vertex 2.883363526931848 -1.8017254983928965 0
      vertex 3.392192384625704 -2.1196770569328196 0.6
    endloop
  endfacet
  facet normal -0.612558984463964 -0.3536610945747949 -0.7068913075831639
    outer loop
      vertex -3.392192384625704 -2.1196770569328196 0.6
      vertex -3.0020218157203518 -1.5962033134720286 0
      vertex -2.883363526931848 -1.8017254983928965 0
    endloop
  endfacet
  facet normal -0.6357369724229428 -0.31006963920686487 -0.7068913075831637
    outer loop
      vertex -3.0020218157203518 -1.5962033134720286 0
      vertex -3.531790371435708 -1.8778862511435632 0.6
      vertex -3.106054555984843 -1.3829045864577207 0
    endloop
  endfacet
  facet normal -0.6125589844639642 -0.3536610945747946 -0.7068913075831638
    outer loop
      vertex -3.392192384625704 -2.1196770569328196 0.6
      vertex -3.531790371435708 -1.8778862511435632 0.6
      vertex -3.0020218157203518 -1.5962033134720286 0
    endloop
  endfacet
  facet normal -0.6357369724229429 -0.31006963920686464 -0.7068913075831638
    outer loop
      vertex -3.106054555984843 -1.3829045864577207 0
      vertex -3.531790371435708 -1.8778862511435632 0.6
      vertex -3.6541818305704035 -1.6269465723032008 0.6
    endloop
  endfacet
  facet normal -0.6558177137563329 -0.26496755572481256 -0.7068913075831637
    outer loop
      vertex -3.106054555984843 -1.3829045864577207 0
      vertex -3.6541818305704035 -1.6269465723032008 0.6
      vertex -3.1949549106720885 -1.1628684873072737 0
    endloop
  endfacet
  facet normal -0.6727033771108683 -0.2185745769457141 -0.7068913075831639
    outer loop
      vertex -3.1949549106720885 -1.1628684873072737 0
      vertex -3.7587704831436337 -1.3680805733026749 0.6
      vertex -3.2682897661902843 -0.9371670097777971 0
    endloop
  endfacet
  facet normal 0 0 -1
    outer loop
      vertex -1.490461899082863 -3.055899757417168 0
      vertex -1.273662417614101 3.1524251055270773 0
      vertex -1.273662417614101 -3.1524251055270773 0
    endloop
  endfacet
  facet normal 0 0 -1
    outer loop
      vertex -1.0506577808748212 -3.233592155403522 0
      vertex -0.8225344450388703 3.299005469338388 0
      vertex -0.8225344450388703 -3.299005469338388 0
    endloop
  endfacet
  facet normal 0 0 -1
    outer loop
      vertex -1.273662417614101 -3.1524251055270773 0
      vertex -1.0506577808748212 3.233592155403522 0
      vertex -1.0506577808748212 -3.233592155403522 0
    endloop
  endfacet
  facet normal -0.6558177137563327 -0.26496755572481273 -0.7068913075831638
    outer loop
      vertex -3.1949549106720885 -1.1628684873072737 0
      vertex -3.6541818305704035 -1.6269465723032008 0.6
      vertex -3.7587704831436337 -1.3680805733026749 0.6
    endloop
  endfacet
  facet normal -0.6727033771108686 -0.21857457694571353 -0.7068913075831637
    outer loop
      vertex -3.7587704831436337 -1.3680805733026749 0.6
      vertex -3.8450467837532756 -1.1025494232679967 0.6
      vertex -3.2682897661902843 -0.9371670097777971 0
    endloop
  endfacet
  facet normal 0 0 -1
    outer loop
      vertex -0.35539677511002177 -3.381374444252129 0
      vertex -0.11865828878850329 3.3979288118649253 0
      vertex -0.11865828878850329 -3.3979288118649253 0
    endloop
  endfacet
  facet normal 0 0 -1
    outer loop
      vertex -0.8225344450388703 -3.299005469338388 0
      vertex -0.5904038040675631 3.348346360241507 0
      vertex -0.5904038040675631 -3.348346360241507 0
    endloop
  endfacet
  facet normal 0 0 -1
    outer loop
      vertex -0.5904038040675631 -3.348346360241507 0
      vertex -0.35539677511002177 3.381374444252129 0
      vertex -0.35539677511002177 -3.381374444252129 0
    endloop
  endfacet
  facet normal 0 0 -1
    outer loop
      vertex -0.11865828878850329 -3.3979288118649253 0
      vertex 0.11865828878850329 3.3979288118649253 0
      vertex 0.11865828878850329 -3.3979288118649253 0
    endloop
  endfacet
  facet normal 0 0 -1
    outer loop
      vertex 0.11865828878850329 -3.3979288118649253 0
      vertex 0.35539677511002177 3.381374444252129 0
      vertex 0.35539677511002177 -3.381374444252129 0
    endloop
  endfacet
  facet normal 0 0 -1
    outer loop
      vertex 0.35539677511002177 -3.381374444252129 0
      vertex 0.5904038040675631 3.348346360241507 0
      vertex 0.5904038040675631 -3.348346360241507 0
    endloop
  endfacet
  facet normal 0 0 -1
    outer loop
      vertex 0.5904038040675631 -3.348346360241507 0
      vertex 0.8225344450388703 3.299005469338388 0
      vertex 0.8225344450388703 -3.299005469338388 0
    endloop
  endfacet
  facet normal 0 0 -1
    outer loop
      vertex 0.8225344450388703 -3.299005469338388 0
      vertex 1.0506577808748212 3.233592155403522 0
      vertex 1.0506577808748212 -3.233592155403522 0
    endloop
  endfacet
  facet normal 0 0 -1
    outer loop
      vertex 1.0506577808748212 -3.233592155403522 0
      vertex 1.273662417614101 3.1524251055270773 0
      vertex 1.273662417614101 -3.1524251055270773 0
    endloop
  endfacet
  facet normal 0 0 -1
    outer loop
      vertex 1.273662417614101 -3.1524251055270773 0
      vertex 1.490461899082863 3.055899757417168 0
      vertex 1.490461899082863 -3.055899757417168 0
    endloop
  endfacet
  facet normal 0 0 -1
    outer loop
      vertex 1.490461899082863 -3.055899757417168 0
      vertex 1.7 2.9444863728670914 0
      vertex 1.7 -2.9444863728670914 0
    endloop
  endfacet
  facet normal -0.6863116972320271 -0.17111672479877452 -0.7068913075831637
    outer loop
      vertex -3.8450467837532756 -1.1025494232679967 0.6
      vertex -3.325701842494939 -0.7068997487803818 0
      vertex -3.2682897661902843 -0.9371670097777971 0
    endloop
  endfacet
  facet normal 0 0 -1
    outer loop
      vertex -2.604551106604525 -2.1854778729342335 0
      vertex -2.445755321151414 2.3618384595605906 0
      vertex -2.445755321151414 -2.3618384595605906 0
    endloop
  endfacet
  facet normal 0 0 -1
    outer loop
      vertex -2.604551106604525 -2.1854778729342335 0
      vertex -2.750657780874821 -1.9984698577944087 0
      vertex -2.604551106604525 2.1854778729342335 0
    endloop
  endfacet
  facet normal 0 0 -1
    outer loop
      vertex -3.0020218157203518 -1.5962033134720286 0
      vertex -2.883363526931848 1.8017254983928965 0
      vertex -2.883363526931848 -1.8017254983928965 0
    endloop
  endfacet
  facet normal 0 0 -1
    outer loop
      vertex -2.883363526931848 -1.8017254983928965 0
      vertex -2.750657780874821 1.9984698577944087 0
      vertex -2.750657780874821 -1.9984698577944087 0
    endloop
  endfacet
  facet normal -0.6965763757520812 -0.12282520916921029 -0.7068913075831639
    outer loop
      vertex -3.325701842494939 -0.7068997487803818 0
      vertex -3.9125904029352228 -0.8316467632710374 0.6
      vertex -3.3669114337213393 -0.4731885432642225 0
    endloop
  endfacet
  facet normal 0 0 -1
    outer loop
      vertex -1.9012558718005395 -2.8187277466871414 0
      vertex -1.7 2.9444863728670914 0
      vertex -1.7 -2.9444863728670914 0
    endloop
  endfacet
  facet normal 0 0 -1
    outer loop
      vertex -2.0932490161072383 -2.6792365622628544 0
      vertex -1.9012558718005395 2.8187277466871414 0
      vertex -1.9012558718005395 -2.8187277466871414 0
    endloop
  endfacet
  facet normal 0 0 -1
    outer loop
      vertex -2.2750440616201177 -2.52669240662314 0
      vertex -2.0932490161072383 2.6792365622628544 0
      vertex -2.0932490161072383 -2.6792365622628544 0
    endloop
  endfacet
  facet normal 0 0 -1
    outer loop
      vertex -2.2750440616201177 -2.52669240662314 0
      vertex -2.445755321151414 -2.3618384595605906 0
      vertex -2.2750440616201177 2.52669240662314 0
    endloop
  endfacet
  facet normal 0 0 -1
    outer loop
      vertex -1.490461899082863 -3.055899757417168 0
      vertex -1.7 -2.9444863728670914 0
      vertex -1.490461899082863 3.055899757417168 0
    endloop
  endfacet
  facet normal -0.6863116972320267 -0.17111672479877518 -0.7068913075831638
    outer loop
      vertex -3.8450467837532756 -1.1025494232679967 0.6
      vertex -3.9125904029352228 -0.8316467632710374 0.6
      vertex -3.325701842494939 -0.7068997487803818 0
    endloop
  endfacet
  facet normal -0.6965763757520814 -0.12282520916920964 -0.7068913075831637
    outer loop
      vertex -3.3669114337213393 -0.4731885432642225 0
      vertex -3.9125904029352228 -0.8316467632710374 0.6
      vertex -3.9610722749662814 -0.5566924038402618 0.6
    endloop
  endfacet
  facet normal 0 0 -1
    outer loop
      vertex -3.1949549106720885 -1.1628684873072737 0
      vertex -3.2682897661902843 -0.9371670097777971 0
      vertex -3.1949549106720885 1.1628684873072737 0
    endloop
  endfacet
  facet normal 0 0 -1
    outer loop
      vertex -3.0020218157203518 -1.5962033134720286 0
      vertex -3.106054555984843 -1.3829045864577207 0
      vertex -3.0020218157203518 1.5962033134720286 0
    endloop
  endfacet
  facet normal 0 0 -1
    outer loop
      vertex -3.106054555984843 -1.3829045864577207 0
      vertex -3.1949549106720885 -1.1628684873072737 0
      vertex -3.106054555984843 1.3829045864577207 0
    endloop
  endfacet
  facet normal -0.7034474041890845 -0.07393530146691796 -0.7068913075831637
    outer loop
      vertex -3.3669114337213393 -0.4731885432642225 0
      vertex -3.9610722749662814 -0.5566924038402618 0.6
      vertex -3.3917177708834023 -0.23717201073002603 0
    endloop
  endfacet
  facet normal 0 0 -1
    outer loop
      vertex -3.2682897661902843 -0.9371670097777971 0
      vertex -3.325701842494939 -0.7068997487803818 0
      vertex -3.2682897661902843 0.9371670097777971 0
    endloop
  endfacet
  facet normal 0 0 -1
    outer loop
      vertex -3.325701842494939 -0.7068997487803818 0
      vertex -3.3669114337213393 -0.4731885432642225 0
      vertex -3.325701842494939 0.7068997487803818 0
    endloop
  endfacet
  facet normal 0 0 -1
    outer loop
      vertex -3.3669114337213393 -0.4731885432642225 0
      vertex -3.3917177708834023 -0.23717201073002603 0
      vertex -3.3669114337213393 0.4731885432642225 0
    endloop
  endfacet
  facet normal -0.7068913075831638 -0.02468518840783191 -0.7068913075831635
    outer loop
      vertex -3.3917177708834023 -0.23717201073002603 0
      vertex -3.990256201039297 -0.2790258949765012 0.6
      vertex -3.4 0 0
    endloop
  endfacet
  facet normal -0.7034474041890844 -0.07393530146691796 -0.7068913075831637
    outer loop
      vertex -3.3917177708834023 -0.23717201073002603 0
      vertex -3.9610722749662814 -0.5566924038402618 0.6
      vertex -3.990256201039297 -0.2790258949765012 0.6
    endloop
  endfacet
  facet normal -0.7068913075831637 -0.024685188407832303 -0.7068913075831638
    outer loop
      vertex -3.990256201039297 -0.2790258949765012 0.6
      vertex -4 0 0.6
      vertex -3.4 0 0
    endloop
  endfacet
  facet normal 0 0 -1
    outer loop
      vertex 1.7 -2.9444863728670914 0
      vertex 1.9012558718005395 2.8187277466871414 0
      vertex 1.9012558718005395 -2.8187277466871414 0
    endloop
  endfacet
  facet normal 0 0 -1
    outer loop
      vertex 1.9012558718005395 -2.8187277466871414 0
      vertex 2.0932490161072383 2.6792365622628544 0
      vertex 2.0932490161072383 -2.6792365622628544 0
    endloop
  endfacet
  facet normal 0 0 -1
    outer loop
      vertex 2.0932490161072383 -2.6792365622628544 0
      vertex 2.2750440616201177 2.52669240662314 0
      vertex 2.2750440616201177 -2.52669240662314 0
    endloop
  endfacet
  facet normal 0.612558984463964 -0.3536610945747949 -0.7068913075831639
    outer loop
      vertex 3.392192384625704 -2.1196770569328196 0.6
      vertex 2.883363526931848 -1.8017254983928965 0
      vertex 3.0020218157203518 -1.5962033134720286 0
    endloop
  endfacet
  facet normal 0.6357369724229428 -0.31006963920686487 -0.7068913075831637
    outer loop
      vertex 3.0020218157203518 -1.5962033134720286 0
      vertex 3.106054555984843 -1.3829045864577207 0
      vertex 3.531790371435708 -1.8778862511435632 0.6
    endloop
  endfacet
  facet normal 0.6125589844639642 -0.3536610945747946 -0.7068913075831638
    outer loop
      vertex 3.392192384625704 -2.1196770569328196 0.6
      vertex 3.0020218157203518 -1.5962033134720286 0
      vertex 3.531790371435708 -1.8778862511435632 0.6
    endloop
  endfacet
  facet normal 0.6357369724229429 -0.31006963920686464 -0.7068913075831638
    outer loop
      vertex 3.106054555984843 -1.3829045864577207 0
      vertex 3.6541818305704035 -1.6269465723032008 0.6
      vertex 3.531790371435708 -1.8778862511435632 0.6
    endloop
  endfacet
  facet normal 0.6558177137563329 -0.26496755572481256 -0.7068913075831637
    outer loop
      vertex 3.106054555984843 -1.3829045864577207 0
      vertex 3.1949549106720885 -1.1628684873072737 0
      vertex 3.6541818305704035 -1.6269465723032008 0.6
    endloop
  endfacet
  facet normal 0.6727033771108683 -0.2185745769457141 -0.7068913075831639
    outer loop
      vertex 3.1949549106720885 -1.1628684873072737 0
      vertex 3.2682897661902843 -0.9371670097777971 0
      vertex 3.7587704831436337 -1.3680805733026749 0.6
    endloop
  endfacet
  facet normal 0.6558177137563327 -0.26496755572481273 -0.7068913075831638
    outer loop
      vertex 3.1949549106720885 -1.1628684873072737 0
      vertex 3.7587704831436337 -1.3680805733026749 0.6
      vertex 3.6541818305704035 -1.6269465723032008 0.6
    endloop
  endfacet
  facet normal 0.6727033771108686 -0.21857457694571353 -0.7068913075831637
    outer loop
      vertex 3.7587704831436337 -1.3680805733026749 0.6
      vertex 3.2682897661902843 -0.9371670097777971 0
      vertex 3.8450467837532756 -1.1025494232679967 0.6
    endloop
  endfacet
  facet normal 0 0 -1
    outer loop
      vertex 2.2750440616201177 -2.52669240662314 0
      vertex 2.445755321151414 2.3618384595605906 0
      vertex 2.445755321151414 -2.3618384595605906 0
    endloop
  endfacet
  facet normal 0 0 -1
    outer loop
      vertex 2.445755321151414 -2.3618384595605906 0
      vertex 2.604551106604525 2.1854778729342335 0
      vertex 2.604551106604525 -2.1854778729342335 0
    endloop
  endfacet
  facet normal 0.6863116972320271 -0.17111672479877452 -0.7068913075831637
    outer loop
      vertex 3.8450467837532756 -1.1025494232679967 0.6
      vertex 3.2682897661902843 -0.9371670097777971 0
      vertex 3.325701842494939 -0.7068997487803818 0
    endloop
  endfacet
  facet normal 0 0 -1
    outer loop
      vertex 2.604551106604525 -2.1854778729342335 0
      vertex 2.750657780874821 1.9984698577944087 0
      vertex 2.750657780874821 -1.9984698577944087 0
    endloop
  endfacet
  facet normal 0 0 -1
    outer loop
      vertex 2.750657780874821 -1.9984698577944087 0
      vertex 2.883363526931848 1.8017254983928965 0
      vertex 2.883363526931848 -1.8017254983928965 0
    endloop
  endfacet
  facet normal 0 0 -1
    outer loop
      vertex 2.883363526931848 -1.8017254983928965 0
      vertex 3.0020218157203518 1.5962033134720286 0
      vertex 3.0020218157203518 -1.5962033134720286 0
    endloop
  endfacet
  facet normal 0 0 -1
    outer loop
      vertex 3.0020218157203518 -1.5962033134720286 0
      vertex 3.106054555984843 1.3829045864577207 0
      vertex 3.106054555984843 -1.3829045864577207 0
    endloop
  endfacet
  facet normal 0.6965763757520812 -0.12282520916921029 -0.7068913075831639
    outer loop
      vertex 3.325701842494939 -0.7068997487803818 0
      vertex 3.3669114337213393 -0.4731885432642225 0
      vertex 3.9125904029352228 -0.8316467632710374 0.6
    endloop
  endfacet
  facet normal 0.6863116972320267 -0.17111672479877518 -0.7068913075831638
    outer loop
      vertex 3.8450467837532756 -1.1025494232679967 0.6
      vertex 3.325701842494939 -0.7068997487803818 0
      vertex 3.9125904029352228 -0.8316467632710374 0.6
    endloop
  endfacet
  facet normal 0.6965763757520814 -0.12282520916920964 -0.7068913075831637
    outer loop
      vertex 3.3669114337213393 -0.4731885432642225 0
      vertex 3.9610722749662814 -0.5566924038402618 0.6
      vertex 3.9125904029352228 -0.8316467632710374 0.6
    endloop
  endfacet
  facet normal 0 0 -1
    outer loop
      vertex 3.106054555984843 -1.3829045864577207 0
      vertex 3.1949549106720885 1.1628684873072737 0
      vertex 3.1949549106720885 -1.1628684873072737 0
    endloop
  endfacet
  facet normal 0 0 -1
    outer loop
      vertex 3.1949549106720885 -1.1628684873072737 0
      vertex 3.2682897661902843 0.9371670097777971 0
      vertex 3.2682897661902843 -0.9371670097777971 0
    endloop
  endfacet
  facet normal 0 0 -1
    outer loop
      vertex 3.2682897661902843 -0.9371670097777971 0
      vertex 3.325701842494939 0.7068997487803818 0
      vertex 3.325701842494939 -0.7068997487803818 0
    endloop
  endfacet
  facet normal 0.7034474041890845 -0.07393530146691796 -0.7068913075831637
    outer loop
      vertex 3.3669114337213393 -0.4731885432642225 0
      vertex 3.3917177708834023 -0.23717201073002603 0
      vertex 3.9610722749662814 -0.5566924038402618 0.6
    endloop
  endfacet
  facet normal 0 0 -1
    outer loop
      vertex 3.325701842494939 -0.7068997487803818 0
      vertex 3.3669114337213393 0.4731885432642225 0
      vertex 3.3669114337213393 -0.4731885432642225 0
    endloop
  endfacet
  facet normal 0 0 -1
    outer loop
      vertex 3.3669114337213393 -0.4731885432642225 0
      vertex 3.3917177708834023 0.23717201073002603 0
      vertex 3.3917177708834023 -0.23717201073002603 0
    endloop
  endfacet
  facet normal 0.7068913075831638 -0.02468518840783191 -0.7068913075831635
    outer loop
      vertex 3.3917177708834023 -0.23717201073002603 0
      vertex 3.4 0 0
      vertex 3.990256201039297 -0.2790258949765012 0.6
    endloop
  endfacet
  facet normal 0.7034474041890844 -0.07393530146691796 -0.7068913075831637
    outer loop
      vertex 3.3917177708834023 -0.23717201073002603 0
      vertex 3.990256201039297 -0.2790258949765012 0.6
      vertex 3.9610722749662814 -0.5566924038402618 0.6
    endloop
  endfacet
  facet normal 0.7068913075831637 -0.024685188407832303 -0.7068913075831638
    outer loop
      vertex 3.990256201039297 -0.2790258949765012 0.6
      vertex 3.4 0 0
      vertex 4 0 0.6
    endloop
  endfacet
  facet normal 0 0 -1
    outer loop
      vertex -3.3917177708834023 -0.23717201073002603 0
      vertex -3.4 0 0
      vertex -3.3917177708834023 0.23717201073002603 0
    endloop
  endfacet
  facet normal 0 0 -1
    outer loop
      vertex -3.3917177708834023 -0.23717201073002603 0
      vertex -3.3917177708834023 0.23717201073002603 0
      vertex -3.3669114337213393 0.4731885432642225 0
    endloop
  endfacet
  facet normal 0 0 -1
    outer loop
      vertex -3.3669114337213393 -0.4731885432642225 0
      vertex -3.3669114337213393 0.4731885432642225 0
      vertex -3.325701842494939 0.7068997487803818 0
    endloop
  endfacet
  facet normal -0.7068913075831638 0.02468518840783191 -0.7068913075831635
    outer loop
      vertex -3.4 0 0
      vertex -3.990256201039297 0.2790258949765012 0.6
      vertex -3.3917177708834023 0.23717201073002603 0
    endloop
  endfacet
  facet normal 0 0 -1
    outer loop
      vertex -3.325701842494939 -0.7068997487803818 0
      vertex -3.325701842494939 0.7068997487803818 0
      vertex -3.2682897661902843 0.9371670097777971 0
    endloop
  endfacet
  facet normal 0 0 -1
    outer loop
      vertex -3.2682897661902843 -0.9371670097777971 0
      vertex -3.2682897661902843 0.9371670097777971 0
      vertex -3.1949549106720885 1.1628684873072737 0
    endloop
  endfacet
  facet normal 0 0 -1
    outer loop
      vertex -3.1949549106720885 -1.1628684873072737 0
      vertex -3.1949549106720885 1.1628684873072737 0
      vertex -3.106054555984843 1.3829045864577207 0
    endloop
  endfacet
  facet normal -0.7034474041890845 0.07393530146691796 -0.7068913075831637
    outer loop
      vertex -3.3917177708834023 0.23717201073002603 0
      vertex -3.9610722749662814 0.5566924038402618 0.6
      vertex -3.3669114337213393 0.4731885432642225 0
    endloop
  endfacet
  facet normal -0.7068913075831637 0.024685188407832213 -0.7068913075831638
    outer loop
      vertex -3.4 0 0
      vertex -4 0 0.6
      vertex -3.990256201039297 0.2790258949765012 0.6
    endloop
  endfacet
  facet normal -0.7034474041890844 0.07393530146691796 -0.7068913075831637
    outer loop
      vertex -3.3917177708834023 0.23717201073002603 0
      vertex -3.990256201039297 0.2790258949765012 0.6
      vertex -3.9610722749662814 0.5566924038402618 0.6
    endloop
  endfacet
  facet normal 0 0 -1
    outer loop
      vertex -3.106054555984843 -1.3829045864577207 0
      vertex -3.106054555984843 1.3829045864577207 0
      vertex -3.0020218157203518 1.5962033134720286 0
    endloop
  endfacet
  facet normal 0 0 -1
    outer loop
      vertex -3.0020218157203518 -1.5962033134720286 0
      vertex -3.0020218157203518 1.5962033134720286 0
      vertex -2.883363526931848 1.8017254983928965 0
    endloop
  endfacet
  facet normal 0 0 -1
    outer loop
      vertex -2.883363526931848 -1.8017254983928965 0
      vertex -2.883363526931848 1.8017254983928965 0
      vertex -2.750657780874821 1.9984698577944087 0
    endloop
  endfacet
  facet normal 0 0 -1
    outer loop
      vertex -2.750657780874821 -1.9984698577944087 0
      vertex -2.750657780874821 1.9984698577944087 0
      vertex -2.604551106604525 2.1854778729342335 0
    endloop
  endfacet
  facet normal -0.6965763757520812 0.12282520916921029 -0.7068913075831639
    outer loop
      vertex -3.3669114337213393 0.4731885432642225 0
      vertex -3.9125904029352228 0.8316467632710374 0.6
      vertex -3.325701842494939 0.7068997487803818 0
    endloop
  endfacet
  facet normal 0 0 -1
    outer loop
      vertex -2.604551106604525 -2.1854778729342335 0
      vertex -2.604551106604525 2.1854778729342335 0
      vertex -2.445755321151414 2.3618384595605906 0
    endloop
  endfacet
  facet normal -0.686311697232027 0.17111672479877452 -0.7068913075831637
    outer loop
      vertex -3.325701842494939 0.7068997487803818 0
      vertex -3.8450467837532756 1.1025494232679967 0.6
      vertex -3.2682897661902843 0.9371670097777971 0
    endloop
  endfacet
  facet normal 0 0 -1
    outer loop
      vertex -2.445755321151414 -2.3618384595605906 0
      vertex -2.445755321151414 2.3618384595605906 0
      vertex -2.2750440616201177 2.52669240662314 0
    endloop
  endfacet
  facet normal 0 0 -1
    outer loop
      vertex -2.2750440616201177 -2.52669240662314 0
      vertex -2.2750440616201177 2.52669240662314 0
      vertex -2.0932490161072383 2.6792365622628544 0
    endloop
  endfacet
  facet normal 0 0 -1
    outer loop
      vertex -2.0932490161072383 -2.6792365622628544 0
      vertex -2.0932490161072383 2.6792365622628544 0
      vertex -1.9012558718005395 2.8187277466871414 0
    endloop
  endfacet
  facet normal 0 0 -1
    outer loop
      vertex -1.9012558718005395 -2.8187277466871414 0
      vertex -1.9012558718005395 2.8187277466871414 0
      vertex -1.7 2.9444863728670914 0
    endloop
  endfacet
  facet normal -0.6965763757520814 0.12282520916920964 -0.7068913075831637
    outer loop
      vertex -3.3669114337213393 0.4731885432642225 0
      vertex -3.9610722749662814 0.5566924038402618 0.6
      vertex -3.9125904029352228 0.8316467632710374 0.6
    endloop
  endfacet
  facet normal -0.6863116972320268 0.17111672479877524 -0.7068913075831638
    outer loop
      vertex -3.325701842494939 0.7068997487803818 0
      vertex -3.9125904029352228 0.8316467632710374 0.6
      vertex -3.8450467837532756 1.1025494232679967 0.6
    endloop
  endfacet
  facet normal 0 0 -1
    outer loop
      vertex 2.0932490161072383 -2.6792365622628544 0
      vertex 2.0932490161072383 2.6792365622628544 0
      vertex 2.2750440616201177 2.52669240662314 0
    endloop
  endfacet
  facet normal 0 0 -1
    outer loop
      vertex 1.490461899082863 -3.055899757417168 0
      vertex 1.490461899082863 3.055899757417168 0
      vertex 1.7 2.9444863728670914 0
    endloop
  endfacet
  facet normal 0 0 -1
    outer loop
      vertex 1.7 -2.9444863728670914 0
      vertex 1.7 2.9444863728670914 0
      vertex 1.9012558718005395 2.8187277466871414 0
    endloop
  endfacet
  facet normal 0 0 -1
    outer loop
      vertex 1.9012558718005395 -2.8187277466871414 0
      vertex 1.9012558718005395 2.8187277466871414 0
      vertex 2.0932490161072383 2.6792365622628544 0
    endloop
  endfacet
  facet normal -0.6727033771108684 0.21857457694571414 -0.7068913075831639
    outer loop
      vertex -3.2682897661902843 0.9371670097777971 0
      vertex -3.7587704831436337 1.3680805733026749 0.6
      vertex -3.1949549106720885 1.1628684873072737 0
    endloop
  endfacet
  facet normal -0.6558177137563329 0.26496755572481256 -0.7068913075831638
    outer loop
      vertex -3.1949549106720885 1.1628684873072737 0
      vertex -3.6541818305704035 1.6269465723032008 0.6
      vertex -3.106054555984843 1.3829045864577207 0
    endloop
  endfacet
  facet normal 0 0 -1
    outer loop
      vertex -1.7 -2.9444863728670914 0
      vertex -1.7 2.9444863728670914 0
      vertex -1.490461899082863 3.055899757417168 0
    endloop
  endfacet
  facet normal 0 0 -1
    outer loop
      vertex -1.490461899082863 -3.055899757417168 0
      vertex -1.490461899082863 3.055899757417168 0
      vertex -1.273662417614101 3.1524251055270773 0
    endloop
  endfacet
  facet normal 0 0 -1
    outer loop
      vertex -1.273662417614101 -3.1524251055270773 0
      vertex -1.273662417614101 3.1524251055270773 0
      vertex -1.0506577808748212 3.233592155403522 0
    endloop
  endfacet
  facet normal 0 0 -1
    outer loop
      vertex -1.0506577808748212 -3.233592155403522 0
      vertex -1.0506577808748212 3.233592155403522 0
      vertex -0.8225344450388703 3.299005469338388 0
    endloop
  endfacet
  facet normal -0.6727033771108687 0.21857457694571347 -0.7068913075831635
    outer loop
      vertex -3.2682897661902843 0.9371670097777971 0
      vertex -3.8450467837532756 1.1025494232679967 0.6
      vertex -3.7587704831436337 1.3680805733026749 0.6
    endloop
  endfacet
  facet normal -0.6558177137563327 0.26496755572481273 -0.7068913075831638
    outer loop
      vertex -3.1949549106720885 1.1628684873072737 0
      vertex -3.7587704831436337 1.3680805733026749 0.6
      vertex -3.6541818305704035 1.6269465723032008 0.6
    endloop
  endfacet
  facet normal -0.6357369724229428 0.31006963920686487 -0.7068913075831638
    outer loop
      vertex -3.106054555984843 1.3829045864577207 0
      vertex -3.531790371435708 1.8778862511435632 0.6
      vertex -3.0020218157203518 1.5962033134720286 0
    endloop
  endfacet
  facet normal -0.612558984463964 0.353661094574795 -0.7068913075831639
    outer loop
      vertex -3.0020218157203518 1.5962033134720286 0
      vertex -3.392192384625704 2.1196770569328196 0.6
      vertex -2.883363526931848 1.8017254983928965 0
    endloop
  endfacet
  facet normal -0.6357369724229429 0.31006963920686464 -0.7068913075831638
    outer loop
      vertex -3.106054555984843 1.3829045864577207 0
      vertex -3.6541818305704035 1.6269465723032008 0.6
      vertex -3.531790371435708 1.8778862511435632 0.6
    endloop
  endfacet
  facet normal -0.6125589844639644 0.3536610945747946 -0.7068913075831638
    outer loop
      vertex -3.0020218157203518 1.5962033134720286 0
      vertex -3.531790371435708 1.8778862511435632 0.6
      vertex -3.392192384625704 2.1196770569328196 0.6
    endloop
  endfacet
  facet normal 0 0 -1
    outer loop
      vertex -0.8225344450388703 -3.299005469338388 0
      vertex -0.8225344450388703 3.299005469338388 0
      vertex -0.5904038040675631 3.348346360241507 0
    endloop
  endfacet
  facet normal 0 0 -1
    outer loop
      vertex -0.5904038040675631 -3.348346360241507 0
      vertex -0.5904038040675631 3.348346360241507 0
      vertex -0.35539677511002177 3.381374444252129 0
    endloop
  endfacet
  facet normal 0 0 -1
    outer loop
      vertex -0.35539677511002177 -3.381374444252129 0
      vertex -0.35539677511002177 3.381374444252129 0
      vertex -0.11865828878850329 3.3979288118649253 0
    endloop
  endfacet
  facet normal 0 0 -1
    outer loop
      vertex 0.35539677511002177 -3.381374444252129 0
      vertex 0.35539677511002177 3.381374444252129 0
      vertex 0.5904038040675631 3.348346360241507 0
    endloop
  endfacet
  facet normal 0 0 -1
    outer loop
      vertex 0.5904038040675631 -3.348346360241507 0
      vertex 0.5904038040675631 3.348346360241507 0
      vertex 0.8225344450388703 3.299005469338388 0
    endloop
  endfacet
  facet normal 0 0 -1
    outer loop
      vertex -0.11865828878850329 -3.3979288118649253 0
      vertex -0.11865828878850329 3.3979288118649253 0
      vertex 0.11865828878850329 3.3979288118649253 0
    endloop
  endfacet
  facet normal 0 0 -1
    outer loop
      vertex 0.11865828878850329 -3.3979288118649253 0
      vertex 0.11865828878850329 3.3979288118649253 0
      vertex 0.35539677511002177 3.381374444252129 0
    endloop
  endfacet
  facet normal 0 0 -1
    outer loop
      vertex 0.8225344450388703 -3.299005469338388 0
      vertex 0.8225344450388703 3.299005469338388 0
      vertex 1.0506577808748212 3.233592155403522 0
    endloop
  endfacet
  facet normal 0 0 -1
    outer loop
      vertex 1.0506577808748212 -3.233592155403522 0
      vertex 1.0506577808748212 3.233592155403522 0
      vertex 1.273662417614101 3.1524251055270773 0
    endloop
  endfacet
  facet normal 0 0 -1
    outer loop
      vertex 1.273662417614101 -3.1524251055270773 0
      vertex 1.273662417614101 3.1524251055270773 0
      vertex 1.490461899082863 3.055899757417168 0
    endloop
  endfacet
  facet normal 0 0 -1
    outer loop
      vertex 3.3917177708834023 -0.23717201073002603 0
      vertex 3.3917177708834023 0.23717201073002603 0
      vertex 3.4 0 0
    endloop
  endfacet
  facet normal 0 0 -1
    outer loop
      vertex 3.3669114337213393 -0.4731885432642225 0
      vertex 3.3669114337213393 0.4731885432642225 0
      vertex 3.3917177708834023 0.23717201073002603 0
    endloop
  endfacet
  facet normal 0 0 -1
    outer loop
      vertex 3.325701842494939 -0.7068997487803818 0
      vertex 3.325701842494939 0.7068997487803818 0
      vertex 3.3669114337213393 0.4731885432642225 0
    endloop
  endfacet
  facet normal 0 0 -1
    outer loop
      vertex 3.2682897661902843 -0.9371670097777971 0
      vertex 3.2682897661902843 0.9371670097777971 0
      vertex 3.325701842494939 0.7068997487803818 0
    endloop
  endfacet
  facet normal 0.7068913075831638 0.02468518840783191 -0.7068913075831635
    outer loop
      vertex 3.4 0 0
      vertex 3.3917177708834023 0.23717201073002603 0
      vertex 3.990256201039297 0.2790258949765012 0.6
    endloop
  endfacet
  facet normal 0 0 -1
    outer loop
      vertex 3.1949549106720885 -1.1628684873072737 0
      vertex 3.1949549106720885 1.1628684873072737 0
      vertex 3.2682897661902843 0.9371670097777971 0
    endloop
  endfacet
  facet normal 0 0 -1
    outer loop
      vertex 3.106054555984843 -1.3829045864577207 0
      vertex 3.106054555984843 1.3829045864577207 0
      vertex 3.1949549106720885 1.1628684873072737 0
    endloop
  endfacet
  facet normal 0 0 -1
    outer loop
      vertex 3.0020218157203518 -1.5962033134720286 0
      vertex 3.0020218157203518 1.5962033134720286 0
      vertex 3.106054555984843 1.3829045864577207 0
    endloop
  endfacet
  facet normal 0.7034474041890845 0.07393530146691796 -0.7068913075831637
    outer loop
      vertex 3.3917177708834023 0.23717201073002603 0
      vertex 3.3669114337213393 0.4731885432642225 0
      vertex 3.9610722749662814 0.5566924038402618 0.6
    endloop
  endfacet
  facet normal 0.7068913075831637 0.024685188407832213 -0.7068913075831638
    outer loop
      vertex 3.4 0 0
      vertex 3.990256201039297 0.2790258949765012 0.6
      vertex 4 0 0.6
    endloop
  endfacet
  facet normal 0.7034474041890844 0.07393530146691796 -0.7068913075831637
    outer loop
      vertex 3.3917177708834023 0.23717201073002603 0
      vertex 3.9610722749662814 0.5566924038402618 0.6
      vertex 3.990256201039297 0.2790258949765012 0.6
    endloop
  endfacet
  facet normal 0 0 -1
    outer loop
      vertex 2.883363526931848 -1.8017254983928965 0
      vertex 2.883363526931848 1.8017254983928965 0
      vertex 3.0020218157203518 1.5962033134720286 0
    endloop
  endfacet
  facet normal 0 0 -1
    outer loop
      vertex 2.750657780874821 -1.9984698577944087 0
      vertex 2.750657780874821 1.9984698577944087 0
      vertex 2.883363526931848 1.8017254983928965 0
    endloop
  endfacet
  facet normal 0 0 -1
    outer loop
      vertex 2.445755321151414 -2.3618384595605906 0
      vertex 2.445755321151414 2.3618384595605906 0
      vertex 2.604551106604525 2.1854778729342335 0
    endloop
  endfacet
  facet normal 0 0 -1
    outer loop
      vertex 2.604551106604525 -2.1854778729342335 0
      vertex 2.604551106604525 2.1854778729342335 0
      vertex 2.750657780874821 1.9984698577944087 0
    endloop
  endfacet
  facet normal 0.6965763757520812 0.12282520916921029 -0.7068913075831639
    outer loop
      vertex 3.3669114337213393 0.4731885432642225 0
      vertex 3.325701842494939 0.7068997487803818 0
      vertex 3.9125904029352228 0.8316467632710374 0.6
    endloop
  endfacet
  facet normal 0 0 -1
    outer loop
      vertex 2.2750440616201177 -2.52669240662314 0
      vertex 2.2750440616201177 2.52669240662314 0
      vertex 2.445755321151414 2.3618384595605906 0
    endloop
  endfacet
  facet normal 0.686311697232027 0.17111672479877452 -0.7068913075831637
    outer loop
      vertex 3.325701842494939 0.7068997487803818 0
      vertex 3.2682897661902843 0.9371670097777971 0
      vertex 3.8450467837532756 1.1025494232679967 0.6
    endloop
  endfacet
  facet normal 0.6965763757520814 0.12282520916920964 -0.7068913075831637
    outer loop
      vertex 3.3669114337213393 0.4731885432642225 0
      vertex 3.9125904029352228 0.8316467632710374 0.6
      vertex 3.9610722749662814 0.5566924038402618 0.6
    endloop
  endfacet
  facet normal 0.6863116972320268 0.17111672479877524 -0.7068913075831638
    outer loop
      vertex 3.325701842494939 0.7068997487803818 0
      vertex 3.8450467837532756 1.1025494232679967 0.6
      vertex 3.9125904029352228 0.8316467632710374 0.6
    endloop
  endfacet
  facet normal 0.6727033771108684 0.21857457694571414 -0.7068913075831639
    outer loop
      vertex 3.2682897661902843 0.9371670097777971 0
      vertex 3.1949549106720885 1.1628684873072737 0
      vertex 3.7587704831436337 1.3680805733026749 0.6
    endloop
  endfacet
  facet normal 0.6558177137563329 0.26496755572481256 -0.7068913075831638
    outer loop
      vertex 3.1949549106720885 1.1628684873072737 0
      vertex 3.106054555984843 1.3829045864577207 0
      vertex 3.6541818305704035 1.6269465723032008 0.6
    endloop
  endfacet
  facet normal 0.6727033771108687 0.21857457694571347 -0.7068913075831635
    outer loop
      vertex 3.2682897661902843 0.9371670097777971 0
      vertex 3.7587704831436337 1.3680805733026749 0.6
      vertex 3.8450467837532756 1.1025494232679967 0.6
    endloop
  endfacet
  facet normal 0.6558177137563327 0.26496755572481273 -0.7068913075831638
    outer loop
      vertex 3.1949549106720885 1.1628684873072737 0
      vertex 3.6541818305704035 1.6269465723032008 0.6
      vertex 3.7587704831436337 1.3680805733026749 0.6
    endloop
  endfacet
  facet normal 0.6357369724229428 0.31006963920686487 -0.7068913075831638
    outer loop
      vertex 3.106054555984843 1.3829045864577207 0
      vertex 3.0020218157203518 1.5962033134720286 0
      vertex 3.531790371435708 1.8778862511435632 0.6
    endloop
  endfacet
  facet normal 0.6125589844639638 0.35366109457479494 -0.7068913075831639
    outer loop
      vertex 2.883363526931848 1.8017254983928965 0
      vertex 3.392192384625704 2.1196770569328196 0.6
      vertex 3.0020218157203518 1.5962033134720286 0
    endloop
  endfacet
  facet normal 0.6357369724229429 0.31006963920686464 -0.7068913075831638
    outer loop
      vertex 3.106054555984843 1.3829045864577207 0
      vertex 3.531790371435708 1.8778862511435632 0.6
      vertex 3.6541818305704035 1.6269465723032008 0.6
    endloop
  endfacet
  facet normal 0.6125589844639644 0.3536610945747946 -0.7068913075831638
    outer loop
      vertex 3.0020218157203518 1.5962033134720286 0
      vertex 3.392192384625704 2.1196770569328196 0.6
      vertex 3.531790371435708 1.8778862511435632 0.6
    endloop
  endfacet
  facet normal -0.5863966707068927 0.39552954863984185 -0.7068913075831638
    outer loop
      vertex -2.883363526931848 1.8017254983928965 0
      vertex -3.23606797749979 2.3511410091698925 0.6
      vertex -2.750657780874821 1.9984698577944087 0
    endloop
  endfacet
  facet normal -0.5573774913145222 0.4354710225024102 -0.7068913075831638
    outer loop
      vertex -2.750657780874821 1.9984698577944087 0
      vertex -3.064177772475912 2.571150438746157 0.6
      vertex -2.604551106604525 2.1854778729342335 0
    endloop
  endfacet
  facet normal -0.5256428248118595 0.47329092531673783 -0.7068913075831638
    outer loop
      vertex -2.604551106604525 2.1854778729342335 0
      vertex -2.8773592013546048 2.778633481835989 0.6
      vertex -2.445755321151414 2.3618384595605906 0
    endloop
  endfacet
  facet normal -0.5863966707068924 0.3955295486398419 -0.7068913075831639
    outer loop
      vertex -2.883363526931848 1.8017254983928965 0
      vertex -3.392192384625704 2.1196770569328196 0.6
      vertex -3.23606797749979 2.3511410091698925 0.6
    endloop
  endfacet
  facet normal -0.5573774913145223 0.4354710225024101 -0.7068913075831639
    outer loop
      vertex -2.750657780874821 1.9984698577944087 0
      vertex -3.23606797749979 2.3511410091698925 0.6
      vertex -3.064177772475912 2.571150438746157 0.6
    endloop
  endfacet
  facet normal -0.49134727930414257 0.5088050023179623 -0.706891307583164
    outer loop
      vertex -2.445755321151414 2.3618384595605906 0
      vertex -2.676522425435433 2.972579301909577 0.6
      vertex -2.2750440616201177 2.52669240662314 0
    endloop
  endfacet
  facet normal -0.45465793924171427 0.5418402324927919 -0.7068913075831635
    outer loop
      vertex -2.2750440616201177 2.52669240662314 0
      vertex -2.462645901302633 3.1520430144268876 0.6
      vertex -2.0932490161072383 2.6792365622628544 0
    endloop
  endfacet
  facet normal -0.41575355140135456 0.5722356715205075 -0.7068913075831637
    outer loop
      vertex -2.0932490161072383 2.6792365622628544 0
      vertex -2.2367716138829876 3.3161502902201665 0.6
      vertex -1.9012558718005395 2.8187277466871414 0
    endloop
  endfacet
  facet normal -0.5256428248118592 0.4732909253167379 -0.7068913075831638
    outer loop
      vertex -3.064177772475912 2.571150438746157 0.6
      vertex -2.8773592013546048 2.778633481835989 0.6
      vertex -2.604551106604525 2.1854778729342335 0
    endloop
  endfacet
  facet normal -0.4913472793041432 0.5088050023179619 -0.7068913075831637
    outer loop
      vertex -2.445755321151414 2.3618384595605906 0
      vertex -2.8773592013546048 2.778633481835989 0.6
      vertex -2.676522425435433 2.972579301909577 0.6
    endloop
  endfacet
  facet normal -0.45465793924171327 0.5418402324927926 -0.7068913075831638
    outer loop
      vertex -2.2750440616201177 2.52669240662314 0
      vertex -2.676522425435433 2.972579301909577 0.6
      vertex -2.462645901302633 3.1520430144268876 0.6
    endloop
  endfacet
  facet normal 0.41575355140135456 0.5722356715205075 -0.7068913075831637
    outer loop
      vertex 1.9012558718005395 2.8187277466871414 0
      vertex 2.2367716138829876 3.3161502902201665 0.6
      vertex 2.0932490161072383 2.6792365622628544 0
    endloop
  endfacet
  facet normal -0.37482365404996965 0.5998432358775032 -0.7068913075831637
    outer loop
      vertex -1.9012558718005395 2.8187277466871414 0
      vertex -2 3.4641016151377544 0.6
      vertex -1.7 2.9444863728670914 0
    endloop
  endfacet
  facet normal -0.33206765353319434 0.624528424285335 -0.7068913075831638
    outer loop
      vertex -1.7 2.9444863728670914 0
      vertex -1.7534845871563096 3.595176185196668 0.6
      vertex -1.490461899082863 3.055899757417168 0
    endloop
  endfacet
  facet normal -0.2876938527877301 0.6461709729874262 -0.7068913075831638
    outer loop
      vertex -1.490461899082863 3.055899757417168 0
      vertex -1.498426373663648 3.7087354182671497 0.6
      vertex -1.273662417614101 3.1524251055270773 0
    endloop
  endfacet
  facet normal -0.24191843651036646 0.6646654416620025 -0.7068913075831639
    outer loop
      vertex -1.273662417614101 3.1524251055270773 0
      vertex -1.2360679774997896 3.804226065180614 0.6
      vertex -1.0506577808748212 3.233592155403522 0
    endloop
  endfacet
  facet normal -0.19496441792788424 0.6799217271167367 -0.7068913075831638
    outer loop
      vertex -1.0506577808748212 3.233592155403522 0
      vertex -0.9676875823986709 3.881182905103986 0.6
      vertex -0.8225344450388703 3.299005469338388 0
    endloop
  endfacet
  facet normal -0.415753551401355 0.5722356715205072 -0.7068913075831637
    outer loop
      vertex -2.0932490161072383 2.6792365622628544 0
      vertex -2.462645901302633 3.1520430144268876 0.6
      vertex -2.2367716138829876 3.3161502902201665 0.6
    endloop
  endfacet
  facet normal -0.37482365404996904 0.5998432358775032 -0.7068913075831637
    outer loop
      vertex -2.2367716138829876 3.3161502902201665 0.6
      vertex -2 3.4641016151377544 0.6
      vertex -1.9012558718005395 2.8187277466871414 0
    endloop
  endfacet
  facet normal -0.3320676535331951 0.6245284242853346 -0.7068913075831635
    outer loop
      vertex -1.7 2.9444863728670914 0
      vertex -2 3.4641016151377544 0.6
      vertex -1.7534845871563096 3.595176185196668 0.6
    endloop
  endfacet
  facet normal -0.28769385278772924 0.6461709729874264 -0.7068913075831638
    outer loop
      vertex -1.490461899082863 3.055899757417168 0
      vertex -1.7534845871563096 3.595176185196668 0.6
      vertex -1.498426373663648 3.7087354182671497 0.6
    endloop
  endfacet
  facet normal -0.24191843651036732 0.6646654416620024 -0.7068913075831635
    outer loop
      vertex -1.273662417614101 3.1524251055270773 0
      vertex -1.498426373663648 3.7087354182671497 0.6
      vertex -1.2360679774997896 3.804226065180614 0.6
    endloop
  endfacet
  facet normal -0.1949644179278841 0.6799217271167368 -0.7068913075831638
    outer loop
      vertex -1.0506577808748212 3.233592155403522 0
      vertex -1.2360679774997896 3.804226065180614 0.6
      vertex -0.9676875823986709 3.881182905103986 0.6
    endloop
  endfacet
  facet normal 0.37482365404996965 0.5998432358775032 -0.7068913075831637
    outer loop
      vertex 1.7 2.9444863728670914 0
      vertex 2 3.4641016151377544 0.6
      vertex 1.9012558718005395 2.8187277466871414 0
    endloop
  endfacet
  facet normal 0.33206765353319434 0.624528424285335 -0.7068913075831638
    outer loop
      vertex 1.7 2.9444863728670914 0
      vertex 1.490461899082863 3.055899757417168 0
      vertex 1.7534845871563096 3.595176185196668 0.6
    endloop
  endfacet
  facet normal 0.2876938527877301 0.6461709729874262 -0.7068913075831635
    outer loop
      vertex 1.273662417614101 3.1524251055270773 0
      vertex 1.498426373663648 3.7087354182671497 0.6
      vertex 1.490461899082863 3.055899757417168 0
    endloop
  endfacet
  facet normal 0.19496441792788424 0.6799217271167367 -0.7068913075831638
    outer loop
      vertex 0.8225344450388703 3.299005469338388 0
      vertex 0.9676875823986709 3.881182905103986 0.6
      vertex 1.0506577808748212 3.233592155403522 0
    endloop
  endfacet
  facet normal 0.24191843651036646 0.6646654416620025 -0.7068913075831639
    outer loop
      vertex 1.0506577808748212 3.233592155403522 0
      vertex 1.2360679774997896 3.804226065180614 0.6
      vertex 1.273662417614101 3.1524251055270773 0
    endloop
  endfacet
  facet normal 0.3748236540499691 0.5998432358775033 -0.7068913075831637
    outer loop
      vertex 1.9012558718005395 2.8187277466871414 0
      vertex 2 3.4641016151377544 0.6
      vertex 2.2367716138829876 3.3161502902201665 0.6
    endloop
  endfacet
  facet normal 0.3320676535331951 0.6245284242853346 -0.7068913075831635
    outer loop
      vertex 1.7 2.9444863728670914 0
      vertex 1.7534845871563096 3.595176185196668 0.6
      vertex 2 3.4641016151377544 0.6
    endloop
  endfacet
  facet normal 0.28769385278772924 0.6461709729874264 -0.7068913075831638
    outer loop
      vertex 1.490461899082863 3.055899757417168 0
      vertex 1.498426373663648 3.7087354182671497 0.6
      vertex 1.7534845871563096 3.595176185196668 0.6
    endloop
  endfacet
  facet normal -0.14706055229900913 0.6918655022624522 -0.7068913075831638
    outer loop
      vertex -0.8225344450388703 3.299005469338388 0
      vertex -0.6945927106677213 3.939231012048832 0.6
      vertex -0.5904038040675631 3.348346360241507 0
    endloop
  endfacet
  facet normal -0.0984402224418098 0.7004385782272218 -0.7068913075831638
    outer loop
      vertex -0.5904038040675631 3.348346360241507 0
      vertex -0.4181138530706139 3.978087581473093 0.6
      vertex -0.35539677511002177 3.381374444252129 0
    endloop
  endfacet
  facet normal -0.04934030171605117 0.705599187846708 -0.7068913075831639
    outer loop
      vertex -0.35539677511002177 3.381374444252129 0
      vertex -0.13959798681000388 3.997563308076383 0.6
      vertex -0.11865828878850329 3.3979288118649253 0
    endloop
  endfacet
  facet normal 0 0.7073221891495874 -0.7068913075831639
    outer loop
      vertex -0.11865828878850329 3.3979288118649253 0
      vertex -0.13959798681000388 3.997563308076383 0.6
      vertex 0.11865828878850329 3.3979288118649253 0
    endloop
  endfacet
  facet normal 0.04934030171605117 0.705599187846708 -0.7068913075831639
    outer loop
      vertex 0.11865828878850329 3.3979288118649253 0
      vertex 0.13959798681000388 3.997563308076383 0.6
      vertex 0.35539677511002177 3.381374444252129 0
    endloop
  endfacet
  facet normal 0.0984402224418098 0.7004385782272218 -0.7068913075831638
    outer loop
      vertex 0.35539677511002177 3.381374444252129 0
      vertex 0.4181138530706139 3.978087581473093 0.6
      vertex 0.5904038040675631 3.348346360241507 0
    endloop
  endfacet
  facet normal 0.14706055229900913 0.6918655022624524 -0.7068913075831638
    outer loop
      vertex 0.5904038040675631 3.348346360241507 0
      vertex 0.6945927106677213 3.939231012048832 0.6
      vertex 0.8225344450388703 3.299005469338388 0
    endloop
  endfacet
  facet normal -0.14706055229900936 0.6918655022624522 -0.7068913075831638
    outer loop
      vertex -0.8225344450388703 3.299005469338388 0
      vertex -0.9676875823986709 3.881182905103986 0.6
      vertex -0.6945927106677213 3.939231012048832 0.6
    endloop
  endfacet
  facet normal -0.0984402224418102 0.7004385782272218 -0.7068913075831639
    outer loop
      vertex -0.5904038040675631 3.348346360241507 0
      vertex -0.6945927106677213 3.939231012048832 0.6
      vertex -0.4181138530706139 3.978087581473093 0.6
    endloop
  endfacet
  facet normal -0.049340301716051374 0.7055991878467079 -0.7068913075831639
    outer loop
      vertex -0.35539677511002177 3.381374444252129 0
      vertex -0.4181138530706139 3.978087581473093 0.6
      vertex -0.13959798681000388 3.997563308076383 0.6
    endloop
  endfacet
  facet normal 0 0.7073221891495876 -0.7068913075831639
    outer loop
      vertex -0.13959798681000388 3.997563308076383 0.6
      vertex 0.13959798681000388 3.997563308076383 0.6
      vertex 0.11865828878850329 3.3979288118649253 0
    endloop
  endfacet
  facet normal 0.049340301716051374 0.7055991878467079 -0.7068913075831639
    outer loop
      vertex 0.35539677511002177 3.381374444252129 0
      vertex 0.13959798681000388 3.997563308076383 0.6
      vertex 0.4181138530706139 3.978087581473093 0.6
    endloop
  endfacet
  facet normal 0.0984402224418102 0.7004385782272218 -0.7068913075831639
    outer loop
      vertex 0.5904038040675631 3.348346360241507 0
      vertex 0.4181138530706139 3.978087581473093 0.6
      vertex 0.6945927106677213 3.939231012048832 0.6
    endloop
  endfacet
  facet normal 0.24191843651036732 0.6646654416620024 -0.7068913075831635
    outer loop
      vertex 1.273662417614101 3.1524251055270773 0
      vertex 1.2360679774997896 3.804226065180614 0.6
      vertex 1.498426373663648 3.7087354182671497 0.6
    endloop
  endfacet
  facet normal 0.14706055229900936 0.6918655022624522 -0.7068913075831638
    outer loop
      vertex 0.8225344450388703 3.299005469338388 0
      vertex 0.6945927106677213 3.939231012048832 0.6
      vertex 0.9676875823986709 3.881182905103986 0.6
    endloop
  endfacet
  facet normal 0.19496441792788413 0.6799217271167367 -0.7068913075831638
    outer loop
      vertex 0.9676875823986709 3.881182905103986 0.6
      vertex 1.2360679774997896 3.804226065180614 0.6
      vertex 1.0506577808748212 3.233592155403522 0
    endloop
  endfacet
  facet normal 0.5863966707068927 0.39552954863984185 -0.7068913075831638
    outer loop
      vertex 2.750657780874821 1.9984698577944087 0
      vertex 3.23606797749979 2.3511410091698925 0.6
      vertex 2.883363526931848 1.8017254983928965 0
    endloop
  endfacet
  facet normal 0.5573774913145222 0.4354710225024102 -0.7068913075831638
    outer loop
      vertex 2.750657780874821 1.9984698577944087 0
      vertex 2.604551106604525 2.1854778729342335 0
      vertex 3.064177772475912 2.571150438746157 0.6
    endloop
  endfacet
  facet normal 0.5256428248118595 0.47329092531673783 -0.7068913075831638
    outer loop
      vertex 2.445755321151414 2.3618384595605906 0
      vertex 2.8773592013546048 2.778633481835989 0.6
      vertex 2.604551106604525 2.1854778729342335 0
    endloop
  endfacet
  facet normal 0.5863966707068924 0.3955295486398419 -0.7068913075831639
    outer loop
      vertex 2.883363526931848 1.8017254983928965 0
      vertex 3.23606797749979 2.3511410091698925 0.6
      vertex 3.392192384625704 2.1196770569328196 0.6
    endloop
  endfacet
  facet normal 0.5573774913145223 0.4354710225024101 -0.7068913075831639
    outer loop
      vertex 2.750657780874821 1.9984698577944087 0
      vertex 3.064177772475912 2.571150438746157 0.6
      vertex 3.23606797749979 2.3511410091698925 0.6
    endloop
  endfacet
  facet normal 0.49134727930414257 0.5088050023179623 -0.706891307583164
    outer loop
      vertex 2.445755321151414 2.3618384595605906 0
      vertex 2.2750440616201177 2.52669240662314 0
      vertex 2.676522425435433 2.972579301909577 0.6
    endloop
  endfacet
  facet normal 0.4546579392417142 0.5418402324927919 -0.7068913075831637
    outer loop
      vertex 2.0932490161072383 2.6792365622628544 0
      vertex 2.462645901302633 3.1520430144268876 0.6
      vertex 2.2750440616201177 2.52669240662314 0
    endloop
  endfacet
  facet normal 0.5256428248118592 0.47329092531673794 -0.7068913075831638
    outer loop
      vertex 2.604551106604525 2.1854778729342335 0
      vertex 2.8773592013546048 2.778633481835989 0.6
      vertex 3.064177772475912 2.571150438746157 0.6
    endloop
  endfacet
  facet normal 0.4913472793041432 0.5088050023179619 -0.7068913075831637
    outer loop
      vertex 2.445755321151414 2.3618384595605906 0
      vertex 2.676522425435433 2.972579301909577 0.6
      vertex 2.8773592013546048 2.778633481835989 0.6
    endloop
  endfacet
  facet normal 0.45465793924171327 0.5418402324927926 -0.7068913075831638
    outer loop
      vertex 2.2750440616201177 2.52669240662314 0
      vertex 2.462645901302633 3.1520430144268876 0.6
      vertex 2.676522425435433 2.972579301909577 0.6
    endloop
  endfacet
  facet normal 0.415753551401355 0.5722356715205072 -0.7068913075831637
    outer loop
      vertex 2.0932490161072383 2.6792365622628544 0
      vertex 2.2367716138829876 3.3161502902201665 0.6
      vertex 2.462645901302633 3.1520430144268876 0.6
    endloop
  endfacet
  facet normal -0.3420201433256679 -0.9396926207859085 0
    outer loop
      vertex -1.498426373663648 -3.7087354182671497 0.6
      vertex -1.2360679774997896 -3.804226065180614 0.6
      vertex -1.2360679774997896 -3.804226065180614 3.4000000000000004
    endloop
  endfacet
  facet normal -0.27563735581699983 -0.9612616959383186 0
    outer loop
      vertex -1.2360679774997896 -3.804226065180614 0.6
      vertex -0.9676875823986709 -3.881182905103986 0.6
      vertex -0.9676875823986709 -3.881182905103986 3.4000000000000004
    endloop
  endfacet
  facet normal -0.4694715627858918 -0.8829475928589264 0
    outer loop
      vertex -1.7534845871563096 -3.595176185196668 0.6
      vertex -1.7534845871563096 -3.595176185196668 3.4000000000000004
      vertex -2 -3.4641016151377544 0.6
    endloop
  endfacet
  facet normal -0.40673664307579993 -0.913545457642601 0
    outer loop
      vertex -1.7534845871563096 -3.595176185196668 0.6
      vertex -1.498426373663648 -3.7087354182671497 0.6
      vertex -1.498426373663648 -3.7087354182671497 3.4000000000000004
    endloop
  endfacet
  facet normal -0.6427876096865387 -0.7660444431189786 0
    outer loop
      vertex -2.462645901302633 -3.1520430144268876 0.6
      vertex -2.462645901302633 -3.1520430144268876 3.4000000000000004
      vertex -2.676522425435433 -2.972579301909577 0.6
    endloop
  endfacet
  facet normal -0.5299192642332047 -0.8480480961564262 0
    outer loop
      vertex -2.2367716138829876 -3.3161502902201665 0.6
      vertex -2 -3.4641016151377544 0.6
      vertex -2 -3.4641016151377544 3.4000000000000004
    endloop
  endfacet
  facet normal -0.5877852522924734 -0.8090169943749472 0
    outer loop
      vertex -2.462645901302633 -3.1520430144268876 0.6
      vertex -2.2367716138829876 -3.3161502902201665 0.6
      vertex -2.2367716138829876 -3.3161502902201665 3.4000000000000004
    endloop
  endfacet
  facet normal -0.13917310096006535 -0.9902680687415703 0
    outer loop
      vertex -0.6945927106677213 -3.939231012048832 0.6
      vertex -0.4181138530706139 -3.978087581473093 0.6
      vertex -0.4181138530706139 -3.978087581473093 3.4000000000000004
    endloop
  endfacet
  facet normal -0.20791169081775873 -0.9781476007338058 0
    outer loop
      vertex -0.9676875823986709 -3.881182905103986 0.6
      vertex -0.6945927106677213 -3.939231012048832 0.6
      vertex -0.6945927106677213 -3.939231012048832 3.4000000000000004
    endloop
  endfacet
  facet normal -0.06975647374412643 -0.9975640502598241 0
    outer loop
      vertex -0.4181138530706139 -3.978087581473093 0.6
      vertex -0.13959798681000388 -3.997563308076383 0.6
      vertex -0.13959798681000388 -3.997563308076383 3.4000000000000004
    endloop
  endfacet
  facet normal 0 -1 0
    outer loop
      vertex -0.13959798681000388 -3.997563308076383 0.6
      vertex 0.13959798681000388 -3.997563308076383 0.6
      vertex 0.13959798681000388 -3.997563308076383 3.4000000000000004
    endloop
  endfacet
  facet normal 0.06975647374412643 -0.9975640502598241 0
    outer loop
      vertex 0.13959798681000388 -3.997563308076383 0.6
      vertex 0.4181138530706139 -3.978087581473093 0.6
      vertex 0.4181138530706139 -3.978087581473093 3.4000000000000004
    endloop
  endfacet
  facet normal 0.13917310096006535 -0.9902680687415703 0
    outer loop
      vertex 0.4181138530706139 -3.978087581473093 0.6
      vertex 0.6945927106677213 -3.939231012048832 0.6
      vertex 0.6945927106677213 -3.939231012048832 3.4000000000000004
    endloop
  endfacet
  facet normal 0.20791169081775873 -0.9781476007338058 0
    outer loop
      vertex 0.6945927106677213 -3.939231012048832 0.6
      vertex 0.9676875823986709 -3.881182905103986 0.6
      vertex 0.9676875823986709 -3.881182905103986 3.4000000000000004
    endloop
  endfacet
  facet normal 0.27563735581699983 -0.9612616959383186 0
    outer loop
      vertex 0.9676875823986709 -3.881182905103986 0.6
      vertex 1.2360679774997896 -3.804226065180614 0.6
      vertex 1.2360679774997896 -3.804226065180614 3.4000000000000004
    endloop
  endfacet
  facet normal 0.3420201433256679 -0.9396926207859085 0
    outer loop
      vertex 1.2360679774997896 -3.804226065180614 0.6
      vertex 1.498426373663648 -3.7087354182671497 0.6
      vertex 1.498426373663648 -3.7087354182671497 3.4000000000000004
    endloop
  endfacet
  facet normal 0.40673664307579993 -0.913545457642601 0
    outer loop
      vertex 1.498426373663648 -3.7087354182671497 0.6
      vertex 1.7534845871563096 -3.595176185196668 0.6
      vertex 1.7534845871563096 -3.595176185196668 3.4000000000000004
    endloop
  endfacet
  facet normal 0.4694715627858918 -0.8829475928589264 0
    outer loop
      vertex 1.7534845871563096 -3.595176185196668 0.6
      vertex 2 -3.4641016151377544 0.6
      vertex 2 -3.4641016151377544 3.4000000000000004
    endloop
  endfacet
  facet normal 0.5299192642332047 -0.8480480961564262 0
    outer loop
      vertex 2 -3.4641016151377544 0.6
      vertex 2.2367716138829876 -3.3161502902201665 0.6
      vertex 2.2367716138829876 -3.3161502902201665 3.4000000000000004
    endloop
  endfacet
  facet normal -0.6946583704589974 -0.7193398003386511 0
    outer loop
      vertex -2.8773592013546048 -2.778633481835989 0.6
      vertex -2.676522425435433 -2.972579301909577 0.6
      vertex -2.676522425435433 -2.972579301909577 3.4000000000000004
    endloop
  endfacet
  facet normal -0.743144825477395 -0.6691306063588572 0
    outer loop
      vertex -3.064177772475912 -2.571150438746157 0.6
      vertex -2.8773592013546048 -2.778633481835989 0.6
      vertex -3.064177772475912 -2.571150438746157 3.4000000000000004
    endloop
  endfacet
  facet normal -0.7880107536067211 -0.6156614753256593 0
    outer loop
      vertex -3.064177772475912 -2.571150438746157 0.6
      vertex -3.23606797749979 -2.3511410091698925 3.4000000000000004
      vertex -3.23606797749979 -2.3511410091698925 0.6
    endloop
  endfacet
  facet normal -0.8290375725550422 -0.559192903470746 0
    outer loop
      vertex -3.392192384625704 -2.1196770569328196 0.6
      vertex -3.23606797749979 -2.3511410091698925 0.6
      vertex -3.392192384625704 -2.1196770569328196 3.4000000000000004
    endloop
  endfacet
  facet normal 0.5877852522924734 -0.8090169943749472 0
    outer loop
      vertex 2.2367716138829876 -3.3161502902201665 0.6
      vertex 2.462645901302633 -3.1520430144268876 0.6
      vertex 2.462645901302633 -3.1520430144268876 3.4000000000000004
    endloop
  endfacet
  facet normal 0.6427876096865387 -0.7660444431189786 0
    outer loop
      vertex 2.462645901302633 -3.1520430144268876 0.6
      vertex 2.676522425435433 -2.972579301909577 0.6
      vertex 2.676522425435433 -2.972579301909577 3.4000000000000004
    endloop
  endfacet
  facet normal 0.6946583704589974 -0.7193398003386511 0
    outer loop
      vertex 2.676522425435433 -2.972579301909577 0.6
      vertex 2.8773592013546048 -2.778633481835989 0.6
      vertex 2.8773592013546048 -2.778633481835989 3.4000000000000004
    endloop
  endfacet
  facet normal 0.743144825477395 -0.6691306063588572 0
    outer loop
      vertex 2.8773592013546048 -2.778633481835989 0.6
      vertex 3.064177772475912 -2.571150438746157 0.6
      vertex 2.8773592013546048 -2.778633481835989 3.4000000000000004
    endloop
  endfacet
  facet normal 0.7880107536067211 -0.6156614753256593 0
    outer loop
      vertex 3.064177772475912 -2.571150438746157 0.6
      vertex 3.23606797749979 -2.3511410091698925 0.6
      vertex 3.064177772475912 -2.571150438746157 3.4000000000000004
    endloop
  endfacet
  facet normal 0.8290375725550422 -0.559192903470746 0
    outer loop
      vertex 3.23606797749979 -2.3511410091698925 0.6
      vertex 3.392192384625704 -2.1196770569328196 0.6
      vertex 3.23606797749979 -2.3511410091698925 3.4000000000000004
    endloop
  endfacet
  facet normal 0.8660254037844379 -0.5000000000000011 0
    outer loop
      vertex 3.392192384625704 -2.1196770569328196 0.6
      vertex 3.531790371435708 -1.8778862511435632 0.6
      vertex 3.392192384625704 -2.1196770569328196 3.4000000000000004
    endloop
  endfacet
  facet normal -0.8660254037844379 -0.5000000000000011 0
    outer loop
      vertex -3.392192384625704 -2.1196770569328196 0.6
      vertex -3.531790371435708 -1.8778862511435632 3.4000000000000004
      vertex -3.531790371435708 -1.8778862511435632 0.6
    endloop
  endfacet
  facet normal -0.8987940462991675 -0.4383711467890764 0
    outer loop
      vertex -3.531790371435708 -1.8778862511435632 0.6
      vertex -3.6541818305704035 -1.6269465723032008 3.4000000000000004
      vertex -3.6541818305704035 -1.6269465723032008 0.6
    endloop
  endfacet
  facet normal -0.9271838545667871 -0.3746065934159128 0
    outer loop
      vertex -3.6541818305704035 -1.6269465723032008 0.6
      vertex -3.7587704831436337 -1.3680805733026749 3.4000000000000004
      vertex -3.7587704831436337 -1.3680805733026749 0.6
    endloop
  endfacet
  facet normal -0.9510565162951536 -0.3090169943749473 0
    outer loop
      vertex -3.7587704831436337 -1.3680805733026749 0.6
      vertex -3.8450467837532756 -1.1025494232679967 3.4000000000000004
      vertex -3.8450467837532756 -1.1025494232679967 0.6
    endloop
  endfacet
  facet normal -0.9702957262759964 -0.24192189559966804 0
    outer loop
      vertex -3.8450467837532756 -1.1025494232679967 0.6
      vertex -3.9125904029352228 -0.8316467632710374 3.4000000000000004
      vertex -3.9125904029352228 -0.8316467632710374 0.6
    endloop
  endfacet
  facet normal -0.984807753012208 -0.17364817766693025 0
    outer loop
      vertex -3.9125904029352228 -0.8316467632710374 0.6
      vertex -3.9610722749662814 -0.5566924038402618 3.4000000000000004
      vertex -3.9610722749662814 -0.5566924038402618 0.6
    endloop
  endfacet
  facet normal -0.9945218953682734 -0.10452846326765212 0
    outer loop
      vertex -3.9610722749662814 -0.5566924038402618 0.6
      vertex -3.990256201039297 -0.2790258949765012 3.4000000000000004
      vertex -3.990256201039297 -0.2790258949765012 0.6
    endloop
  endfacet
  facet normal -0.9993908270190958 -0.034899496702501684 0
    outer loop
      vertex -3.990256201039297 -0.2790258949765012 0.6
      vertex -4 0 3.4000000000000004
      vertex -4 0 0.6
    endloop
  endfacet
  facet normal 0.8987940462991675 -0.4383711467890764 0
    outer loop
      vertex 3.531790371435708 -1.8778862511435632 0.6
      vertex 3.6541818305704035 -1.6269465723032008 0.6
      vertex 3.531790371435708 -1.8778862511435632 3.4000000000000004
    endloop
  endfacet
  facet normal 0.9271838545667871 -0.3746065934159128 0
    outer loop
      vertex 3.6541818305704035 -1.6269465723032008 0.6
      vertex 3.7587704831436337 -1.3680805733026749 0.6
      vertex 3.6541818305704035 -1.6269465723032008 3.4000000000000004
    endloop
  endfacet
  facet normal 0.9510565162951536 -0.3090169943749473 0
    outer loop
      vertex 3.7587704831436337 -1.3680805733026749 0.6
      vertex 3.8450467837532756 -1.1025494232679967 0.6
      vertex 3.7587704831436337 -1.3680805733026749 3.4000000000000004
    endloop
  endfacet
  facet normal 0.9702957262759964 -0.24192189559966804 0
    outer loop
      vertex 3.8450467837532756 -1.1025494232679967 0.6
      vertex 3.9125904029352228 -0.8316467632710374 0.6
      vertex 3.8450467837532756 -1.1025494232679967 3.4000000000000004
    endloop
  endfacet
  facet normal 0.984807753012208 -0.17364817766693025 0
    outer loop
      vertex 3.9125904029352228 -0.8316467632710374 0.6
      vertex 3.9610722749662814 -0.5566924038402618 0.6
      vertex 3.9125904029352228 -0.8316467632710374 3.4000000000000004
    endloop
  endfacet
  facet normal 0.9945218953682734 -0.10452846326765212 0
    outer loop
      vertex 3.9610722749662814 -0.5566924038402618 0.6
      vertex 3.990256201039297 -0.2790258949765012 0.6
      vertex 3.9610722749662814 -0.5566924038402618 3.4000000000000004
    endloop
  endfacet
  facet normal 0.9993908270190958 -0.034899496702501684 0
    outer loop
      vertex 3.990256201039297 -0.2790258949765012 0.6
      vertex 4 0 0.6
      vertex 3.990256201039297 -0.2790258949765012 3.4000000000000004
    endloop
  endfacet
  facet normal -0.20791169081775873 -0.9781476007338058 0
    outer loop
      vertex -0.9676875823986709 -3.881182905103986 0.6
      vertex -0.6945927106677213 -3.939231012048832 3.4000000000000004
      vertex -0.9676875823986709 -3.881182905103986 3.4000000000000004
    endloop
  endfacet
  facet normal -0.27563735581699983 -0.9612616959383186 0
    outer loop
      vertex -1.2360679774997896 -3.804226065180614 0.6
      vertex -0.9676875823986709 -3.881182905103986 3.4000000000000004
      vertex -1.2360679774997896 -3.804226065180614 3.4000000000000004
    endloop
  endfacet
  facet normal -0.40673664307579993 -0.913545457642601 0
    outer loop
      vertex -1.7534845871563096 -3.595176185196668 0.6
      vertex -1.498426373663648 -3.7087354182671497 3.4000000000000004
      vertex -1.7534845871563096 -3.595176185196668 3.4000000000000004
    endloop
  endfacet
  facet normal -0.4694715627858918 -0.8829475928589264 0
    outer loop
      vertex -2 -3.4641016151377544 0.6
      vertex -1.7534845871563096 -3.595176185196668 3.4000000000000004
      vertex -2 -3.4641016151377544 3.4000000000000004
    endloop
  endfacet
  facet normal -0.3420201433256679 -0.9396926207859085 0
    outer loop
      vertex -1.498426373663648 -3.7087354182671497 0.6
      vertex -1.2360679774997896 -3.804226065180614 3.4000000000000004
      vertex -1.498426373663648 -3.7087354182671497 3.4000000000000004
    endloop
  endfacet
  facet normal -0.6427876096865387 -0.7660444431189786 0
    outer loop
      vertex -2.676522425435433 -2.972579301909577 0.6
      vertex -2.462645901302633 -3.1520430144268876 3.4000000000000004
      vertex -2.676522425435433 -2.972579301909577 3.4000000000000004
    endloop
  endfacet
  facet normal -0.5299192642332047 -0.8480480961564262 0
    outer loop
      vertex -2.2367716138829876 -3.3161502902201665 0.6
      vertex -2 -3.4641016151377544 3.4000000000000004
      vertex -2.2367716138829876 -3.3161502902201665 3.4000000000000004
    endloop
  endfacet
  facet normal -0.5877852522924734 -0.8090169943749472 0
    outer loop
      vertex -2.462645901302633 -3.1520430144268876 0.6
      vertex -2.2367716138829876 -3.3161502902201665 3.4000000000000004
      vertex -2.462645901302633 -3.1520430144268876 3.4000000000000004
    endloop
  endfacet
  facet normal -0.13917310096006535 -0.9902680687415703 0
    outer loop
      vertex -0.6945927106677213 -3.939231012048832 0.6
      vertex -0.4181138530706139 -3.978087581473093 3.4000000000000004
      vertex -0.6945927106677213 -3.939231012048832 3.4000000000000004
    endloop
  endfacet
  facet normal -0.06975647374412643 -0.9975640502598241 0
    outer loop
      vertex -0.4181138530706139 -3.978087581473093 0.6
      vertex -0.13959798681000388 -3.997563308076383 3.4000000000000004
      vertex -0.4181138530706139 -3.978087581473093 3.4000000000000004
    endloop
  endfacet
  facet normal 0 -1 0
    outer loop
      vertex -0.13959798681000388 -3.997563308076383 0.6
      vertex 0.13959798681000388 -3.997563308076383 3.4000000000000004
      vertex -0.13959798681000388 -3.997563308076383 3.4000000000000004
    endloop
  endfacet
  facet normal 0.06975647374412643 -0.9975640502598241 0
    outer loop
      vertex 0.13959798681000388 -3.997563308076383 0.6
      vertex 0.4181138530706139 -3.978087581473093 3.4000000000000004
      vertex 0.13959798681000388 -3.997563308076383 3.4000000000000004
    endloop
  endfacet
  facet normal 0.13917310096006535 -0.9902680687415703 0
    outer loop
      vertex 0.4181138530706139 -3.978087581473093 0.6
      vertex 0.6945927106677213 -3.939231012048832 3.4000000000000004
      vertex 0.4181138530706139 -3.978087581473093 3.4000000000000004
    endloop
  endfacet
  facet normal 0.20791169081775873 -0.9781476007338058 0
    outer loop
      vertex 0.6945927106677213 -3.939231012048832 0.6
      vertex 0.9676875823986709 -3.881182905103986 3.4000000000000004
      vertex 0.6945927106677213 -3.939231012048832 3.4000000000000004
    endloop
  endfacet
  facet normal 0.27563735581699983 -0.9612616959383186 0
    outer loop
      vertex 0.9676875823986709 -3.881182905103986 0.6
      vertex 1.2360679774997896 -3.804226065180614 3.4000000000000004
      vertex 0.9676875823986709 -3.881182905103986 3.4000000000000004
    endloop
  endfacet
  facet normal 0.3420201433256679 -0.9396926207859085 0
    outer loop
      vertex 1.2360679774997896 -3.804226065180614 0.6
      vertex 1.498426373663648 -3.7087354182671497 3.4000000000000004
      vertex 1.2360679774997896 -3.804226065180614 3.4000000000000004
    endloop
  endfacet
  facet normal 0.40673664307579993 -0.913545457642601 0
    outer loop
      vertex 1.498426373663648 -3.7087354182671497 0.6
      vertex 1.7534845871563096 -3.595176185196668 3.4000000000000004
      vertex 1.498426373663648 -3.7087354182671497 3.4000000000000004
    endloop
  endfacet
  facet normal 0.4694715627858918 -0.8829475928589264 0
    outer loop
      vertex 1.7534845871563096 -3.595176185196668 0.6
      vertex 2 -3.4641016151377544 3.4000000000000004
      vertex 1.7534845871563096 -3.595176185196668 3.4000000000000004
    endloop
  endfacet
  facet normal 0.5299192642332047 -0.8480480961564262 0
    outer loop
      vertex 2 -3.4641016151377544 0.6
      vertex 2.2367716138829876 -3.3161502902201665 3.4000000000000004
      vertex 2 -3.4641016151377544 3.4000000000000004
    endloop
  endfacet
  facet normal -0.6946583704589974 -0.7193398003386511 0
    outer loop
      vertex -2.8773592013546048 -2.778633481835989 0.6
      vertex -2.676522425435433 -2.972579301909577 3.4000000000000004
      vertex -2.8773592013546048 -2.778633481835989 3.4000000000000004
    endloop
  endfacet
  facet normal -0.743144825477395 -0.6691306063588572 0
    outer loop
      vertex -2.8773592013546048 -2.778633481835989 0.6
      vertex -2.8773592013546048 -2.778633481835989 3.4000000000000004
      vertex -3.064177772475912 -2.571150438746157 3.4000000000000004
    endloop
  endfacet
  facet normal -0.8290375725550422 -0.559192903470746 0
    outer loop
      vertex -3.23606797749979 -2.3511410091698925 0.6
      vertex -3.23606797749979 -2.3511410091698925 3.4000000000000004
      vertex -3.392192384625704 -2.1196770569328196 3.4000000000000004
    endloop
  endfacet
  facet normal -0.7880107536067211 -0.6156614753256593 0
    outer loop
      vertex -3.064177772475912 -2.571150438746157 0.6
      vertex -3.064177772475912 -2.571150438746157 3.4000000000000004
      vertex -3.23606797749979 -2.3511410091698925 3.4000000000000004
    endloop
  endfacet
  facet normal -0.8660254037844379 -0.5000000000000011 0
    outer loop
      vertex -3.392192384625704 -2.1196770569328196 0.6
      vertex -3.392192384625704 -2.1196770569328196 3.4000000000000004
      vertex -3.531790371435708 -1.8778862511435632 3.4000000000000004
    endloop
  endfacet
  facet normal 0.5877852522924734 -0.8090169943749472 0
    outer loop
      vertex 2.2367716138829876 -3.3161502902201665 0.6
      vertex 2.462645901302633 -3.1520430144268876 3.4000000000000004
      vertex 2.2367716138829876 -3.3161502902201665 3.4000000000000004
    endloop
  endfacet
  facet normal 0.6427876096865387 -0.7660444431189786 0
    outer loop
      vertex 2.462645901302633 -3.1520430144268876 0.6
      vertex 2.676522425435433 -2.972579301909577 3.4000000000000004
      vertex 2.462645901302633 -3.1520430144268876 3.4000000000000004
    endloop
  endfacet
  facet normal 0.6946583704589974 -0.7193398003386511 0
    outer loop
      vertex 2.676522425435433 -2.972579301909577 0.6
      vertex 2.8773592013546048 -2.778633481835989 3.4000000000000004
      vertex 2.676522425435433 -2.972579301909577 3.4000000000000004
    endloop
  endfacet
  facet normal 0.743144825477395 -0.6691306063588572 0
    outer loop
      vertex 3.064177772475912 -2.571150438746157 0.6
      vertex 3.064177772475912 -2.571150438746157 3.4000000000000004
      vertex 2.8773592013546048 -2.778633481835989 3.4000000000000004
    endloop
  endfacet
  facet normal 0.7880107536067211 -0.6156614753256593 0
    outer loop
      vertex 3.23606797749979 -2.3511410091698925 0.6
      vertex 3.23606797749979 -2.3511410091698925 3.4000000000000004
      vertex 3.064177772475912 -2.571150438746157 3.4000000000000004
    endloop
  endfacet
  facet normal 0.8290375725550422 -0.559192903470746 0
    outer loop
      vertex 3.392192384625704 -2.1196770569328196 0.6
      vertex 3.392192384625704 -2.1196770569328196 3.4000000000000004
      vertex 3.23606797749979 -2.3511410091698925 3.4000000000000004
    endloop
  endfacet
  facet normal -0.8987940462991675 -0.4383711467890764 0
    outer loop
      vertex -3.531790371435708 -1.8778862511435632 0.6
      vertex -3.531790371435708 -1.8778862511435632 3.4000000000000004
      vertex -3.6541818305704035 -1.6269465723032008 3.4000000000000004
    endloop
  endfacet
  facet normal -0.9271838545667871 -0.3746065934159128 0
    outer loop
      vertex -3.6541818305704035 -1.6269465723032008 0.6
      vertex -3.6541818305704035 -1.6269465723032008 3.4000000000000004
      vertex -3.7587704831436337 -1.3680805733026749 3.4000000000000004
    endloop
  endfacet
  facet normal -0.9510565162951536 -0.3090169943749473 0
    outer loop
      vertex -3.7587704831436337 -1.3680805733026749 0.6
      vertex -3.7587704831436337 -1.3680805733026749 3.4000000000000004
      vertex -3.8450467837532756 -1.1025494232679967 3.4000000000000004
    endloop
  endfacet
  facet normal -0.9702957262759964 -0.24192189559966804 0
    outer loop
      vertex -3.8450467837532756 -1.1025494232679967 0.6
      vertex -3.8450467837532756 -1.1025494232679967 3.4000000000000004
      vertex -3.9125904029352228 -0.8316467632710374 3.4000000000000004
    endloop
  endfacet
  facet normal -0.984807753012208 -0.17364817766693025 0
    outer loop
      vertex -3.9125904029352228 -0.8316467632710374 0.6
      vertex -3.9125904029352228 -0.8316467632710374 3.4000000000000004
      vertex -3.9610722749662814 -0.5566924038402618 3.4000000000000004
    endloop
  endfacet
  facet normal -0.9945218953682734 -0.10452846326765212 0
    outer loop
      vertex -3.9610722749662814 -0.5566924038402618 0.6
      vertex -3.9610722749662814 -0.5566924038402618 3.4000000000000004
      vertex -3.990256201039297 -0.2790258949765012 3.4000000000000004
    endloop
  endfacet
  facet normal -0.9993908270190958 -0.034899496702501684 0
    outer loop
      vertex -3.990256201039297 -0.2790258949765012 0.6
      vertex -3.990256201039297 -0.2790258949765012 3.4000000000000004
      vertex -4 0 3.4000000000000004
    endloop
  endfacet
  facet normal 0.8660254037844379 -0.5000000000000011 0
    outer loop
      vertex 3.531790371435708 -1.8778862511435632 0.6
      vertex 3.531790371435708 -1.8778862511435632 3.4000000000000004
      vertex 3.392192384625704 -2.1196770569328196 3.4000000000000004
    endloop
  endfacet
  facet normal 0.8987940462991675 -0.4383711467890764 0
    outer loop
      vertex 3.6541818305704035 -1.6269465723032008 0.6
      vertex 3.6541818305704035 -1.6269465723032008 3.4000000000000004
      vertex 3.531790371435708 -1.8778862511435632 3.4000000000000004
    endloop
  endfacet
  facet normal 0.9271838545667871 -0.3746065934159128 0
    outer loop
      vertex 3.7587704831436337 -1.3680805733026749 0.6
      vertex 3.7587704831436337 -1.3680805733026749 3.4000000000000004
      vertex 3.6541818305704035 -1.6269465723032008 3.4000000000000004
    endloop
  endfacet
  facet normal 0.9510565162951536 -0.3090169943749473 0
    outer loop
      vertex 3.8450467837532756 -1.1025494232679967 0.6
      vertex 3.8450467837532756 -1.1025494232679967 3.4000000000000004
      vertex 3.7587704831436337 -1.3680805733026749 3.4000000000000004
    endloop
  endfacet
  facet normal 0.9702957262759964 -0.24192189559966804 0
    outer loop
      vertex 3.9125904029352228 -0.8316467632710374 0.6
      vertex 3.9125904029352228 -0.8316467632710374 3.4000000000000004
      vertex 3.8450467837532756 -1.1025494232679967 3.4000000000000004
    endloop
  endfacet
  facet normal 0.984807753012208 -0.17364817766693025 0
    outer loop
      vertex 3.9610722749662814 -0.5566924038402618 0.6
      vertex 3.9610722749662814 -0.5566924038402618 3.4000000000000004
      vertex 3.9125904029352228 -0.8316467632710374 3.4000000000000004
    endloop
  endfacet
  facet normal 0.9945218953682734 -0.10452846326765212 0
    outer loop
      vertex 3.990256201039297 -0.2790258949765012 0.6
      vertex 3.990256201039297 -0.2790258949765012 3.4000000000000004
      vertex 3.9610722749662814 -0.5566924038402618 3.4000000000000004
    endloop
  endfacet
  facet normal 0.9993908270190958 -0.034899496702501684 0
    outer loop
      vertex 3.990256201039297 -0.2790258949765012 3.4000000000000004
      vertex 4 0 0.6
      vertex 4 0 3.4000000000000004
    endloop
  endfacet
  facet normal 0 0 1
    outer loop
      vertex -2.462645901302633 -3.1520430144268876 3.4000000000000004
      vertex -2.676522425435433 2.972579301909577 3.4000000000000004
      vertex -2.676522425435433 -2.972579301909577 3.4000000000000004
    endloop
  endfacet
  facet normal 0 0 1
    outer loop
      vertex -1.498426373663648 -3.7087354182671497 3.4000000000000004
      vertex -1.2360679774997896 -3.804226065180614 3.4000000000000004
      vertex -1.498426373663648 3.7087354182671497 3.4000000000000004
    endloop
  endfacet
  facet normal 0 0 1
    outer loop
      vertex -0.9676875823986709 -3.881182905103986 3.4000000000000004
      vertex -0.6945927106677213 -3.939231012048832 3.4000000000000004
      vertex -0.9676875823986709 3.881182905103986 3.4000000000000004
    endloop
  endfacet
  facet normal 0 0 1
    outer loop
      vertex -1.2360679774997896 -3.804226065180614 3.4000000000000004
      vertex -0.9676875823986709 -3.881182905103986 3.4000000000000004
      vertex -1.2360679774997896 3.804226065180614 3.4000000000000004
    endloop
  endfacet
  facet normal 0 0 1
    outer loop
      vertex -2.2367716138829876 -3.3161502902201665 3.4000000000000004
      vertex -2 -3.4641016151377544 3.4000000000000004
      vertex -2.2367716138829876 3.3161502902201665 3.4000000000000004
    endloop
  endfacet
  facet normal 0 0 1
    outer loop
      vertex -1.7534845871563096 -3.595176185196668 3.4000000000000004
      vertex -2 3.4641016151377544 3.4000000000000004
      vertex -2 -3.4641016151377544 3.4000000000000004
    endloop
  endfacet
  facet normal 0 0 1
    outer loop
      vertex -1.7534845871563096 -3.595176185196668 3.4000000000000004
      vertex -1.498426373663648 -3.7087354182671497 3.4000000000000004
      vertex -1.7534845871563096 3.595176185196668 3.4000000000000004
    endloop
  endfacet
  facet normal 0 0 1
    outer loop
      vertex -2.462645901302633 -3.1520430144268876 3.4000000000000004
      vertex -2.2367716138829876 -3.3161502902201665 3.4000000000000004
      vertex -2.462645901302633 3.1520430144268876 3.4000000000000004
    endloop
  endfacet
  facet normal 0 0 1
    outer loop
      vertex -0.6945927106677213 -3.939231012048832 3.4000000000000004
      vertex -0.4181138530706139 -3.978087581473093 3.4000000000000004
      vertex -0.6945927106677213 3.939231012048832 3.4000000000000004
    endloop
  endfacet
  facet normal 0 0 1
    outer loop
      vertex -0.4181138530706139 -3.978087581473093 3.4000000000000004
      vertex -0.13959798681000388 -3.997563308076383 3.4000000000000004
      vertex -0.4181138530706139 3.978087581473093 3.4000000000000004
    endloop
  endfacet
  facet normal 0 0 1
    outer loop
      vertex -0.13959798681000388 -3.997563308076383 3.4000000000000004
      vertex 0.13959798681000388 -3.997563308076383 3.4000000000000004
      vertex -0.13959798681000388 3.997563308076383 3.4000000000000004
    endloop
  endfacet
  facet normal 0 0 1
    outer loop
      vertex 0.13959798681000388 -3.997563308076383 3.4000000000000004
      vertex 0.4181138530706139 -3.978087581473093 3.4000000000000004
      vertex 0.13959798681000388 3.997563308076383 3.4000000000000004
    endloop
  endfacet
  facet normal 0 0 1
    outer loop
      vertex 0.4181138530706139 -3.978087581473093 3.4000000000000004
      vertex 0.6945927106677213 -3.939231012048832 3.4000000000000004
      vertex 0.4181138530706139 3.978087581473093 3.4000000000000004
    endloop
  endfacet
  facet normal 0 0 1
    outer loop
      vertex 0.6945927106677213 -3.939231012048832 3.4000000000000004
      vertex 0.9676875823986709 -3.881182905103986 3.4000000000000004
      vertex 0.6945927106677213 3.939231012048832 3.4000000000000004
    endloop
  endfacet
  facet normal 0 0 1
    outer loop
      vertex 0.9676875823986709 -3.881182905103986 3.4000000000000004
      vertex 1.2360679774997896 -3.804226065180614 3.4000000000000004
      vertex 0.9676875823986709 3.881182905103986 3.4000000000000004
    endloop
  endfacet
  facet normal 0 0 1
    outer loop
      vertex 1.2360679774997896 -3.804226065180614 3.4000000000000004
      vertex 1.498426373663648 -3.7087354182671497 3.4000000000000004
      vertex 1.2360679774997896 3.804226065180614 3.4000000000000004
    endloop
  endfacet
  facet normal 0 0 1
    outer loop
      vertex 1.498426373663648 -3.7087354182671497 3.4000000000000004
      vertex 1.7534845871563096 -3.595176185196668 3.4000000000000004
      vertex 1.498426373663648 3.7087354182671497 3.4000000000000004
    endloop
  endfacet
  facet normal 0 0 1
    outer loop
      vertex 1.7534845871563096 -3.595176185196668 3.4000000000000004
      vertex 2 -3.4641016151377544 3.4000000000000004
      vertex 1.7534845871563096 3.595176185196668 3.4000000000000004
    endloop
  endfacet
  facet normal 0 0 1
    outer loop
      vertex 2 -3.4641016151377544 3.4000000000000004
      vertex 2.2367716138829876 -3.3161502902201665 3.4000000000000004
      vertex 2 3.4641016151377544 3.4000000000000004
    endloop
  endfacet
  facet normal 0 0 1
    outer loop
      vertex -3.392192384625704 -2.1196770569328196 3.4000000000000004
      vertex -3.23606797749979 -2.3511410091698925 3.4000000000000004
      vertex -3.392192384625704 2.1196770569328196 3.4000000000000004
    endloop
  endfacet
  facet normal 0 0 1
    outer loop
      vertex -3.064177772475912 -2.571150438746157 3.4000000000000004
      vertex -2.8773592013546048 -2.778633481835989 3.4000000000000004
      vertex -3.064177772475912 2.571150438746157 3.4000000000000004
    endloop
  endfacet
  facet normal 0 0 1
    outer loop
      vertex -2.8773592013546048 -2.778633481835989 3.4000000000000004
      vertex -2.676522425435433 -2.972579301909577 3.4000000000000004
      vertex -2.8773592013546048 2.778633481835989 3.4000000000000004
    endloop
  endfacet
  facet normal 0 0 1
    outer loop
      vertex -3.064177772475912 -2.571150438746157 3.4000000000000004
      vertex -3.23606797749979 2.3511410091698925 3.4000000000000004
      vertex -3.23606797749979 -2.3511410091698925 3.4000000000000004
    endloop
  endfacet
  facet normal 0 0 1
    outer loop
      vertex -3.531790371435708 -1.8778862511435632 3.4000000000000004
      vertex -3.6541818305704035 1.6269465723032008 3.4000000000000004
      vertex -3.6541818305704035 -1.6269465723032008 3.4000000000000004
    endloop
  endfacet
  facet normal 0 0 1
    outer loop
      vertex -3.392192384625704 -2.1196770569328196 3.4000000000000004
      vertex -3.531790371435708 1.8778862511435632 3.4000000000000004
      vertex -3.531790371435708 -1.8778862511435632 3.4000000000000004
    endloop
  endfacet
  facet normal 0 0 1
    outer loop
      vertex -3.6541818305704035 -1.6269465723032008 3.4000000000000004
      vertex -3.7587704831436337 1.3680805733026749 3.4000000000000004
      vertex -3.7587704831436337 -1.3680805733026749 3.4000000000000004
    endloop
  endfacet
  facet normal 0 0 1
    outer loop
      vertex -3.7587704831436337 -1.3680805733026749 3.4000000000000004
      vertex -3.8450467837532756 1.1025494232679967 3.4000000000000004
      vertex -3.8450467837532756 -1.1025494232679967 3.4000000000000004
    endloop
  endfacet
  facet normal 0 0 1
    outer loop
      vertex -3.8450467837532756 -1.1025494232679967 3.4000000000000004
      vertex -3.9125904029352228 0.8316467632710374 3.4000000000000004
      vertex -3.9125904029352228 -0.8316467632710374 3.4000000000000004
    endloop
  endfacet
  facet normal 0 0 1
    outer loop
      vertex -3.9125904029352228 -0.8316467632710374 3.4000000000000004
      vertex -3.9610722749662814 0.5566924038402618 3.4000000000000004
      vertex -3.9610722749662814 -0.5566924038402618 3.4000000000000004
    endloop
  endfacet
  facet normal 0 0 1
    outer loop
      vertex -3.9610722749662814 -0.5566924038402618 3.4000000000000004
      vertex -3.990256201039297 0.2790258949765012 3.4000000000000004
      vertex -3.990256201039297 -0.2790258949765012 3.4000000000000004
    endloop
  endfacet
  facet normal 0 0 1
    outer loop
      vertex 2.2367716138829876 -3.3161502902201665 3.4000000000000004
      vertex 2.462645901302633 -3.1520430144268876 3.4000000000000004
      vertex 2.2367716138829876 3.3161502902201665 3.4000000000000004
    endloop
  endfacet
  facet normal 0 0 1
    outer loop
      vertex 2.462645901302633 -3.1520430144268876 3.4000000000000004
      vertex 2.676522425435433 -2.972579301909577 3.4000000000000004
      vertex 2.462645901302633 3.1520430144268876 3.4000000000000004
    endloop
  endfacet
  facet normal 0 0 1
    outer loop
      vertex 2.676522425435433 -2.972579301909577 3.4000000000000004
      vertex 2.8773592013546048 -2.778633481835989 3.4000000000000004
      vertex 2.676522425435433 2.972579301909577 3.4000000000000004
    endloop
  endfacet
  facet normal 0 0 1
    outer loop
      vertex 2.8773592013546048 -2.778633481835989 3.4000000000000004
      vertex 3.064177772475912 -2.571150438746157 3.4000000000000004
      vertex 2.8773592013546048 2.778633481835989 3.4000000000000004
    endloop
  endfacet
  facet normal 0 0 1
    outer loop
      vertex 3.064177772475912 -2.571150438746157 3.4000000000000004
      vertex 3.23606797749979 -2.3511410091698925 3.4000000000000004
      vertex 3.064177772475912 2.571150438746157 3.4000000000000004
    endloop
  endfacet
  facet normal 0 0 1
    outer loop
      vertex 3.23606797749979 -2.3511410091698925 3.4000000000000004
      vertex 3.392192384625704 -2.1196770569328196 3.4000000000000004
      vertex 3.23606797749979 2.3511410091698925 3.4000000000000004
    endloop
  endfacet
  facet normal 0 0 1
    outer loop
      vertex 3.392192384625704 -2.1196770569328196 3.4000000000000004
      vertex 3.531790371435708 -1.8778862511435632 3.4000000000000004
      vertex 3.392192384625704 2.1196770569328196 3.4000000000000004
    endloop
  endfacet
  facet normal 0 0 1
    outer loop
      vertex 3.531790371435708 -1.8778862511435632 3.4000000000000004
      vertex 3.6541818305704035 -1.6269465723032008 3.4000000000000004
      vertex 3.531790371435708 1.8778862511435632 3.4000000000000004
    endloop
  endfacet
  facet normal 0 0 1
    outer loop
      vertex 3.6541818305704035 -1.6269465723032008 3.4000000000000004
      vertex 3.7587704831436337 -1.3680805733026749 3.4000000000000004
      vertex 3.6541818305704035 1.6269465723032008 3.4000000000000004
    endloop
  endfacet
  facet normal 0 0 1
    outer loop
      vertex 3.7587704831436337 -1.3680805733026749 3.4000000000000004
      vertex 3.8450467837532756 -1.1025494232679967 3.4000000000000004
      vertex 3.7587704831436337 1.3680805733026749 3.4000000000000004
    endloop
  endfacet
  facet normal 0 0 1
    outer loop
      vertex 3.8450467837532756 -1.1025494232679967 3.4000000000000004
      vertex 3.9125904029352228 -0.8316467632710374 3.4000000000000004
      vertex 3.8450467837532756 1.1025494232679967 3.4000000000000004
    endloop
  endfacet
  facet normal 0 0 1
    outer loop
      vertex 3.9125904029352228 -0.8316467632710374 3.4000000000000004
      vertex 3.9610722749662814 -0.5566924038402618 3.4000000000000004
      vertex 3.9125904029352228 0.8316467632710374 3.4000000000000004
    endloop
  endfacet
  facet normal 0 0 1
    outer loop
      vertex 3.9610722749662814 -0.5566924038402618 3.4000000000000004
      vertex 3.990256201039297 -0.2790258949765012 3.4000000000000004
      vertex 3.9610722749662814 0.5566924038402618 3.4000000000000004
    endloop
  endfacet
  facet normal -0.9993908270190958 0.034899496702501684 0
    outer loop
      vertex -4 0 0.6
      vertex -3.990256201039297 0.2790258949765012 3.4000000000000004
      vertex -3.990256201039297 0.2790258949765012 0.6
    endloop
  endfacet
  facet normal -0.9945218953682734 0.10452846326765212 0
    outer loop
      vertex -3.990256201039297 0.2790258949765012 0.6
      vertex -3.9610722749662814 0.5566924038402618 3.4000000000000004
      vertex -3.9610722749662814 0.5566924038402618 0.6
    endloop
  endfacet
  facet normal -0.984807753012208 0.17364817766693025 0
    outer loop
      vertex -3.9610722749662814 0.5566924038402618 0.6
      vertex -3.9125904029352228 0.8316467632710374 3.4000000000000004
      vertex -3.9125904029352228 0.8316467632710374 0.6
    endloop
  endfacet
  facet normal -0.9702957262759964 0.24192189559966804 0
    outer loop
      vertex -3.9125904029352228 0.8316467632710374 0.6
      vertex -3.8450467837532756 1.1025494232679967 3.4000000000000004
      vertex -3.8450467837532756 1.1025494232679967 0.6
    endloop
  endfacet
  facet normal -0.9510565162951536 0.3090169943749473 0
    outer loop
      vertex -3.8450467837532756 1.1025494232679967 0.6
      vertex -3.7587704831436337 1.3680805733026749 3.4000000000000004
      vertex -3.7587704831436337 1.3680805733026749 0.6
    endloop
  endfacet
  facet normal -0.9271838545667871 0.3746065934159128 0
    outer loop
      vertex -3.7587704831436337 1.3680805733026749 0.6
      vertex -3.6541818305704035 1.6269465723032008 3.4000000000000004
      vertex -3.6541818305704035 1.6269465723032008 0.6
    endloop
  endfacet
  facet normal -0.8987940462991675 0.4383711467890764 0
    outer loop
      vertex -3.6541818305704035 1.6269465723032008 0.6
      vertex -3.531790371435708 1.8778862511435632 3.4000000000000004
      vertex -3.531790371435708 1.8778862511435632 0.6
    endloop
  endfacet
  facet normal 0.9993908270190958 0.034899496702501684 0
    outer loop
      vertex 4 0 0.6
      vertex 3.990256201039297 0.2790258949765012 0.6
      vertex 4 0 3.4000000000000004
    endloop
  endfacet
  facet normal 0.9945218953682734 0.10452846326765212 0
    outer loop
      vertex 3.990256201039297 0.2790258949765012 0.6
      vertex 3.9610722749662814 0.5566924038402618 0.6
      vertex 3.990256201039297 0.2790258949765012 3.4000000000000004
    endloop
  endfacet
  facet normal 0.984807753012208 0.17364817766693025 0
    outer loop
      vertex 3.9610722749662814 0.5566924038402618 0.6
      vertex 3.9125904029352228 0.8316467632710374 0.6
      vertex 3.9610722749662814 0.5566924038402618 3.4000000000000004
    endloop
  endfacet
  facet normal 0.9702957262759964 0.24192189559966804 0
    outer loop
      vertex 3.9125904029352228 0.8316467632710374 0.6
      vertex 3.8450467837532756 1.1025494232679967 0.6
      vertex 3.9125904029352228 0.8316467632710374 3.4000000000000004
    endloop
  endfacet
  facet normal 0.9271838545667871 0.3746065934159128 0
    outer loop
      vertex 3.7587704831436337 1.3680805733026749 0.6
      vertex 3.6541818305704035 1.6269465723032008 0.6
      vertex 3.7587704831436337 1.3680805733026749 3.4000000000000004
    endloop
  endfacet
  facet normal 0.9510565162951536 0.3090169943749473 0
    outer loop
      vertex 3.8450467837532756 1.1025494232679967 0.6
      vertex 3.7587704831436337 1.3680805733026749 0.6
      vertex 3.8450467837532756 1.1025494232679967 3.4000000000000004
    endloop
  endfacet
  facet normal 0.8987940462991675 0.4383711467890764 0
    outer loop
      vertex 3.6541818305704035 1.6269465723032008 0.6
      vertex 3.531790371435708 1.8778862511435632 0.6
      vertex 3.6541818305704035 1.6269465723032008 3.4000000000000004
    endloop
  endfacet
  facet normal 0.8660254037844379 0.5000000000000011 0
    outer loop
      vertex 3.531790371435708 1.8778862511435632 0.6
      vertex 3.392192384625704 2.1196770569328196 0.6
      vertex 3.531790371435708 1.8778862511435632 3.4000000000000004
    endloop
  endfacet
  facet normal -0.8660254037844379 0.5000000000000011 0
    outer loop
      vertex -3.531790371435708 1.8778862511435632 0.6
      vertex -3.392192384625704 2.1196770569328196 3.4000000000000004
      vertex -3.392192384625704 2.1196770569328196 0.6
    endloop
  endfacet
  facet normal -0.8290375725550422 0.559192903470746 0
    outer loop
      vertex -3.392192384625704 2.1196770569328196 0.6
      vertex -3.23606797749979 2.3511410091698925 3.4000000000000004
      vertex -3.23606797749979 2.3511410091698925 0.6
    endloop
  endfacet
  facet normal -0.7880107536067211 0.6156614753256593 0
    outer loop
      vertex -3.23606797749979 2.3511410091698925 0.6
      vertex -3.064177772475912 2.571150438746157 3.4000000000000004
      vertex -3.064177772475912 2.571150438746157 0.6
    endloop
  endfacet
  facet normal -0.743144825477395 0.6691306063588572 0
    outer loop
      vertex -3.064177772475912 2.571150438746157 0.6
      vertex -2.8773592013546048 2.778633481835989 3.4000000000000004
      vertex -2.8773592013546048 2.778633481835989 0.6
    endloop
  endfacet
  facet normal -0.6946583704589974 0.7193398003386511 0
    outer loop
      vertex -2.8773592013546048 2.778633481835989 0.6
      vertex -2.8773592013546048 2.778633481835989 3.4000000000000004
      vertex -2.676522425435433 2.972579301909577 0.6
    endloop
  endfacet
  facet normal -0.6427876096865387 0.7660444431189786 0
    outer loop
      vertex -2.676522425435433 2.972579301909577 0.6
      vertex -2.676522425435433 2.972579301909577 3.4000000000000004
      vertex -2.462645901302633 3.1520430144268876 0.6
    endloop
  endfacet
  facet normal -0.5877852522924734 0.8090169943749472 0
    outer loop
      vertex -2.462645901302633 3.1520430144268876 0.6
      vertex -2.462645901302633 3.1520430144268876 3.4000000000000004
      vertex -2.2367716138829876 3.3161502902201665 0.6
    endloop
  endfacet
  facet normal -0.5299192642332047 0.8480480961564262 0
    outer loop
      vertex -2.2367716138829876 3.3161502902201665 0.6
      vertex -2.2367716138829876 3.3161502902201665 3.4000000000000004
      vertex -2 3.4641016151377544 0.6
    endloop
  endfacet
  facet normal -0.4694715627858918 0.8829475928589264 0
    outer loop
      vertex -2 3.4641016151377544 0.6
      vertex -2 3.4641016151377544 3.4000000000000004
      vertex -1.7534845871563096 3.595176185196668 0.6
    endloop
  endfacet
  facet normal -0.40673664307579993 0.913545457642601 0
    outer loop
      vertex -1.7534845871563096 3.595176185196668 0.6
      vertex -1.7534845871563096 3.595176185196668 3.4000000000000004
      vertex -1.498426373663648 3.7087354182671497 0.6
    endloop
  endfacet
  facet normal -0.3420201433256679 0.9396926207859085 0
    outer loop
      vertex -1.498426373663648 3.7087354182671497 0.6
      vertex -1.498426373663648 3.7087354182671497 3.4000000000000004
      vertex -1.2360679774997896 3.804226065180614 0.6
    endloop
  endfacet
  facet normal -0.27563735581699983 0.9612616959383186 0
    outer loop
      vertex -1.2360679774997896 3.804226065180614 0.6
      vertex -1.2360679774997896 3.804226065180614 3.4000000000000004
      vertex -0.9676875823986709 3.881182905103986 0.6
    endloop
  endfacet
  facet normal -0.20791169081775873 0.9781476007338058 0
    outer loop
      vertex -0.9676875823986709 3.881182905103986 0.6
      vertex -0.9676875823986709 3.881182905103986 3.4000000000000004
      vertex -0.6945927106677213 3.939231012048832 0.6
    endloop
  endfacet
  facet normal 0.5299192642332047 0.8480480961564262 0
    outer loop
      vertex 2 3.4641016151377544 0.6
      vertex 2 3.4641016151377544 3.4000000000000004
      vertex 2.2367716138829876 3.3161502902201665 0.6
    endloop
  endfacet
  facet normal -0.13917310096006535 0.9902680687415703 0
    outer loop
      vertex -0.6945927106677213 3.939231012048832 0.6
      vertex -0.6945927106677213 3.939231012048832 3.4000000000000004
      vertex -0.4181138530706139 3.978087581473093 0.6
    endloop
  endfacet
  facet normal -0.06975647374412643 0.9975640502598241 0
    outer loop
      vertex -0.4181138530706139 3.978087581473093 0.6
      vertex -0.4181138530706139 3.978087581473093 3.4000000000000004
      vertex -0.13959798681000388 3.997563308076383 0.6
    endloop
  endfacet
  facet normal 0 1 0
    outer loop
      vertex -0.13959798681000388 3.997563308076383 0.6
      vertex -0.13959798681000388 3.997563308076383 3.4000000000000004
      vertex 0.13959798681000388 3.997563308076383 0.6
    endloop
  endfacet
  facet normal 0.06975647374412643 0.9975640502598241 0
    outer loop
      vertex 0.13959798681000388 3.997563308076383 0.6
      vertex 0.13959798681000388 3.997563308076383 3.4000000000000004
      vertex 0.4181138530706139 3.978087581473093 0.6
    endloop
  endfacet
  facet normal 0.13917310096006535 0.9902680687415703 0
    outer loop
      vertex 0.4181138530706139 3.978087581473093 0.6
      vertex 0.4181138530706139 3.978087581473093 3.4000000000000004
      vertex 0.6945927106677213 3.939231012048832 0.6
    endloop
  endfacet
  facet normal 0.4694715627858918 0.8829475928589264 0
    outer loop
      vertex 1.7534845871563096 3.595176185196668 0.6
      vertex 1.7534845871563096 3.595176185196668 3.4000000000000004
      vertex 2 3.4641016151377544 0.6
    endloop
  endfacet
  facet normal 0.40673664307579993 0.913545457642601 0
    outer loop
      vertex 1.498426373663648 3.7087354182671497 0.6
      vertex 1.498426373663648 3.7087354182671497 3.4000000000000004
      vertex 1.7534845871563096 3.595176185196668 0.6
    endloop
  endfacet
  facet normal 0.27563735581699983 0.9612616959383186 0
    outer loop
      vertex 0.9676875823986709 3.881182905103986 0.6
      vertex 0.9676875823986709 3.881182905103986 3.4000000000000004
      vertex 1.2360679774997896 3.804226065180614 0.6
    endloop
  endfacet
  facet normal 0.3420201433256679 0.9396926207859085 0
    outer loop
      vertex 1.2360679774997896 3.804226065180614 0.6
      vertex 1.2360679774997896 3.804226065180614 3.4000000000000004
      vertex 1.498426373663648 3.7087354182671497 0.6
    endloop
  endfacet
  facet normal 0.20791169081775873 0.9781476007338058 0
    outer loop
      vertex 0.6945927106677213 3.939231012048832 0.6
      vertex 0.6945927106677213 3.939231012048832 3.4000000000000004
      vertex 0.9676875823986709 3.881182905103986 0.6
    endloop
  endfacet
  facet normal 0.8290375725550422 0.559192903470746 0
    outer loop
      vertex 3.23606797749979 2.3511410091698925 0.6
      vertex 3.392192384625704 2.1196770569328196 3.4000000000000004
      vertex 3.392192384625704 2.1196770569328196 0.6
    endloop
  endfacet
  facet normal 0.7880107536067211 0.6156614753256593 0
    outer loop
      vertex 3.23606797749979 2.3511410091698925 0.6
      vertex 3.064177772475912 2.571150438746157 0.6
      vertex 3.23606797749979 2.3511410091698925 3.4000000000000004
    endloop
  endfacet
  facet normal 0.743144825477395 0.6691306063588572 0
    outer loop
      vertex 2.8773592013546048 2.778633481835989 0.6
      vertex 3.064177772475912 2.571150438746157 3.4000000000000004
      vertex 3.064177772475912 2.571150438746157 0.6
    endloop
  endfacet
  facet normal 0.6946583704589974 0.7193398003386511 0
    outer loop
      vertex 2.676522425435433 2.972579301909577 0.6
      vertex 2.676522425435433 2.972579301909577 3.4000000000000004
      vertex 2.8773592013546048 2.778633481835989 0.6
    endloop
  endfacet
  facet normal 0.6427876096865387 0.7660444431189786 0
    outer loop
      vertex 2.676522425435433 2.972579301909577 0.6
      vertex 2.462645901302633 3.1520430144268876 0.6
      vertex 2.462645901302633 3.1520430144268876 3.4000000000000004
    endloop
  endfacet
  facet normal 0.5877852522924734 0.8090169943749472 0
    outer loop
      vertex 2.2367716138829876 3.3161502902201665 0.6
      vertex 2.2367716138829876 3.3161502902201665 3.4000000000000004
      vertex 2.462645901302633 3.1520430144268876 0.6
    endloop
  endfacet
  facet normal -0.9993908270190958 0.034899496702501684 0
    outer loop
      vertex -4 0 0.6
      vertex -4 0 3.4000000000000004
      vertex -3.990256201039297 0.2790258949765012 3.4000000000000004
    endloop
  endfacet
  facet normal -0.9945218953682734 0.10452846326765212 0
    outer loop
      vertex -3.990256201039297 0.2790258949765012 0.6
      vertex -3.990256201039297 0.2790258949765012 3.4000000000000004
      vertex -3.9610722749662814 0.5566924038402618 3.4000000000000004
    endloop
  endfacet
  facet normal -0.984807753012208 0.17364817766693025 0
    outer loop
      vertex -3.9610722749662814 0.5566924038402618 0.6
      vertex -3.9610722749662814 0.5566924038402618 3.4000000000000004
      vertex -3.9125904029352228 0.8316467632710374 3.4000000000000004
    endloop
  endfacet
  facet normal -0.9702957262759964 0.24192189559966804 0
    outer loop
      vertex -3.9125904029352228 0.8316467632710374 0.6
      vertex -3.9125904029352228 0.8316467632710374 3.4000000000000004
      vertex -3.8450467837532756 1.1025494232679967 3.4000000000000004
    endloop
  endfacet
  facet normal -0.9510565162951536 0.3090169943749473 0
    outer loop
      vertex -3.8450467837532756 1.1025494232679967 0.6
      vertex -3.8450467837532756 1.1025494232679967 3.4000000000000004
      vertex -3.7587704831436337 1.3680805733026749 3.4000000000000004
    endloop
  endfacet
  facet normal -0.9271838545667871 0.3746065934159128 0
    outer loop
      vertex -3.7587704831436337 1.3680805733026749 0.6
      vertex -3.7587704831436337 1.3680805733026749 3.4000000000000004
      vertex -3.6541818305704035 1.6269465723032008 3.4000000000000004
    endloop
  endfacet
  facet normal -0.8987940462991675 0.4383711467890764 0
    outer loop
      vertex -3.6541818305704035 1.6269465723032008 0.6
      vertex -3.6541818305704035 1.6269465723032008 3.4000000000000004
      vertex -3.531790371435708 1.8778862511435632 3.4000000000000004
    endloop
  endfacet
  facet normal -0.8660254037844379 0.5000000000000011 0
    outer loop
      vertex -3.531790371435708 1.8778862511435632 0.6
      vertex -3.531790371435708 1.8778862511435632 3.4000000000000004
      vertex -3.392192384625704 2.1196770569328196 3.4000000000000004
    endloop
  endfacet
  facet normal 0.9993908270190958 0.034899496702501684 0
    outer loop
      vertex 3.990256201039297 0.2790258949765012 0.6
      vertex 3.990256201039297 0.2790258949765012 3.4000000000000004
      vertex 4 0 3.4000000000000004
    endloop
  endfacet
  facet normal 0.9945218953682734 0.10452846326765212 0
    outer loop
      vertex 3.9610722749662814 0.5566924038402618 0.6
      vertex 3.9610722749662814 0.5566924038402618 3.4000000000000004
      vertex 3.990256201039297 0.2790258949765012 3.4000000000000004
    endloop
  endfacet
  facet normal 0.984807753012208 0.17364817766693025 0
    outer loop
      vertex 3.9125904029352228 0.8316467632710374 0.6
      vertex 3.9125904029352228 0.8316467632710374 3.4000000000000004
      vertex 3.9610722749662814 0.5566924038402618 3.4000000000000004
    endloop
  endfacet
  facet normal 0.9510565162951536 0.3090169943749473 0
    outer loop
      vertex 3.7587704831436337 1.3680805733026749 0.6
      vertex 3.7587704831436337 1.3680805733026749 3.4000000000000004
      vertex 3.8450467837532756 1.1025494232679967 3.4000000000000004
    endloop
  endfacet
  facet normal 0.9702957262759964 0.24192189559966804 0
    outer loop
      vertex 3.8450467837532756 1.1025494232679967 0.6
      vertex 3.8450467837532756 1.1025494232679967 3.4000000000000004
      vertex 3.9125904029352228 0.8316467632710374 3.4000000000000004
    endloop
  endfacet
  facet normal 0.9271838545667871 0.3746065934159128 0
    outer loop
      vertex 3.6541818305704035 1.6269465723032008 0.6
      vertex 3.6541818305704035 1.6269465723032008 3.4000000000000004
      vertex 3.7587704831436337 1.3680805733026749 3.4000000000000004
    endloop
  endfacet
  facet normal 0.8987940462991675 0.4383711467890764 0
    outer loop
      vertex 3.531790371435708 1.8778862511435632 0.6
      vertex 3.531790371435708 1.8778862511435632 3.4000000000000004
      vertex 3.6541818305704035 1.6269465723032008 3.4000000000000004
    endloop
  endfacet
  facet normal 0 0 1
    outer loop
      vertex -3.990256201039297 -0.2790258949765012 3.4000000000000004
      vertex -3.990256201039297 0.2790258949765012 3.4000000000000004
      vertex -4 0 3.4000000000000004
    endloop
  endfacet
  facet normal 0 0 1
    outer loop
      vertex -3.9610722749662814 -0.5566924038402618 3.4000000000000004
      vertex -3.9610722749662814 0.5566924038402618 3.4000000000000004
      vertex -3.990256201039297 0.2790258949765012 3.4000000000000004
    endloop
  endfacet
  facet normal 0 0 1
    outer loop
      vertex -3.9125904029352228 -0.8316467632710374 3.4000000000000004
      vertex -3.9125904029352228 0.8316467632710374 3.4000000000000004
      vertex -3.9610722749662814 0.5566924038402618 3.4000000000000004
    endloop
  endfacet
  facet normal 0 0 1
    outer loop
      vertex -3.8450467837532756 -1.1025494232679967 3.4000000000000004
      vertex -3.8450467837532756 1.1025494232679967 3.4000000000000004
      vertex -3.9125904029352228 0.8316467632710374 3.4000000000000004
    endloop
  endfacet
  facet normal 0 0 1
    outer loop
      vertex -3.7587704831436337 -1.3680805733026749 3.4000000000000004
      vertex -3.7587704831436337 1.3680805733026749 3.4000000000000004
      vertex -3.8450467837532756 1.1025494232679967 3.4000000000000004
    endloop
  endfacet
  facet normal 0 0 1
    outer loop
      vertex -3.6541818305704035 -1.6269465723032008 3.4000000000000004
      vertex -3.6541818305704035 1.6269465723032008 3.4000000000000004
      vertex -3.7587704831436337 1.3680805733026749 3.4000000000000004
    endloop
  endfacet
  facet normal 0 0 1
    outer loop
      vertex -3.531790371435708 -1.8778862511435632 3.4000000000000004
      vertex -3.531790371435708 1.8778862511435632 3.4000000000000004
      vertex -3.6541818305704035 1.6269465723032008 3.4000000000000004
    endloop
  endfacet
  facet normal 0 0 1
    outer loop
      vertex -3.392192384625704 -2.1196770569328196 3.4000000000000004
      vertex -3.392192384625704 2.1196770569328196 3.4000000000000004
      vertex -3.531790371435708 1.8778862511435632 3.4000000000000004
    endloop
  endfacet
  facet normal 0 0 1
    outer loop
      vertex -3.23606797749979 -2.3511410091698925 3.4000000000000004
      vertex -3.23606797749979 2.3511410091698925 3.4000000000000004
      vertex -3.392192384625704 2.1196770569328196 3.4000000000000004
    endloop
  endfacet
  facet normal 0 0 1
    outer loop
      vertex -3.064177772475912 -2.571150438746157 3.4000000000000004
      vertex -3.064177772475912 2.571150438746157 3.4000000000000004
      vertex -3.23606797749979 2.3511410091698925 3.4000000000000004
    endloop
  endfacet
  facet normal 0 0 1
    outer loop
      vertex -2.8773592013546048 -2.778633481835989 3.4000000000000004
      vertex -2.8773592013546048 2.778633481835989 3.4000000000000004
      vertex -3.064177772475912 2.571150438746157 3.4000000000000004
    endloop
  endfacet
  facet normal 0 0 1
    outer loop
      vertex -2.676522425435433 -2.972579301909577 3.4000000000000004
      vertex -2.676522425435433 2.972579301909577 3.4000000000000004
      vertex -2.8773592013546048 2.778633481835989 3.4000000000000004
    endloop
  endfacet
  facet normal 0 0 1
    outer loop
      vertex -2.462645901302633 -3.1520430144268876 3.4000000000000004
      vertex -2.462645901302633 3.1520430144268876 3.4000000000000004
      vertex -2.676522425435433 2.972579301909577 3.4000000000000004
    endloop
  endfacet
  facet normal 0 0 1
    outer loop
      vertex -2.2367716138829876 -3.3161502902201665 3.4000000000000004
      vertex -2.2367716138829876 3.3161502902201665 3.4000000000000004
      vertex -2.462645901302633 3.1520430144268876 3.4000000000000004
    endloop
  endfacet
  facet normal 0 0 1
    outer loop
      vertex -2 -3.4641016151377544 3.4000000000000004
      vertex -2 3.4641016151377544 3.4000000000000004
      vertex -2.2367716138829876 3.3161502902201665 3.4000000000000004
    endloop
  endfacet
  facet normal 0 0 1
    outer loop
      vertex -1.7534845871563096 -3.595176185196668 3.4000000000000004
      vertex -1.7534845871563096 3.595176185196668 3.4000000000000004
      vertex -2 3.4641016151377544 3.4000000000000004
    endloop
  endfacet
  facet normal 0 0 1
    outer loop
      vertex -1.498426373663648 -3.7087354182671497 3.4000000000000004
      vertex -1.498426373663648 3.7087354182671497 3.4000000000000004
      vertex -1.7534845871563096 3.595176185196668 3.4000000000000004
    endloop
  endfacet
  facet normal 0 0 1
    outer loop
      vertex -1.2360679774997896 -3.804226065180614 3.4000000000000004
      vertex -1.2360679774997896 3.804226065180614 3.4000000000000004
      vertex -1.498426373663648 3.7087354182671497 3.4000000000000004
    endloop
  endfacet
  facet normal 0 0 1
    outer loop
      vertex -0.9676875823986709 -3.881182905103986 3.4000000000000004
      vertex -0.9676875823986709 3.881182905103986 3.4000000000000004
      vertex -1.2360679774997896 3.804226065180614 3.4000000000000004
    endloop
  endfacet
  facet normal 0 0 1
    outer loop
      vertex -0.6945927106677213 -3.939231012048832 3.4000000000000004
      vertex -0.6945927106677213 3.939231012048832 3.4000000000000004
      vertex -0.9676875823986709 3.881182905103986 3.4000000000000004
    endloop
  endfacet
  facet normal 0 0 1
    outer loop
      vertex -0.4181138530706139 -3.978087581473093 3.4000000000000004
      vertex -0.4181138530706139 3.978087581473093 3.4000000000000004
      vertex -0.6945927106677213 3.939231012048832 3.4000000000000004
    endloop
  endfacet
  facet normal 0 0 1
    outer loop
      vertex -0.13959798681000388 -3.997563308076383 3.4000000000000004
      vertex -0.13959798681000388 3.997563308076383 3.4000000000000004
      vertex -0.4181138530706139 3.978087581473093 3.4000000000000004
    endloop
  endfacet
  facet normal 0 0 1
    outer loop
      vertex -0.13959798681000388 3.997563308076383 3.4000000000000004
      vertex 0.13959798681000388 -3.997563308076383 3.4000000000000004
      vertex 0.13959798681000388 3.997563308076383 3.4000000000000004
    endloop
  endfacet
  facet normal 0 0 1
    outer loop
      vertex 0.4181138530706139 -3.978087581473093 3.4000000000000004
      vertex 0.4181138530706139 3.978087581473093 3.4000000000000004
      vertex 0.13959798681000388 3.997563308076383 3.4000000000000004
    endloop
  endfacet
  facet normal 0 0 1
    outer loop
      vertex 0.6945927106677213 -3.939231012048832 3.4000000000000004
      vertex 0.6945927106677213 3.939231012048832 3.4000000000000004
      vertex 0.4181138530706139 3.978087581473093 3.4000000000000004
    endloop
  endfacet
  facet normal 0 0 1
    outer loop
      vertex 1.7534845871563096 -3.595176185196668 3.4000000000000004
      vertex 1.7534845871563096 3.595176185196668 3.4000000000000004
      vertex 1.498426373663648 3.7087354182671497 3.4000000000000004
    endloop
  endfacet
  facet normal 0 0 1
    outer loop
      vertex 2.2367716138829876 -3.3161502902201665 3.4000000000000004
      vertex 2.2367716138829876 3.3161502902201665 3.4000000000000004
      vertex 2 3.4641016151377544 3.4000000000000004
    endloop
  endfacet
  facet normal 0 0 1
    outer loop
      vertex 2 -3.4641016151377544 3.4000000000000004
      vertex 2 3.4641016151377544 3.4000000000000004
      vertex 1.7534845871563096 3.595176185196668 3.4000000000000004
    endloop
  endfacet
  facet normal 0 0 1
    outer loop
      vertex 0.9676875823986709 -3.881182905103986 3.4000000000000004
      vertex 0.9676875823986709 3.881182905103986 3.4000000000000004
      vertex 0.6945927106677213 3.939231012048832 3.4000000000000004
    endloop
  endfacet
  facet normal 0 0 1
    outer loop
      vertex 1.2360679774997896 -3.804226065180614 3.4000000000000004
      vertex 1.2360679774997896 3.804226065180614 3.4000000000000004
      vertex 0.9676875823986709 3.881182905103986 3.4000000000000004
    endloop
  endfacet
  facet normal 0 0 1
    outer loop
      vertex 1.498426373663648 -3.7087354182671497 3.4000000000000004
      vertex 1.498426373663648 3.7087354182671497 3.4000000000000004
      vertex 1.2360679774997896 3.804226065180614 3.4000000000000004
    endloop
  endfacet
  facet normal 0 0 1
    outer loop
      vertex 3.990256201039297 -0.2790258949765012 3.4000000000000004
      vertex 4 0 3.4000000000000004
      vertex 3.990256201039297 0.2790258949765012 3.4000000000000004
    endloop
  endfacet
  facet normal 0 0 1
    outer loop
      vertex 3.990256201039297 -0.2790258949765012 3.4000000000000004
      vertex 3.990256201039297 0.2790258949765012 3.4000000000000004
      vertex 3.9610722749662814 0.5566924038402618 3.4000000000000004
    endloop
  endfacet
  facet normal 0 0 1
    outer loop
      vertex 3.9610722749662814 -0.5566924038402618 3.4000000000000004
      vertex 3.9610722749662814 0.5566924038402618 3.4000000000000004
      vertex 3.9125904029352228 0.8316467632710374 3.4000000000000004
    endloop
  endfacet
  facet normal 0 0 1
    outer loop
      vertex 3.9125904029352228 -0.8316467632710374 3.4000000000000004
      vertex 3.9125904029352228 0.8316467632710374 3.4000000000000004
      vertex 3.8450467837532756 1.1025494232679967 3.4000000000000004
    endloop
  endfacet
  facet normal 0 0 1
    outer loop
      vertex 3.8450467837532756 -1.1025494232679967 3.4000000000000004
      vertex 3.8450467837532756 1.1025494232679967 3.4000000000000004
      vertex 3.7587704831436337 1.3680805733026749 3.4000000000000004
    endloop
  endfacet
  facet normal 0 0 1
    outer loop
      vertex 3.7587704831436337 -1.3680805733026749 3.4000000000000004
      vertex 3.7587704831436337 1.3680805733026749 3.4000000000000004
      vertex 3.6541818305704035 1.6269465723032008 3.4000000000000004
    endloop
  endfacet
  facet normal 0 0 1
    outer loop
      vertex 3.6541818305704035 -1.6269465723032008 3.4000000000000004
      vertex 3.6541818305704035 1.6269465723032008 3.4000000000000004
      vertex 3.531790371435708 1.8778862511435632 3.4000000000000004
    endloop
  endfacet
  facet normal 0 0 1
    outer loop
      vertex 3.531790371435708 -1.8778862511435632 3.4000000000000004
      vertex 3.531790371435708 1.8778862511435632 3.4000000000000004
      vertex 3.392192384625704 2.1196770569328196 3.4000000000000004
    endloop
  endfacet
  facet normal 0 0 1
    outer loop
      vertex 3.064177772475912 -2.571150438746157 3.4000000000000004
      vertex 3.064177772475912 2.571150438746157 3.4000000000000004
      vertex 2.8773592013546048 2.778633481835989 3.4000000000000004
    endloop
  endfacet
  facet normal 0 0 1
    outer loop
      vertex 2.8773592013546048 -2.778633481835989 3.4000000000000004
      vertex 2.8773592013546048 2.778633481835989 3.4000000000000004
      vertex 2.676522425435433 2.972579301909577 3.4000000000000004
    endloop
  endfacet
  facet normal 0 0 1
    outer loop
      vertex 3.392192384625704 -2.1196770569328196 3.4000000000000004
      vertex 3.392192384625704 2.1196770569328196 3.4000000000000004
      vertex 3.23606797749979 2.3511410091698925 3.4000000000000004
    endloop
  endfacet
  facet normal 0 0 1
    outer loop
      vertex 3.23606797749979 -2.3511410091698925 3.4000000000000004
      vertex 3.23606797749979 2.3511410091698925 3.4000000000000004
      vertex 3.064177772475912 2.571150438746157 3.4000000000000004
    endloop
  endfacet
  facet normal 0 0 1
    outer loop
      vertex 2.676522425435433 -2.972579301909577 3.4000000000000004
      vertex 2.676522425435433 2.972579301909577 3.4000000000000004
      vertex 2.462645901302633 3.1520430144268876 3.4000000000000004
    endloop
  endfacet
  facet normal 0 0 1
    outer loop
      vertex 2.462645901302633 -3.1520430144268876 3.4000000000000004
      vertex 2.462645901302633 3.1520430144268876 3.4000000000000004
      vertex 2.2367716138829876 3.3161502902201665 3.4000000000000004
    endloop
  endfacet
  facet normal -0.8290375725550422 0.559192903470746 0
    outer loop
      vertex -3.392192384625704 2.1196770569328196 0.6
      vertex -3.392192384625704 2.1196770569328196 3.4000000000000004
      vertex -3.23606797749979 2.3511410091698925 3.4000000000000004
    endloop
  endfacet
  facet normal -0.7880107536067211 0.6156614753256593 0
    outer loop
      vertex -3.23606797749979 2.3511410091698925 0.6
      vertex -3.23606797749979 2.3511410091698925 3.4000000000000004
      vertex -3.064177772475912 2.571150438746157 3.4000000000000004
    endloop
  endfacet
  facet normal -0.743144825477395 0.6691306063588572 0
    outer loop
      vertex -3.064177772475912 2.571150438746157 0.6
      vertex -3.064177772475912 2.571150438746157 3.4000000000000004
      vertex -2.8773592013546048 2.778633481835989 3.4000000000000004
    endloop
  endfacet
  facet normal -0.6946583704589974 0.7193398003386511 0
    outer loop
      vertex -2.676522425435433 2.972579301909577 0.6
      vertex -2.8773592013546048 2.778633481835989 3.4000000000000004
      vertex -2.676522425435433 2.972579301909577 3.4000000000000004
    endloop
  endfacet
  facet normal -0.6427876096865387 0.7660444431189786 0
    outer loop
      vertex -2.462645901302633 3.1520430144268876 0.6
      vertex -2.676522425435433 2.972579301909577 3.4000000000000004
      vertex -2.462645901302633 3.1520430144268876 3.4000000000000004
    endloop
  endfacet
  facet normal -0.5877852522924734 0.8090169943749472 0
    outer loop
      vertex -2.2367716138829876 3.3161502902201665 0.6
      vertex -2.462645901302633 3.1520430144268876 3.4000000000000004
      vertex -2.2367716138829876 3.3161502902201665 3.4000000000000004
    endloop
  endfacet
  facet normal -0.5299192642332047 0.8480480961564262 0
    outer loop
      vertex -2 3.4641016151377544 0.6
      vertex -2.2367716138829876 3.3161502902201665 3.4000000000000004
      vertex -2 3.4641016151377544 3.4000000000000004
    endloop
  endfacet
  facet normal -0.4694715627858918 0.8829475928589264 0
    outer loop
      vertex -1.7534845871563096 3.595176185196668 0.6
      vertex -2 3.4641016151377544 3.4000000000000004
      vertex -1.7534845871563096 3.595176185196668 3.4000000000000004
    endloop
  endfacet
  facet normal -0.40673664307579993 0.913545457642601 0
    outer loop
      vertex -1.498426373663648 3.7087354182671497 0.6
      vertex -1.7534845871563096 3.595176185196668 3.4000000000000004
      vertex -1.498426373663648 3.7087354182671497 3.4000000000000004
    endloop
  endfacet
  facet normal -0.3420201433256679 0.9396926207859085 0
    outer loop
      vertex -1.2360679774997896 3.804226065180614 0.6
      vertex -1.498426373663648 3.7087354182671497 3.4000000000000004
      vertex -1.2360679774997896 3.804226065180614 3.4000000000000004
    endloop
  endfacet
  facet normal -0.27563735581699983 0.9612616959383186 0
    outer loop
      vertex -0.9676875823986709 3.881182905103986 0.6
      vertex -1.2360679774997896 3.804226065180614 3.4000000000000004
      vertex -0.9676875823986709 3.881182905103986 3.4000000000000004
    endloop
  endfacet
  facet normal 0.5299192642332047 0.8480480961564262 0
    outer loop
      vertex 2.2367716138829876 3.3161502902201665 0.6
      vertex 2 3.4641016151377544 3.4000000000000004
      vertex 2.2367716138829876 3.3161502902201665 3.4000000000000004
    endloop
  endfacet
  facet normal -0.20791169081775873 0.9781476007338058 0
    outer loop
      vertex -0.6945927106677213 3.939231012048832 0.6
      vertex -0.9676875823986709 3.881182905103986 3.4000000000000004
      vertex -0.6945927106677213 3.939231012048832 3.4000000000000004
    endloop
  endfacet
  facet normal -0.13917310096006535 0.9902680687415703 0
    outer loop
      vertex -0.4181138530706139 3.978087581473093 0.6
      vertex -0.6945927106677213 3.939231012048832 3.4000000000000004
      vertex -0.4181138530706139 3.978087581473093 3.4000000000000004
    endloop
  endfacet
  facet normal -0.06975647374412643 0.9975640502598241 0
    outer loop
      vertex -0.13959798681000388 3.997563308076383 0.6
      vertex -0.4181138530706139 3.978087581473093 3.4000000000000004
      vertex -0.13959798681000388 3.997563308076383 3.4000000000000004
    endloop
  endfacet
  facet normal 0 1 0
    outer loop
      vertex -0.13959798681000388 3.997563308076383 3.4000000000000004
      vertex 0.13959798681000388 3.997563308076383 3.4000000000000004
      vertex 0.13959798681000388 3.997563308076383 0.6
    endloop
  endfacet
  facet normal 0.06975647374412643 0.9975640502598241 0
    outer loop
      vertex 0.4181138530706139 3.978087581473093 0.6
      vertex 0.13959798681000388 3.997563308076383 3.4000000000000004
      vertex 0.4181138530706139 3.978087581473093 3.4000000000000004
    endloop
  endfacet
  facet normal 0.13917310096006535 0.9902680687415703 0
    outer loop
      vertex 0.6945927106677213 3.939231012048832 0.6
      vertex 0.4181138530706139 3.978087581473093 3.4000000000000004
      vertex 0.6945927106677213 3.939231012048832 3.4000000000000004
    endloop
  endfacet
  facet normal 0.3420201433256679 0.9396926207859085 0
    outer loop
      vertex 1.498426373663648 3.7087354182671497 0.6
      vertex 1.2360679774997896 3.804226065180614 3.4000000000000004
      vertex 1.498426373663648 3.7087354182671497 3.4000000000000004
    endloop
  endfacet
  facet normal 0.4694715627858918 0.8829475928589264 0
    outer loop
      vertex 2 3.4641016151377544 0.6
      vertex 1.7534845871563096 3.595176185196668 3.4000000000000004
      vertex 2 3.4641016151377544 3.4000000000000004
    endloop
  endfacet
  facet normal 0.40673664307579993 0.913545457642601 0
    outer loop
      vertex 1.7534845871563096 3.595176185196668 0.6
      vertex 1.498426373663648 3.7087354182671497 3.4000000000000004
      vertex 1.7534845871563096 3.595176185196668 3.4000000000000004
    endloop
  endfacet
  facet normal 0.27563735581699983 0.9612616959383186 0
    outer loop
      vertex 1.2360679774997896 3.804226065180614 0.6
      vertex 0.9676875823986709 3.881182905103986 3.4000000000000004
      vertex 1.2360679774997896 3.804226065180614 3.4000000000000004
    endloop
  endfacet
  facet normal 0.20791169081775873 0.9781476007338058 0
    outer loop
      vertex 0.9676875823986709 3.881182905103986 0.6
      vertex 0.6945927106677213 3.939231012048832 3.4000000000000004
      vertex 0.9676875823986709 3.881182905103986 3.4000000000000004
    endloop
  endfacet
  facet normal 0.8660254037844379 0.5000000000000011 0
    outer loop
      vertex 3.392192384625704 2.1196770569328196 0.6
      vertex 3.392192384625704 2.1196770569328196 3.4000000000000004
      vertex 3.531790371435708 1.8778862511435632 3.4000000000000004
    endloop
  endfacet
  facet normal 0.8290375725550422 0.559192903470746 0
    outer loop
      vertex 3.23606797749979 2.3511410091698925 0.6
      vertex 3.23606797749979 2.3511410091698925 3.4000000000000004
      vertex 3.392192384625704 2.1196770569328196 3.4000000000000004
    endloop
  endfacet
  facet normal 0.7880107536067211 0.6156614753256593 0
    outer loop
      vertex 3.064177772475912 2.571150438746157 0.6
      vertex 3.064177772475912 2.571150438746157 3.4000000000000004
      vertex 3.23606797749979 2.3511410091698925 3.4000000000000004
    endloop
  endfacet
  facet normal 0.743144825477395 0.6691306063588572 0
    outer loop
      vertex 2.8773592013546048 2.778633481835989 0.6
      vertex 2.8773592013546048 2.778633481835989 3.4000000000000004
      vertex 3.064177772475912 2.571150438746157 3.4000000000000004
    endloop
  endfacet
  facet normal 0.6946583704589974 0.7193398003386511 0
    outer loop
      vertex 2.8773592013546048 2.778633481835989 0.6
      vertex 2.676522425435433 2.972579301909577 3.4000000000000004
      vertex 2.8773592013546048 2.778633481835989 3.4000000000000004
    endloop
  endfacet
  facet normal 0.6427876096865387 0.7660444431189786 0
    outer loop
      vertex 2.676522425435433 2.972579301909577 0.6
      vertex 2.462645901302633 3.1520430144268876 3.4000000000000004
      vertex 2.676522425435433 2.972579301909577 3.4000000000000004
    endloop
  endfacet
  facet normal 0.5877852522924734 0.8090169943749472 0
    outer loop
      vertex 2.462645901302633 3.1520430144268876 0.6
      vertex 2.2367716138829876 3.3161502902201665 3.4000000000000004
      vertex 2.462645901302633 3.1520430144268876 3.4000000000000004
    endloop
  endfacet
  facet normal 0.23931566428755857 0.9709418174260518 0
    outer loop
      vertex -0.8624741381410035 -2.977606146057254 0.6
      vertex -0.6200796507057382 -3.03735102133103 2.8000000000000003
      vertex -0.6200796507057382 -3.03735102133103 0.6
    endloop
  endfacet
  facet normal 0.16041128085776088 0.9870502626379128 0
    outer loop
      vertex -0.6200796507057382 -3.03735102133103 0.6
      vertex -0.37366370879150057 -3.077397509703968 2.8000000000000003
      vertex -0.37366370879150057 -3.077397509703968 0.6
    endloop
  endfacet
  facet normal 0.08046656871672385 0.9967573081342103 0
    outer loop
      vertex -0.37366370879150057 -3.077397509703968 0.6
      vertex -0.12482441433918763 -3.0974858943318657 2.8000000000000003
      vertex -0.12482441433918763 -3.0974858943318657 0.6
    endloop
  endfacet
  facet normal 0 1 0
    outer loop
      vertex -0.12482441433918763 -3.0974858943318657 0.6
      vertex 0.12482441433918763 -3.0974858943318657 2.8000000000000003
      vertex 0.12482441433918763 -3.0974858943318657 0.6
    endloop
  endfacet
  facet normal -0.08046656871672385 0.9967573081342103 0
    outer loop
      vertex 0.12482441433918763 -3.0974858943318657 0.6
      vertex 0.37366370879150057 -3.077397509703968 2.8000000000000003
      vertex 0.37366370879150057 -3.077397509703968 0.6
    endloop
  endfacet
  facet normal -0.16041128085776088 0.9870502626379128 0
    outer loop
      vertex 0.37366370879150057 -3.077397509703968 0.6
      vertex 0.6200796507057382 -3.03735102133103 2.8000000000000003
      vertex 0.6200796507057382 -3.03735102133103 0.6
    endloop
  endfacet
  facet normal 0.3166679938014722 0.9485364419471456 0
    outer loop
      vertex -1.0992751498318607 -2.898550352324786 0.6
      vertex -0.8624741381410035 -2.977606146057254 2.8000000000000003
      vertex -0.8624741381410035 -2.977606146057254 0.6
    endloop
  endfacet
  facet normal 0.4647231720437689 0.8854560256532097 0
    outer loop
      vertex -1.3289469403494683 -2.800696347292185 0.6
      vertex -1.55 -2.68467875173176 0.6
      vertex -1.3289469403494683 -2.800696347292185 2.8000000000000003
    endloop
  endfacet
  facet normal 0.3919666098600751 0.9199794436588243 0
    outer loop
      vertex -1.3289469403494683 -2.800696347292185 0.6
      vertex -1.0992751498318607 -2.898550352324786 2.8000000000000003
      vertex -1.0992751498318607 -2.898550352324786 0.6
    endloop
  endfacet
  facet normal 0.6007422642379774 0.7994427634035023 0
    outer loop
      vertex -1.9605806643456694 -2.4012753816657297 0.6
      vertex -1.7610007148665827 -2.551249984270335 2.8000000000000003
      vertex -1.7610007148665827 -2.551249984270335 0.6
    endloop
  endfacet
  facet normal 0.5344658261278016 0.8451900855437945 0
    outer loop
      vertex -1.7610007148665827 -2.551249984270335 0.6
      vertex -1.55 -2.68467875173176 2.8000000000000003
      vertex -1.55 -2.68467875173176 0.6
    endloop
  endfacet
  facet normal 0.6631226582407955 0.7485107481711009 0
    outer loop
      vertex -1.9605806643456694 -2.4012753816657297 0.6
      vertex -2.147445495879758 -2.2357275867658255 0.6
      vertex -1.9605806643456694 -2.4012753816657297 2.8000000000000003
    endloop
  endfacet
  facet normal 0.7212024473438154 0.6927243535095987 0
    outer loop
      vertex -2.147445495879758 -2.2357275867658255 0.6
      vertex -2.320383319330413 -2.0556802405464656 0.6
      vertex -2.320383319330413 -2.0556802405464656 2.8000000000000003
    endloop
  endfacet
  facet normal -0.23931566428755663 0.9709418174260522 0
    outer loop
      vertex 0.6200796507057382 -3.03735102133103 0.6
      vertex 0.8624741381410019 -2.977606146057255 2.8000000000000003
      vertex 0.8624741381410019 -2.977606146057255 0.6
    endloop
  endfacet
  facet normal -0.3166679938014735 0.9485364419471451 0
    outer loop
      vertex 0.8624741381410019 -2.977606146057255 0.6
      vertex 1.0992751498318607 -2.898550352324786 2.8000000000000003
      vertex 1.0992751498318607 -2.898550352324786 0.6
    endloop
  endfacet
  facet normal -0.39196660986007575 0.9199794436588239 0
    outer loop
      vertex 1.0992751498318607 -2.898550352324786 0.6
      vertex 1.3289469403494667 -2.8006963472921855 2.8000000000000003
      vertex 1.3289469403494667 -2.8006963472921855 0.6
    endloop
  endfacet
  facet normal -0.46472317204376773 0.8854560256532102 0
    outer loop
      vertex 1.3289469403494667 -2.8006963472921855 0.6
      vertex 1.55 -2.68467875173176 2.8000000000000003
      vertex 1.55 -2.68467875173176 0.6
    endloop
  endfacet
  facet normal -0.5344658261278018 0.8451900855437944 0
    outer loop
      vertex 1.55 -2.68467875173176 0.6
      vertex 1.761000714866584 -2.551249984270334 2.8000000000000003
      vertex 1.761000714866584 -2.551249984270334 0.6
    endloop
  endfacet
  facet normal -0.6007422642379777 0.7994427634035021 0
    outer loop
      vertex 1.761000714866584 -2.551249984270334 0.6
      vertex 1.9605806643456694 -2.4012753816657297 2.8000000000000003
      vertex 1.9605806643456694 -2.4012753816657297 0.6
    endloop
  endfacet
  facet normal -0.6631226582407957 0.7485107481711005 0
    outer loop
      vertex 1.9605806643456694 -2.4012753816657297 0.6
      vertex 2.1474454958797593 -2.235727586765824 2.8000000000000003
      vertex 2.1474454958797593 -2.235727586765824 0.6
    endloop
  endfacet
  facet normal -0.7212024473438154 0.6927243535095984 0
    outer loop
      vertex 2.1474454958797593 -2.235727586765824 0.6
      vertex 2.1474454958797593 -2.235727586765824 2.8000000000000003
      vertex 2.320383319330413 -2.0556802405464656 0.6
    endloop
  endfacet
  facet normal 0 0 1
    outer loop
      vertex -0.6200796507057382 -3.03735102133103 0.6
      vertex -0.37366370879150057 -3.077397509703968 0.6
      vertex -0.3736637087915013 3.0773975097039674 0.6
    endloop
  endfacet
  facet normal 0 0 1
    outer loop
      vertex -0.37366370879150057 -3.077397509703968 0.6
      vertex -0.12482441433918763 -3.0974858943318657 0.6
      vertex -0.12482441433918688 3.0974858943318657 0.6
    endloop
  endfacet
  facet normal 0 0 1
    outer loop
      vertex -0.12482441433918763 -3.0974858943318657 0.6
      vertex 0.12482441433918763 -3.0974858943318657 0.6
      vertex 0.12482441433918688 3.0974858943318657 0.6
    endloop
  endfacet
  facet normal 0 0 1
    outer loop
      vertex 0.12482441433918763 -3.0974858943318657 0.6
      vertex 0.37366370879150057 -3.077397509703968 0.6
      vertex 0.3736637087915013 3.0773975097039674 0.6
    endloop
  endfacet
  facet normal 0 0 1
    outer loop
      vertex 0.37366370879150057 -3.077397509703968 0.6
      vertex 0.6200796507057382 -3.03735102133103 0.6
      vertex 0.6200796507057375 3.03735102133103 0.6
    endloop
  endfacet
  facet normal 0 0 1
    outer loop
      vertex 0.6200796507057382 -3.03735102133103 0.6
      vertex 0.8624741381410019 -2.977606146057255 0.6
      vertex 0.8624741381410035 2.977606146057254 0.6
    endloop
  endfacet
  facet normal 0 0 1
    outer loop
      vertex -2.6200892651857632 -1.6568440609961839 0.6
      vertex -2.4782725665508534 -1.8623010191377352 0.6
      vertex -2.4782725665508534 1.8623010191377352 0.6
    endloop
  endfacet
  facet normal 0 0 1
    outer loop
      vertex -1.9605806643456694 -2.4012753816657297 0.6
      vertex -1.7610007148665827 -2.551249984270335 0.6
      vertex -1.7610007148665827 2.551249984270335 0.6
    endloop
  endfacet
  facet normal 0 0 1
    outer loop
      vertex -1.3289469403494683 -2.800696347292185 0.6
      vertex -1.3289469403494683 2.800696347292185 0.6
      vertex -1.55 -2.68467875173176 0.6
    endloop
  endfacet
  facet normal 0 0 1
    outer loop
      vertex -1.0992751498318607 -2.898550352324786 0.6
      vertex -0.8624741381410035 -2.977606146057254 0.6
      vertex -0.8624741381410035 2.977606146057254 0.6
    endloop
  endfacet
  facet normal 0 0 1
    outer loop
      vertex -1.3289469403494683 -2.800696347292185 0.6
      vertex -1.0992751498318607 -2.898550352324786 0.6
      vertex -1.0992751498318607 2.898550352324786 0.6
    endloop
  endfacet
  facet normal 0 0 1
    outer loop
      vertex -1.7610007148665827 -2.551249984270335 0.6
      vertex -1.55 -2.68467875173176 0.6
      vertex -1.55 2.68467875173176 0.6
    endloop
  endfacet
  facet normal 0 0 1
    outer loop
      vertex -2.147445495879758 -2.2357275867658255 0.6
      vertex -2.147445495879758 2.2357275867658255 0.6
      vertex -2.320383319330413 -2.0556802405464656 0.6
    endloop
  endfacet
  facet normal 0 0 1
    outer loop
      vertex -1.9605806643456694 -2.4012753816657297 0.6
      vertex -1.9605806643456694 2.4012753816657297 0.6
      vertex -2.147445495879758 -2.2357275867658255 0.6
    endloop
  endfacet
  facet normal 0 0 1
    outer loop
      vertex -2.4782725665508534 -1.8623010191377352 0.6
      vertex -2.320383319330413 -2.0556802405464656 0.6
      vertex -2.320383319330413 2.0556802405464656 0.6
    endloop
  endfacet
  facet normal 0 0 1
    outer loop
      vertex -2.6200892651857632 -1.6568440609961839 0.6
      vertex -2.6200892651857632 1.6568440609961839 0.6
      vertex -2.7449136795249514 -1.4406418333356819 0.6
    endloop
  endfacet
  facet normal 0 0 1
    outer loop
      vertex -2.7449136795249514 -1.4406418333356819 0.6
      vertex -2.7449136795249514 1.4406418333356819 0.6
      vertex -2.8519362753423554 -1.2150964905662323 0.6
    endloop
  endfacet
  facet normal 0 0 1
    outer loop
      vertex -2.8519362753423554 -1.2150964905662323 0.6
      vertex -2.8519362753423554 1.2150964905662323 0.6
      vertex -2.9404629700361515 -0.9816707807845644 0.6
    endloop
  endfacet
  facet normal 0 0 1
    outer loop
      vertex -2.9404629700361515 -0.9816707807845644 0.6
      vertex -2.9404629700361515 0.9816707807845644 0.6
      vertex -3.0099196340207612 -0.7418785592914287 0.6
    endloop
  endfacet
  facet normal 0 0 1
    outer loop
      vertex -3.0099196340207612 -0.7418785592914287 0.6
      vertex -3.0099196340207612 0.7418785592914287 0.6
      vertex -3.05985581417753 -0.49727497065905657 0.6
    endloop
  endfacet
  facet normal 0 0 1
    outer loop
      vertex -3.05985581417753 -0.49727497065905657 0.6
      vertex -3.05985581417753 0.49727497065905657 0.6
      vertex -3.089947655216051 -0.24944636302185014 0.6
    endloop
  endfacet
  facet normal 0 0 1
    outer loop
      vertex -0.8624741381410035 -2.977606146057254 0.6
      vertex -0.6200796507057382 -3.03735102133103 0.6
      vertex -0.6200796507057375 3.03735102133103 0.6
    endloop
  endfacet
  facet normal 0 0 1
    outer loop
      vertex 0.8624741381410019 -2.977606146057255 0.6
      vertex 1.0992751498318607 -2.898550352324786 0.6
      vertex 1.0992751498318607 2.898550352324786 0.6
    endloop
  endfacet
  facet normal 0 0 1
    outer loop
      vertex 1.0992751498318607 -2.898550352324786 0.6
      vertex 1.3289469403494667 -2.8006963472921855 0.6
      vertex 1.3289469403494683 2.800696347292185 0.6
    endloop
  endfacet
  facet normal 0 0 1
    outer loop
      vertex 1.3289469403494667 -2.8006963472921855 0.6
      vertex 1.55 -2.68467875173176 0.6
      vertex 1.55 2.68467875173176 0.6
    endloop
  endfacet
  facet normal 0 0 1
    outer loop
      vertex 1.55 -2.68467875173176 0.6
      vertex 1.761000714866584 -2.551249984270334 0.6
      vertex 1.7610007148665827 2.551249984270335 0.6
    endloop
  endfacet
  facet normal 0 0 1
    outer loop
      vertex 1.761000714866584 -2.551249984270334 0.6
      vertex 1.9605806643456694 -2.4012753816657297 0.6
      vertex 1.9605806643456696 2.4012753816657293 0.6
    endloop
  endfacet
  facet normal 0 0 1
    outer loop
      vertex 1.9605806643456694 -2.4012753816657297 0.6
      vertex 2.1474454958797593 -2.235727586765824 0.6
      vertex 2.147445495879758 2.235727586765825 0.6
    endloop
  endfacet
  facet normal 0 0 1
    outer loop
      vertex 2.1474454958797593 -2.235727586765824 0.6
      vertex 2.320383319330413 -2.0556802405464656 0.6
      vertex 2.3203833193304133 2.055680240546465 0.6
    endloop
  endfacet
  facet normal 0 0 1
    outer loop
      vertex 2.320383319330413 -2.0556802405464656 0.6
      vertex 2.4782725665508543 -1.862301019137734 0.6
      vertex 2.478272566550854 1.8623010191377345 0.6
    endloop
  endfacet
  facet normal 0 0 1
    outer loop
      vertex 2.4782725665508543 -1.862301019137734 0.6
      vertex 2.6200892651857632 -1.6568440609961839 0.6
      vertex 2.6200892651857637 1.6568440609961832 0.6
    endloop
  endfacet
  facet normal 0 0 1
    outer loop
      vertex 2.6200892651857632 -1.6568440609961839 0.6
      vertex 2.7449136795249514 -1.4406418333356819 0.6
      vertex 2.744913679524951 1.4406418333356825 0.6
    endloop
  endfacet
  facet normal 0 0 1
    outer loop
      vertex 2.7449136795249514 -1.4406418333356819 0.6
      vertex 2.851936275342355 -1.2150964905662336 0.6
      vertex 2.8519362753423554 1.2150964905662327 0.6
    endloop
  endfacet
  facet normal 0 0 1
    outer loop
      vertex 2.851936275342355 -1.2150964905662336 0.6
      vertex 2.9404629700361515 -0.9816707807845644 0.6
      vertex 2.940462970036151 0.9816707807845647 0.6
    endloop
  endfacet
  facet normal 0 0 1
    outer loop
      vertex 2.9404629700361515 -0.9816707807845644 0.6
      vertex 3.009919634020761 -0.7418785592914302 0.6
      vertex 3.0099196340207612 0.7418785592914291 0.6
    endloop
  endfacet
  facet normal 0 0 1
    outer loop
      vertex 3.009919634020761 -0.7418785592914302 0.6
      vertex 3.05985581417753 -0.49727497065905657 0.6
      vertex 3.05985581417753 0.49727497065905674 0.6
    endloop
  endfacet
  facet normal 0 0 1
    outer loop
      vertex 3.05985581417753 -0.49727497065905657 0.6
      vertex 3.0899476552160507 -0.24944636302185164 0.6
      vertex 3.089947655216051 0.24944636302185022 0.6
    endloop
  endfacet
  facet normal 0 0 1
    outer loop
      vertex 3.0899476552160507 -0.24944636302185164 0.6
      vertex 3.1 0 0.6
      vertex 3.089947655216051 0.24944636302185022 0.6
    endloop
  endfacet
  facet normal 0.822983865893657 0.568064746731155 0
    outer loop
      vertex -2.6200892651857632 -1.6568440609961839 0.6
      vertex -2.6200892651857632 -1.6568440609961839 2.8000000000000003
      vertex -2.4782725665508534 -1.8623010191377352 0.6
    endloop
  endfacet
  facet normal 0.8660254037844377 0.5000000000000017 0
    outer loop
      vertex -2.6200892651857632 -1.6568440609961839 0.6
      vertex -2.7449136795249514 -1.4406418333356819 0.6
      vertex -2.7449136795249514 -1.4406418333356819 2.8000000000000003
    endloop
  endfacet
  facet normal 0.7746049618276538 0.6324453755953782 0
    outer loop
      vertex -2.4782725665508534 -1.8623010191377352 0.6
      vertex -2.4782725665508534 -1.8623010191377352 2.8000000000000003
      vertex -2.320383319330413 -2.0556802405464656 0.6
    endloop
  endfacet
  facet normal 0.9034504346103827 0.42869256140305334 0
    outer loop
      vertex -2.7449136795249514 -1.4406418333356819 0.6
      vertex -2.8519362753423554 -1.2150964905662323 0.6
      vertex -2.8519362753423554 -1.2150964905662323 2.8000000000000003
    endloop
  endfacet
  facet normal 0.9350162426854147 0.3546048870425359 0
    outer loop
      vertex -2.8519362753423554 -1.2150964905662323 0.6
      vertex -2.9404629700361515 -0.9816707807845644 0.6
      vertex -2.9404629700361515 -0.9816707807845644 2.8000000000000003
    endloop
  endfacet
  facet normal 0.9605181116313729 0.27821746391645097 0
    outer loop
      vertex -2.9404629700361515 -0.9816707807845644 0.6
      vertex -3.0099196340207612 -0.7418785592914287 0.6
      vertex -3.0099196340207612 -0.7418785592914287 2.8000000000000003
    endloop
  endfacet
  facet normal 0.9797906520422676 0.2000256937760455 0
    outer loop
      vertex -3.0099196340207612 -0.7418785592914287 0.6
      vertex -3.05985581417753 -0.49727497065905657 0.6
      vertex -3.05985581417753 -0.49727497065905657 2.8000000000000003
    endloop
  endfacet
  facet normal 0.9927088740980539 0.12053668025532334 0
    outer loop
      vertex -3.05985581417753 -0.49727497065905657 0.6
      vertex -3.089947655216051 -0.24944636302185014 0.6
      vertex -3.089947655216051 -0.24944636302185014 2.8000000000000003
    endloop
  endfacet
  facet normal 0.9991889981715697 0.04026594010941457 0
    outer loop
      vertex -3.089947655216051 -0.24944636302185014 0.6
      vertex -3.1 0 0.6
      vertex -3.1 0 2.8000000000000003
    endloop
  endfacet
  facet normal -0.7746049618276539 0.6324453755953782 0
    outer loop
      vertex 2.320383319330413 -2.0556802405464656 0.6
      vertex 2.320383319330413 -2.0556802405464656 2.8000000000000003
      vertex 2.4782725665508543 -1.862301019137734 0.6
    endloop
  endfacet
  facet normal -0.8229838658936572 0.5680647467311546 0
    outer loop
      vertex 2.4782725665508543 -1.862301019137734 0.6
      vertex 2.4782725665508543 -1.862301019137734 2.8000000000000003
      vertex 2.6200892651857632 -1.6568440609961839 0.6
    endloop
  endfacet
  facet normal -0.8660254037844377 0.5000000000000017 0
    outer loop
      vertex 2.6200892651857632 -1.6568440609961839 0.6
      vertex 2.6200892651857632 -1.6568440609961839 2.8000000000000003
      vertex 2.7449136795249514 -1.4406418333356819 0.6
    endloop
  endfacet
  facet normal -0.9034504346103823 0.428692561403054 0
    outer loop
      vertex 2.7449136795249514 -1.4406418333356819 0.6
      vertex 2.7449136795249514 -1.4406418333356819 2.8000000000000003
      vertex 2.851936275342355 -1.2150964905662336 0.6
    endloop
  endfacet
  facet normal -0.9350162426854148 0.35460488704253573 0
    outer loop
      vertex 2.851936275342355 -1.2150964905662336 0.6
      vertex 2.851936275342355 -1.2150964905662336 2.8000000000000003
      vertex 2.9404629700361515 -0.9816707807845644 0.6
    endloop
  endfacet
  facet normal -0.9605181116313727 0.2782174639164509 0
    outer loop
      vertex 2.9404629700361515 -0.9816707807845644 0.6
      vertex 2.9404629700361515 -0.9816707807845644 2.8000000000000003
      vertex 3.009919634020761 -0.7418785592914302 0.6
    endloop
  endfacet
  facet normal -0.9797906520422672 0.20002569377604595 0
    outer loop
      vertex 3.009919634020761 -0.7418785592914302 0.6
      vertex 3.009919634020761 -0.7418785592914302 2.8000000000000003
      vertex 3.05985581417753 -0.49727497065905657 0.6
    endloop
  endfacet
  facet normal -0.9927088740980541 0.1205366802553223 0
    outer loop
      vertex 3.05985581417753 -0.49727497065905657 0.6
      vertex 3.05985581417753 -0.49727497065905657 2.8000000000000003
      vertex 3.0899476552160507 -0.24944636302185164 0.6
    endloop
  endfacet
  facet normal -0.9991889981715695 0.040265940109416094 0
    outer loop
      vertex 3.0899476552160507 -0.24944636302185164 0.6
      vertex 3.0899476552160507 -0.24944636302185164 2.8000000000000003
      vertex 3.1 0 0.6
    endloop
  endfacet
  facet normal 0.16041128085776088 0.9870502626379128 0
    outer loop
      vertex -0.6200796507057382 -3.03735102133103 0.6
      vertex -0.6200796507057382 -3.03735102133103 2.8000000000000003
      vertex -0.37366370879150057 -3.077397509703968 2.8000000000000003
    endloop
  endfacet
  facet normal 0.08046656871672385 0.9967573081342103 0
    outer loop
      vertex -0.37366370879150057 -3.077397509703968 0.6
      vertex -0.37366370879150057 -3.077397509703968 2.8000000000000003
      vertex -0.12482441433918763 -3.0974858943318657 2.8000000000000003
    endloop
  endfacet
  facet normal 0 1 0
    outer loop
      vertex -0.12482441433918763 -3.0974858943318657 0.6
      vertex -0.12482441433918763 -3.0974858943318657 2.8000000000000003
      vertex 0.12482441433918763 -3.0974858943318657 2.8000000000000003
    endloop
  endfacet
  facet normal -0.08046656871672385 0.9967573081342103 0
    outer loop
      vertex 0.12482441433918763 -3.0974858943318657 0.6
      vertex 0.12482441433918763 -3.0974858943318657 2.8000000000000003
      vertex 0.37366370879150057 -3.077397509703968 2.8000000000000003
    endloop
  endfacet
  facet normal -0.16041128085776088 0.9870502626379128 0
    outer loop
      vertex 0.37366370879150057 -3.077397509703968 0.6
      vertex 0.37366370879150057 -3.077397509703968 2.8000000000000003
      vertex 0.6200796507057382 -3.03735102133103 2.8000000000000003
    endloop
  endfacet
  facet normal -0.23931566428755663 0.9709418174260522 0
    outer loop
      vertex 0.6200796507057382 -3.03735102133103 0.6
      vertex 0.6200796507057382 -3.03735102133103 2.8000000000000003
      vertex 0.8624741381410019 -2.977606146057255 2.8000000000000003
    endloop
  endfacet
  facet normal 0.3166679938014722 0.9485364419471456 0
    outer loop
      vertex -1.0992751498318607 -2.898550352324786 0.6
      vertex -1.0992751498318607 -2.898550352324786 2.8000000000000003
      vertex -0.8624741381410035 -2.977606146057254 2.8000000000000003
    endloop
  endfacet
  facet normal 0.3919666098600751 0.9199794436588243 0
    outer loop
      vertex -1.3289469403494683 -2.800696347292185 0.6
      vertex -1.3289469403494683 -2.800696347292185 2.8000000000000003
      vertex -1.0992751498318607 -2.898550352324786 2.8000000000000003
    endloop
  endfacet
  facet normal 0.5344658261278016 0.8451900855437945 0
    outer loop
      vertex -1.7610007148665827 -2.551249984270335 0.6
      vertex -1.7610007148665827 -2.551249984270335 2.8000000000000003
      vertex -1.55 -2.68467875173176 2.8000000000000003
    endloop
  endfacet
  facet normal 0.4647231720437689 0.8854560256532097 0
    outer loop
      vertex -1.55 -2.68467875173176 0.6
      vertex -1.55 -2.68467875173176 2.8000000000000003
      vertex -1.3289469403494683 -2.800696347292185 2.8000000000000003
    endloop
  endfacet
  facet normal 0.6007422642379774 0.7994427634035023 0
    outer loop
      vertex -1.9605806643456694 -2.4012753816657297 0.6
      vertex -1.9605806643456694 -2.4012753816657297 2.8000000000000003
      vertex -1.7610007148665827 -2.551249984270335 2.8000000000000003
    endloop
  endfacet
  facet normal 0.6631226582407955 0.7485107481711009 0
    outer loop
      vertex -2.147445495879758 -2.2357275867658255 0.6
      vertex -2.147445495879758 -2.2357275867658255 2.8000000000000003
      vertex -1.9605806643456694 -2.4012753816657297 2.8000000000000003
    endloop
  endfacet
  facet normal 0.7212024473438154 0.6927243535095987 0
    outer loop
      vertex -2.147445495879758 -2.2357275867658255 0.6
      vertex -2.320383319330413 -2.0556802405464656 2.8000000000000003
      vertex -2.147445495879758 -2.2357275867658255 2.8000000000000003
    endloop
  endfacet
  facet normal 0.23931566428755857 0.9709418174260518 0
    outer loop
      vertex -0.8624741381410035 -2.977606146057254 0.6
      vertex -0.8624741381410035 -2.977606146057254 2.8000000000000003
      vertex -0.6200796507057382 -3.03735102133103 2.8000000000000003
    endloop
  endfacet
  facet normal -0.3166679938014735 0.9485364419471451 0
    outer loop
      vertex 0.8624741381410019 -2.977606146057255 0.6
      vertex 0.8624741381410019 -2.977606146057255 2.8000000000000003
      vertex 1.0992751498318607 -2.898550352324786 2.8000000000000003
    endloop
  endfacet
  facet normal -0.39196660986007575 0.9199794436588239 0
    outer loop
      vertex 1.0992751498318607 -2.898550352324786 0.6
      vertex 1.0992751498318607 -2.898550352324786 2.8000000000000003
      vertex 1.3289469403494667 -2.8006963472921855 2.8000000000000003
    endloop
  endfacet
  facet normal -0.46472317204376773 0.8854560256532102 0
    outer loop
      vertex 1.3289469403494667 -2.8006963472921855 0.6
      vertex 1.3289469403494667 -2.8006963472921855 2.8000000000000003
      vertex 1.55 -2.68467875173176 2.8000000000000003
    endloop
  endfacet
  facet normal -0.5344658261278018 0.8451900855437944 0
    outer loop
      vertex 1.55 -2.68467875173176 0.6
      vertex 1.55 -2.68467875173176 2.8000000000000003
      vertex 1.761000714866584 -2.551249984270334 2.8000000000000003
    endloop
  endfacet
  facet normal -0.6007422642379777 0.7994427634035021 0
    outer loop
      vertex 1.761000714866584 -2.551249984270334 0.6
      vertex 1.761000714866584 -2.551249984270334 2.8000000000000003
      vertex 1.9605806643456694 -2.4012753816657297 2.8000000000000003
    endloop
  endfacet
  facet normal -0.6631226582407957 0.7485107481711005 0
    outer loop
      vertex 1.9605806643456694 -2.4012753816657297 0.6
      vertex 1.9605806643456694 -2.4012753816657297 2.8000000000000003
      vertex 2.1474454958797593 -2.235727586765824 2.8000000000000003
    endloop
  endfacet
  facet normal -0.7212024473438154 0.6927243535095984 0
    outer loop
      vertex 2.320383319330413 -2.0556802405464656 0.6
      vertex 2.1474454958797593 -2.235727586765824 2.8000000000000003
      vertex 2.320383319330413 -2.0556802405464656 2.8000000000000003
    endloop
  endfacet
  facet normal 0.822983865893657 0.568064746731155 0
    outer loop
      vertex -2.4782725665508534 -1.8623010191377352 0.6
      vertex -2.6200892651857632 -1.6568440609961839 2.8000000000000003
      vertex -2.4782725665508534 -1.8623010191377352 2.8000000000000003
    endloop
  endfacet
  facet normal 0.8660254037844377 0.5000000000000017 0
    outer loop
      vertex -2.6200892651857632 -1.6568440609961839 0.6
      vertex -2.7449136795249514 -1.4406418333356819 2.8000000000000003
      vertex -2.6200892651857632 -1.6568440609961839 2.8000000000000003
    endloop
  endfacet
  facet normal 0.7746049618276538 0.6324453755953782 0
    outer loop
      vertex -2.320383319330413 -2.0556802405464656 0.6
      vertex -2.4782725665508534 -1.8623010191377352 2.8000000000000003
      vertex -2.320383319330413 -2.0556802405464656 2.8000000000000003
    endloop
  endfacet
  facet normal 0.9034504346103827 0.42869256140305334 0
    outer loop
      vertex -2.7449136795249514 -1.4406418333356819 0.6
      vertex -2.8519362753423554 -1.2150964905662323 2.8000000000000003
      vertex -2.7449136795249514 -1.4406418333356819 2.8000000000000003
    endloop
  endfacet
  facet normal 0.9350162426854147 0.3546048870425359 0
    outer loop
      vertex -2.8519362753423554 -1.2150964905662323 0.6
      vertex -2.9404629700361515 -0.9816707807845644 2.8000000000000003
      vertex -2.8519362753423554 -1.2150964905662323 2.8000000000000003
    endloop
  endfacet
  facet normal 0.9605181116313729 0.27821746391645097 0
    outer loop
      vertex -2.9404629700361515 -0.9816707807845644 0.6
      vertex -3.0099196340207612 -0.7418785592914287 2.8000000000000003
      vertex -2.9404629700361515 -0.9816707807845644 2.8000000000000003
    endloop
  endfacet
  facet normal 0.9797906520422676 0.2000256937760455 0
    outer loop
      vertex -3.0099196340207612 -0.7418785592914287 0.6
      vertex -3.05985581417753 -0.49727497065905657 2.8000000000000003
      vertex -3.0099196340207612 -0.7418785592914287 2.8000000000000003
    endloop
  endfacet
  facet normal 0.9927088740980539 0.12053668025532334 0
    outer loop
      vertex -3.05985581417753 -0.49727497065905657 0.6
      vertex -3.089947655216051 -0.24944636302185014 2.8000000000000003
      vertex -3.05985581417753 -0.49727497065905657 2.8000000000000003
    endloop
  endfacet
  facet normal 0.9991889981715697 0.04026594010941457 0
    outer loop
      vertex -3.089947655216051 -0.24944636302185014 0.6
      vertex -3.1 0 2.8000000000000003
      vertex -3.089947655216051 -0.24944636302185014 2.8000000000000003
    endloop
  endfacet
  facet normal -0.7746049618276539 0.6324453755953782 0
    outer loop
      vertex 2.4782725665508543 -1.862301019137734 0.6
      vertex 2.320383319330413 -2.0556802405464656 2.8000000000000003
      vertex 2.4782725665508543 -1.862301019137734 2.8000000000000003
    endloop
  endfacet
  facet normal -0.8229838658936572 0.5680647467311546 0
    outer loop
      vertex 2.6200892651857632 -1.6568440609961839 0.6
      vertex 2.4782725665508543 -1.862301019137734 2.8000000000000003
      vertex 2.6200892651857632 -1.6568440609961839 2.8000000000000003
    endloop
  endfacet
  facet normal -0.8660254037844377 0.5000000000000017 0
    outer loop
      vertex 2.7449136795249514 -1.4406418333356819 0.6
      vertex 2.6200892651857632 -1.6568440609961839 2.8000000000000003
      vertex 2.7449136795249514 -1.4406418333356819 2.8000000000000003
    endloop
  endfacet
  facet normal -0.9034504346103823 0.428692561403054 0
    outer loop
      vertex 2.851936275342355 -1.2150964905662336 0.6
      vertex 2.7449136795249514 -1.4406418333356819 2.8000000000000003
      vertex 2.851936275342355 -1.2150964905662336 2.8000000000000003
    endloop
  endfacet
  facet normal -0.9350162426854148 0.35460488704253573 0
    outer loop
      vertex 2.9404629700361515 -0.9816707807845644 0.6
      vertex 2.851936275342355 -1.2150964905662336 2.8000000000000003
      vertex 2.9404629700361515 -0.9816707807845644 2.8000000000000003
    endloop
  endfacet
  facet normal -0.9605181116313727 0.2782174639164509 0
    outer loop
      vertex 3.009919634020761 -0.7418785592914302 0.6
      vertex 2.9404629700361515 -0.9816707807845644 2.8000000000000003
      vertex 3.009919634020761 -0.7418785592914302 2.8000000000000003
    endloop
  endfacet
  facet normal -0.9797906520422672 0.20002569377604595 0
    outer loop
      vertex 3.05985581417753 -0.49727497065905657 0.6
      vertex 3.009919634020761 -0.7418785592914302 2.8000000000000003
      vertex 3.05985581417753 -0.49727497065905657 2.8000000000000003
    endloop
  endfacet
  facet normal -0.9927088740980541 0.1205366802553223 0
    outer loop
      vertex 3.0899476552160507 -0.24944636302185164 0.6
      vertex 3.05985581417753 -0.49727497065905657 2.8000000000000003
      vertex 3.0899476552160507 -0.24944636302185164 2.8000000000000003
    endloop
  endfacet
  facet normal -0.9991889981715695 0.040265940109416094 0
    outer loop
      vertex 3.0899476552160507 -0.24944636302185164 2.8000000000000003
      vertex 3.1 0 2.8000000000000003
      vertex 3.1 0 0.6
    endloop
  endfacet
  facet normal 0 0 -1
    outer loop
      vertex -0.8624741381410035 -2.977606146057254 2.8000000000000003
      vertex -0.8624741381410035 2.977606146057254 2.8000000000000003
      vertex -0.6200796507057382 -3.03735102133103 2.8000000000000003
    endloop
  endfacet
  facet normal 0 0 -1
    outer loop
      vertex -0.6200796507057382 -3.03735102133103 2.8000000000000003
      vertex -0.6200796507057375 3.03735102133103 2.8000000000000003
      vertex -0.37366370879150057 -3.077397509703968 2.8000000000000003
    endloop
  endfacet
  facet normal 0 0 -1
    outer loop
      vertex -0.37366370879150057 -3.077397509703968 2.8000000000000003
      vertex -0.3736637087915013 3.0773975097039674 2.8000000000000003
      vertex -0.12482441433918763 -3.0974858943318657 2.8000000000000003
    endloop
  endfacet
  facet normal 0 0 -1
    outer loop
      vertex -0.12482441433918763 -3.0974858943318657 2.8000000000000003
      vertex -0.12482441433918688 3.0974858943318657 2.8000000000000003
      vertex 0.12482441433918763 -3.0974858943318657 2.8000000000000003
    endloop
  endfacet
  facet normal 0 0 -1
    outer loop
      vertex 0.12482441433918763 -3.0974858943318657 2.8000000000000003
      vertex 0.12482441433918688 3.0974858943318657 2.8000000000000003
      vertex 0.37366370879150057 -3.077397509703968 2.8000000000000003
    endloop
  endfacet
  facet normal 0 0 -1
    outer loop
      vertex 0.37366370879150057 -3.077397509703968 2.8000000000000003
      vertex 0.3736637087915013 3.0773975097039674 2.8000000000000003
      vertex 0.6200796507057382 -3.03735102133103 2.8000000000000003
    endloop
  endfacet
  facet normal 0 0 -1
    outer loop
      vertex -2.6200892651857632 -1.6568440609961839 2.8000000000000003
      vertex -2.6200892651857632 1.6568440609961839 2.8000000000000003
      vertex -2.4782725665508534 -1.8623010191377352 2.8000000000000003
    endloop
  endfacet
  facet normal 0 0 -1
    outer loop
      vertex -2.6200892651857632 -1.6568440609961839 2.8000000000000003
      vertex -2.7449136795249514 -1.4406418333356819 2.8000000000000003
      vertex -2.7449136795249514 1.4406418333356819 2.8000000000000003
    endloop
  endfacet
  facet normal 0 0 -1
    outer loop
      vertex -1.7610007148665827 -2.551249984270335 2.8000000000000003
      vertex -1.7610007148665827 2.551249984270335 2.8000000000000003
      vertex -1.55 -2.68467875173176 2.8000000000000003
    endloop
  endfacet
  facet normal 0 0 -1
    outer loop
      vertex -1.9605806643456694 -2.4012753816657297 2.8000000000000003
      vertex -2.147445495879758 -2.2357275867658255 2.8000000000000003
      vertex -2.147445495879758 2.2357275867658255 2.8000000000000003
    endloop
  endfacet
  facet normal 0 0 -1
    outer loop
      vertex -1.9605806643456694 -2.4012753816657297 2.8000000000000003
      vertex -1.9605806643456694 2.4012753816657297 2.8000000000000003
      vertex -1.7610007148665827 -2.551249984270335 2.8000000000000003
    endloop
  endfacet
  facet normal 0 0 -1
    outer loop
      vertex -1.3289469403494683 -2.800696347292185 2.8000000000000003
      vertex -1.55 -2.68467875173176 2.8000000000000003
      vertex -1.55 2.68467875173176 2.8000000000000003
    endloop
  endfacet
  facet normal 0 0 -1
    outer loop
      vertex -1.3289469403494683 -2.800696347292185 2.8000000000000003
      vertex -1.3289469403494683 2.800696347292185 2.8000000000000003
      vertex -1.0992751498318607 -2.898550352324786 2.8000000000000003
    endloop
  endfacet
  facet normal 0 0 -1
    outer loop
      vertex -1.0992751498318607 -2.898550352324786 2.8000000000000003
      vertex -1.0992751498318607 2.898550352324786 2.8000000000000003
      vertex -0.8624741381410035 -2.977606146057254 2.8000000000000003
    endloop
  endfacet
  facet normal 0 0 -1
    outer loop
      vertex -2.147445495879758 -2.2357275867658255 2.8000000000000003
      vertex -2.320383319330413 -2.0556802405464656 2.8000000000000003
      vertex -2.320383319330413 2.0556802405464656 2.8000000000000003
    endloop
  endfacet
  facet normal 0 0 -1
    outer loop
      vertex -2.4782725665508534 -1.8623010191377352 2.8000000000000003
      vertex -2.4782725665508534 1.8623010191377352 2.8000000000000003
      vertex -2.320383319330413 -2.0556802405464656 2.8000000000000003
    endloop
  endfacet
  facet normal 0 0 -1
    outer loop
      vertex -2.8519362753423554 -1.2150964905662323 2.8000000000000003
      vertex -2.9404629700361515 -0.9816707807845644 2.8000000000000003
      vertex -2.9404629700361515 0.9816707807845644 2.8000000000000003
    endloop
  endfacet
  facet normal 0 0 -1
    outer loop
      vertex -2.7449136795249514 -1.4406418333356819 2.8000000000000003
      vertex -2.8519362753423554 -1.2150964905662323 2.8000000000000003
      vertex -2.8519362753423554 1.2150964905662323 2.8000000000000003
    endloop
  endfacet
  facet normal 0 0 -1
    outer loop
      vertex -2.9404629700361515 -0.9816707807845644 2.8000000000000003
      vertex -3.0099196340207612 -0.7418785592914287 2.8000000000000003
      vertex -3.0099196340207612 0.7418785592914287 2.8000000000000003
    endloop
  endfacet
  facet normal 0 0 -1
    outer loop
      vertex -3.0099196340207612 -0.7418785592914287 2.8000000000000003
      vertex -3.05985581417753 -0.49727497065905657 2.8000000000000003
      vertex -3.05985581417753 0.49727497065905657 2.8000000000000003
    endloop
  endfacet
  facet normal 0 0 -1
    outer loop
      vertex -3.05985581417753 -0.49727497065905657 2.8000000000000003
      vertex -3.089947655216051 -0.24944636302185014 2.8000000000000003
      vertex -3.089947655216051 0.24944636302185014 2.8000000000000003
    endloop
  endfacet
  facet normal 0 0 -1
    outer loop
      vertex 0.6200796507057382 -3.03735102133103 2.8000000000000003
      vertex 0.6200796507057375 3.03735102133103 2.8000000000000003
      vertex 0.8624741381410019 -2.977606146057255 2.8000000000000003
    endloop
  endfacet
  facet normal 0 0 -1
    outer loop
      vertex 0.8624741381410019 -2.977606146057255 2.8000000000000003
      vertex 0.8624741381410035 2.977606146057254 2.8000000000000003
      vertex 1.0992751498318607 -2.898550352324786 2.8000000000000003
    endloop
  endfacet
  facet normal 0 0 -1
    outer loop
      vertex 1.0992751498318607 -2.898550352324786 2.8000000000000003
      vertex 1.0992751498318607 2.898550352324786 2.8000000000000003
      vertex 1.3289469403494667 -2.8006963472921855 2.8000000000000003
    endloop
  endfacet
  facet normal 0 0 -1
    outer loop
      vertex 1.3289469403494667 -2.8006963472921855 2.8000000000000003
      vertex 1.3289469403494683 2.800696347292185 2.8000000000000003
      vertex 1.55 -2.68467875173176 2.8000000000000003
    endloop
  endfacet
  facet normal 0 0 -1
    outer loop
      vertex 1.55 -2.68467875173176 2.8000000000000003
      vertex 1.55 2.68467875173176 2.8000000000000003
      vertex 1.761000714866584 -2.551249984270334 2.8000000000000003
    endloop
  endfacet
  facet normal 0 0 -1
    outer loop
      vertex 1.761000714866584 -2.551249984270334 2.8000000000000003
      vertex 1.7610007148665827 2.551249984270335 2.8000000000000003
      vertex 1.9605806643456694 -2.4012753816657297 2.8000000000000003
    endloop
  endfacet
  facet normal 0 0 -1
    outer loop
      vertex 1.9605806643456694 -2.4012753816657297 2.8000000000000003
      vertex 1.9605806643456696 2.4012753816657293 2.8000000000000003
      vertex 2.1474454958797593 -2.235727586765824 2.8000000000000003
    endloop
  endfacet
  facet normal 0 0 -1
    outer loop
      vertex 2.1474454958797593 -2.235727586765824 2.8000000000000003
      vertex 2.147445495879758 2.235727586765825 2.8000000000000003
      vertex 2.320383319330413 -2.0556802405464656 2.8000000000000003
    endloop
  endfacet
  facet normal 0 0 -1
    outer loop
      vertex 2.320383319330413 -2.0556802405464656 2.8000000000000003
      vertex 2.3203833193304133 2.055680240546465 2.8000000000000003
      vertex 2.4782725665508543 -1.862301019137734 2.8000000000000003
    endloop
  endfacet
  facet normal 0 0 -1
    outer loop
      vertex 2.4782725665508543 -1.862301019137734 2.8000000000000003
      vertex 2.478272566550854 1.8623010191377345 2.8000000000000003
      vertex 2.6200892651857632 -1.6568440609961839 2.8000000000000003
    endloop
  endfacet
  facet normal 0 0 -1
    outer loop
      vertex 2.6200892651857632 -1.6568440609961839 2.8000000000000003
      vertex 2.6200892651857637 1.6568440609961832 2.8000000000000003
      vertex 2.7449136795249514 -1.4406418333356819 2.8000000000000003
    endloop
  endfacet
  facet normal 0 0 -1
    outer loop
      vertex 2.7449136795249514 -1.4406418333356819 2.8000000000000003
      vertex 2.744913679524951 1.4406418333356825 2.8000000000000003
      vertex 2.851936275342355 -1.2150964905662336 2.8000000000000003
    endloop
  endfacet
  facet normal 0 0 -1
    outer loop
      vertex 2.851936275342355 -1.2150964905662336 2.8000000000000003
      vertex 2.8519362753423554 1.2150964905662327 2.8000000000000003
      vertex 2.9404629700361515 -0.9816707807845644 2.8000000000000003
    endloop
  endfacet
  facet normal 0 0 -1
    outer loop
      vertex 2.9404629700361515 -0.9816707807845644 2.8000000000000003
      vertex 2.940462970036151 0.9816707807845647 2.8000000000000003
      vertex 3.009919634020761 -0.7418785592914302 2.8000000000000003
    endloop
  endfacet
  facet normal 0 0 -1
    outer loop
      vertex 3.009919634020761 -0.7418785592914302 2.8000000000000003
      vertex 3.0099196340207612 0.7418785592914291 2.8000000000000003
      vertex 3.05985581417753 -0.49727497065905657 2.8000000000000003
    endloop
  endfacet
  facet normal 0 0 -1
    outer loop
      vertex 3.05985581417753 -0.49727497065905657 2.8000000000000003
      vertex 3.05985581417753 0.49727497065905674 2.8000000000000003
      vertex 3.0899476552160507 -0.24944636302185164 2.8000000000000003
    endloop
  endfacet
  facet normal 0 0 -1
    outer loop
      vertex 3.0899476552160507 -0.24944636302185164 2.8000000000000003
      vertex 3.089947655216051 0.24944636302185022 2.8000000000000003
      vertex 3.1 0 2.8000000000000003
    endloop
  endfacet
  facet normal 0 0 1
    outer loop
      vertex -3.089947655216051 -0.24944636302185014 0.6
      vertex -3.089947655216051 0.24944636302185014 0.6
      vertex -3.1 0 0.6
    endloop
  endfacet
  facet normal 0 0 1
    outer loop
      vertex -3.089947655216051 -0.24944636302185014 0.6
      vertex -3.05985581417753 0.49727497065905657 0.6
      vertex -3.089947655216051 0.24944636302185014 0.6
    endloop
  endfacet
  facet normal 0 0 1
    outer loop
      vertex -3.05985581417753 -0.49727497065905657 0.6
      vertex -3.0099196340207612 0.7418785592914287 0.6
      vertex -3.05985581417753 0.49727497065905657 0.6
    endloop
  endfacet
  facet normal 0 0 1
    outer loop
      vertex -3.0099196340207612 -0.7418785592914287 0.6
      vertex -2.9404629700361515 0.9816707807845644 0.6
      vertex -3.0099196340207612 0.7418785592914287 0.6
    endloop
  endfacet
  facet normal 0 0 1
    outer loop
      vertex -2.9404629700361515 -0.9816707807845644 0.6
      vertex -2.8519362753423554 1.2150964905662323 0.6
      vertex -2.9404629700361515 0.9816707807845644 0.6
    endloop
  endfacet
  facet normal 0 0 1
    outer loop
      vertex -2.8519362753423554 -1.2150964905662323 0.6
      vertex -2.7449136795249514 1.4406418333356819 0.6
      vertex -2.8519362753423554 1.2150964905662323 0.6
    endloop
  endfacet
  facet normal 0 0 1
    outer loop
      vertex -2.7449136795249514 -1.4406418333356819 0.6
      vertex -2.6200892651857632 1.6568440609961839 0.6
      vertex -2.7449136795249514 1.4406418333356819 0.6
    endloop
  endfacet
  facet normal 0 0 1
    outer loop
      vertex -2.6200892651857632 -1.6568440609961839 0.6
      vertex -2.4782725665508534 1.8623010191377352 0.6
      vertex -2.6200892651857632 1.6568440609961839 0.6
    endloop
  endfacet
  facet normal 0 0 1
    outer loop
      vertex -2.4782725665508534 -1.8623010191377352 0.6
      vertex -2.320383319330413 2.0556802405464656 0.6
      vertex -2.4782725665508534 1.8623010191377352 0.6
    endloop
  endfacet
  facet normal 0 0 1
    outer loop
      vertex -2.320383319330413 -2.0556802405464656 0.6
      vertex -2.147445495879758 2.2357275867658255 0.6
      vertex -2.320383319330413 2.0556802405464656 0.6
    endloop
  endfacet
  facet normal 0 0 1
    outer loop
      vertex -2.147445495879758 -2.2357275867658255 0.6
      vertex -1.9605806643456694 2.4012753816657297 0.6
      vertex -2.147445495879758 2.2357275867658255 0.6
    endloop
  endfacet
  facet normal 0 0 1
    outer loop
      vertex -1.9605806643456694 -2.4012753816657297 0.6
      vertex -1.7610007148665827 2.551249984270335 0.6
      vertex -1.9605806643456694 2.4012753816657297 0.6
    endloop
  endfacet
  facet normal 0 0 1
    outer loop
      vertex -1.7610007148665827 -2.551249984270335 0.6
      vertex -1.55 2.68467875173176 0.6
      vertex -1.7610007148665827 2.551249984270335 0.6
    endloop
  endfacet
  facet normal 0 0 1
    outer loop
      vertex -1.55 -2.68467875173176 0.6
      vertex -1.3289469403494683 2.800696347292185 0.6
      vertex -1.55 2.68467875173176 0.6
    endloop
  endfacet
  facet normal 0 0 1
    outer loop
      vertex -1.3289469403494683 -2.800696347292185 0.6
      vertex -1.0992751498318607 2.898550352324786 0.6
      vertex -1.3289469403494683 2.800696347292185 0.6
    endloop
  endfacet
  facet normal 0 0 1
    outer loop
      vertex -1.0992751498318607 -2.898550352324786 0.6
      vertex -0.8624741381410035 2.977606146057254 0.6
      vertex -1.0992751498318607 2.898550352324786 0.6
    endloop
  endfacet
  facet normal 0 0 1
    outer loop
      vertex 2.1474454958797593 -2.235727586765824 0.6
      vertex 2.3203833193304133 2.055680240546465 0.6
      vertex 2.147445495879758 2.235727586765825 0.6
    endloop
  endfacet
  facet normal 0 0 1
    outer loop
      vertex 1.9605806643456694 -2.4012753816657297 0.6
      vertex 2.147445495879758 2.235727586765825 0.6
      vertex 1.9605806643456696 2.4012753816657293 0.6
    endloop
  endfacet
  facet normal 0 0 1
    outer loop
      vertex 0.6200796507057382 -3.03735102133103 0.6
      vertex 0.8624741381410035 2.977606146057254 0.6
      vertex 0.6200796507057375 3.03735102133103 0.6
    endloop
  endfacet
  facet normal 0 0 1
    outer loop
      vertex 0.8624741381410019 -2.977606146057255 0.6
      vertex 1.0992751498318607 2.898550352324786 0.6
      vertex 0.8624741381410035 2.977606146057254 0.6
    endloop
  endfacet
  facet normal 0 0 1
    outer loop
      vertex 1.0992751498318607 -2.898550352324786 0.6
      vertex 1.3289469403494683 2.800696347292185 0.6
      vertex 1.0992751498318607 2.898550352324786 0.6
    endloop
  endfacet
  facet normal 0 0 1
    outer loop
      vertex 1.3289469403494667 -2.8006963472921855 0.6
      vertex 1.55 2.68467875173176 0.6
      vertex 1.3289469403494683 2.800696347292185 0.6
    endloop
  endfacet
  facet normal 0 0 1
    outer loop
      vertex 1.761000714866584 -2.551249984270334 0.6
      vertex 1.9605806643456696 2.4012753816657293 0.6
      vertex 1.7610007148665827 2.551249984270335 0.6
    endloop
  endfacet
  facet normal 0 0 1
    outer loop
      vertex 1.55 -2.68467875173176 0.6
      vertex 1.7610007148665827 2.551249984270335 0.6
      vertex 1.55 2.68467875173176 0.6
    endloop
  endfacet
  facet normal 0 0 1
    outer loop
      vertex -0.8624741381410035 -2.977606146057254 0.6
      vertex -0.6200796507057375 3.03735102133103 0.6
      vertex -0.8624741381410035 2.977606146057254 0.6
    endloop
  endfacet
  facet normal 0 0 1
    outer loop
      vertex -0.6200796507057382 -3.03735102133103 0.6
      vertex -0.3736637087915013 3.0773975097039674 0.6
      vertex -0.6200796507057375 3.03735102133103 0.6
    endloop
  endfacet
  facet normal 0 0 1
    outer loop
      vertex -0.37366370879150057 -3.077397509703968 0.6
      vertex -0.12482441433918688 3.0974858943318657 0.6
      vertex -0.3736637087915013 3.0773975097039674 0.6
    endloop
  endfacet
  facet normal 0 0 1
    outer loop
      vertex -0.12482441433918763 -3.0974858943318657 0.6
      vertex 0.12482441433918688 3.0974858943318657 0.6
      vertex -0.12482441433918688 3.0974858943318657 0.6
    endloop
  endfacet
  facet normal 0 0 1
    outer loop
      vertex 0.12482441433918763 -3.0974858943318657 0.6
      vertex 0.3736637087915013 3.0773975097039674 0.6
      vertex 0.12482441433918688 3.0974858943318657 0.6
    endloop
  endfacet
  facet normal 0 0 1
    outer loop
      vertex 0.37366370879150057 -3.077397509703968 0.6
      vertex 0.6200796507057375 3.03735102133103 0.6
      vertex 0.3736637087915013 3.0773975097039674 0.6
    endloop
  endfacet
  facet normal 0 0 1
    outer loop
      vertex 3.009919634020761 -0.7418785592914302 0.6
      vertex 3.05985581417753 0.49727497065905674 0.6
      vertex 3.0099196340207612 0.7418785592914291 0.6
    endloop
  endfacet
  facet normal 0 0 1
    outer loop
      vertex 2.9404629700361515 -0.9816707807845644 0.6
      vertex 3.0099196340207612 0.7418785592914291 0.6
      vertex 2.940462970036151 0.9816707807845647 0.6
    endloop
  endfacet
  facet normal 0 0 1
    outer loop
      vertex 3.05985581417753 -0.49727497065905657 0.6
      vertex 3.089947655216051 0.24944636302185022 0.6
      vertex 3.05985581417753 0.49727497065905674 0.6
    endloop
  endfacet
  facet normal 0 0 1
    outer loop
      vertex 2.851936275342355 -1.2150964905662336 0.6
      vertex 2.940462970036151 0.9816707807845647 0.6
      vertex 2.8519362753423554 1.2150964905662327 0.6
    endloop
  endfacet
  facet normal 0 0 1
    outer loop
      vertex 2.7449136795249514 -1.4406418333356819 0.6
      vertex 2.8519362753423554 1.2150964905662327 0.6
      vertex 2.744913679524951 1.4406418333356825 0.6
    endloop
  endfacet
  facet normal 0 0 1
    outer loop
      vertex 2.6200892651857632 -1.6568440609961839 0.6
      vertex 2.744913679524951 1.4406418333356825 0.6
      vertex 2.6200892651857637 1.6568440609961832 0.6
    endloop
  endfacet
  facet normal 0 0 1
    outer loop
      vertex 2.4782725665508543 -1.862301019137734 0.6
      vertex 2.6200892651857637 1.6568440609961832 0.6
      vertex 2.478272566550854 1.8623010191377345 0.6
    endloop
  endfacet
  facet normal 0 0 1
    outer loop
      vertex 2.320383319330413 -2.0556802405464656 0.6
      vertex 2.478272566550854 1.8623010191377345 0.6
      vertex 2.3203833193304133 2.055680240546465 0.6
    endloop
  endfacet
  facet normal 0.9991889981715697 -0.04026594010941457 0
    outer loop
      vertex -3.1 0 0.6
      vertex -3.089947655216051 0.24944636302185014 0.6
      vertex -3.089947655216051 0.24944636302185014 2.8000000000000003
    endloop
  endfacet
  facet normal 0.9927088740980539 -0.12053668025532334 0
    outer loop
      vertex -3.089947655216051 0.24944636302185014 0.6
      vertex -3.05985581417753 0.49727497065905657 0.6
      vertex -3.05985581417753 0.49727497065905657 2.8000000000000003
    endloop
  endfacet
  facet normal 0.9797906520422676 -0.2000256937760455 0
    outer loop
      vertex -3.05985581417753 0.49727497065905657 0.6
      vertex -3.0099196340207612 0.7418785592914287 0.6
      vertex -3.0099196340207612 0.7418785592914287 2.8000000000000003
    endloop
  endfacet
  facet normal 0.9605181116313729 -0.27821746391645097 0
    outer loop
      vertex -3.0099196340207612 0.7418785592914287 0.6
      vertex -2.9404629700361515 0.9816707807845644 0.6
      vertex -2.9404629700361515 0.9816707807845644 2.8000000000000003
    endloop
  endfacet
  facet normal 0.9350162426854147 -0.3546048870425359 0
    outer loop
      vertex -2.9404629700361515 0.9816707807845644 0.6
      vertex -2.8519362753423554 1.2150964905662323 0.6
      vertex -2.8519362753423554 1.2150964905662323 2.8000000000000003
    endloop
  endfacet
  facet normal 0.9034504346103827 -0.42869256140305334 0
    outer loop
      vertex -2.8519362753423554 1.2150964905662323 0.6
      vertex -2.7449136795249514 1.4406418333356819 0.6
      vertex -2.7449136795249514 1.4406418333356819 2.8000000000000003
    endloop
  endfacet
  facet normal 0.8660254037844377 -0.5000000000000017 0
    outer loop
      vertex -2.7449136795249514 1.4406418333356819 0.6
      vertex -2.6200892651857632 1.6568440609961839 0.6
      vertex -2.6200892651857632 1.6568440609961839 2.8000000000000003
    endloop
  endfacet
  facet normal 0.822983865893657 -0.568064746731155 0
    outer loop
      vertex -2.6200892651857632 1.6568440609961839 0.6
      vertex -2.4782725665508534 1.8623010191377352 0.6
      vertex -2.4782725665508534 1.8623010191377352 2.8000000000000003
    endloop
  endfacet
  facet normal 0.7746049618276538 -0.6324453755953782 0
    outer loop
      vertex -2.4782725665508534 1.8623010191377352 0.6
      vertex -2.320383319330413 2.0556802405464656 0.6
      vertex -2.320383319330413 2.0556802405464656 2.8000000000000003
    endloop
  endfacet
  facet normal -0.9991889981715697 -0.040265940109414554 0
    outer loop
      vertex 3.1 0 0.6
      vertex 3.1 0 2.8000000000000003
      vertex 3.089947655216051 0.24944636302185022 0.6
    endloop
  endfacet
  facet normal -0.9927088740980539 -0.1205366802553233 0
    outer loop
      vertex 3.089947655216051 0.24944636302185022 0.6
      vertex 3.089947655216051 0.24944636302185022 2.8000000000000003
      vertex 3.05985581417753 0.49727497065905674 0.6
    endloop
  endfacet
  facet normal -0.9797906520422676 -0.20002569377604526 0
    outer loop
      vertex 3.05985581417753 0.49727497065905674 0.6
      vertex 3.05985581417753 0.49727497065905674 2.8000000000000003
      vertex 3.0099196340207612 0.7418785592914291 0.6
    endloop
  endfacet
  facet normal -0.9605181116313724 -0.2782174639164527 0
    outer loop
      vertex 3.0099196340207612 0.7418785592914291 0.6
      vertex 3.0099196340207612 0.7418785592914291 2.8000000000000003
      vertex 2.940462970036151 0.9816707807845647 0.6
    endloop
  endfacet
  facet normal -0.9350162426854153 -0.35460488704253423 0
    outer loop
      vertex 2.940462970036151 0.9816707807845647 0.6
      vertex 2.940462970036151 0.9816707807845647 2.8000000000000003
      vertex 2.8519362753423554 1.2150964905662327 0.6
    endloop
  endfacet
  facet normal -0.9034504346103821 -0.42869256140305445 0
    outer loop
      vertex 2.8519362753423554 1.2150964905662327 0.6
      vertex 2.8519362753423554 1.2150964905662327 2.8000000000000003
      vertex 2.744913679524951 1.4406418333356825 0.6
    endloop
  endfacet
  facet normal -0.866025403784438 -0.5000000000000013 0
    outer loop
      vertex 2.744913679524951 1.4406418333356825 0.6
      vertex 2.744913679524951 1.4406418333356825 2.8000000000000003
      vertex 2.6200892651857637 1.6568440609961832 0.6
    endloop
  endfacet
  facet normal -0.822983865893657 -0.568064746731155 0
    outer loop
      vertex 2.478272566550854 1.8623010191377345 0.6
      vertex 2.6200892651857637 1.6568440609961832 0.6
      vertex 2.6200892651857637 1.6568440609961832 2.8000000000000003
    endloop
  endfacet
  facet normal -0.7746049618276541 -0.6324453755953778 0
    outer loop
      vertex 2.3203833193304133 2.055680240546465 0.6
      vertex 2.478272566550854 1.8623010191377345 0.6
      vertex 2.478272566550854 1.8623010191377345 2.8000000000000003
    endloop
  endfacet
  facet normal 0.7212024473438154 -0.6927243535095987 0
    outer loop
      vertex -2.320383319330413 2.0556802405464656 0.6
      vertex -2.147445495879758 2.2357275867658255 0.6
      vertex -2.147445495879758 2.2357275867658255 2.8000000000000003
    endloop
  endfacet
  facet normal 0.6631226582407955 -0.7485107481711009 0
    outer loop
      vertex -2.147445495879758 2.2357275867658255 0.6
      vertex -1.9605806643456694 2.4012753816657297 0.6
      vertex -2.147445495879758 2.2357275867658255 2.8000000000000003
    endloop
  endfacet
  facet normal 0.6007422642379774 -0.7994427634035023 0
    outer loop
      vertex -1.9605806643456694 2.4012753816657297 0.6
      vertex -1.7610007148665827 2.551249984270335 0.6
      vertex -1.9605806643456694 2.4012753816657297 2.8000000000000003
    endloop
  endfacet
  facet normal 0.5344658261278016 -0.8451900855437945 0
    outer loop
      vertex -1.7610007148665827 2.551249984270335 0.6
      vertex -1.55 2.68467875173176 0.6
      vertex -1.7610007148665827 2.551249984270335 2.8000000000000003
    endloop
  endfacet
  facet normal 0.4647231720437689 -0.8854560256532097 0
    outer loop
      vertex -1.55 2.68467875173176 0.6
      vertex -1.3289469403494683 2.800696347292185 0.6
      vertex -1.55 2.68467875173176 2.8000000000000003
    endloop
  endfacet
  facet normal 0.3919666098600751 -0.9199794436588243 0
    outer loop
      vertex -1.3289469403494683 2.800696347292185 0.6
      vertex -1.0992751498318607 2.898550352324786 0.6
      vertex -1.3289469403494683 2.800696347292185 2.8000000000000003
    endloop
  endfacet
  facet normal 0.3166679938014722 -0.9485364419471456 0
    outer loop
      vertex -1.0992751498318607 2.898550352324786 0.6
      vertex -0.8624741381410035 2.977606146057254 0.6
      vertex -1.0992751498318607 2.898550352324786 2.8000000000000003
    endloop
  endfacet
  facet normal -0.6631226582407959 -0.7485107481711004 0
    outer loop
      vertex 2.147445495879758 2.235727586765825 0.6
      vertex 1.9605806643456696 2.4012753816657293 2.8000000000000003
      vertex 1.9605806643456696 2.4012753816657293 0.6
    endloop
  endfacet
  facet normal 0.23931566428755785 -0.9709418174260519 0
    outer loop
      vertex -0.8624741381410035 2.977606146057254 0.6
      vertex -0.6200796507057375 3.03735102133103 0.6
      vertex -0.8624741381410035 2.977606146057254 2.8000000000000003
    endloop
  endfacet
  facet normal -0.6007422642379782 -0.7994427634035018 0
    outer loop
      vertex 1.7610007148665827 2.551249984270335 0.6
      vertex 1.9605806643456696 2.4012753816657293 0.6
      vertex 1.7610007148665827 2.551249984270335 2.8000000000000003
    endloop
  endfacet
  facet normal -0.5344658261278016 -0.8451900855437945 0
    outer loop
      vertex 1.55 2.68467875173176 0.6
      vertex 1.7610007148665827 2.551249984270335 0.6
      vertex 1.55 2.68467875173176 2.8000000000000003
    endloop
  endfacet
  facet normal -0.4647231720437689 -0.8854560256532097 0
    outer loop
      vertex 1.3289469403494683 2.800696347292185 0.6
      vertex 1.55 2.68467875173176 0.6
      vertex 1.3289469403494683 2.800696347292185 2.8000000000000003
    endloop
  endfacet
  facet normal -0.3919666098600751 -0.9199794436588243 0
    outer loop
      vertex 1.0992751498318607 2.898550352324786 0.6
      vertex 1.3289469403494683 2.800696347292185 0.6
      vertex 1.0992751498318607 2.898550352324786 2.8000000000000003
    endloop
  endfacet
  facet normal -0.3166679938014722 -0.9485364419471456 0
    outer loop
      vertex 0.8624741381410035 2.977606146057254 0.6
      vertex 1.0992751498318607 2.898550352324786 0.6
      vertex 0.8624741381410035 2.977606146057254 2.8000000000000003
    endloop
  endfacet
  facet normal 0.1604112808577601 -0.987050262637913 0
    outer loop
      vertex -0.6200796507057375 3.03735102133103 0.6
      vertex -0.3736637087915013 3.0773975097039674 0.6
      vertex -0.6200796507057375 3.03735102133103 2.8000000000000003
    endloop
  endfacet
  facet normal 0.08046656871672515 -0.99675730813421 0
    outer loop
      vertex -0.3736637087915013 3.0773975097039674 0.6
      vertex -0.12482441433918688 3.0974858943318657 0.6
      vertex -0.3736637087915013 3.0773975097039674 2.8000000000000003
    endloop
  endfacet
  facet normal 0 -1 0
    outer loop
      vertex -0.12482441433918688 3.0974858943318657 0.6
      vertex 0.12482441433918688 3.0974858943318657 0.6
      vertex -0.12482441433918688 3.0974858943318657 2.8000000000000003
    endloop
  endfacet
  facet normal -0.08046656871672515 -0.99675730813421 0
    outer loop
      vertex 0.12482441433918688 3.0974858943318657 0.6
      vertex 0.3736637087915013 3.0773975097039674 0.6
      vertex 0.12482441433918688 3.0974858943318657 2.8000000000000003
    endloop
  endfacet
  facet normal -0.1604112808577601 -0.987050262637913 0
    outer loop
      vertex 0.3736637087915013 3.0773975097039674 0.6
      vertex 0.6200796507057375 3.03735102133103 0.6
      vertex 0.3736637087915013 3.0773975097039674 2.8000000000000003
    endloop
  endfacet
  facet normal -0.23931566428755785 -0.9709418174260519 0
    outer loop
      vertex 0.6200796507057375 3.03735102133103 0.6
      vertex 0.8624741381410035 2.977606146057254 0.6
      vertex 0.6200796507057375 3.03735102133103 2.8000000000000003
    endloop
  endfacet
  facet normal -0.7212024473438143 -0.6927243535095995 0
    outer loop
      vertex 2.3203833193304133 2.055680240546465 0.6
      vertex 2.3203833193304133 2.055680240546465 2.8000000000000003
      vertex 2.147445495879758 2.235727586765825 0.6
    endloop
  endfacet
  facet normal 0.9991889981715697 -0.04026594010941457 0
    outer loop
      vertex -3.1 0 0.6
      vertex -3.089947655216051 0.24944636302185014 2.8000000000000003
      vertex -3.1 0 2.8000000000000003
    endloop
  endfacet
  facet normal 0.9927088740980539 -0.12053668025532334 0
    outer loop
      vertex -3.089947655216051 0.24944636302185014 0.6
      vertex -3.05985581417753 0.49727497065905657 2.8000000000000003
      vertex -3.089947655216051 0.24944636302185014 2.8000000000000003
    endloop
  endfacet
  facet normal 0.9797906520422676 -0.2000256937760455 0
    outer loop
      vertex -3.05985581417753 0.49727497065905657 0.6
      vertex -3.0099196340207612 0.7418785592914287 2.8000000000000003
      vertex -3.05985581417753 0.49727497065905657 2.8000000000000003
    endloop
  endfacet
  facet normal 0.9605181116313729 -0.27821746391645097 0
    outer loop
      vertex -3.0099196340207612 0.7418785592914287 0.6
      vertex -2.9404629700361515 0.9816707807845644 2.8000000000000003
      vertex -3.0099196340207612 0.7418785592914287 2.8000000000000003
    endloop
  endfacet
  facet normal 0.9350162426854147 -0.3546048870425359 0
    outer loop
      vertex -2.9404629700361515 0.9816707807845644 0.6
      vertex -2.8519362753423554 1.2150964905662323 2.8000000000000003
      vertex -2.9404629700361515 0.9816707807845644 2.8000000000000003
    endloop
  endfacet
  facet normal 0.9034504346103827 -0.42869256140305334 0
    outer loop
      vertex -2.8519362753423554 1.2150964905662323 0.6
      vertex -2.7449136795249514 1.4406418333356819 2.8000000000000003
      vertex -2.8519362753423554 1.2150964905662323 2.8000000000000003
    endloop
  endfacet
  facet normal 0.8660254037844377 -0.5000000000000017 0
    outer loop
      vertex -2.7449136795249514 1.4406418333356819 0.6
      vertex -2.6200892651857632 1.6568440609961839 2.8000000000000003
      vertex -2.7449136795249514 1.4406418333356819 2.8000000000000003
    endloop
  endfacet
  facet normal 0.822983865893657 -0.568064746731155 0
    outer loop
      vertex -2.6200892651857632 1.6568440609961839 0.6
      vertex -2.4782725665508534 1.8623010191377352 2.8000000000000003
      vertex -2.6200892651857632 1.6568440609961839 2.8000000000000003
    endloop
  endfacet
  facet normal 0.7746049618276538 -0.6324453755953782 0
    outer loop
      vertex -2.4782725665508534 1.8623010191377352 0.6
      vertex -2.320383319330413 2.0556802405464656 2.8000000000000003
      vertex -2.4782725665508534 1.8623010191377352 2.8000000000000003
    endloop
  endfacet
  facet normal -0.9991889981715697 -0.040265940109414554 0
    outer loop
      vertex 3.089947655216051 0.24944636302185022 0.6
      vertex 3.1 0 2.8000000000000003
      vertex 3.089947655216051 0.24944636302185022 2.8000000000000003
    endloop
  endfacet
  facet normal -0.9927088740980539 -0.1205366802553233 0
    outer loop
      vertex 3.05985581417753 0.49727497065905674 0.6
      vertex 3.089947655216051 0.24944636302185022 2.8000000000000003
      vertex 3.05985581417753 0.49727497065905674 2.8000000000000003
    endloop
  endfacet
  facet normal -0.9797906520422676 -0.20002569377604526 0
    outer loop
      vertex 3.0099196340207612 0.7418785592914291 0.6
      vertex 3.05985581417753 0.49727497065905674 2.8000000000000003
      vertex 3.0099196340207612 0.7418785592914291 2.8000000000000003
    endloop
  endfacet
  facet normal -0.9605181116313724 -0.2782174639164527 0
    outer loop
      vertex 2.940462970036151 0.9816707807845647 0.6
      vertex 3.0099196340207612 0.7418785592914291 2.8000000000000003
      vertex 2.940462970036151 0.9816707807845647 2.8000000000000003
    endloop
  endfacet
  facet normal -0.9350162426854153 -0.35460488704253423 0
    outer loop
      vertex 2.8519362753423554 1.2150964905662327 0.6
      vertex 2.940462970036151 0.9816707807845647 2.8000000000000003
      vertex 2.8519362753423554 1.2150964905662327 2.8000000000000003
    endloop
  endfacet
  facet normal -0.9034504346103821 -0.42869256140305445 0
    outer loop
      vertex 2.744913679524951 1.4406418333356825 0.6
      vertex 2.8519362753423554 1.2150964905662327 2.8000000000000003
      vertex 2.744913679524951 1.4406418333356825 2.8000000000000003
    endloop
  endfacet
  facet normal -0.866025403784438 -0.5000000000000013 0
    outer loop
      vertex 2.6200892651857637 1.6568440609961832 0.6
      vertex 2.744913679524951 1.4406418333356825 2.8000000000000003
      vertex 2.6200892651857637 1.6568440609961832 2.8000000000000003
    endloop
  endfacet
  facet normal -0.822983865893657 -0.568064746731155 0
    outer loop
      vertex 2.478272566550854 1.8623010191377345 0.6
      vertex 2.6200892651857637 1.6568440609961832 2.8000000000000003
      vertex 2.478272566550854 1.8623010191377345 2.8000000000000003
    endloop
  endfacet
  facet normal -0.7746049618276541 -0.6324453755953778 0
    outer loop
      vertex 2.3203833193304133 2.055680240546465 0.6
      vertex 2.478272566550854 1.8623010191377345 2.8000000000000003
      vertex 2.3203833193304133 2.055680240546465 2.8000000000000003
    endloop
  endfacet
  facet normal 0 0 -1
    outer loop
      vertex -3.089947655216051 -0.24944636302185014 2.8000000000000003
      vertex -3.1 0 2.8000000000000003
      vertex -3.089947655216051 0.24944636302185014 2.8000000000000003
    endloop
  endfacet
  facet normal 0 0 -1
    outer loop
      vertex -3.05985581417753 -0.49727497065905657 2.8000000000000003
      vertex -3.089947655216051 0.24944636302185014 2.8000000000000003
      vertex -3.05985581417753 0.49727497065905657 2.8000000000000003
    endloop
  endfacet
  facet normal 0 0 -1
    outer loop
      vertex -3.0099196340207612 -0.7418785592914287 2.8000000000000003
      vertex -3.05985581417753 0.49727497065905657 2.8000000000000003
      vertex -3.0099196340207612 0.7418785592914287 2.8000000000000003
    endloop
  endfacet
  facet normal 0 0 -1
    outer loop
      vertex -2.9404629700361515 -0.9816707807845644 2.8000000000000003
      vertex -3.0099196340207612 0.7418785592914287 2.8000000000000003
      vertex -2.9404629700361515 0.9816707807845644 2.8000000000000003
    endloop
  endfacet
  facet normal 0 0 -1
    outer loop
      vertex -2.8519362753423554 -1.2150964905662323 2.8000000000000003
      vertex -2.9404629700361515 0.9816707807845644 2.8000000000000003
      vertex -2.8519362753423554 1.2150964905662323 2.8000000000000003
    endloop
  endfacet
  facet normal 0 0 -1
    outer loop
      vertex -2.7449136795249514 -1.4406418333356819 2.8000000000000003
      vertex -2.8519362753423554 1.2150964905662323 2.8000000000000003
      vertex -2.7449136795249514 1.4406418333356819 2.8000000000000003
    endloop
  endfacet
  facet normal 0 0 -1
    outer loop
      vertex -2.6200892651857632 -1.6568440609961839 2.8000000000000003
      vertex -2.7449136795249514 1.4406418333356819 2.8000000000000003
      vertex -2.6200892651857632 1.6568440609961839 2.8000000000000003
    endloop
  endfacet
  facet normal 0 0 -1
    outer loop
      vertex -2.4782725665508534 -1.8623010191377352 2.8000000000000003
      vertex -2.6200892651857632 1.6568440609961839 2.8000000000000003
      vertex -2.4782725665508534 1.8623010191377352 2.8000000000000003
    endloop
  endfacet
  facet normal 0 0 -1
    outer loop
      vertex -2.320383319330413 -2.0556802405464656 2.8000000000000003
      vertex -2.4782725665508534 1.8623010191377352 2.8000000000000003
      vertex -2.320383319330413 2.0556802405464656 2.8000000000000003
    endloop
  endfacet
  facet normal 0 0 -1
    outer loop
      vertex -2.147445495879758 -2.2357275867658255 2.8000000000000003
      vertex -2.320383319330413 2.0556802405464656 2.8000000000000003
      vertex -2.147445495879758 2.2357275867658255 2.8000000000000003
    endloop
  endfacet
  facet normal 0 0 -1
    outer loop
      vertex -1.9605806643456694 -2.4012753816657297 2.8000000000000003
      vertex -2.147445495879758 2.2357275867658255 2.8000000000000003
      vertex -1.9605806643456694 2.4012753816657297 2.8000000000000003
    endloop
  endfacet
  facet normal 0 0 -1
    outer loop
      vertex -1.7610007148665827 -2.551249984270335 2.8000000000000003
      vertex -1.9605806643456694 2.4012753816657297 2.8000000000000003
      vertex -1.7610007148665827 2.551249984270335 2.8000000000000003
    endloop
  endfacet
  facet normal 0 0 -1
    outer loop
      vertex -1.55 -2.68467875173176 2.8000000000000003
      vertex -1.7610007148665827 2.551249984270335 2.8000000000000003
      vertex -1.55 2.68467875173176 2.8000000000000003
    endloop
  endfacet
  facet normal 0 0 -1
    outer loop
      vertex -1.3289469403494683 -2.800696347292185 2.8000000000000003
      vertex -1.55 2.68467875173176 2.8000000000000003
      vertex -1.3289469403494683 2.800696347292185 2.8000000000000003
    endloop
  endfacet
  facet normal 0 0 -1
    outer loop
      vertex -1.0992751498318607 -2.898550352324786 2.8000000000000003
      vertex -1.3289469403494683 2.800696347292185 2.8000000000000003
      vertex -1.0992751498318607 2.898550352324786 2.8000000000000003
    endloop
  endfacet
  facet normal 0 0 -1
    outer loop
      vertex -0.8624741381410035 -2.977606146057254 2.8000000000000003
      vertex -1.0992751498318607 2.898550352324786 2.8000000000000003
      vertex -0.8624741381410035 2.977606146057254 2.8000000000000003
    endloop
  endfacet
  facet normal 0 0 -1
    outer loop
      vertex -0.6200796507057382 -3.03735102133103 2.8000000000000003
      vertex -0.8624741381410035 2.977606146057254 2.8000000000000003
      vertex -0.6200796507057375 3.03735102133103 2.8000000000000003
    endloop
  endfacet
  facet normal 0 0 -1
    outer loop
      vertex 1.0992751498318607 -2.898550352324786 2.8000000000000003
      vertex 0.8624741381410035 2.977606146057254 2.8000000000000003
      vertex 1.0992751498318607 2.898550352324786 2.8000000000000003
    endloop
  endfacet
  facet normal 0 0 -1
    outer loop
      vertex 1.3289469403494667 -2.8006963472921855 2.8000000000000003
      vertex 1.0992751498318607 2.898550352324786 2.8000000000000003
      vertex 1.3289469403494683 2.800696347292185 2.8000000000000003
    endloop
  endfacet
  facet normal 0 0 -1
    outer loop
      vertex 2.1474454958797593 -2.235727586765824 2.8000000000000003
      vertex 1.9605806643456696 2.4012753816657293 2.8000000000000003
      vertex 2.147445495879758 2.235727586765825 2.8000000000000003
    endloop
  endfacet
  facet normal 0 0 -1
    outer loop
      vertex 1.9605806643456694 -2.4012753816657297 2.8000000000000003
      vertex 1.7610007148665827 2.551249984270335 2.8000000000000003
      vertex 1.9605806643456696 2.4012753816657293 2.8000000000000003
    endloop
  endfacet
  facet normal 0 0 -1
    outer loop
      vertex 1.55 -2.68467875173176 2.8000000000000003
      vertex 1.3289469403494683 2.800696347292185 2.8000000000000003
      vertex 1.55 2.68467875173176 2.8000000000000003
    endloop
  endfacet
  facet normal 0 0 -1
    outer loop
      vertex 1.761000714866584 -2.551249984270334 2.8000000000000003
      vertex 1.55 2.68467875173176 2.8000000000000003
      vertex 1.7610007148665827 2.551249984270335 2.8000000000000003
    endloop
  endfacet
  facet normal 0 0 -1
    outer loop
      vertex -0.37366370879150057 -3.077397509703968 2.8000000000000003
      vertex -0.6200796507057375 3.03735102133103 2.8000000000000003
      vertex -0.3736637087915013 3.0773975097039674 2.8000000000000003
    endloop
  endfacet
  facet normal 0 0 -1
    outer loop
      vertex -0.12482441433918763 -3.0974858943318657 2.8000000000000003
      vertex -0.3736637087915013 3.0773975097039674 2.8000000000000003
      vertex -0.12482441433918688 3.0974858943318657 2.8000000000000003
    endloop
  endfacet
  facet normal 0 0 -1
    outer loop
      vertex -0.12482441433918688 3.0974858943318657 2.8000000000000003
      vertex 0.12482441433918688 3.0974858943318657 2.8000000000000003
      vertex 0.12482441433918763 -3.0974858943318657 2.8000000000000003
    endloop
  endfacet
  facet normal 0 0 -1
    outer loop
      vertex 0.37366370879150057 -3.077397509703968 2.8000000000000003
      vertex 0.12482441433918688 3.0974858943318657 2.8000000000000003
      vertex 0.3736637087915013 3.0773975097039674 2.8000000000000003
    endloop
  endfacet
  facet normal 0 0 -1
    outer loop
      vertex 0.6200796507057382 -3.03735102133103 2.8000000000000003
      vertex 0.3736637087915013 3.0773975097039674 2.8000000000000003
      vertex 0.6200796507057375 3.03735102133103 2.8000000000000003
    endloop
  endfacet
  facet normal 0 0 -1
    outer loop
      vertex 0.8624741381410019 -2.977606146057255 2.8000000000000003
      vertex 0.6200796507057375 3.03735102133103 2.8000000000000003
      vertex 0.8624741381410035 2.977606146057254 2.8000000000000003
    endloop
  endfacet
  facet normal 0 0 -1
    outer loop
      vertex 3.0899476552160507 -0.24944636302185164 2.8000000000000003
      vertex 3.05985581417753 0.49727497065905674 2.8000000000000003
      vertex 3.089947655216051 0.24944636302185022 2.8000000000000003
    endloop
  endfacet
  facet normal 0 0 -1
    outer loop
      vertex 3.05985581417753 -0.49727497065905657 2.8000000000000003
      vertex 3.0099196340207612 0.7418785592914291 2.8000000000000003
      vertex 3.05985581417753 0.49727497065905674 2.8000000000000003
    endloop
  endfacet
  facet normal 0 0 -1
    outer loop
      vertex 3.009919634020761 -0.7418785592914302 2.8000000000000003
      vertex 2.940462970036151 0.9816707807845647 2.8000000000000003
      vertex 3.0099196340207612 0.7418785592914291 2.8000000000000003
    endloop
  endfacet
  facet normal 0 0 -1
    outer loop
      vertex 2.9404629700361515 -0.9816707807845644 2.8000000000000003
      vertex 2.8519362753423554 1.2150964905662327 2.8000000000000003
      vertex 2.940462970036151 0.9816707807845647 2.8000000000000003
    endloop
  endfacet
  facet normal 0 0 -1
    outer loop
      vertex 2.851936275342355 -1.2150964905662336 2.8000000000000003
      vertex 2.744913679524951 1.4406418333356825 2.8000000000000003
      vertex 2.8519362753423554 1.2150964905662327 2.8000000000000003
    endloop
  endfacet
  facet normal 0 0 -1
    outer loop
      vertex 2.6200892651857632 -1.6568440609961839 2.8000000000000003
      vertex 2.478272566550854 1.8623010191377345 2.8000000000000003
      vertex 2.6200892651857637 1.6568440609961832 2.8000000000000003
    endloop
  endfacet
  facet normal 0 0 -1
    outer loop
      vertex 2.7449136795249514 -1.4406418333356819 2.8000000000000003
      vertex 2.6200892651857637 1.6568440609961832 2.8000000000000003
      vertex 2.744913679524951 1.4406418333356825 2.8000000000000003
    endloop
  endfacet
  facet normal 0 0 -1
    outer loop
      vertex 2.4782725665508543 -1.862301019137734 2.8000000000000003
      vertex 2.3203833193304133 2.055680240546465 2.8000000000000003
      vertex 2.478272566550854 1.8623010191377345 2.8000000000000003
    endloop
  endfacet
  facet normal 0 0 -1
    outer loop
      vertex 2.320383319330413 -2.0556802405464656 2.8000000000000003
      vertex 2.147445495879758 2.235727586765825 2.8000000000000003
      vertex 2.3203833193304133 2.055680240546465 2.8000000000000003
    endloop
  endfacet
  facet normal 0.7212024473438154 -0.6927243535095987 0
    outer loop
      vertex -2.320383319330413 2.0556802405464656 0.6
      vertex -2.147445495879758 2.2357275867658255 2.8000000000000003
      vertex -2.320383319330413 2.0556802405464656 2.8000000000000003
    endloop
  endfacet
  facet normal 0.6631226582407955 -0.7485107481711009 0
    outer loop
      vertex -1.9605806643456694 2.4012753816657297 0.6
      vertex -1.9605806643456694 2.4012753816657297 2.8000000000000003
      vertex -2.147445495879758 2.2357275867658255 2.8000000000000003
    endloop
  endfacet
  facet normal 0.6007422642379774 -0.7994427634035023 0
    outer loop
      vertex -1.7610007148665827 2.551249984270335 0.6
      vertex -1.7610007148665827 2.551249984270335 2.8000000000000003
      vertex -1.9605806643456694 2.4012753816657297 2.8000000000000003
    endloop
  endfacet
  facet normal 0.5344658261278016 -0.8451900855437945 0
    outer loop
      vertex -1.55 2.68467875173176 0.6
      vertex -1.55 2.68467875173176 2.8000000000000003
      vertex -1.7610007148665827 2.551249984270335 2.8000000000000003
    endloop
  endfacet
  facet normal 0.4647231720437689 -0.8854560256532097 0
    outer loop
      vertex -1.3289469403494683 2.800696347292185 0.6
      vertex -1.3289469403494683 2.800696347292185 2.8000000000000003
      vertex -1.55 2.68467875173176 2.8000000000000003
    endloop
  endfacet
  facet normal 0.3919666098600751 -0.9199794436588243 0
    outer loop
      vertex -1.0992751498318607 2.898550352324786 0.6
      vertex -1.0992751498318607 2.898550352324786 2.8000000000000003
      vertex -1.3289469403494683 2.800696347292185 2.8000000000000003
    endloop
  endfacet
  facet normal 0.3166679938014722 -0.9485364419471456 0
    outer loop
      vertex -0.8624741381410035 2.977606146057254 0.6
      vertex -0.8624741381410035 2.977606146057254 2.8000000000000003
      vertex -1.0992751498318607 2.898550352324786 2.8000000000000003
    endloop
  endfacet
  facet normal -0.7212024473438143 -0.6927243535095995 0
    outer loop
      vertex 2.147445495879758 2.235727586765825 0.6
      vertex 2.3203833193304133 2.055680240546465 2.8000000000000003
      vertex 2.147445495879758 2.235727586765825 2.8000000000000003
    endloop
  endfacet
  facet normal -0.6631226582407959 -0.7485107481711004 0
    outer loop
      vertex 2.147445495879758 2.235727586765825 0.6
      vertex 2.147445495879758 2.235727586765825 2.8000000000000003
      vertex 1.9605806643456696 2.4012753816657293 2.8000000000000003
    endloop
  endfacet
  facet normal -0.6007422642379782 -0.7994427634035018 0
    outer loop
      vertex 1.9605806643456696 2.4012753816657293 0.6
      vertex 1.9605806643456696 2.4012753816657293 2.8000000000000003
      vertex 1.7610007148665827 2.551249984270335 2.8000000000000003
    endloop
  endfacet
  facet normal -0.5344658261278016 -0.8451900855437945 0
    outer loop
      vertex 1.7610007148665827 2.551249984270335 0.6
      vertex 1.7610007148665827 2.551249984270335 2.8000000000000003
      vertex 1.55 2.68467875173176 2.8000000000000003
    endloop
  endfacet
  facet normal -0.4647231720437689 -0.8854560256532097 0
    outer loop
      vertex 1.55 2.68467875173176 0.6
      vertex 1.55 2.68467875173176 2.8000000000000003
      vertex 1.3289469403494683 2.800696347292185 2.8000000000000003
    endloop
  endfacet
  facet normal -0.3919666098600751 -0.9199794436588243 0
    outer loop
      vertex 1.3289469403494683 2.800696347292185 0.6
      vertex 1.3289469403494683 2.800696347292185 2.8000000000000003
      vertex 1.0992751498318607 2.898550352324786 2.8000000000000003
    endloop
  endfacet
  facet normal -0.3166679938014722 -0.9485364419471456 0
    outer loop
      vertex 1.0992751498318607 2.898550352324786 0.6
      vertex 1.0992751498318607 2.898550352324786 2.8000000000000003
      vertex 0.8624741381410035 2.977606146057254 2.8000000000000003
    endloop
  endfacet
  facet normal -0.23931566428755785 -0.9709418174260519 0
    outer loop
      vertex 0.8624741381410035 2.977606146057254 0.6
      vertex 0.8624741381410035 2.977606146057254 2.8000000000000003
      vertex 0.6200796507057375 3.03735102133103 2.8000000000000003
    endloop
  endfacet
  facet normal 0.23931566428755785 -0.9709418174260519 0
    outer loop
      vertex -0.6200796507057375 3.03735102133103 0.6
      vertex -0.6200796507057375 3.03735102133103 2.8000000000000003
      vertex -0.8624741381410035 2.977606146057254 2.8000000000000003
    endloop
  endfacet
  facet normal 0.1604112808577601 -0.987050262637913 0
    outer loop
      vertex -0.3736637087915013 3.0773975097039674 0.6
      vertex -0.3736637087915013 3.0773975097039674 2.8000000000000003
      vertex -0.6200796507057375 3.03735102133103 2.8000000000000003
    endloop
  endfacet
  facet normal 0.08046656871672515 -0.99675730813421 0
    outer loop
      vertex -0.12482441433918688 3.0974858943318657 0.6
      vertex -0.12482441433918688 3.0974858943318657 2.8000000000000003
      vertex -0.3736637087915013 3.0773975097039674 2.8000000000000003
    endloop
  endfacet
  facet normal 0 -1 0
    outer loop
      vertex -0.12482441433918688 3.0974858943318657 2.8000000000000003
      vertex 0.12482441433918688 3.0974858943318657 0.6
      vertex 0.12482441433918688 3.0974858943318657 2.8000000000000003
    endloop
  endfacet
  facet normal -0.08046656871672515 -0.99675730813421 0
    outer loop
      vertex 0.3736637087915013 3.0773975097039674 0.6
      vertex 0.3736637087915013 3.0773975097039674 2.8000000000000003
      vertex 0.12482441433918688 3.0974858943318657 2.8000000000000003
    endloop
  endfacet
  facet normal -0.1604112808577601 -0.987050262637913 0
    outer loop
      vertex 0.6200796507057375 3.03735102133103 0.6
      vertex 0.6200796507057375 3.03735102133103 2.8000000000000003
      vertex 0.3736637087915013 3.0773975097039674 2.8000000000000003
    endloop
  endfacet
  facet normal -0.24191843651036893 -0.6646654416620017 -0.7068913075831634
    outer loop
      vertex 12.76393202250021 -3.804226065180614 0.4
      vertex 12.651416263702718 -3.3378618764404346 0
      vertex 12.887538820250189 -3.4238034586625528 0
    endloop
  endfacet
  facet normal -0.19496441792788363 -0.6799217271167369 -0.7068913075831637
    outer loop
      vertex 12.887538820250189 -3.4238034586625528 0
      vertex 13.129081175841197 -3.4930646145935875 0
      vertex 13.032312417601329 -3.881182905103986 0.4
    endloop
  endfacet
  facet normal -0.0984402224418101 -0.700438578227222 -0.7068913075831634
    outer loop
      vertex 13.37486656039905 -3.545307910843949 0
      vertex 13.623697532236447 -3.580278823325784 0
      vertex 13.581886146929387 -3.978087581473093 0.4
    endloop
  endfacet
  facet normal -0.14706055229900938 -0.6918655022624522 -0.7068913075831638
    outer loop
      vertex 13.37486656039905 -3.545307910843949 0
      vertex 13.305407289332278 -3.939231012048832 0.4
      vertex 13.129081175841197 -3.4930646145935875 0
    endloop
  endfacet
  facet normal -0.04934030171605166 -0.7055991878467084 -0.7068913075831635
    outer loop
      vertex 13.623697532236447 -3.580278823325784 0
      vertex 13.874361811870996 -3.597806977268745 0
      vertex 13.860402013189995 -3.997563308076383 0.4
    endloop
  endfacet
  facet normal 0 -0.7073221891495878 -0.7068913075831635
    outer loop
      vertex 13.874361811870996 -3.597806977268745 0
      vertex 14.125638188129004 -3.597806977268745 0
      vertex 14.139597986810005 -3.997563308076383 0.4
    endloop
  endfacet
  facet normal 0.04934030171605166 -0.7055991878467084 -0.7068913075831635
    outer loop
      vertex 14.125638188129004 -3.597806977268745 0
      vertex 14.376302467763553 -3.580278823325784 0
      vertex 14.139597986810005 -3.997563308076383 0.4
    endloop
  endfacet
  facet normal 0.0984402224418101 -0.700438578227222 -0.7068913075831634
    outer loop
      vertex 14.376302467763553 -3.580278823325784 0
      vertex 14.62513343960095 -3.545307910843949 0
      vertex 14.418113853070613 -3.978087581473093 0.4
    endloop
  endfacet
  facet normal 0.14706055229900938 -0.6918655022624522 -0.7068913075831638
    outer loop
      vertex 14.62513343960095 -3.545307910843949 0
      vertex 14.870918824158803 -3.4930646145935875 0
      vertex 14.694592710667722 -3.939231012048832 0.4
    endloop
  endfacet
  facet normal -0.14706055229900955 -0.6918655022624522 -0.7068913075831637
    outer loop
      vertex 13.032312417601329 -3.881182905103986 0.4
      vertex 13.129081175841197 -3.4930646145935875 0
      vertex 13.305407289332278 -3.939231012048832 0.4
    endloop
  endfacet
  facet normal -0.28769385278772913 -0.6461709729874268 -0.7068913075831635
    outer loop
      vertex 12.24651541284369 -3.595176185196668 0.4
      vertex 12.42186387155932 -3.2356585666770012 0
      vertex 12.501573626336352 -3.7087354182671497 0.4
    endloop
  endfacet
  facet normal -0.1949644179278843 -0.6799217271167369 -0.7068913075831635
    outer loop
      vertex 12.76393202250021 -3.804226065180614 0.4
      vertex 12.887538820250189 -3.4238034586625528 0
      vertex 13.032312417601329 -3.881182905103986 0.4
    endloop
  endfacet
  facet normal -0.24191843651036743 -0.6646654416620019 -0.706891307583164
    outer loop
      vertex 12.501573626336352 -3.7087354182671497 0.4
      vertex 12.651416263702718 -3.3378618764404346 0
      vertex 12.76393202250021 -3.804226065180614 0.4
    endloop
  endfacet
  facet normal -0.0984402224418094 -0.700438578227222 -0.7068913075831638
    outer loop
      vertex 13.37486656039905 -3.545307910843949 0
      vertex 13.581886146929387 -3.978087581473093 0.4
      vertex 13.305407289332278 -3.939231012048832 0.4
    endloop
  endfacet
  facet normal -0.04934030171605144 -0.7055991878467082 -0.7068913075831635
    outer loop
      vertex 13.623697532236447 -3.580278823325784 0
      vertex 13.860402013189995 -3.997563308076383 0.4
      vertex 13.581886146929387 -3.978087581473093 0.4
    endloop
  endfacet
  facet normal 0 -0.7073221891495878 -0.7068913075831635
    outer loop
      vertex 13.874361811870996 -3.597806977268745 0
      vertex 14.139597986810005 -3.997563308076383 0.4
      vertex 13.860402013189995 -3.997563308076383 0.4
    endloop
  endfacet
  facet normal 0.04934030171605144 -0.7055991878467082 -0.7068913075831635
    outer loop
      vertex 14.376302467763553 -3.580278823325784 0
      vertex 14.418113853070613 -3.978087581473093 0.4
      vertex 14.139597986810005 -3.997563308076383 0.4
    endloop
  endfacet
  facet normal 0.09844022244180951 -0.7004385782272219 -0.7068913075831637
    outer loop
      vertex 14.418113853070613 -3.978087581473093 0.4
      vertex 14.62513343960095 -3.545307910843949 0
      vertex 14.694592710667722 -3.939231012048832 0.4
    endloop
  endfacet
  facet normal -0.33206765353319456 -0.6245284242853352 -0.7068913075831635
    outer loop
      vertex 12.24651541284369 -3.595176185196668 0.4
      vertex 12.2 -3.117691453623979 0
      vertex 12.42186387155932 -3.2356585666770012 0
    endloop
  endfacet
  facet normal -0.28769385278772763 -0.6461709729874269 -0.706891307583164
    outer loop
      vertex 12.42186387155932 -3.2356585666770012 0
      vertex 12.651416263702718 -3.3378618764404346 0
      vertex 12.501573626336352 -3.7087354182671497 0.4
    endloop
  endfacet
  facet normal -0.37482365404996953 -0.5998432358775035 -0.7068913075831632
    outer loop
      vertex 11.98690554750531 -2.98453526119815 0
      vertex 12.2 -3.117691453623979 0
      vertex 12 -3.4641016151377544 0.4
    endloop
  endfacet
  facet normal -0.4157535514013559 -0.5722356715205068 -0.7068913075831635
    outer loop
      vertex 11.763228386117012 -3.3161502902201665 0.4
      vertex 11.78361868882763 -2.836838712984199 0
      vertex 11.98690554750531 -2.98453526119815 0
    endloop
  endfacet
  facet normal -0.33206765353319523 -0.6245284242853351 -0.7068913075831633
    outer loop
      vertex 12.24651541284369 -3.595176185196668 0.4
      vertex 12 -3.4641016151377544 0.4
      vertex 12.2 -3.117691453623979 0
    endloop
  endfacet
  facet normal -0.37482365404996865 -0.5998432358775038 -0.7068913075831634
    outer loop
      vertex 11.763228386117012 -3.3161502902201665 0.4
      vertex 11.98690554750531 -2.98453526119815 0
      vertex 12 -3.4641016151377544 0.4
    endloop
  endfacet
  facet normal -0.4157535514013562 -0.5722356715205068 -0.7068913075831634
    outer loop
      vertex 11.537354098697367 -3.1520430144268876 0.4
      vertex 11.78361868882763 -2.836838712984199 0
      vertex 11.763228386117012 -3.3161502902201665 0.4
    endloop
  endfacet
  facet normal -0.49134727930414557 -0.5088050023179604 -0.7068913075831632
    outer loop
      vertex 11.410376718780856 -2.50077013365239 0
      vertex 11.59112981710811 -2.6753213717186193 0
      vertex 11.323477574564567 -2.972579301909577 0.4
    endloop
  endfacet
  facet normal -0.5256428248118579 -0.47329092531673944 -0.7068913075831639
    outer loop
      vertex 11.410376718780856 -2.50077013365239 0
      vertex 11.122640798645396 -2.778633481835989 0.4
      vertex 11.242240004771679 -2.3140353948715413 0
    endloop
  endfacet
  facet normal -0.45465793924171305 -0.5418402324927936 -0.7068913075831632
    outer loop
      vertex 11.537354098697367 -3.1520430144268876 0.4
      vertex 11.323477574564567 -2.972579301909577 0.4
      vertex 11.59112981710811 -2.6753213717186193 0
    endloop
  endfacet
  facet normal -0.4913472793041437 -0.5088050023179613 -0.7068913075831638
    outer loop
      vertex 11.410376718780856 -2.50077013365239 0
      vertex 11.323477574564567 -2.972579301909577 0.4
      vertex 11.122640798645396 -2.778633481835989 0.4
    endloop
  endfacet
  facet normal -0.5256428248118596 -0.4732909253167382 -0.7068913075831631
    outer loop
      vertex 10.935822227524088 -2.571150438746157 0.4
      vertex 11.242240004771679 -2.3140353948715413 0
      vertex 11.122640798645396 -2.778633481835989 0.4
    endloop
  endfacet
  facet normal -0.5573774913145216 -0.4354710225024117 -0.7068913075831631
    outer loop
      vertex 10.935822227524088 -2.571150438746157 0.4
      vertex 11.087538820250188 -2.1160269082529033 0
      vertex 11.242240004771679 -2.3140353948715413 0
    endloop
  endfacet
  facet normal -0.5863966707068954 -0.3955295486398396 -0.7068913075831629
    outer loop
      vertex 10.76393202250021 -2.3511410091698925 0.4
      vertex 10.947026853836867 -1.9077093512395378 0
      vertex 11.087538820250188 -2.1160269082529033 0
    endloop
  endfacet
  facet normal -0.5573774913145224 -0.43547102250241143 -0.706891307583163
    outer loop
      vertex 10.935822227524088 -2.571150438746157 0.4
      vertex 10.76393202250021 -2.3511410091698925 0.4
      vertex 11.087538820250188 -2.1160269082529033 0
    endloop
  endfacet
  facet normal -0.5863966707068932 -0.3955295486398414 -0.7068913075831638
    outer loop
      vertex 10.607807615374297 -2.1196770569328196 0.4
      vertex 10.947026853836867 -1.9077093512395378 0
      vertex 10.76393202250021 -2.3511410091698925 0.4
    endloop
  endfacet
  facet normal -0.4546579392417127 -0.5418402324927936 -0.7068913075831633
    outer loop
      vertex 11.537354098697367 -3.1520430144268876 0.4
      vertex 11.59112981710811 -2.6753213717186193 0
      vertex 11.78361868882763 -2.836838712984199 0
    endloop
  endfacet
  facet normal 0.1949644179278837 -0.6799217271167368 -0.7068913075831638
    outer loop
      vertex 14.967687582398671 -3.881182905103986 0.4
      vertex 14.870918824158803 -3.4930646145935875 0
      vertex 15.112461179749811 -3.4238034586625528 0
    endloop
  endfacet
  facet normal 0.24191843651036893 -0.6646654416620017 -0.7068913075831634
    outer loop
      vertex 15.23606797749979 -3.804226065180614 0.4
      vertex 15.112461179749811 -3.4238034586625528 0
      vertex 15.348583736297282 -3.3378618764404346 0
    endloop
  endfacet
  facet normal 0.14706055229900958 -0.6918655022624524 -0.7068913075831638
    outer loop
      vertex 14.694592710667722 -3.939231012048832 0.4
      vertex 14.870918824158803 -3.4930646145935875 0
      vertex 14.967687582398671 -3.881182905103986 0.4
    endloop
  endfacet
  facet normal 0.1949644179278843 -0.6799217271167369 -0.7068913075831635
    outer loop
      vertex 14.967687582398671 -3.881182905103986 0.4
      vertex 15.112461179749811 -3.4238034586625528 0
      vertex 15.23606797749979 -3.804226065180614 0.4
    endloop
  endfacet
  facet normal 0.24191843651036743 -0.6646654416620019 -0.706891307583164
    outer loop
      vertex 15.23606797749979 -3.804226065180614 0.4
      vertex 15.348583736297282 -3.3378618764404346 0
      vertex 15.498426373663648 -3.7087354182671497 0.4
    endloop
  endfacet
  facet normal 0.28769385278772913 -0.6461709729874268 -0.7068913075831635
    outer loop
      vertex 15.498426373663648 -3.7087354182671497 0.4
      vertex 15.57813612844068 -3.2356585666770012 0
      vertex 15.75348458715631 -3.595176185196668 0.4
    endloop
  endfacet
  facet normal 0.28769385278772763 -0.6461709729874269 -0.706891307583164
    outer loop
      vertex 15.498426373663648 -3.7087354182671497 0.4
      vertex 15.348583736297282 -3.3378618764404346 0
      vertex 15.57813612844068 -3.2356585666770012 0
    endloop
  endfacet
  facet normal 0.33206765353319456 -0.6245284242853352 -0.7068913075831635
    outer loop
      vertex 15.75348458715631 -3.595176185196668 0.4
      vertex 15.57813612844068 -3.2356585666770012 0
      vertex 15.8 -3.117691453623979 0
    endloop
  endfacet
  facet normal 0.37482365404997176 -0.5998432358775022 -0.7068913075831632
    outer loop
      vertex 15.8 -3.117691453623979 0
      vertex 16.013094452494688 -2.98453526119815 0
      vertex 16 -3.4641016151377544 0.4
    endloop
  endfacet
  facet normal 0.4157535514013535 -0.5722356715205086 -0.7068913075831635
    outer loop
      vertex 16.236771613882986 -3.3161502902201665 0.4
      vertex 16.013094452494688 -2.98453526119815 0
      vertex 16.21638131117237 -2.836838712984199 0
    endloop
  endfacet
  facet normal 0.33206765353319523 -0.6245284242853351 -0.7068913075831633
    outer loop
      vertex 15.75348458715631 -3.595176185196668 0.4
      vertex 15.8 -3.117691453623979 0
      vertex 16 -3.4641016151377544 0.4
    endloop
  endfacet
  facet normal 0.3748236540499707 -0.5998432358775025 -0.7068913075831637
    outer loop
      vertex 16 -3.4641016151377544 0.4
      vertex 16.013094452494688 -2.98453526119815 0
      vertex 16.236771613882986 -3.3161502902201665 0.4
    endloop
  endfacet
  facet normal 0.4157535514013541 -0.5722356715205085 -0.7068913075831633
    outer loop
      vertex 16.236771613882986 -3.3161502902201665 0.4
      vertex 16.21638131117237 -2.836838712984199 0
      vertex 16.462645901302633 -3.1520430144268876 0.4
    endloop
  endfacet
  facet normal 0.45465793924171516 -0.5418402324927916 -0.7068913075831633
    outer loop
      vertex 16.462645901302633 -3.1520430144268876 0.4
      vertex 16.21638131117237 -2.836838712984199 0
      vertex 16.40887018289189 -2.6753213717186193 0
    endloop
  endfacet
  facet normal 0.4913472793041423 -0.5088050023179621 -0.7068913075831644
    outer loop
      vertex 16.40887018289189 -2.6753213717186193 0
      vertex 16.589623281219144 -2.50077013365239 0
      vertex 16.676522425435433 -2.972579301909577 0.4
    endloop
  endfacet
  facet normal 0.5256428248118603 -0.47329092531673667 -0.7068913075831638
    outer loop
      vertex 16.589623281219144 -2.50077013365239 0
      vertex 16.75775999522832 -2.3140353948715413 0
      vertex 16.877359201354604 -2.778633481835989 0.4
    endloop
  endfacet
  facet normal 0.4546579392417124 -0.5418402324927928 -0.7068913075831642
    outer loop
      vertex 16.462645901302633 -3.1520430144268876 0.4
      vertex 16.40887018289189 -2.6753213717186193 0
      vertex 16.676522425435433 -2.972579301909577 0.4
    endloop
  endfacet
  facet normal 0.4913472793041437 -0.5088050023179613 -0.7068913075831638
    outer loop
      vertex 16.589623281219144 -2.50077013365239 0
      vertex 16.877359201354604 -2.778633481835989 0.4
      vertex 16.676522425435433 -2.972579301909577 0.4
    endloop
  endfacet
  facet normal 0.5256428248118589 -0.4732909253167375 -0.7068913075831643
    outer loop
      vertex 16.877359201354604 -2.778633481835989 0.4
      vertex 16.75775999522832 -2.3140353948715413 0
      vertex 17.06417777247591 -2.571150438746157 0.4
    endloop
  endfacet
  facet normal 0.5573774913145183 -0.4354710225024141 -0.7068913075831644
    outer loop
      vertex 16.75775999522832 -2.3140353948715413 0
      vertex 16.912461179749812 -2.1160269082529033 0
      vertex 17.06417777247591 -2.571150438746157 0.4
    endloop
  endfacet
  facet normal 0.5863966707068953 -0.39552954863983963 -0.7068913075831628
    outer loop
      vertex 16.912461179749812 -2.1160269082529033 0
      vertex 17.052973146163133 -1.9077093512395378 0
      vertex 17.23606797749979 -2.3511410091698925 0.4
    endloop
  endfacet
  facet normal 0.5573774913145224 -0.43547102250241126 -0.7068913075831629
    outer loop
      vertex 16.912461179749812 -2.1160269082529033 0
      vertex 17.23606797749979 -2.3511410091698925 0.4
      vertex 17.06417777247591 -2.571150438746157 0.4
    endloop
  endfacet
  facet normal 0.5863966707068899 -0.39552954863984374 -0.706891307583165
    outer loop
      vertex 17.23606797749979 -2.3511410091698925 0.4
      vertex 17.052973146163133 -1.9077093512395378 0
      vertex 17.392192384625705 -2.1196770569328196 0.4
    endloop
  endfacet
  facet normal -0.6125589844639636 -0.3536610945747956 -0.7068913075831638
    outer loop
      vertex 10.607807615374297 -2.1196770569328196 0.4
      vertex 10.821388665707863 -1.6900976260292069 0
      vertex 10.947026853836867 -1.9077093512395378 0
    endloop
  endfacet
  facet normal -0.6357369724229429 -0.31006963920686503 -0.7068913075831638
    outer loop
      vertex 10.468209628564292 -1.8778862511435632 0.4
      vertex 10.711236352486637 -1.4642519150728808 0
      vertex 10.821388665707863 -1.6900976260292069 0
    endloop
  endfacet
  facet normal -0.6125589844639638 -0.35366109457479555 -0.7068913075831637
    outer loop
      vertex 10.607807615374297 -2.1196770569328196 0.4
      vertex 10.468209628564292 -1.8778862511435632 0.4
      vertex 10.821388665707863 -1.6900976260292069 0
    endloop
  endfacet
  facet normal -0.6357369724229439 -0.31006963920686403 -0.7068913075831633
    outer loop
      vertex 10.468209628564292 -1.8778862511435632 0.4
      vertex 10.345818169429597 -1.6269465723032008 0.4
      vertex 10.711236352486637 -1.4642519150728808 0
    endloop
  endfacet
  facet normal -0.6558177137563332 -0.2649675557248133 -0.7068913075831631
    outer loop
      vertex 10.345818169429597 -1.6269465723032008 0.4
      vertex 10.61710656517073 -1.2312725159724074 0
      vertex 10.711236352486637 -1.4642519150728808 0
    endloop
  endfacet
  facet normal -0.6727033771108686 -0.218574576945714 -0.7068913075831637
    outer loop
      vertex 10.241229516856366 -1.3680805733026749 0.4
      vertex 10.539457894622052 -0.992294480941197 0
      vertex 10.61710656517073 -1.2312725159724074 0
    endloop
  endfacet
  facet normal -0.6558177137563325 -0.264967555724814 -0.7068913075831634
    outer loop
      vertex 10.345818169429597 -1.6269465723032008 0.4
      vertex 10.241229516856366 -1.3680805733026749 0.4
      vertex 10.61710656517073 -1.2312725159724074 0
    endloop
  endfacet
  facet normal -0.6727033771108689 -0.21857457694571364 -0.7068913075831633
    outer loop
      vertex 10.241229516856366 -1.3680805733026749 0.4
      vertex 10.154953216246724 -1.1025494232679967 0.4
      vertex 10.539457894622052 -0.992294480941197 0
    endloop
  endfacet
  facet normal 0 0 -1
    outer loop
      vertex 12.2 -3.117691453623979 0
      vertex 12.42186387155932 3.2356585666770012 0
      vertex 12.42186387155932 -3.2356585666770012 0
    endloop
  endfacet
  facet normal 0 0 -1
    outer loop
      vertex 12.887538820250189 -3.4238034586625528 0
      vertex 13.129081175841197 3.4930646145935875 0
      vertex 13.129081175841197 -3.4930646145935875 0
    endloop
  endfacet
  facet normal 0 0 -1
    outer loop
      vertex 12.42186387155932 -3.2356585666770012 0
      vertex 12.651416263702718 3.3378618764404346 0
      vertex 12.651416263702718 -3.3378618764404346 0
    endloop
  endfacet
  facet normal 0 0 -1
    outer loop
      vertex 12.651416263702718 -3.3378618764404346 0
      vertex 12.887538820250189 3.4238034586625528 0
      vertex 12.887538820250189 -3.4238034586625528 0
    endloop
  endfacet
  facet normal 0 0 -1
    outer loop
      vertex 13.37486656039905 -3.545307910843949 0
      vertex 13.129081175841197 -3.4930646145935875 0
      vertex 13.37486656039905 3.545307910843949 0
    endloop
  endfacet
  facet normal 0 0 -1
    outer loop
      vertex 13.37486656039905 -3.545307910843949 0
      vertex 13.623697532236447 3.580278823325784 0
      vertex 13.623697532236447 -3.580278823325784 0
    endloop
  endfacet
  facet normal 0 0 -1
    outer loop
      vertex 13.623697532236447 -3.580278823325784 0
      vertex 13.874361811870996 3.597806977268745 0
      vertex 13.874361811870996 -3.597806977268745 0
    endloop
  endfacet
  facet normal 0 0 -1
    outer loop
      vertex 13.874361811870996 -3.597806977268745 0
      vertex 14.125638188129004 3.597806977268745 0
      vertex 14.125638188129004 -3.597806977268745 0
    endloop
  endfacet
  facet normal 0 0 -1
    outer loop
      vertex 14.125638188129004 -3.597806977268745 0
      vertex 14.376302467763553 3.580278823325784 0
      vertex 14.376302467763553 -3.580278823325784 0
    endloop
  endfacet
  facet normal 0 0 -1
    outer loop
      vertex 14.376302467763553 -3.580278823325784 0
      vertex 14.62513343960095 3.545307910843949 0
      vertex 14.62513343960095 -3.545307910843949 0
    endloop
  endfacet
  facet normal 0 0 -1
    outer loop
      vertex 11.410376718780856 -2.50077013365239 0
      vertex 11.59112981710811 2.6753213717186193 0
      vertex 11.59112981710811 -2.6753213717186193 0
    endloop
  endfacet
  facet normal 0 0 -1
    outer loop
      vertex 11.410376718780856 -2.50077013365239 0
      vertex 11.242240004771679 -2.3140353948715413 0
      vertex 11.410376718780856 2.50077013365239 0
    endloop
  endfacet
  facet normal -0.6863116972320279 -0.1711167247987727 -0.7068913075831634
    outer loop
      vertex 10.154953216246724 -1.1025494232679967 0.4
      vertex 10.4786686373583 -0.7484820869439337 0
      vertex 10.539457894622052 -0.992294480941197 0
    endloop
  endfacet
  facet normal 0 0 -1
    outer loop
      vertex 11.242240004771679 -2.3140353948715413 0
      vertex 11.087538820250188 -2.1160269082529033 0
      vertex 11.242240004771679 2.3140353948715413 0
    endloop
  endfacet
  facet normal 0 0 -1
    outer loop
      vertex 11.087538820250188 -2.1160269082529033 0
      vertex 10.947026853836867 -1.9077093512395378 0
      vertex 11.087538820250188 2.1160269082529033 0
    endloop
  endfacet
  facet normal 0 0 -1
    outer loop
      vertex 10.947026853836867 -1.9077093512395378 0
      vertex 10.821388665707863 -1.6900976260292069 0
      vertex 10.947026853836867 1.9077093512395378 0
    endloop
  endfacet
  facet normal -0.6965763757520802 -0.12282520916921313 -0.7068913075831644
    outer loop
      vertex 10.4786686373583 -0.7484820869439337 0
      vertex 10.087409597064777 -0.8316467632710374 0.4
      vertex 10.435034952530346 -0.5010231634562355 0
    endloop
  endfacet
  facet normal -0.6863116972320262 -0.1711167247987751 -0.7068913075831643
    outer loop
      vertex 10.154953216246724 -1.1025494232679967 0.4
      vertex 10.087409597064777 -0.8316467632710374 0.4
      vertex 10.4786686373583 -0.7484820869439337 0
    endloop
  endfacet
  facet normal -0.696576375752083 -0.12282520916920764 -0.7068913075831624
    outer loop
      vertex 10.435034952530346 -0.5010231634562355 0
      vertex 10.087409597064777 -0.8316467632710374 0.4
      vertex 10.03892772503372 -0.5566924038402618 0.4
    endloop
  endfacet
  facet normal 0 0 -1
    outer loop
      vertex 10.821388665707863 -1.6900976260292069 0
      vertex 10.711236352486637 -1.4642519150728808 0
      vertex 10.821388665707863 1.6900976260292069 0
    endloop
  endfacet
  facet normal 0 0 -1
    outer loop
      vertex 10.711236352486637 -1.4642519150728808 0
      vertex 10.61710656517073 -1.2312725159724074 0
      vertex 10.711236352486637 1.4642519150728808 0
    endloop
  endfacet
  facet normal 0 0 -1
    outer loop
      vertex 10.61710656517073 -1.2312725159724074 0
      vertex 10.539457894622052 -0.992294480941197 0
      vertex 10.61710656517073 1.2312725159724074 0
    endloop
  endfacet
  facet normal -0.703447404189086 -0.07393530146691564 -0.7068913075831623
    outer loop
      vertex 10.435034952530346 -0.5010231634562355 0
      vertex 10.03892772503372 -0.5566924038402618 0.4
      vertex 10.408769419064633 -0.2511233054788511 0
    endloop
  endfacet
  facet normal 0 0 -1
    outer loop
      vertex 10.4786686373583 -0.7484820869439337 0
      vertex 10.539457894622052 0.992294480941197 0
      vertex 10.539457894622052 -0.992294480941197 0
    endloop
  endfacet
  facet normal 0 0 -1
    outer loop
      vertex 10.4786686373583 -0.7484820869439337 0
      vertex 10.435034952530346 -0.5010231634562355 0
      vertex 10.4786686373583 0.7484820869439337 0
    endloop
  endfacet
  facet normal 0 0 -1
    outer loop
      vertex 10.435034952530346 -0.5010231634562355 0
      vertex 10.408769419064633 -0.2511233054788511 0
      vertex 10.435034952530346 0.5010231634562355 0
    endloop
  endfacet
  facet normal -0.7068913075831628 -0.024685188407832025 -0.7068913075831647
    outer loop
      vertex 10.408769419064633 -0.2511233054788511 0
      vertex 10.009743798960702 -0.2790258949765012 0.4
      vertex 10.4 0 0
    endloop
  endfacet
  facet normal -0.703447404189083 -0.0739353014669223 -0.7068913075831645
    outer loop
      vertex 10.03892772503372 -0.5566924038402618 0.4
      vertex 10.009743798960702 -0.2790258949765012 0.4
      vertex 10.408769419064633 -0.2511233054788511 0
    endloop
  endfacet
  facet normal -0.7068913075831633 -0.024685188407830048 -0.706891307583164
    outer loop
      vertex 10.009743798960702 -0.2790258949765012 0.4
      vertex 10 0 0.4
      vertex 10.4 0 0
    endloop
  endfacet
  facet normal 0 0 -1
    outer loop
      vertex 11.78361868882763 -2.836838712984199 0
      vertex 11.98690554750531 2.98453526119815 0
      vertex 11.98690554750531 -2.98453526119815 0
    endloop
  endfacet
  facet normal 0 0 -1
    outer loop
      vertex 11.59112981710811 -2.6753213717186193 0
      vertex 11.78361868882763 2.836838712984199 0
      vertex 11.78361868882763 -2.836838712984199 0
    endloop
  endfacet
  facet normal 0 0 -1
    outer loop
      vertex 11.98690554750531 -2.98453526119815 0
      vertex 12.2 3.117691453623979 0
      vertex 12.2 -3.117691453623979 0
    endloop
  endfacet
  facet normal 0.6125589844639647 -0.35366109457479133 -0.7068913075831651
    outer loop
      vertex 17.392192384625705 -2.1196770569328196 0.4
      vertex 17.052973146163133 -1.9077093512395378 0
      vertex 17.178611334292135 -1.6900976260292069 0
    endloop
  endfacet
  facet normal 0.6357369724229396 -0.3100696392068685 -0.7068913075831653
    outer loop
      vertex 17.178611334292135 -1.6900976260292069 0
      vertex 17.288763647513363 -1.4642519150728808 0
      vertex 17.531790371435708 -1.8778862511435632 0.4
    endloop
  endfacet
  facet normal 0.6125589844639646 -0.35366109457479145 -0.7068913075831651
    outer loop
      vertex 17.392192384625705 -2.1196770569328196 0.4
      vertex 17.178611334292135 -1.6900976260292069 0
      vertex 17.531790371435708 -1.8778862511435632 0.4
    endloop
  endfacet
  facet normal 0.635736972422941 -0.31006963920686703 -0.7068913075831647
    outer loop
      vertex 17.288763647513363 -1.4642519150728808 0
      vertex 17.654181830570405 -1.6269465723032008 0.4
      vertex 17.531790371435708 -1.8778862511435632 0.4
    endloop
  endfacet
  facet normal 0 0 -1
    outer loop
      vertex 14.62513343960095 -3.545307910843949 0
      vertex 14.870918824158803 3.4930646145935875 0
      vertex 14.870918824158803 -3.4930646145935875 0
    endloop
  endfacet
  facet normal 0 0 -1
    outer loop
      vertex 14.870918824158803 -3.4930646145935875 0
      vertex 15.112461179749811 3.4238034586625528 0
      vertex 15.112461179749811 -3.4238034586625528 0
    endloop
  endfacet
  facet normal 0 0 -1
    outer loop
      vertex 15.112461179749811 -3.4238034586625528 0
      vertex 15.348583736297282 3.3378618764404346 0
      vertex 15.348583736297282 -3.3378618764404346 0
    endloop
  endfacet
  facet normal 0 0 -1
    outer loop
      vertex 15.348583736297282 -3.3378618764404346 0
      vertex 15.57813612844068 3.2356585666770012 0
      vertex 15.57813612844068 -3.2356585666770012 0
    endloop
  endfacet
  facet normal 0 0 -1
    outer loop
      vertex 15.57813612844068 -3.2356585666770012 0
      vertex 15.8 3.117691453623979 0
      vertex 15.8 -3.117691453623979 0
    endloop
  endfacet
  facet normal 0 0 -1
    outer loop
      vertex 15.8 -3.117691453623979 0
      vertex 16.013094452494688 2.98453526119815 0
      vertex 16.013094452494688 -2.98453526119815 0
    endloop
  endfacet
  facet normal 0.6558177137563318 -0.26496755572481273 -0.7068913075831647
    outer loop
      vertex 17.288763647513363 -1.4642519150728808 0
      vertex 17.38289343482927 -1.2312725159724074 0
      vertex 17.654181830570405 -1.6269465723032008 0.4
    endloop
  endfacet
  facet normal 0.6727033771108687 -0.21857457694570906 -0.706891307583165
    outer loop
      vertex 17.38289343482927 -1.2312725159724074 0
      vertex 17.460542105377947 -0.992294480941197 0
      vertex 17.758770483143635 -1.3680805733026749 0.4
    endloop
  endfacet
  facet normal 0.6558177137563311 -0.26496755572481356 -0.706891307583165
    outer loop
      vertex 17.38289343482927 -1.2312725159724074 0
      vertex 17.758770483143635 -1.3680805733026749 0.4
      vertex 17.654181830570405 -1.6269465723032008 0.4
    endloop
  endfacet
  facet normal 0.6727033771108687 -0.21857457694570906 -0.7068913075831649
    outer loop
      vertex 17.758770483143635 -1.3680805733026749 0.4
      vertex 17.460542105377947 -0.992294480941197 0
      vertex 17.845046783753276 -1.1025494232679967 0.4
    endloop
  endfacet
  facet normal 0 0 -1
    outer loop
      vertex 16.013094452494688 -2.98453526119815 0
      vertex 16.21638131117237 2.836838712984199 0
      vertex 16.21638131117237 -2.836838712984199 0
    endloop
  endfacet
  facet normal 0 0 -1
    outer loop
      vertex 16.21638131117237 -2.836838712984199 0
      vertex 16.40887018289189 2.6753213717186193 0
      vertex 16.40887018289189 -2.6753213717186193 0
    endloop
  endfacet
  facet normal 0 0 -1
    outer loop
      vertex 16.40887018289189 -2.6753213717186193 0
      vertex 16.589623281219144 2.50077013365239 0
      vertex 16.589623281219144 -2.50077013365239 0
    endloop
  endfacet
  facet normal 0 0 -1
    outer loop
      vertex 16.589623281219144 -2.50077013365239 0
      vertex 16.75775999522832 2.3140353948715413 0
      vertex 16.75775999522832 -2.3140353948715413 0
    endloop
  endfacet
  facet normal 0 0 -1
    outer loop
      vertex 16.75775999522832 -2.3140353948715413 0
      vertex 16.912461179749812 2.1160269082529033 0
      vertex 16.912461179749812 -2.1160269082529033 0
    endloop
  endfacet
  facet normal 0.686311697232025 -0.1711167247987769 -0.706891307583165
    outer loop
      vertex 17.845046783753276 -1.1025494232679967 0.4
      vertex 17.460542105377947 -0.992294480941197 0
      vertex 17.5213313626417 -0.7484820869439337 0
    endloop
  endfacet
  facet normal 0 0 -1
    outer loop
      vertex 16.912461179749812 -2.1160269082529033 0
      vertex 17.052973146163133 1.9077093512395378 0
      vertex 17.052973146163133 -1.9077093512395378 0
    endloop
  endfacet
  facet normal 0 0 -1
    outer loop
      vertex 17.052973146163133 -1.9077093512395378 0
      vertex 17.178611334292135 1.6900976260292069 0
      vertex 17.178611334292135 -1.6900976260292069 0
    endloop
  endfacet
  facet normal 0 0 -1
    outer loop
      vertex 17.178611334292135 -1.6900976260292069 0
      vertex 17.288763647513363 1.4642519150728808 0
      vertex 17.288763647513363 -1.4642519150728808 0
    endloop
  endfacet
  facet normal 0.6965763757520812 -0.1228252091692083 -0.7068913075831643
    outer loop
      vertex 17.5213313626417 -0.7484820869439337 0
      vertex 17.564965047469652 -0.5010231634562355 0
      vertex 17.912590402935223 -0.8316467632710374 0.4
    endloop
  endfacet
  facet normal 0.6863116972320262 -0.1711167247987751 -0.7068913075831643
    outer loop
      vertex 17.845046783753276 -1.1025494232679967 0.4
      vertex 17.5213313626417 -0.7484820869439337 0
      vertex 17.912590402935223 -0.8316467632710374 0.4
    endloop
  endfacet
  facet normal 0.6965763757520815 -0.12282520916920756 -0.706891307583164
    outer loop
      vertex 17.564965047469652 -0.5010231634562355 0
      vertex 17.96107227496628 -0.5566924038402618 0.4
      vertex 17.912590402935223 -0.8316467632710374 0.4
    endloop
  endfacet
  facet normal 0 0 -1
    outer loop
      vertex 17.288763647513363 -1.4642519150728808 0
      vertex 17.38289343482927 1.2312725159724074 0
      vertex 17.38289343482927 -1.2312725159724074 0
    endloop
  endfacet
  facet normal 0 0 -1
    outer loop
      vertex 17.38289343482927 -1.2312725159724074 0
      vertex 17.460542105377947 0.992294480941197 0
      vertex 17.460542105377947 -0.992294480941197 0
    endloop
  endfacet
  facet normal 0 0 -1
    outer loop
      vertex 17.460542105377947 -0.992294480941197 0
      vertex 17.5213313626417 0.7484820869439337 0
      vertex 17.5213313626417 -0.7484820869439337 0
    endloop
  endfacet
  facet normal 0.7034474041890838 -0.0739353014669204 -0.706891307583164
    outer loop
      vertex 17.564965047469652 -0.5010231634562355 0
      vertex 17.591230580935367 -0.2511233054788511 0
      vertex 17.96107227496628 -0.5566924038402618 0.4
    endloop
  endfacet
  facet normal 0 0 -1
    outer loop
      vertex 17.5213313626417 -0.7484820869439337 0
      vertex 17.564965047469652 0.5010231634562355 0
      vertex 17.564965047469652 -0.5010231634562355 0
    endloop
  endfacet
  facet normal 0 0 -1
    outer loop
      vertex 17.564965047469652 -0.5010231634562355 0
      vertex 17.591230580935367 0.2511233054788511 0
      vertex 17.591230580935367 -0.2511233054788511 0
    endloop
  endfacet
  facet normal 0.7068913075831623 -0.024685188407837014 -0.7068913075831647
    outer loop
      vertex 17.591230580935367 -0.2511233054788511 0
      vertex 17.6 0 0
      vertex 17.990256201039298 -0.2790258949765012 0.4
    endloop
  endfacet
  facet normal 0.703447404189083 -0.0739353014669223 -0.7068913075831645
    outer loop
      vertex 17.96107227496628 -0.5566924038402618 0.4
      vertex 17.591230580935367 -0.2511233054788511 0
      vertex 17.990256201039298 -0.2790258949765012 0.4
    endloop
  endfacet
  facet normal 0.706891307583165 -0.024685188407830103 -0.7068913075831624
    outer loop
      vertex 17.990256201039298 -0.2790258949765012 0.4
      vertex 17.6 0 0
      vertex 18 0 0.4
    endloop
  endfacet
  facet normal 0 0 -1
    outer loop
      vertex 10.408769419064633 -0.2511233054788511 0
      vertex 10.4 0 0
      vertex 10.408769419064633 0.2511233054788511 0
    endloop
  endfacet
  facet normal 0 0 -1
    outer loop
      vertex 10.408769419064633 -0.2511233054788511 0
      vertex 10.408769419064633 0.2511233054788511 0
      vertex 10.435034952530346 0.5010231634562355 0
    endloop
  endfacet
  facet normal 0 0 -1
    outer loop
      vertex 10.435034952530346 -0.5010231634562355 0
      vertex 10.435034952530346 0.5010231634562355 0
      vertex 10.4786686373583 0.7484820869439337 0
    endloop
  endfacet
  facet normal -0.7068913075831628 0.024685188407832025 -0.7068913075831647
    outer loop
      vertex 10.4 0 0
      vertex 10.009743798960702 0.2790258949765012 0.4
      vertex 10.408769419064633 0.2511233054788511 0
    endloop
  endfacet
  facet normal 0 0 -1
    outer loop
      vertex 10.4786686373583 -0.7484820869439337 0
      vertex 10.4786686373583 0.7484820869439337 0
      vertex 10.539457894622052 0.992294480941197 0
    endloop
  endfacet
  facet normal 0 0 -1
    outer loop
      vertex 10.539457894622052 -0.992294480941197 0
      vertex 10.539457894622052 0.992294480941197 0
      vertex 10.61710656517073 1.2312725159724074 0
    endloop
  endfacet
  facet normal 0 0 -1
    outer loop
      vertex 10.61710656517073 -1.2312725159724074 0
      vertex 10.61710656517073 1.2312725159724074 0
      vertex 10.711236352486637 1.4642519150728808 0
    endloop
  endfacet
  facet normal -0.703447404189086 0.07393530146691564 -0.7068913075831622
    outer loop
      vertex 10.408769419064633 0.2511233054788511 0
      vertex 10.03892772503372 0.5566924038402618 0.4
      vertex 10.435034952530346 0.5010231634562355 0
    endloop
  endfacet
  facet normal -0.7068913075831633 0.024685188407829975 -0.706891307583164
    outer loop
      vertex 10.4 0 0
      vertex 10 0 0.4
      vertex 10.009743798960702 0.2790258949765012 0.4
    endloop
  endfacet
  facet normal -0.7034474041890829 0.07393530146692237 -0.7068913075831645
    outer loop
      vertex 10.408769419064633 0.2511233054788511 0
      vertex 10.009743798960702 0.2790258949765012 0.4
      vertex 10.03892772503372 0.5566924038402618 0.4
    endloop
  endfacet
  facet normal 0 0 -1
    outer loop
      vertex 10.711236352486637 -1.4642519150728808 0
      vertex 10.711236352486637 1.4642519150728808 0
      vertex 10.821388665707863 1.6900976260292069 0
    endloop
  endfacet
  facet normal 0 0 -1
    outer loop
      vertex 10.821388665707863 -1.6900976260292069 0
      vertex 10.821388665707863 1.6900976260292069 0
      vertex 10.947026853836867 1.9077093512395378 0
    endloop
  endfacet
  facet normal 0 0 -1
    outer loop
      vertex 10.947026853836867 -1.9077093512395378 0
      vertex 10.947026853836867 1.9077093512395378 0
      vertex 11.087538820250188 2.1160269082529033 0
    endloop
  endfacet
  facet normal -0.6965763757520802 0.12282520916921313 -0.7068913075831644
    outer loop
      vertex 10.435034952530346 0.5010231634562355 0
      vertex 10.087409597064777 0.8316467632710374 0.4
      vertex 10.4786686373583 0.7484820869439337 0
    endloop
  endfacet
  facet normal 0 0 -1
    outer loop
      vertex 11.087538820250188 -2.1160269082529033 0
      vertex 11.087538820250188 2.1160269082529033 0
      vertex 11.242240004771679 2.3140353948715413 0
    endloop
  endfacet
  facet normal 0 0 -1
    outer loop
      vertex 11.242240004771679 -2.3140353948715413 0
      vertex 11.242240004771679 2.3140353948715413 0
      vertex 11.410376718780856 2.50077013365239 0
    endloop
  endfacet
  facet normal 0 0 -1
    outer loop
      vertex 11.410376718780856 -2.50077013365239 0
      vertex 11.410376718780856 2.50077013365239 0
      vertex 11.59112981710811 2.6753213717186193 0
    endloop
  endfacet
  facet normal -0.6863116972320279 0.17111672479877252 -0.7068913075831633
    outer loop
      vertex 10.4786686373583 0.7484820869439337 0
      vertex 10.154953216246724 1.1025494232679967 0.4
      vertex 10.539457894622052 0.992294480941197 0
    endloop
  endfacet
  facet normal -0.696576375752083 0.12282520916920764 -0.7068913075831624
    outer loop
      vertex 10.435034952530346 0.5010231634562355 0
      vertex 10.03892772503372 0.5566924038402618 0.4
      vertex 10.087409597064777 0.8316467632710374 0.4
    endloop
  endfacet
  facet normal -0.6863116972320262 0.17111672479877518 -0.7068913075831643
    outer loop
      vertex 10.4786686373583 0.7484820869439337 0
      vertex 10.087409597064777 0.8316467632710374 0.4
      vertex 10.154953216246724 1.1025494232679967 0.4
    endloop
  endfacet
  facet normal 0 0 -1
    outer loop
      vertex 11.59112981710811 -2.6753213717186193 0
      vertex 11.59112981710811 2.6753213717186193 0
      vertex 11.78361868882763 2.836838712984199 0
    endloop
  endfacet
  facet normal 0 0 -1
    outer loop
      vertex 11.78361868882763 -2.836838712984199 0
      vertex 11.78361868882763 2.836838712984199 0
      vertex 11.98690554750531 2.98453526119815 0
    endloop
  endfacet
  facet normal -0.6727033771108686 0.218574576945714 -0.7068913075831637
    outer loop
      vertex 10.539457894622052 0.992294480941197 0
      vertex 10.241229516856366 1.3680805733026749 0.4
      vertex 10.61710656517073 1.2312725159724074 0
    endloop
  endfacet
  facet normal -0.6558177137563332 0.2649675557248133 -0.7068913075831631
    outer loop
      vertex 10.345818169429597 1.6269465723032008 0.4
      vertex 10.711236352486637 1.4642519150728808 0
      vertex 10.61710656517073 1.2312725159724074 0
    endloop
  endfacet
  facet normal -0.6727033771108687 0.21857457694571367 -0.7068913075831634
    outer loop
      vertex 10.539457894622052 0.992294480941197 0
      vertex 10.154953216246724 1.1025494232679967 0.4
      vertex 10.241229516856366 1.3680805733026749 0.4
    endloop
  endfacet
  facet normal -0.6558177137563325 0.264967555724814 -0.7068913075831634
    outer loop
      vertex 10.241229516856366 1.3680805733026749 0.4
      vertex 10.345818169429597 1.6269465723032008 0.4
      vertex 10.61710656517073 1.2312725159724074 0
    endloop
  endfacet
  facet normal -0.6357369724229429 0.31006963920686503 -0.7068913075831638
    outer loop
      vertex 10.468209628564292 1.8778862511435632 0.4
      vertex 10.821388665707863 1.6900976260292069 0
      vertex 10.711236352486637 1.4642519150728808 0
    endloop
  endfacet
  facet normal -0.6125589844639636 0.35366109457479566 -0.7068913075831638
    outer loop
      vertex 10.821388665707863 1.6900976260292069 0
      vertex 10.607807615374297 2.1196770569328196 0.4
      vertex 10.947026853836867 1.9077093512395378 0
    endloop
  endfacet
  facet normal -0.6357369724229439 0.31006963920686403 -0.7068913075831632
    outer loop
      vertex 10.345818169429597 1.6269465723032008 0.4
      vertex 10.468209628564292 1.8778862511435632 0.4
      vertex 10.711236352486637 1.4642519150728808 0
    endloop
  endfacet
  facet normal -0.6125589844639638 0.35366109457479555 -0.7068913075831638
    outer loop
      vertex 10.468209628564292 1.8778862511435632 0.4
      vertex 10.607807615374297 2.1196770569328196 0.4
      vertex 10.821388665707863 1.6900976260292069 0
    endloop
  endfacet
  facet normal 0 0 -1
    outer loop
      vertex 11.98690554750531 -2.98453526119815 0
      vertex 11.98690554750531 2.98453526119815 0
      vertex 12.2 3.117691453623979 0
    endloop
  endfacet
  facet normal 0 0 -1
    outer loop
      vertex 12.2 -3.117691453623979 0
      vertex 12.2 3.117691453623979 0
      vertex 12.42186387155932 3.2356585666770012 0
    endloop
  endfacet
  facet normal 0 0 -1
    outer loop
      vertex 12.42186387155932 -3.2356585666770012 0
      vertex 12.42186387155932 3.2356585666770012 0
      vertex 12.651416263702718 3.3378618764404346 0
    endloop
  endfacet
  facet normal 0 0 -1
    outer loop
      vertex 12.651416263702718 -3.3378618764404346 0
      vertex 12.651416263702718 3.3378618764404346 0
      vertex 12.887538820250189 3.4238034586625528 0
    endloop
  endfacet
  facet normal 0 0 -1
    outer loop
      vertex 12.887538820250189 -3.4238034586625528 0
      vertex 12.887538820250189 3.4238034586625528 0
      vertex 13.129081175841197 3.4930646145935875 0
    endloop
  endfacet
  facet normal 0 0 -1
    outer loop
      vertex 13.129081175841197 -3.4930646145935875 0
      vertex 13.129081175841197 3.4930646145935875 0
      vertex 13.37486656039905 3.545307910843949 0
    endloop
  endfacet
  facet normal 0 0 -1
    outer loop
      vertex 13.37486656039905 -3.545307910843949 0
      vertex 13.37486656039905 3.545307910843949 0
      vertex 13.623697532236447 3.580278823325784 0
    endloop
  endfacet
  facet normal 0 0 -1
    outer loop
      vertex 13.623697532236447 -3.580278823325784 0
      vertex 13.623697532236447 3.580278823325784 0
      vertex 13.874361811870996 3.597806977268745 0
    endloop
  endfacet
  facet normal 0 0 -1
    outer loop
      vertex 13.874361811870996 -3.597806977268745 0
      vertex 13.874361811870996 3.597806977268745 0
      vertex 14.125638188129004 3.597806977268745 0
    endloop
  endfacet
  facet normal 0 0 -1
    outer loop
      vertex 14.125638188129004 -3.597806977268745 0
      vertex 14.125638188129004 3.597806977268745 0
      vertex 14.376302467763553 3.580278823325784 0
    endloop
  endfacet
  facet normal 0 0 -1
    outer loop
      vertex 14.376302467763553 -3.580278823325784 0
      vertex 14.376302467763553 3.580278823325784 0
      vertex 14.62513343960095 3.545307910843949 0
    endloop
  endfacet
  facet normal 0 0 -1
    outer loop
      vertex 14.62513343960095 -3.545307910843949 0
      vertex 14.62513343960095 3.545307910843949 0
      vertex 14.870918824158803 3.4930646145935875 0
    endloop
  endfacet
  facet normal 0 0 -1
    outer loop
      vertex 17.591230580935367 -0.2511233054788511 0
      vertex 17.591230580935367 0.2511233054788511 0
      vertex 17.6 0 0
    endloop
  endfacet
  facet normal 0 0 -1
    outer loop
      vertex 17.564965047469652 -0.5010231634562355 0
      vertex 17.564965047469652 0.5010231634562355 0
      vertex 17.591230580935367 0.2511233054788511 0
    endloop
  endfacet
  facet normal 0 0 -1
    outer loop
      vertex 17.460542105377947 -0.992294480941197 0
      vertex 17.460542105377947 0.992294480941197 0
      vertex 17.5213313626417 0.7484820869439337 0
    endloop
  endfacet
  facet normal 0 0 -1
    outer loop
      vertex 17.5213313626417 -0.7484820869439337 0
      vertex 17.5213313626417 0.7484820869439337 0
      vertex 17.564965047469652 0.5010231634562355 0
    endloop
  endfacet
  facet normal 0.7068913075831623 0.024685188407837014 -0.7068913075831647
    outer loop
      vertex 17.6 0 0
      vertex 17.591230580935367 0.2511233054788511 0
      vertex 17.990256201039298 0.2790258949765012 0.4
    endloop
  endfacet
  facet normal 0 0 -1
    outer loop
      vertex 17.38289343482927 -1.2312725159724074 0
      vertex 17.38289343482927 1.2312725159724074 0
      vertex 17.460542105377947 0.992294480941197 0
    endloop
  endfacet
  facet normal 0 0 -1
    outer loop
      vertex 17.288763647513363 -1.4642519150728808 0
      vertex 17.288763647513363 1.4642519150728808 0
      vertex 17.38289343482927 1.2312725159724074 0
    endloop
  endfacet
  facet normal 0 0 -1
    outer loop
      vertex 17.178611334292135 -1.6900976260292069 0
      vertex 17.178611334292135 1.6900976260292069 0
      vertex 17.288763647513363 1.4642519150728808 0
    endloop
  endfacet
  facet normal 0.7034474041890838 0.0739353014669204 -0.706891307583164
    outer loop
      vertex 17.591230580935367 0.2511233054788511 0
      vertex 17.564965047469652 0.5010231634562355 0
      vertex 17.96107227496628 0.5566924038402618 0.4
    endloop
  endfacet
  facet normal 0.706891307583165 0.024685188407830207 -0.7068913075831624
    outer loop
      vertex 17.6 0 0
      vertex 17.990256201039298 0.2790258949765012 0.4
      vertex 18 0 0.4
    endloop
  endfacet
  facet normal 0.7034474041890829 0.07393530146692237 -0.7068913075831645
    outer loop
      vertex 17.591230580935367 0.2511233054788511 0
      vertex 17.96107227496628 0.5566924038402618 0.4
      vertex 17.990256201039298 0.2790258949765012 0.4
    endloop
  endfacet
  facet normal 0 0 -1
    outer loop
      vertex 15.8 -3.117691453623979 0
      vertex 15.8 3.117691453623979 0
      vertex 16.013094452494688 2.98453526119815 0
    endloop
  endfacet
  facet normal 0 0 -1
    outer loop
      vertex 16.21638131117237 -2.836838712984199 0
      vertex 16.21638131117237 2.836838712984199 0
      vertex 16.40887018289189 2.6753213717186193 0
    endloop
  endfacet
  facet normal 0 0 -1
    outer loop
      vertex 16.013094452494688 -2.98453526119815 0
      vertex 16.013094452494688 2.98453526119815 0
      vertex 16.21638131117237 2.836838712984199 0
    endloop
  endfacet
  facet normal 0 0 -1
    outer loop
      vertex 16.912461179749812 -2.1160269082529033 0
      vertex 16.912461179749812 2.1160269082529033 0
      vertex 17.052973146163133 1.9077093512395378 0
    endloop
  endfacet
  facet normal 0 0 -1
    outer loop
      vertex 16.75775999522832 -2.3140353948715413 0
      vertex 16.75775999522832 2.3140353948715413 0
      vertex 16.912461179749812 2.1160269082529033 0
    endloop
  endfacet
  facet normal 0 0 -1
    outer loop
      vertex 17.052973146163133 -1.9077093512395378 0
      vertex 17.052973146163133 1.9077093512395378 0
      vertex 17.178611334292135 1.6900976260292069 0
    endloop
  endfacet
  facet normal 0.6965763757520812 0.1228252091692083 -0.7068913075831643
    outer loop
      vertex 17.564965047469652 0.5010231634562355 0
      vertex 17.5213313626417 0.7484820869439337 0
      vertex 17.912590402935223 0.8316467632710374 0.4
    endloop
  endfacet
  facet normal 0 0 -1
    outer loop
      vertex 16.589623281219144 -2.50077013365239 0
      vertex 16.589623281219144 2.50077013365239 0
      vertex 16.75775999522832 2.3140353948715413 0
    endloop
  endfacet
  facet normal 0 0 -1
    outer loop
      vertex 16.40887018289189 -2.6753213717186193 0
      vertex 16.40887018289189 2.6753213717186193 0
      vertex 16.589623281219144 2.50077013365239 0
    endloop
  endfacet
  facet normal 0.6863116972320251 0.17111672479877682 -0.7068913075831649
    outer loop
      vertex 17.460542105377947 0.992294480941197 0
      vertex 17.845046783753276 1.1025494232679967 0.4
      vertex 17.5213313626417 0.7484820869439337 0
    endloop
  endfacet
  facet normal 0.6965763757520815 0.12282520916920756 -0.706891307583164
    outer loop
      vertex 17.564965047469652 0.5010231634562355 0
      vertex 17.912590402935223 0.8316467632710374 0.4
      vertex 17.96107227496628 0.5566924038402618 0.4
    endloop
  endfacet
  facet normal 0.6863116972320262 0.17111672479877518 -0.7068913075831643
    outer loop
      vertex 17.5213313626417 0.7484820869439337 0
      vertex 17.845046783753276 1.1025494232679967 0.4
      vertex 17.912590402935223 0.8316467632710374 0.4
    endloop
  endfacet
  facet normal 0 0 -1
    outer loop
      vertex 15.112461179749811 -3.4238034586625528 0
      vertex 15.112461179749811 3.4238034586625528 0
      vertex 15.348583736297282 3.3378618764404346 0
    endloop
  endfacet
  facet normal 0 0 -1
    outer loop
      vertex 15.348583736297282 -3.3378618764404346 0
      vertex 15.348583736297282 3.3378618764404346 0
      vertex 15.57813612844068 3.2356585666770012 0
    endloop
  endfacet
  facet normal 0 0 -1
    outer loop
      vertex 14.870918824158803 -3.4930646145935875 0
      vertex 14.870918824158803 3.4930646145935875 0
      vertex 15.112461179749811 3.4238034586625528 0
    endloop
  endfacet
  facet normal 0 0 -1
    outer loop
      vertex 15.57813612844068 -3.2356585666770012 0
      vertex 15.57813612844068 3.2356585666770012 0
      vertex 15.8 3.117691453623979 0
    endloop
  endfacet
  facet normal 0.6727033771108687 0.21857457694570906 -0.706891307583165
    outer loop
      vertex 17.460542105377947 0.992294480941197 0
      vertex 17.38289343482927 1.2312725159724074 0
      vertex 17.758770483143635 1.3680805733026749 0.4
    endloop
  endfacet
  facet normal 0.6558177137563318 0.26496755572481273 -0.7068913075831647
    outer loop
      vertex 17.38289343482927 1.2312725159724074 0
      vertex 17.288763647513363 1.4642519150728808 0
      vertex 17.654181830570405 1.6269465723032008 0.4
    endloop
  endfacet
  facet normal 0.6727033771108686 0.21857457694570906 -0.706891307583165
    outer loop
      vertex 17.460542105377947 0.992294480941197 0
      vertex 17.758770483143635 1.3680805733026749 0.4
      vertex 17.845046783753276 1.1025494232679967 0.4
    endloop
  endfacet
  facet normal 0.6558177137563311 0.26496755572481356 -0.706891307583165
    outer loop
      vertex 17.38289343482927 1.2312725159724074 0
      vertex 17.654181830570405 1.6269465723032008 0.4
      vertex 17.758770483143635 1.3680805733026749 0.4
    endloop
  endfacet
  facet normal 0.6357369724229396 0.3100696392068685 -0.7068913075831652
    outer loop
      vertex 17.288763647513363 1.4642519150728808 0
      vertex 17.178611334292135 1.6900976260292069 0
      vertex 17.531790371435708 1.8778862511435632 0.4
    endloop
  endfacet
  facet normal 0.6125589844639647 0.3536610945747913 -0.706891307583165
    outer loop
      vertex 17.178611334292135 1.6900976260292069 0
      vertex 17.052973146163133 1.9077093512395378 0
      vertex 17.392192384625705 2.1196770569328196 0.4
    endloop
  endfacet
  facet normal 0.635736972422941 0.31006963920686703 -0.7068913075831647
    outer loop
      vertex 17.288763647513363 1.4642519150728808 0
      vertex 17.531790371435708 1.8778862511435632 0.4
      vertex 17.654181830570405 1.6269465723032008 0.4
    endloop
  endfacet
  facet normal 0.6125589844639645 0.35366109457479145 -0.7068913075831651
    outer loop
      vertex 17.178611334292135 1.6900976260292069 0
      vertex 17.392192384625705 2.1196770569328196 0.4
      vertex 17.531790371435708 1.8778862511435632 0.4
    endloop
  endfacet
  facet normal -0.5863966707068953 0.39552954863983963 -0.7068913075831628
    outer loop
      vertex 10.947026853836867 1.9077093512395378 0
      vertex 10.76393202250021 2.3511410091698925 0.4
      vertex 11.087538820250188 2.1160269082529033 0
    endloop
  endfacet
  facet normal -0.5573774913145216 0.4354710225024117 -0.7068913075831631
    outer loop
      vertex 10.935822227524088 2.571150438746157 0.4
      vertex 11.242240004771679 2.3140353948715413 0
      vertex 11.087538820250188 2.1160269082529033 0
    endloop
  endfacet
  facet normal -0.5863966707068932 0.3955295486398413 -0.7068913075831638
    outer loop
      vertex 10.947026853836867 1.9077093512395378 0
      vertex 10.607807615374297 2.1196770569328196 0.4
      vertex 10.76393202250021 2.3511410091698925 0.4
    endloop
  endfacet
  facet normal -0.5573774913145224 0.43547102250241143 -0.706891307583163
    outer loop
      vertex 10.76393202250021 2.3511410091698925 0.4
      vertex 10.935822227524088 2.571150438746157 0.4
      vertex 11.087538820250188 2.1160269082529033 0
    endloop
  endfacet
  facet normal -0.5256428248118578 0.4732909253167394 -0.7068913075831639
    outer loop
      vertex 11.242240004771679 2.3140353948715413 0
      vertex 11.122640798645396 2.778633481835989 0.4
      vertex 11.410376718780856 2.50077013365239 0
    endloop
  endfacet
  facet normal -0.49134727930414557 0.5088050023179604 -0.7068913075831632
    outer loop
      vertex 11.410376718780856 2.50077013365239 0
      vertex 11.323477574564567 2.972579301909577 0.4
      vertex 11.59112981710811 2.6753213717186193 0
    endloop
  endfacet
  facet normal -0.5256428248118596 0.4732909253167382 -0.7068913075831631
    outer loop
      vertex 10.935822227524088 2.571150438746157 0.4
      vertex 11.122640798645396 2.778633481835989 0.4
      vertex 11.242240004771679 2.3140353948715413 0
    endloop
  endfacet
  facet normal -0.4913472793041437 0.5088050023179613 -0.7068913075831638
    outer loop
      vertex 11.410376718780856 2.50077013365239 0
      vertex 11.122640798645396 2.778633481835989 0.4
      vertex 11.323477574564567 2.972579301909577 0.4
    endloop
  endfacet
  facet normal -0.45465793924171305 0.5418402324927936 -0.7068913075831633
    outer loop
      vertex 11.323477574564567 2.972579301909577 0.4
      vertex 11.537354098697367 3.1520430144268876 0.4
      vertex 11.59112981710811 2.6753213717186193 0
    endloop
  endfacet
  facet normal -0.4546579392417126 0.5418402324927936 -0.7068913075831633
    outer loop
      vertex 11.59112981710811 2.6753213717186193 0
      vertex 11.537354098697367 3.1520430144268876 0.4
      vertex 11.78361868882763 2.836838712984199 0
    endloop
  endfacet
  facet normal -0.41575355140135584 0.5722356715205068 -0.7068913075831635
    outer loop
      vertex 11.78361868882763 2.836838712984199 0
      vertex 11.763228386117012 3.3161502902201665 0.4
      vertex 11.98690554750531 2.98453526119815 0
    endloop
  endfacet
  facet normal -0.37482365404996953 0.5998432358775035 -0.7068913075831632
    outer loop
      vertex 11.98690554750531 2.98453526119815 0
      vertex 12 3.4641016151377544 0.4
      vertex 12.2 3.117691453623979 0
    endloop
  endfacet
  facet normal -0.33206765353319456 0.6245284242853352 -0.7068913075831635
    outer loop
      vertex 12.2 3.117691453623979 0
      vertex 12.24651541284369 3.595176185196668 0.4
      vertex 12.42186387155932 3.2356585666770012 0
    endloop
  endfacet
  facet normal -0.28769385278772763 0.6461709729874269 -0.706891307583164
    outer loop
      vertex 12.42186387155932 3.2356585666770012 0
      vertex 12.501573626336352 3.7087354182671497 0.4
      vertex 12.651416263702718 3.3378618764404346 0
    endloop
  endfacet
  facet normal -0.41575355140135634 0.5722356715205068 -0.7068913075831633
    outer loop
      vertex 11.78361868882763 2.836838712984199 0
      vertex 11.537354098697367 3.1520430144268876 0.4
      vertex 11.763228386117012 3.3161502902201665 0.4
    endloop
  endfacet
  facet normal -0.37482365404996865 0.5998432358775038 -0.7068913075831634
    outer loop
      vertex 11.98690554750531 2.98453526119815 0
      vertex 11.763228386117012 3.3161502902201665 0.4
      vertex 12 3.4641016151377544 0.4
    endloop
  endfacet
  facet normal -0.3320676535331951 0.6245284242853351 -0.7068913075831633
    outer loop
      vertex 12.2 3.117691453623979 0
      vertex 12 3.4641016151377544 0.4
      vertex 12.24651541284369 3.595176185196668 0.4
    endloop
  endfacet
  facet normal -0.2419184365103689 0.6646654416620018 -0.7068913075831634
    outer loop
      vertex 12.651416263702718 3.3378618764404346 0
      vertex 12.76393202250021 3.804226065180614 0.4
      vertex 12.887538820250189 3.4238034586625528 0
    endloop
  endfacet
  facet normal -0.19496441792788363 0.6799217271167369 -0.7068913075831637
    outer loop
      vertex 12.887538820250189 3.4238034586625528 0
      vertex 13.032312417601329 3.881182905103986 0.4
      vertex 13.129081175841197 3.4930646145935875 0
    endloop
  endfacet
  facet normal -0.14706055229900938 0.6918655022624522 -0.7068913075831638
    outer loop
      vertex 13.129081175841197 3.4930646145935875 0
      vertex 13.305407289332278 3.939231012048832 0.4
      vertex 13.37486656039905 3.545307910843949 0
    endloop
  endfacet
  facet normal -0.0984402224418101 0.700438578227222 -0.7068913075831634
    outer loop
      vertex 13.37486656039905 3.545307910843949 0
      vertex 13.581886146929387 3.978087581473093 0.4
      vertex 13.623697532236447 3.580278823325784 0
    endloop
  endfacet
  facet normal -0.04934030171605166 0.7055991878467084 -0.7068913075831635
    outer loop
      vertex 13.623697532236447 3.580278823325784 0
      vertex 13.860402013189995 3.997563308076383 0.4
      vertex 13.874361811870996 3.597806977268745 0
    endloop
  endfacet
  facet normal 0 0.7073221891495878 -0.7068913075831635
    outer loop
      vertex 13.874361811870996 3.597806977268745 0
      vertex 13.860402013189995 3.997563308076383 0.4
      vertex 14.125638188129004 3.597806977268745 0
    endloop
  endfacet
  facet normal 0.04934030171605166 0.7055991878467084 -0.7068913075831635
    outer loop
      vertex 14.125638188129004 3.597806977268745 0
      vertex 14.139597986810005 3.997563308076383 0.4
      vertex 14.376302467763553 3.580278823325784 0
    endloop
  endfacet
  facet normal 0.14706055229900938 0.6918655022624522 -0.7068913075831638
    outer loop
      vertex 14.870918824158803 3.4930646145935875 0
      vertex 14.62513343960095 3.545307910843949 0
      vertex 14.694592710667722 3.939231012048832 0.4
    endloop
  endfacet
  facet normal 0.0984402224418101 0.700438578227222 -0.7068913075831634
    outer loop
      vertex 14.376302467763553 3.580278823325784 0
      vertex 14.418113853070613 3.978087581473093 0.4
      vertex 14.62513343960095 3.545307910843949 0
    endloop
  endfacet
  facet normal -0.28769385278772913 0.6461709729874268 -0.7068913075831635
    outer loop
      vertex 12.42186387155932 3.2356585666770012 0
      vertex 12.24651541284369 3.595176185196668 0.4
      vertex 12.501573626336352 3.7087354182671497 0.4
    endloop
  endfacet
  facet normal -0.24191843651036757 0.6646654416620019 -0.706891307583164
    outer loop
      vertex 12.651416263702718 3.3378618764404346 0
      vertex 12.501573626336352 3.7087354182671497 0.4
      vertex 12.76393202250021 3.804226065180614 0.4
    endloop
  endfacet
  facet normal -0.19496441792788435 0.6799217271167369 -0.7068913075831635
    outer loop
      vertex 12.887538820250189 3.4238034586625528 0
      vertex 12.76393202250021 3.804226065180614 0.4
      vertex 13.032312417601329 3.881182905103986 0.4
    endloop
  endfacet
  facet normal -0.14706055229900966 0.6918655022624522 -0.7068913075831638
    outer loop
      vertex 13.129081175841197 3.4930646145935875 0
      vertex 13.032312417601329 3.881182905103986 0.4
      vertex 13.305407289332278 3.939231012048832 0.4
    endloop
  endfacet
  facet normal -0.0984402224418094 0.700438578227222 -0.7068913075831638
    outer loop
      vertex 13.37486656039905 3.545307910843949 0
      vertex 13.305407289332278 3.939231012048832 0.4
      vertex 13.581886146929387 3.978087581473093 0.4
    endloop
  endfacet
  facet normal -0.04934030171605144 0.7055991878467082 -0.7068913075831635
    outer loop
      vertex 13.623697532236447 3.580278823325784 0
      vertex 13.581886146929387 3.978087581473093 0.4
      vertex 13.860402013189995 3.997563308076383 0.4
    endloop
  endfacet
  facet normal 0 0.7073221891495878 -0.7068913075831635
    outer loop
      vertex 13.860402013189995 3.997563308076383 0.4
      vertex 14.139597986810005 3.997563308076383 0.4
      vertex 14.125638188129004 3.597806977268745 0
    endloop
  endfacet
  facet normal 0.04934030171605144 0.7055991878467082 -0.7068913075831635
    outer loop
      vertex 14.376302467763553 3.580278823325784 0
      vertex 14.139597986810005 3.997563308076383 0.4
      vertex 14.418113853070613 3.978087581473093 0.4
    endloop
  endfacet
  facet normal 0.09844022244180951 0.7004385782272219 -0.7068913075831637
    outer loop
      vertex 14.418113853070613 3.978087581473093 0.4
      vertex 14.694592710667722 3.939231012048832 0.4
      vertex 14.62513343960095 3.545307910843949 0
    endloop
  endfacet
  facet normal 0.5863966707068953 0.39552954863983963 -0.7068913075831628
    outer loop
      vertex 17.052973146163133 1.9077093512395378 0
      vertex 16.912461179749812 2.1160269082529033 0
      vertex 17.23606797749979 2.3511410091698925 0.4
    endloop
  endfacet
  facet normal 0.5573774913145183 0.4354710225024141 -0.7068913075831644
    outer loop
      vertex 16.912461179749812 2.1160269082529033 0
      vertex 16.75775999522832 2.3140353948715413 0
      vertex 17.06417777247591 2.571150438746157 0.4
    endloop
  endfacet
  facet normal 0.5863966707068899 0.39552954863984374 -0.7068913075831649
    outer loop
      vertex 17.052973146163133 1.9077093512395378 0
      vertex 17.23606797749979 2.3511410091698925 0.4
      vertex 17.392192384625705 2.1196770569328196 0.4
    endloop
  endfacet
  facet normal 0.5573774913145224 0.43547102250241126 -0.7068913075831629
    outer loop
      vertex 16.912461179749812 2.1160269082529033 0
      vertex 17.06417777247591 2.571150438746157 0.4
      vertex 17.23606797749979 2.3511410091698925 0.4
    endloop
  endfacet
  facet normal 0.5256428248118603 0.47329092531673667 -0.7068913075831637
    outer loop
      vertex 16.75775999522832 2.3140353948715413 0
      vertex 16.589623281219144 2.50077013365239 0
      vertex 16.877359201354604 2.778633481835989 0.4
    endloop
  endfacet
  facet normal 0.4913472793041423 0.5088050023179621 -0.7068913075831644
    outer loop
      vertex 16.40887018289189 2.6753213717186193 0
      vertex 16.676522425435433 2.972579301909577 0.4
      vertex 16.589623281219144 2.50077013365239 0
    endloop
  endfacet
  facet normal 0.4546579392417151 0.5418402324927916 -0.7068913075831633
    outer loop
      vertex 16.21638131117237 2.836838712984199 0
      vertex 16.462645901302633 3.1520430144268876 0.4
      vertex 16.40887018289189 2.6753213717186193 0
    endloop
  endfacet
  facet normal 0.525642824811859 0.47329092531673755 -0.7068913075831643
    outer loop
      vertex 16.75775999522832 2.3140353948715413 0
      vertex 16.877359201354604 2.778633481835989 0.4
      vertex 17.06417777247591 2.571150438746157 0.4
    endloop
  endfacet
  facet normal 0.4913472793041437 0.5088050023179613 -0.7068913075831638
    outer loop
      vertex 16.589623281219144 2.50077013365239 0
      vertex 16.676522425435433 2.972579301909577 0.4
      vertex 16.877359201354604 2.778633481835989 0.4
    endloop
  endfacet
  facet normal 0.4546579392417124 0.5418402324927928 -0.7068913075831642
    outer loop
      vertex 16.40887018289189 2.6753213717186193 0
      vertex 16.462645901302633 3.1520430144268876 0.4
      vertex 16.676522425435433 2.972579301909577 0.4
    endloop
  endfacet
  facet normal 0.41575355140135345 0.5722356715205087 -0.7068913075831635
    outer loop
      vertex 16.013094452494688 2.98453526119815 0
      vertex 16.236771613882986 3.3161502902201665 0.4
      vertex 16.21638131117237 2.836838712984199 0
    endloop
  endfacet
  facet normal 0.37482365404997176 0.5998432358775022 -0.7068913075831632
    outer loop
      vertex 15.8 3.117691453623979 0
      vertex 16 3.4641016151377544 0.4
      vertex 16.013094452494688 2.98453526119815 0
    endloop
  endfacet
  facet normal 0.28769385278772763 0.6461709729874269 -0.7068913075831641
    outer loop
      vertex 15.348583736297282 3.3378618764404346 0
      vertex 15.498426373663648 3.7087354182671497 0.4
      vertex 15.57813612844068 3.2356585666770012 0
    endloop
  endfacet
  facet normal 0.3320676535331945 0.6245284242853351 -0.7068913075831635
    outer loop
      vertex 15.57813612844068 3.2356585666770012 0
      vertex 15.75348458715631 3.595176185196668 0.4
      vertex 15.8 3.117691453623979 0
    endloop
  endfacet
  facet normal 0.41575355140135417 0.5722356715205084 -0.7068913075831633
    outer loop
      vertex 16.21638131117237 2.836838712984199 0
      vertex 16.236771613882986 3.3161502902201665 0.4
      vertex 16.462645901302633 3.1520430144268876 0.4
    endloop
  endfacet
  facet normal 0.3748236540499707 0.5998432358775025 -0.7068913075831635
    outer loop
      vertex 16.013094452494688 2.98453526119815 0
      vertex 16 3.4641016151377544 0.4
      vertex 16.236771613882986 3.3161502902201665 0.4
    endloop
  endfacet
  facet normal 0.3320676535331951 0.6245284242853351 -0.7068913075831633
    outer loop
      vertex 15.8 3.117691453623979 0
      vertex 15.75348458715631 3.595176185196668 0.4
      vertex 16 3.4641016151377544 0.4
    endloop
  endfacet
  facet normal 0.19496441792788363 0.6799217271167369 -0.7068913075831637
    outer loop
      vertex 14.870918824158803 3.4930646145935875 0
      vertex 14.967687582398671 3.881182905103986 0.4
      vertex 15.112461179749811 3.4238034586625528 0
    endloop
  endfacet
  facet normal 0.2419184365103689 0.6646654416620018 -0.7068913075831635
    outer loop
      vertex 15.112461179749811 3.4238034586625528 0
      vertex 15.23606797749979 3.804226065180614 0.4
      vertex 15.348583736297282 3.3378618764404346 0
    endloop
  endfacet
  facet normal 0.24191843651036757 0.6646654416620019 -0.706891307583164
    outer loop
      vertex 15.348583736297282 3.3378618764404346 0
      vertex 15.23606797749979 3.804226065180614 0.4
      vertex 15.498426373663648 3.7087354182671497 0.4
    endloop
  endfacet
  facet normal 0.1949644179278843 0.6799217271167369 -0.7068913075831635
    outer loop
      vertex 14.967687582398671 3.881182905103986 0.4
      vertex 15.23606797749979 3.804226065180614 0.4
      vertex 15.112461179749811 3.4238034586625528 0
    endloop
  endfacet
  facet normal 0.28769385278772913 0.6461709729874268 -0.7068913075831635
    outer loop
      vertex 15.498426373663648 3.7087354182671497 0.4
      vertex 15.75348458715631 3.595176185196668 0.4
      vertex 15.57813612844068 3.2356585666770012 0
    endloop
  endfacet
  facet normal 0.14706055229900966 0.6918655022624522 -0.7068913075831638
    outer loop
      vertex 14.870918824158803 3.4930646145935875 0
      vertex 14.694592710667722 3.939231012048832 0.4
      vertex 14.967687582398671 3.881182905103986 0.4
    endloop
  endfacet
  facet normal -0.6427876096865379 -0.7660444431189792 0
    outer loop
      vertex 11.537354098697367 -3.1520430144268876 0.4
      vertex 11.537354098697367 -3.1520430144268876 3.4000000000000004
      vertex 11.323477574564567 -2.972579301909577 0.4
    endloop
  endfacet
  facet normal -0.34202014332566844 -0.9396926207859085 0
    outer loop
      vertex 12.501573626336352 -3.7087354182671497 0.4
      vertex 12.76393202250021 -3.804226065180614 0.4
      vertex 12.76393202250021 -3.804226065180614 3.4000000000000004
    endloop
  endfacet
  facet normal -0.27563735581699994 -0.9612616959383186 0
    outer loop
      vertex 12.76393202250021 -3.804226065180614 0.4
      vertex 13.032312417601329 -3.881182905103986 0.4
      vertex 13.032312417601329 -3.881182905103986 3.4000000000000004
    endloop
  endfacet
  facet normal -0.4694715627858917 -0.8829475928589263 0
    outer loop
      vertex 12.24651541284369 -3.595176185196668 0.4
      vertex 12.24651541284369 -3.595176185196668 3.4000000000000004
      vertex 12 -3.4641016151377544 0.4
    endloop
  endfacet
  facet normal -0.40673664307579965 -0.9135454576426012 0
    outer loop
      vertex 12.24651541284369 -3.595176185196668 0.4
      vertex 12.501573626336352 -3.7087354182671497 0.4
      vertex 12.501573626336352 -3.7087354182671497 3.4000000000000004
    endloop
  endfacet
  facet normal -0.13917310096006466 -0.9902680687415705 0
    outer loop
      vertex 13.305407289332278 -3.939231012048832 0.4
      vertex 13.581886146929387 -3.978087581473093 0.4
      vertex 13.581886146929387 -3.978087581473093 3.4000000000000004
    endloop
  endfacet
  facet normal -0.20791169081775904 -0.9781476007338057 0
    outer loop
      vertex 13.032312417601329 -3.881182905103986 0.4
      vertex 13.305407289332278 -3.939231012048832 0.4
      vertex 13.305407289332278 -3.939231012048832 3.4000000000000004
    endloop
  endfacet
  facet normal -0.06975647374412677 -0.9975640502598242 0
    outer loop
      vertex 13.581886146929387 -3.978087581473093 0.4
      vertex 13.860402013189995 -3.997563308076383 0.4
      vertex 13.860402013189995 -3.997563308076383 3.4000000000000004
    endloop
  endfacet
  facet normal 0 -1 0
    outer loop
      vertex 13.860402013189995 -3.997563308076383 0.4
      vertex 14.139597986810005 -3.997563308076383 0.4
      vertex 14.139597986810005 -3.997563308076383 3.4000000000000004
    endloop
  endfacet
  facet normal 0.06975647374412677 -0.9975640502598242 0
    outer loop
      vertex 14.139597986810005 -3.997563308076383 0.4
      vertex 14.418113853070613 -3.978087581473093 0.4
      vertex 14.418113853070613 -3.978087581473093 3.4000000000000004
    endloop
  endfacet
  facet normal 0.13917310096006466 -0.9902680687415705 0
    outer loop
      vertex 14.418113853070613 -3.978087581473093 0.4
      vertex 14.694592710667722 -3.939231012048832 0.4
      vertex 14.694592710667722 -3.939231012048832 3.4000000000000004
    endloop
  endfacet
  facet normal -0.5299192642332039 -0.8480480961564266 0
    outer loop
      vertex 11.763228386117012 -3.3161502902201665 0.4
      vertex 12 -3.4641016151377544 0.4
      vertex 12 -3.4641016151377544 3.4000000000000004
    endloop
  endfacet
  facet normal -0.5877852522924749 -0.8090169943749461 0
    outer loop
      vertex 11.537354098697367 -3.1520430144268876 0.4
      vertex 11.763228386117012 -3.3161502902201665 0.4
      vertex 11.763228386117012 -3.3161502902201665 3.4000000000000004
    endloop
  endfacet
  facet normal -0.6946583704589983 -0.7193398003386503 0
    outer loop
      vertex 11.122640798645396 -2.778633481835989 0.4
      vertex 11.323477574564567 -2.972579301909577 0.4
      vertex 11.323477574564567 -2.972579301909577 3.4000000000000004
    endloop
  endfacet
  facet normal -0.743144825477395 -0.6691306063588573 0
    outer loop
      vertex 10.935822227524088 -2.571150438746157 0.4
      vertex 11.122640798645396 -2.778633481835989 0.4
      vertex 10.935822227524088 -2.571150438746157 3.4000000000000004
    endloop
  endfacet
  facet normal -0.7880107536067203 -0.6156614753256603 0
    outer loop
      vertex 10.935822227524088 -2.571150438746157 0.4
      vertex 10.76393202250021 -2.3511410091698925 3.4000000000000004
      vertex 10.76393202250021 -2.3511410091698925 0.4
    endloop
  endfacet
  facet normal -0.8290375725550431 -0.5591929034707449 0
    outer loop
      vertex 10.607807615374297 -2.1196770569328196 0.4
      vertex 10.76393202250021 -2.3511410091698925 0.4
      vertex 10.607807615374297 -2.1196770569328196 3.4000000000000004
    endloop
  endfacet
  facet normal 0.20791169081775904 -0.9781476007338057 0
    outer loop
      vertex 14.694592710667722 -3.939231012048832 0.4
      vertex 14.967687582398671 -3.881182905103986 0.4
      vertex 14.967687582398671 -3.881182905103986 3.4000000000000004
    endloop
  endfacet
  facet normal 0.27563735581699994 -0.9612616959383186 0
    outer loop
      vertex 14.967687582398671 -3.881182905103986 0.4
      vertex 15.23606797749979 -3.804226065180614 0.4
      vertex 15.23606797749979 -3.804226065180614 3.4000000000000004
    endloop
  endfacet
  facet normal 0.34202014332566844 -0.9396926207859085 0
    outer loop
      vertex 15.23606797749979 -3.804226065180614 0.4
      vertex 15.498426373663648 -3.7087354182671497 0.4
      vertex 15.498426373663648 -3.7087354182671497 3.4000000000000004
    endloop
  endfacet
  facet normal 0.40673664307579965 -0.9135454576426012 0
    outer loop
      vertex 15.498426373663648 -3.7087354182671497 0.4
      vertex 15.75348458715631 -3.595176185196668 0.4
      vertex 15.75348458715631 -3.595176185196668 3.4000000000000004
    endloop
  endfacet
  facet normal 0.4694715627858917 -0.8829475928589263 0
    outer loop
      vertex 15.75348458715631 -3.595176185196668 0.4
      vertex 16 -3.4641016151377544 0.4
      vertex 16 -3.4641016151377544 3.4000000000000004
    endloop
  endfacet
  facet normal 0.5299192642332068 -0.8480480961564248 0
    outer loop
      vertex 16 -3.4641016151377544 0.4
      vertex 16.236771613882986 -3.3161502902201665 0.4
      vertex 16.236771613882986 -3.3161502902201665 3.4000000000000004
    endloop
  endfacet
  facet normal 0.5877852522924719 -0.8090169943749483 0
    outer loop
      vertex 16.236771613882986 -3.3161502902201665 0.4
      vertex 16.462645901302633 -3.1520430144268876 0.4
      vertex 16.462645901302633 -3.1520430144268876 3.4000000000000004
    endloop
  endfacet
  facet normal 0.6427876096865379 -0.7660444431189792 0
    outer loop
      vertex 16.462645901302633 -3.1520430144268876 0.4
      vertex 16.676522425435433 -2.972579301909577 0.4
      vertex 16.676522425435433 -2.972579301909577 3.4000000000000004
    endloop
  endfacet
  facet normal 0.6946583704589983 -0.7193398003386503 0
    outer loop
      vertex 16.676522425435433 -2.972579301909577 0.4
      vertex 16.877359201354604 -2.778633481835989 0.4
      vertex 16.877359201354604 -2.778633481835989 3.4000000000000004
    endloop
  endfacet
  facet normal 0.743144825477395 -0.6691306063588573 0
    outer loop
      vertex 16.877359201354604 -2.778633481835989 0.4
      vertex 17.06417777247591 -2.571150438746157 0.4
      vertex 16.877359201354604 -2.778633481835989 3.4000000000000004
    endloop
  endfacet
  facet normal 0.7880107536067203 -0.6156614753256603 0
    outer loop
      vertex 17.06417777247591 -2.571150438746157 0.4
      vertex 17.23606797749979 -2.3511410091698925 0.4
      vertex 17.06417777247591 -2.571150438746157 3.4000000000000004
    endloop
  endfacet
  facet normal 0.8290375725550401 -0.5591929034707493 0
    outer loop
      vertex 17.23606797749979 -2.3511410091698925 0.4
      vertex 17.392192384625705 -2.1196770569328196 0.4
      vertex 17.23606797749979 -2.3511410091698925 3.4000000000000004
    endloop
  endfacet
  facet normal 0.8660254037844402 -0.4999999999999976 0
    outer loop
      vertex 17.392192384625705 -2.1196770569328196 0.4
      vertex 17.531790371435708 -1.8778862511435632 0.4
      vertex 17.392192384625705 -2.1196770569328196 3.4000000000000004
    endloop
  endfacet
  facet normal -0.8660254037844374 -0.5000000000000023 0
    outer loop
      vertex 10.607807615374297 -2.1196770569328196 0.4
      vertex 10.468209628564292 -1.8778862511435632 3.4000000000000004
      vertex 10.468209628564292 -1.8778862511435632 0.4
    endloop
  endfacet
  facet normal -0.8987940462991681 -0.43837114678907513 0
    outer loop
      vertex 10.468209628564292 -1.8778862511435632 0.4
      vertex 10.345818169429597 -1.6269465723032008 3.4000000000000004
      vertex 10.345818169429597 -1.6269465723032008 0.4
    endloop
  endfacet
  facet normal -0.9271838545667865 -0.3746065934159142 0
    outer loop
      vertex 10.345818169429597 -1.6269465723032008 0.4
      vertex 10.241229516856366 -1.3680805733026749 3.4000000000000004
      vertex 10.241229516856366 -1.3680805733026749 0.4
    endloop
  endfacet
  facet normal -0.9510565162951536 -0.3090169943749473 0
    outer loop
      vertex 10.241229516856366 -1.3680805733026749 0.4
      vertex 10.154953216246724 -1.1025494232679967 3.4000000000000004
      vertex 10.154953216246724 -1.1025494232679967 0.4
    endloop
  endfacet
  facet normal -0.9848077530122086 -0.1736481776669272 0
    outer loop
      vertex 10.087409597064777 -0.8316467632710374 0.4
      vertex 10.03892772503372 -0.5566924038402618 3.4000000000000004
      vertex 10.03892772503372 -0.5566924038402618 0.4
    endloop
  endfacet
  facet normal -0.9702957262759964 -0.24192189559966806 0
    outer loop
      vertex 10.154953216246724 -1.1025494232679967 0.4
      vertex 10.087409597064777 -0.8316467632710374 3.4000000000000004
      vertex 10.087409597064777 -0.8316467632710374 0.4
    endloop
  endfacet
  facet normal -0.9945218953682727 -0.1045284632676584 0
    outer loop
      vertex 10.03892772503372 -0.5566924038402618 0.4
      vertex 10.009743798960702 -0.2790258949765012 3.4000000000000004
      vertex 10.009743798960702 -0.2790258949765012 0.4
    endloop
  endfacet
  facet normal -0.9993908270190959 -0.03489949670249851 0
    outer loop
      vertex 10.009743798960702 -0.2790258949765012 0.4
      vertex 10 0 3.4000000000000004
      vertex 10 0 0.4
    endloop
  endfacet
  facet normal 0.8987940462991655 -0.4383711467890802 0
    outer loop
      vertex 17.531790371435708 -1.8778862511435632 0.4
      vertex 17.654181830570405 -1.6269465723032008 0.4
      vertex 17.531790371435708 -1.8778862511435632 3.4000000000000004
    endloop
  endfacet
  facet normal 0.9271838545667865 -0.3746065934159142 0
    outer loop
      vertex 17.654181830570405 -1.6269465723032008 0.4
      vertex 17.758770483143635 -1.3680805733026749 0.4
      vertex 17.654181830570405 -1.6269465723032008 3.4000000000000004
    endloop
  endfacet
  facet normal 0.9510565162951555 -0.3090169943749415 0
    outer loop
      vertex 17.758770483143635 -1.3680805733026749 0.4
      vertex 17.845046783753276 -1.1025494232679967 0.4
      vertex 17.758770483143635 -1.3680805733026749 3.4000000000000004
    endloop
  endfacet
  facet normal 0.9702957262759964 -0.24192189559966806 0
    outer loop
      vertex 17.845046783753276 -1.1025494232679967 0.4
      vertex 17.912590402935223 -0.8316467632710374 0.4
      vertex 17.845046783753276 -1.1025494232679967 3.4000000000000004
    endloop
  endfacet
  facet normal 0.9848077530122086 -0.1736481776669272 0
    outer loop
      vertex 17.912590402935223 -0.8316467632710374 0.4
      vertex 17.96107227496628 -0.5566924038402618 0.4
      vertex 17.912590402935223 -0.8316467632710374 3.4000000000000004
    endloop
  endfacet
  facet normal 0.9945218953682727 -0.1045284632676584 0
    outer loop
      vertex 17.96107227496628 -0.5566924038402618 0.4
      vertex 17.990256201039298 -0.2790258949765012 0.4
      vertex 17.96107227496628 -0.5566924038402618 3.4000000000000004
    endloop
  endfacet
  facet normal 0.9993908270190959 -0.03489949670249851 0
    outer loop
      vertex 17.990256201039298 -0.2790258949765012 0.4
      vertex 18 0 0.4
      vertex 17.990256201039298 -0.2790258949765012 3.4000000000000004
    endloop
  endfacet
  facet normal -0.5877852522924749 -0.8090169943749461 0
    outer loop
      vertex 11.537354098697367 -3.1520430144268876 0.4
      vertex 11.763228386117012 -3.3161502902201665 3.4000000000000004
      vertex 11.537354098697367 -3.1520430144268876 3.4000000000000004
    endloop
  endfacet
  facet normal -0.6427876096865379 -0.7660444431189792 0
    outer loop
      vertex 11.323477574564567 -2.972579301909577 0.4
      vertex 11.537354098697367 -3.1520430144268876 3.4000000000000004
      vertex 11.323477574564567 -2.972579301909577 3.4000000000000004
    endloop
  endfacet
  facet normal -0.20791169081775904 -0.9781476007338057 0
    outer loop
      vertex 13.032312417601329 -3.881182905103986 0.4
      vertex 13.305407289332278 -3.939231012048832 3.4000000000000004
      vertex 13.032312417601329 -3.881182905103986 3.4000000000000004
    endloop
  endfacet
  facet normal -0.27563735581699994 -0.9612616959383186 0
    outer loop
      vertex 12.76393202250021 -3.804226065180614 0.4
      vertex 13.032312417601329 -3.881182905103986 3.4000000000000004
      vertex 12.76393202250021 -3.804226065180614 3.4000000000000004
    endloop
  endfacet
  facet normal -0.40673664307579965 -0.9135454576426012 0
    outer loop
      vertex 12.24651541284369 -3.595176185196668 0.4
      vertex 12.501573626336352 -3.7087354182671497 3.4000000000000004
      vertex 12.24651541284369 -3.595176185196668 3.4000000000000004
    endloop
  endfacet
  facet normal -0.4694715627858917 -0.8829475928589263 0
    outer loop
      vertex 12 -3.4641016151377544 0.4
      vertex 12.24651541284369 -3.595176185196668 3.4000000000000004
      vertex 12 -3.4641016151377544 3.4000000000000004
    endloop
  endfacet
  facet normal -0.34202014332566844 -0.9396926207859085 0
    outer loop
      vertex 12.501573626336352 -3.7087354182671497 0.4
      vertex 12.76393202250021 -3.804226065180614 3.4000000000000004
      vertex 12.501573626336352 -3.7087354182671497 3.4000000000000004
    endloop
  endfacet
  facet normal -0.13917310096006466 -0.9902680687415705 0
    outer loop
      vertex 13.305407289332278 -3.939231012048832 0.4
      vertex 13.581886146929387 -3.978087581473093 3.4000000000000004
      vertex 13.305407289332278 -3.939231012048832 3.4000000000000004
    endloop
  endfacet
  facet normal -0.06975647374412677 -0.9975640502598242 0
    outer loop
      vertex 13.581886146929387 -3.978087581473093 0.4
      vertex 13.860402013189995 -3.997563308076383 3.4000000000000004
      vertex 13.581886146929387 -3.978087581473093 3.4000000000000004
    endloop
  endfacet
  facet normal 0 -1 0
    outer loop
      vertex 13.860402013189995 -3.997563308076383 0.4
      vertex 14.139597986810005 -3.997563308076383 3.4000000000000004
      vertex 13.860402013189995 -3.997563308076383 3.4000000000000004
    endloop
  endfacet
  facet normal 0.06975647374412677 -0.9975640502598242 0
    outer loop
      vertex 14.139597986810005 -3.997563308076383 0.4
      vertex 14.418113853070613 -3.978087581473093 3.4000000000000004
      vertex 14.139597986810005 -3.997563308076383 3.4000000000000004
    endloop
  endfacet
  facet normal 0.13917310096006466 -0.9902680687415705 0
    outer loop
      vertex 14.418113853070613 -3.978087581473093 0.4
      vertex 14.694592710667722 -3.939231012048832 3.4000000000000004
      vertex 14.418113853070613 -3.978087581473093 3.4000000000000004
    endloop
  endfacet
  facet normal -0.5299192642332039 -0.8480480961564266 0
    outer loop
      vertex 11.763228386117012 -3.3161502902201665 0.4
      vertex 12 -3.4641016151377544 3.4000000000000004
      vertex 11.763228386117012 -3.3161502902201665 3.4000000000000004
    endloop
  endfacet
  facet normal -0.6946583704589983 -0.7193398003386503 0
    outer loop
      vertex 11.122640798645396 -2.778633481835989 0.4
      vertex 11.323477574564567 -2.972579301909577 3.4000000000000004
      vertex 11.122640798645396 -2.778633481835989 3.4000000000000004
    endloop
  endfacet
  facet normal -0.743144825477395 -0.6691306063588573 0
    outer loop
      vertex 11.122640798645396 -2.778633481835989 0.4
      vertex 11.122640798645396 -2.778633481835989 3.4000000000000004
      vertex 10.935822227524088 -2.571150438746157 3.4000000000000004
    endloop
  endfacet
  facet normal -0.8290375725550431 -0.5591929034707449 0
    outer loop
      vertex 10.76393202250021 -2.3511410091698925 0.4
      vertex 10.76393202250021 -2.3511410091698925 3.4000000000000004
      vertex 10.607807615374297 -2.1196770569328196 3.4000000000000004
    endloop
  endfacet
  facet normal -0.7880107536067203 -0.6156614753256603 0
    outer loop
      vertex 10.935822227524088 -2.571150438746157 0.4
      vertex 10.935822227524088 -2.571150438746157 3.4000000000000004
      vertex 10.76393202250021 -2.3511410091698925 3.4000000000000004
    endloop
  endfacet
  facet normal -0.8660254037844374 -0.5000000000000023 0
    outer loop
      vertex 10.607807615374297 -2.1196770569328196 0.4
      vertex 10.607807615374297 -2.1196770569328196 3.4000000000000004
      vertex 10.468209628564292 -1.8778862511435632 3.4000000000000004
    endloop
  endfacet
  facet normal 0.20791169081775904 -0.9781476007338057 0
    outer loop
      vertex 14.694592710667722 -3.939231012048832 0.4
      vertex 14.967687582398671 -3.881182905103986 3.4000000000000004
      vertex 14.694592710667722 -3.939231012048832 3.4000000000000004
    endloop
  endfacet
  facet normal 0.27563735581699994 -0.9612616959383186 0
    outer loop
      vertex 14.967687582398671 -3.881182905103986 0.4
      vertex 15.23606797749979 -3.804226065180614 3.4000000000000004
      vertex 14.967687582398671 -3.881182905103986 3.4000000000000004
    endloop
  endfacet
  facet normal 0.34202014332566844 -0.9396926207859085 0
    outer loop
      vertex 15.23606797749979 -3.804226065180614 0.4
      vertex 15.498426373663648 -3.7087354182671497 3.4000000000000004
      vertex 15.23606797749979 -3.804226065180614 3.4000000000000004
    endloop
  endfacet
  facet normal 0.40673664307579965 -0.9135454576426012 0
    outer loop
      vertex 15.498426373663648 -3.7087354182671497 0.4
      vertex 15.75348458715631 -3.595176185196668 3.4000000000000004
      vertex 15.498426373663648 -3.7087354182671497 3.4000000000000004
    endloop
  endfacet
  facet normal 0.4694715627858917 -0.8829475928589263 0
    outer loop
      vertex 15.75348458715631 -3.595176185196668 0.4
      vertex 16 -3.4641016151377544 3.4000000000000004
      vertex 15.75348458715631 -3.595176185196668 3.4000000000000004
    endloop
  endfacet
  facet normal 0.5299192642332068 -0.8480480961564248 0
    outer loop
      vertex 16 -3.4641016151377544 0.4
      vertex 16.236771613882986 -3.3161502902201665 3.4000000000000004
      vertex 16 -3.4641016151377544 3.4000000000000004
    endloop
  endfacet
  facet normal 0.5877852522924719 -0.8090169943749483 0
    outer loop
      vertex 16.236771613882986 -3.3161502902201665 0.4
      vertex 16.462645901302633 -3.1520430144268876 3.4000000000000004
      vertex 16.236771613882986 -3.3161502902201665 3.4000000000000004
    endloop
  endfacet
  facet normal 0.6427876096865379 -0.7660444431189792 0
    outer loop
      vertex 16.462645901302633 -3.1520430144268876 0.4
      vertex 16.676522425435433 -2.972579301909577 3.4000000000000004
      vertex 16.462645901302633 -3.1520430144268876 3.4000000000000004
    endloop
  endfacet
  facet normal 0.6946583704589983 -0.7193398003386503 0
    outer loop
      vertex 16.676522425435433 -2.972579301909577 0.4
      vertex 16.877359201354604 -2.778633481835989 3.4000000000000004
      vertex 16.676522425435433 -2.972579301909577 3.4000000000000004
    endloop
  endfacet
  facet normal 0.743144825477395 -0.6691306063588573 0
    outer loop
      vertex 17.06417777247591 -2.571150438746157 0.4
      vertex 17.06417777247591 -2.571150438746157 3.4000000000000004
      vertex 16.877359201354604 -2.778633481835989 3.4000000000000004
    endloop
  endfacet
  facet normal 0.7880107536067203 -0.6156614753256603 0
    outer loop
      vertex 17.23606797749979 -2.3511410091698925 0.4
      vertex 17.23606797749979 -2.3511410091698925 3.4000000000000004
      vertex 17.06417777247591 -2.571150438746157 3.4000000000000004
    endloop
  endfacet
  facet normal 0.8290375725550401 -0.5591929034707493 0
    outer loop
      vertex 17.392192384625705 -2.1196770569328196 0.4
      vertex 17.392192384625705 -2.1196770569328196 3.4000000000000004
      vertex 17.23606797749979 -2.3511410091698925 3.4000000000000004
    endloop
  endfacet
  facet normal -0.8987940462991681 -0.43837114678907513 0
    outer loop
      vertex 10.468209628564292 -1.8778862511435632 0.4
      vertex 10.468209628564292 -1.8778862511435632 3.4000000000000004
      vertex 10.345818169429597 -1.6269465723032008 3.4000000000000004
    endloop
  endfacet
  facet normal -0.9271838545667865 -0.3746065934159142 0
    outer loop
      vertex 10.345818169429597 -1.6269465723032008 0.4
      vertex 10.345818169429597 -1.6269465723032008 3.4000000000000004
      vertex 10.241229516856366 -1.3680805733026749 3.4000000000000004
    endloop
  endfacet
  facet normal -0.9510565162951536 -0.3090169943749473 0
    outer loop
      vertex 10.241229516856366 -1.3680805733026749 0.4
      vertex 10.241229516856366 -1.3680805733026749 3.4000000000000004
      vertex 10.154953216246724 -1.1025494232679967 3.4000000000000004
    endloop
  endfacet
  facet normal -0.9702957262759964 -0.24192189559966806 0
    outer loop
      vertex 10.154953216246724 -1.1025494232679967 0.4
      vertex 10.154953216246724 -1.1025494232679967 3.4000000000000004
      vertex 10.087409597064777 -0.8316467632710374 3.4000000000000004
    endloop
  endfacet
  facet normal -0.9848077530122086 -0.1736481776669272 0
    outer loop
      vertex 10.087409597064777 -0.8316467632710374 0.4
      vertex 10.087409597064777 -0.8316467632710374 3.4000000000000004
      vertex 10.03892772503372 -0.5566924038402618 3.4000000000000004
    endloop
  endfacet
  facet normal -0.9945218953682727 -0.1045284632676584 0
    outer loop
      vertex 10.03892772503372 -0.5566924038402618 0.4
      vertex 10.03892772503372 -0.5566924038402618 3.4000000000000004
      vertex 10.009743798960702 -0.2790258949765012 3.4000000000000004
    endloop
  endfacet
  facet normal -0.9993908270190959 -0.03489949670249851 0
    outer loop
      vertex 10.009743798960702 -0.2790258949765012 0.4
      vertex 10.009743798960702 -0.2790258949765012 3.4000000000000004
      vertex 10 0 3.4000000000000004
    endloop
  endfacet
  facet normal 0.8660254037844402 -0.4999999999999976 0
    outer loop
      vertex 17.531790371435708 -1.8778862511435632 0.4
      vertex 17.531790371435708 -1.8778862511435632 3.4000000000000004
      vertex 17.392192384625705 -2.1196770569328196 3.4000000000000004
    endloop
  endfacet
  facet normal 0.8987940462991655 -0.4383711467890802 0
    outer loop
      vertex 17.654181830570405 -1.6269465723032008 0.4
      vertex 17.654181830570405 -1.6269465723032008 3.4000000000000004
      vertex 17.531790371435708 -1.8778862511435632 3.4000000000000004
    endloop
  endfacet
  facet normal 0.9271838545667865 -0.3746065934159142 0
    outer loop
      vertex 17.758770483143635 -1.3680805733026749 0.4
      vertex 17.758770483143635 -1.3680805733026749 3.4000000000000004
      vertex 17.654181830570405 -1.6269465723032008 3.4000000000000004
    endloop
  endfacet
  facet normal 0.9510565162951555 -0.3090169943749415 0
    outer loop
      vertex 17.845046783753276 -1.1025494232679967 0.4
      vertex 17.845046783753276 -1.1025494232679967 3.4000000000000004
      vertex 17.758770483143635 -1.3680805733026749 3.4000000000000004
    endloop
  endfacet
  facet normal 0.9702957262759964 -0.24192189559966806 0
    outer loop
      vertex 17.912590402935223 -0.8316467632710374 0.4
      vertex 17.912590402935223 -0.8316467632710374 3.4000000000000004
      vertex 17.845046783753276 -1.1025494232679967 3.4000000000000004
    endloop
  endfacet
  facet normal 0.9848077530122086 -0.1736481776669272 0
    outer loop
      vertex 17.96107227496628 -0.5566924038402618 0.4
      vertex 17.96107227496628 -0.5566924038402618 3.4000000000000004
      vertex 17.912590402935223 -0.8316467632710374 3.4000000000000004
    endloop
  endfacet
  facet normal 0.9945218953682727 -0.1045284632676584 0
    outer loop
      vertex 17.990256201039298 -0.2790258949765012 0.4
      vertex 17.990256201039298 -0.2790258949765012 3.4000000000000004
      vertex 17.96107227496628 -0.5566924038402618 3.4000000000000004
    endloop
  endfacet
  facet normal 0.9993908270190959 -0.03489949670249851 0
    outer loop
      vertex 17.990256201039298 -0.2790258949765012 3.4000000000000004
      vertex 18 0 0.4
      vertex 18 0 3.4000000000000004
    endloop
  endfacet
  facet normal 0 0 1
    outer loop
      vertex 11.537354098697367 -3.1520430144268876 3.4000000000000004
      vertex 11.763228386117012 -3.3161502902201665 3.4000000000000004
      vertex 11.537354098697367 3.1520430144268876 3.4000000000000004
    endloop
  endfacet
  facet normal 0 0 1
    outer loop
      vertex 11.537354098697367 -3.1520430144268876 3.4000000000000004
      vertex 11.323477574564567 2.972579301909577 3.4000000000000004
      vertex 11.323477574564567 -2.972579301909577 3.4000000000000004
    endloop
  endfacet
  facet normal 0 0 1
    outer loop
      vertex 12.501573626336352 -3.7087354182671497 3.4000000000000004
      vertex 12.76393202250021 -3.804226065180614 3.4000000000000004
      vertex 12.501573626336352 3.7087354182671497 3.4000000000000004
    endloop
  endfacet
  facet normal 0 0 1
    outer loop
      vertex 13.032312417601329 -3.881182905103986 3.4000000000000004
      vertex 13.305407289332278 -3.939231012048832 3.4000000000000004
      vertex 13.032312417601329 3.881182905103986 3.4000000000000004
    endloop
  endfacet
  facet normal 0 0 1
    outer loop
      vertex 12.76393202250021 -3.804226065180614 3.4000000000000004
      vertex 13.032312417601329 -3.881182905103986 3.4000000000000004
      vertex 12.76393202250021 3.804226065180614 3.4000000000000004
    endloop
  endfacet
  facet normal 0 0 1
    outer loop
      vertex 11.763228386117012 -3.3161502902201665 3.4000000000000004
      vertex 12 -3.4641016151377544 3.4000000000000004
      vertex 11.763228386117012 3.3161502902201665 3.4000000000000004
    endloop
  endfacet
  facet normal 0 0 1
    outer loop
      vertex 12.24651541284369 -3.595176185196668 3.4000000000000004
      vertex 12 3.4641016151377544 3.4000000000000004
      vertex 12 -3.4641016151377544 3.4000000000000004
    endloop
  endfacet
  facet normal 0 0 1
    outer loop
      vertex 12.24651541284369 -3.595176185196668 3.4000000000000004
      vertex 12.501573626336352 -3.7087354182671497 3.4000000000000004
      vertex 12.24651541284369 3.595176185196668 3.4000000000000004
    endloop
  endfacet
  facet normal 0 0 1
    outer loop
      vertex 13.305407289332278 -3.939231012048832 3.4000000000000004
      vertex 13.581886146929387 -3.978087581473093 3.4000000000000004
      vertex 13.305407289332278 3.939231012048832 3.4000000000000004
    endloop
  endfacet
  facet normal 0 0 1
    outer loop
      vertex 13.581886146929387 -3.978087581473093 3.4000000000000004
      vertex 13.860402013189995 -3.997563308076383 3.4000000000000004
      vertex 13.581886146929387 3.978087581473093 3.4000000000000004
    endloop
  endfacet
  facet normal 0 0 1
    outer loop
      vertex 13.860402013189995 -3.997563308076383 3.4000000000000004
      vertex 14.139597986810005 -3.997563308076383 3.4000000000000004
      vertex 13.860402013189995 3.997563308076383 3.4000000000000004
    endloop
  endfacet
  facet normal 0 0 1
    outer loop
      vertex 14.139597986810005 -3.997563308076383 3.4000000000000004
      vertex 14.418113853070613 -3.978087581473093 3.4000000000000004
      vertex 14.139597986810005 3.997563308076383 3.4000000000000004
    endloop
  endfacet
  facet normal 0 0 1
    outer loop
      vertex 14.418113853070613 -3.978087581473093 3.4000000000000004
      vertex 14.694592710667722 -3.939231012048832 3.4000000000000004
      vertex 14.418113853070613 3.978087581473093 3.4000000000000004
    endloop
  endfacet
  facet normal 0 0 1
    outer loop
      vertex 10.935822227524088 -2.571150438746157 3.4000000000000004
      vertex 10.76393202250021 2.3511410091698925 3.4000000000000004
      vertex 10.76393202250021 -2.3511410091698925 3.4000000000000004
    endloop
  endfacet
  facet normal 0 0 1
    outer loop
      vertex 10.607807615374297 -2.1196770569328196 3.4000000000000004
      vertex 10.76393202250021 -2.3511410091698925 3.4000000000000004
      vertex 10.607807615374297 2.1196770569328196 3.4000000000000004
    endloop
  endfacet
  facet normal 0 0 1
    outer loop
      vertex 11.122640798645396 -2.778633481835989 3.4000000000000004
      vertex 11.323477574564567 -2.972579301909577 3.4000000000000004
      vertex 11.122640798645396 2.778633481835989 3.4000000000000004
    endloop
  endfacet
  facet normal 0 0 1
    outer loop
      vertex 10.935822227524088 -2.571150438746157 3.4000000000000004
      vertex 11.122640798645396 -2.778633481835989 3.4000000000000004
      vertex 10.935822227524088 2.571150438746157 3.4000000000000004
    endloop
  endfacet
  facet normal 0 0 1
    outer loop
      vertex 10.468209628564292 -1.8778862511435632 3.4000000000000004
      vertex 10.345818169429597 1.6269465723032008 3.4000000000000004
      vertex 10.345818169429597 -1.6269465723032008 3.4000000000000004
    endloop
  endfacet
  facet normal 0 0 1
    outer loop
      vertex 10.607807615374297 -2.1196770569328196 3.4000000000000004
      vertex 10.468209628564292 1.8778862511435632 3.4000000000000004
      vertex 10.468209628564292 -1.8778862511435632 3.4000000000000004
    endloop
  endfacet
  facet normal 0 0 1
    outer loop
      vertex 10.345818169429597 -1.6269465723032008 3.4000000000000004
      vertex 10.241229516856366 1.3680805733026749 3.4000000000000004
      vertex 10.241229516856366 -1.3680805733026749 3.4000000000000004
    endloop
  endfacet
  facet normal 0 0 1
    outer loop
      vertex 10.087409597064777 -0.8316467632710374 3.4000000000000004
      vertex 10.03892772503372 0.5566924038402618 3.4000000000000004
      vertex 10.03892772503372 -0.5566924038402618 3.4000000000000004
    endloop
  endfacet
  facet normal 0 0 1
    outer loop
      vertex 10.03892772503372 -0.5566924038402618 3.4000000000000004
      vertex 10.009743798960702 0.2790258949765012 3.4000000000000004
      vertex 10.009743798960702 -0.2790258949765012 3.4000000000000004
    endloop
  endfacet
  facet normal 0 0 1
    outer loop
      vertex 10.241229516856366 -1.3680805733026749 3.4000000000000004
      vertex 10.154953216246724 1.1025494232679967 3.4000000000000004
      vertex 10.154953216246724 -1.1025494232679967 3.4000000000000004
    endloop
  endfacet
  facet normal 0 0 1
    outer loop
      vertex 10.154953216246724 -1.1025494232679967 3.4000000000000004
      vertex 10.087409597064777 0.8316467632710374 3.4000000000000004
      vertex 10.087409597064777 -0.8316467632710374 3.4000000000000004
    endloop
  endfacet
  facet normal 0 0 1
    outer loop
      vertex 14.694592710667722 -3.939231012048832 3.4000000000000004
      vertex 14.967687582398671 -3.881182905103986 3.4000000000000004
      vertex 14.694592710667722 3.939231012048832 3.4000000000000004
    endloop
  endfacet
  facet normal 0 0 1
    outer loop
      vertex 14.967687582398671 -3.881182905103986 3.4000000000000004
      vertex 15.23606797749979 -3.804226065180614 3.4000000000000004
      vertex 14.967687582398671 3.881182905103986 3.4000000000000004
    endloop
  endfacet
  facet normal 0 0 1
    outer loop
      vertex 15.23606797749979 -3.804226065180614 3.4000000000000004
      vertex 15.498426373663648 -3.7087354182671497 3.4000000000000004
      vertex 15.23606797749979 3.804226065180614 3.4000000000000004
    endloop
  endfacet
  facet normal 0 0 1
    outer loop
      vertex 15.498426373663648 -3.7087354182671497 3.4000000000000004
      vertex 15.75348458715631 -3.595176185196668 3.4000000000000004
      vertex 15.498426373663648 3.7087354182671497 3.4000000000000004
    endloop
  endfacet
  facet normal 0 0 1
    outer loop
      vertex 15.75348458715631 -3.595176185196668 3.4000000000000004
      vertex 16 -3.4641016151377544 3.4000000000000004
      vertex 15.75348458715631 3.595176185196668 3.4000000000000004
    endloop
  endfacet
  facet normal 0 0 1
    outer loop
      vertex 16 -3.4641016151377544 3.4000000000000004
      vertex 16.236771613882986 -3.3161502902201665 3.4000000000000004
      vertex 16 3.4641016151377544 3.4000000000000004
    endloop
  endfacet
  facet normal 0 0 1
    outer loop
      vertex 16.236771613882986 -3.3161502902201665 3.4000000000000004
      vertex 16.462645901302633 -3.1520430144268876 3.4000000000000004
      vertex 16.236771613882986 3.3161502902201665 3.4000000000000004
    endloop
  endfacet
  facet normal 0 0 1
    outer loop
      vertex 16.462645901302633 -3.1520430144268876 3.4000000000000004
      vertex 16.676522425435433 -2.972579301909577 3.4000000000000004
      vertex 16.462645901302633 3.1520430144268876 3.4000000000000004
    endloop
  endfacet
  facet normal 0 0 1
    outer loop
      vertex 16.676522425435433 -2.972579301909577 3.4000000000000004
      vertex 16.877359201354604 -2.778633481835989 3.4000000000000004
      vertex 16.676522425435433 2.972579301909577 3.4000000000000004
    endloop
  endfacet
  facet normal 0 0 1
    outer loop
      vertex 16.877359201354604 -2.778633481835989 3.4000000000000004
      vertex 17.06417777247591 -2.571150438746157 3.4000000000000004
      vertex 16.877359201354604 2.778633481835989 3.4000000000000004
    endloop
  endfacet
  facet normal 0 0 1
    outer loop
      vertex 17.06417777247591 -2.571150438746157 3.4000000000000004
      vertex 17.23606797749979 -2.3511410091698925 3.4000000000000004
      vertex 17.06417777247591 2.571150438746157 3.4000000000000004
    endloop
  endfacet
  facet normal 0 0 1
    outer loop
      vertex 17.23606797749979 -2.3511410091698925 3.4000000000000004
      vertex 17.392192384625705 -2.1196770569328196 3.4000000000000004
      vertex 17.23606797749979 2.3511410091698925 3.4000000000000004
    endloop
  endfacet
  facet normal 0 0 1
    outer loop
      vertex 17.392192384625705 -2.1196770569328196 3.4000000000000004
      vertex 17.531790371435708 -1.8778862511435632 3.4000000000000004
      vertex 17.392192384625705 2.1196770569328196 3.4000000000000004
    endloop
  endfacet
  facet normal 0 0 1
    outer loop
      vertex 17.531790371435708 -1.8778862511435632 3.4000000000000004
      vertex 17.654181830570405 -1.6269465723032008 3.4000000000000004
      vertex 17.531790371435708 1.8778862511435632 3.4000000000000004
    endloop
  endfacet
  facet normal 0 0 1
    outer loop
      vertex 17.654181830570405 -1.6269465723032008 3.4000000000000004
      vertex 17.758770483143635 -1.3680805733026749 3.4000000000000004
      vertex 17.654181830570405 1.6269465723032008 3.4000000000000004
    endloop
  endfacet
  facet normal 0 0 1
    outer loop
      vertex 17.758770483143635 -1.3680805733026749 3.4000000000000004
      vertex 17.845046783753276 -1.1025494232679967 3.4000000000000004
      vertex 17.758770483143635 1.3680805733026749 3.4000000000000004
    endloop
  endfacet
  facet normal 0 0 1
    outer loop
      vertex 17.845046783753276 -1.1025494232679967 3.4000000000000004
      vertex 17.912590402935223 -0.8316467632710374 3.4000000000000004
      vertex 17.845046783753276 1.1025494232679967 3.4000000000000004
    endloop
  endfacet
  facet normal 0 0 1
    outer loop
      vertex 17.912590402935223 -0.8316467632710374 3.4000000000000004
      vertex 17.96107227496628 -0.5566924038402618 3.4000000000000004
      vertex 17.912590402935223 0.8316467632710374 3.4000000000000004
    endloop
  endfacet
  facet normal 0 0 1
    outer loop
      vertex 17.96107227496628 -0.5566924038402618 3.4000000000000004
      vertex 17.990256201039298 -0.2790258949765012 3.4000000000000004
      vertex 17.96107227496628 0.5566924038402618 3.4000000000000004
    endloop
  endfacet
  facet normal -0.9993908270190959 0.03489949670249851 0
    outer loop
      vertex 10 0 0.4
      vertex 10.009743798960702 0.2790258949765012 3.4000000000000004
      vertex 10.009743798960702 0.2790258949765012 0.4
    endloop
  endfacet
  facet normal -0.9945218953682727 0.1045284632676584 0
    outer loop
      vertex 10.009743798960702 0.2790258949765012 0.4
      vertex 10.03892772503372 0.5566924038402618 3.4000000000000004
      vertex 10.03892772503372 0.5566924038402618 0.4
    endloop
  endfacet
  facet normal -0.9848077530122086 0.1736481776669272 0
    outer loop
      vertex 10.03892772503372 0.5566924038402618 0.4
      vertex 10.087409597064777 0.8316467632710374 3.4000000000000004
      vertex 10.087409597064777 0.8316467632710374 0.4
    endloop
  endfacet
  facet normal -0.9702957262759964 0.24192189559966806 0
    outer loop
      vertex 10.087409597064777 0.8316467632710374 0.4
      vertex 10.154953216246724 1.1025494232679967 3.4000000000000004
      vertex 10.154953216246724 1.1025494232679967 0.4
    endloop
  endfacet
  facet normal -0.9510565162951536 0.3090169943749473 0
    outer loop
      vertex 10.154953216246724 1.1025494232679967 0.4
      vertex 10.241229516856366 1.3680805733026749 3.4000000000000004
      vertex 10.241229516856366 1.3680805733026749 0.4
    endloop
  endfacet
  facet normal -0.9271838545667865 0.3746065934159142 0
    outer loop
      vertex 10.241229516856366 1.3680805733026749 0.4
      vertex 10.345818169429597 1.6269465723032008 3.4000000000000004
      vertex 10.345818169429597 1.6269465723032008 0.4
    endloop
  endfacet
  facet normal -0.8987940462991681 0.43837114678907513 0
    outer loop
      vertex 10.345818169429597 1.6269465723032008 0.4
      vertex 10.468209628564292 1.8778862511435632 3.4000000000000004
      vertex 10.468209628564292 1.8778862511435632 0.4
    endloop
  endfacet
  facet normal 0.9993908270190959 0.03489949670249851 0
    outer loop
      vertex 18 0 0.4
      vertex 17.990256201039298 0.2790258949765012 0.4
      vertex 18 0 3.4000000000000004
    endloop
  endfacet
  facet normal 0.9945218953682727 0.1045284632676584 0
    outer loop
      vertex 17.990256201039298 0.2790258949765012 0.4
      vertex 17.96107227496628 0.5566924038402618 0.4
      vertex 17.990256201039298 0.2790258949765012 3.4000000000000004
    endloop
  endfacet
  facet normal 0.9848077530122086 0.1736481776669272 0
    outer loop
      vertex 17.96107227496628 0.5566924038402618 0.4
      vertex 17.912590402935223 0.8316467632710374 0.4
      vertex 17.96107227496628 0.5566924038402618 3.4000000000000004
    endloop
  endfacet
  facet normal 0.9702957262759964 0.24192189559966806 0
    outer loop
      vertex 17.912590402935223 0.8316467632710374 0.4
      vertex 17.845046783753276 1.1025494232679967 0.4
      vertex 17.912590402935223 0.8316467632710374 3.4000000000000004
    endloop
  endfacet
  facet normal 0.9510565162951555 0.3090169943749415 0
    outer loop
      vertex 17.845046783753276 1.1025494232679967 0.4
      vertex 17.758770483143635 1.3680805733026749 0.4
      vertex 17.845046783753276 1.1025494232679967 3.4000000000000004
    endloop
  endfacet
  facet normal 0.9271838545667865 0.3746065934159142 0
    outer loop
      vertex 17.758770483143635 1.3680805733026749 0.4
      vertex 17.654181830570405 1.6269465723032008 0.4
      vertex 17.758770483143635 1.3680805733026749 3.4000000000000004
    endloop
  endfacet
  facet normal 0.8987940462991655 0.4383711467890802 0
    outer loop
      vertex 17.654181830570405 1.6269465723032008 0.4
      vertex 17.531790371435708 1.8778862511435632 0.4
      vertex 17.654181830570405 1.6269465723032008 3.4000000000000004
    endloop
  endfacet
  facet normal 0.8660254037844402 0.4999999999999976 0
    outer loop
      vertex 17.531790371435708 1.8778862511435632 0.4
      vertex 17.392192384625705 2.1196770569328196 0.4
      vertex 17.531790371435708 1.8778862511435632 3.4000000000000004
    endloop
  endfacet
  facet normal -0.8660254037844374 0.5000000000000023 0
    outer loop
      vertex 10.468209628564292 1.8778862511435632 0.4
      vertex 10.607807615374297 2.1196770569328196 3.4000000000000004
      vertex 10.607807615374297 2.1196770569328196 0.4
    endloop
  endfacet
  facet normal -0.8290375725550431 0.5591929034707449 0
    outer loop
      vertex 10.607807615374297 2.1196770569328196 0.4
      vertex 10.76393202250021 2.3511410091698925 3.4000000000000004
      vertex 10.76393202250021 2.3511410091698925 0.4
    endloop
  endfacet
  facet normal -0.7880107536067203 0.6156614753256603 0
    outer loop
      vertex 10.76393202250021 2.3511410091698925 0.4
      vertex 10.935822227524088 2.571150438746157 3.4000000000000004
      vertex 10.935822227524088 2.571150438746157 0.4
    endloop
  endfacet
  facet normal -0.743144825477395 0.6691306063588573 0
    outer loop
      vertex 10.935822227524088 2.571150438746157 0.4
      vertex 11.122640798645396 2.778633481835989 3.4000000000000004
      vertex 11.122640798645396 2.778633481835989 0.4
    endloop
  endfacet
  facet normal -0.6946583704589983 0.7193398003386503 0
    outer loop
      vertex 11.122640798645396 2.778633481835989 0.4
      vertex 11.122640798645396 2.778633481835989 3.4000000000000004
      vertex 11.323477574564567 2.972579301909577 0.4
    endloop
  endfacet
  facet normal -0.6427876096865379 0.7660444431189792 0
    outer loop
      vertex 11.323477574564567 2.972579301909577 0.4
      vertex 11.323477574564567 2.972579301909577 3.4000000000000004
      vertex 11.537354098697367 3.1520430144268876 0.4
    endloop
  endfacet
  facet normal -0.5877852522924749 0.8090169943749461 0
    outer loop
      vertex 11.537354098697367 3.1520430144268876 0.4
      vertex 11.537354098697367 3.1520430144268876 3.4000000000000004
      vertex 11.763228386117012 3.3161502902201665 0.4
    endloop
  endfacet
  facet normal -0.5299192642332039 0.8480480961564266 0
    outer loop
      vertex 11.763228386117012 3.3161502902201665 0.4
      vertex 11.763228386117012 3.3161502902201665 3.4000000000000004
      vertex 12 3.4641016151377544 0.4
    endloop
  endfacet
  facet normal -0.4694715627858917 0.8829475928589263 0
    outer loop
      vertex 12 3.4641016151377544 0.4
      vertex 12 3.4641016151377544 3.4000000000000004
      vertex 12.24651541284369 3.595176185196668 0.4
    endloop
  endfacet
  facet normal -0.40673664307579965 0.9135454576426012 0
    outer loop
      vertex 12.24651541284369 3.595176185196668 0.4
      vertex 12.24651541284369 3.595176185196668 3.4000000000000004
      vertex 12.501573626336352 3.7087354182671497 0.4
    endloop
  endfacet
  facet normal -0.34202014332566844 0.9396926207859085 0
    outer loop
      vertex 12.501573626336352 3.7087354182671497 0.4
      vertex 12.501573626336352 3.7087354182671497 3.4000000000000004
      vertex 12.76393202250021 3.804226065180614 0.4
    endloop
  endfacet
  facet normal -0.27563735581699994 0.9612616959383186 0
    outer loop
      vertex 12.76393202250021 3.804226065180614 0.4
      vertex 12.76393202250021 3.804226065180614 3.4000000000000004
      vertex 13.032312417601329 3.881182905103986 0.4
    endloop
  endfacet
  facet normal -0.20791169081775904 0.9781476007338057 0
    outer loop
      vertex 13.032312417601329 3.881182905103986 0.4
      vertex 13.032312417601329 3.881182905103986 3.4000000000000004
      vertex 13.305407289332278 3.939231012048832 0.4
    endloop
  endfacet
  facet normal -0.13917310096006466 0.9902680687415705 0
    outer loop
      vertex 13.305407289332278 3.939231012048832 0.4
      vertex 13.305407289332278 3.939231012048832 3.4000000000000004
      vertex 13.581886146929387 3.978087581473093 0.4
    endloop
  endfacet
  facet normal -0.06975647374412677 0.9975640502598242 0
    outer loop
      vertex 13.581886146929387 3.978087581473093 0.4
      vertex 13.581886146929387 3.978087581473093 3.4000000000000004
      vertex 13.860402013189995 3.997563308076383 0.4
    endloop
  endfacet
  facet normal 0 1 0
    outer loop
      vertex 13.860402013189995 3.997563308076383 0.4
      vertex 13.860402013189995 3.997563308076383 3.4000000000000004
      vertex 14.139597986810005 3.997563308076383 0.4
    endloop
  endfacet
  facet normal 0.06975647374412677 0.9975640502598242 0
    outer loop
      vertex 14.139597986810005 3.997563308076383 0.4
      vertex 14.139597986810005 3.997563308076383 3.4000000000000004
      vertex 14.418113853070613 3.978087581473093 0.4
    endloop
  endfacet
  facet normal 0.13917310096006466 0.9902680687415705 0
    outer loop
      vertex 14.418113853070613 3.978087581473093 0.4
      vertex 14.418113853070613 3.978087581473093 3.4000000000000004
      vertex 14.694592710667722 3.939231012048832 0.4
    endloop
  endfacet
  facet normal 0.8290375725550401 0.5591929034707493 0
    outer loop
      vertex 17.23606797749979 2.3511410091698925 0.4
      vertex 17.392192384625705 2.1196770569328196 3.4000000000000004
      vertex 17.392192384625705 2.1196770569328196 0.4
    endloop
  endfacet
  facet normal 0.7880107536067203 0.6156614753256603 0
    outer loop
      vertex 17.23606797749979 2.3511410091698925 0.4
      vertex 17.06417777247591 2.571150438746157 0.4
      vertex 17.23606797749979 2.3511410091698925 3.4000000000000004
    endloop
  endfacet
  facet normal 0.743144825477395 0.6691306063588573 0
    outer loop
      vertex 16.877359201354604 2.778633481835989 0.4
      vertex 17.06417777247591 2.571150438746157 3.4000000000000004
      vertex 17.06417777247591 2.571150438746157 0.4
    endloop
  endfacet
  facet normal 0.6946583704589983 0.7193398003386503 0
    outer loop
      vertex 16.676522425435433 2.972579301909577 0.4
      vertex 16.676522425435433 2.972579301909577 3.4000000000000004
      vertex 16.877359201354604 2.778633481835989 0.4
    endloop
  endfacet
  facet normal 0.5877852522924719 0.8090169943749483 0
    outer loop
      vertex 16.236771613882986 3.3161502902201665 0.4
      vertex 16.236771613882986 3.3161502902201665 3.4000000000000004
      vertex 16.462645901302633 3.1520430144268876 0.4
    endloop
  endfacet
  facet normal 0.5299192642332068 0.8480480961564248 0
    outer loop
      vertex 16 3.4641016151377544 0.4
      vertex 16 3.4641016151377544 3.4000000000000004
      vertex 16.236771613882986 3.3161502902201665 0.4
    endloop
  endfacet
  facet normal 0.6427876096865379 0.7660444431189792 0
    outer loop
      vertex 16.676522425435433 2.972579301909577 0.4
      vertex 16.462645901302633 3.1520430144268876 0.4
      vertex 16.462645901302633 3.1520430144268876 3.4000000000000004
    endloop
  endfacet
  facet normal 0.4694715627858917 0.8829475928589263 0
    outer loop
      vertex 15.75348458715631 3.595176185196668 0.4
      vertex 15.75348458715631 3.595176185196668 3.4000000000000004
      vertex 16 3.4641016151377544 0.4
    endloop
  endfacet
  facet normal 0.40673664307579965 0.9135454576426012 0
    outer loop
      vertex 15.498426373663648 3.7087354182671497 0.4
      vertex 15.498426373663648 3.7087354182671497 3.4000000000000004
      vertex 15.75348458715631 3.595176185196668 0.4
    endloop
  endfacet
  facet normal 0.27563735581699994 0.9612616959383186 0
    outer loop
      vertex 14.967687582398671 3.881182905103986 0.4
      vertex 14.967687582398671 3.881182905103986 3.4000000000000004
      vertex 15.23606797749979 3.804226065180614 0.4
    endloop
  endfacet
  facet normal 0.34202014332566844 0.9396926207859085 0
    outer loop
      vertex 15.23606797749979 3.804226065180614 0.4
      vertex 15.23606797749979 3.804226065180614 3.4000000000000004
      vertex 15.498426373663648 3.7087354182671497 0.4
    endloop
  endfacet
  facet normal 0.20791169081775904 0.9781476007338057 0
    outer loop
      vertex 14.694592710667722 3.939231012048832 0.4
      vertex 14.694592710667722 3.939231012048832 3.4000000000000004
      vertex 14.967687582398671 3.881182905103986 0.4
    endloop
  endfacet
  facet normal -0.9993908270190959 0.03489949670249851 0
    outer loop
      vertex 10 0 0.4
      vertex 10 0 3.4000000000000004
      vertex 10.009743798960702 0.2790258949765012 3.4000000000000004
    endloop
  endfacet
  facet normal -0.9945218953682727 0.1045284632676584 0
    outer loop
      vertex 10.009743798960702 0.2790258949765012 0.4
      vertex 10.009743798960702 0.2790258949765012 3.4000000000000004
      vertex 10.03892772503372 0.5566924038402618 3.4000000000000004
    endloop
  endfacet
  facet normal -0.9848077530122086 0.1736481776669272 0
    outer loop
      vertex 10.03892772503372 0.5566924038402618 0.4
      vertex 10.03892772503372 0.5566924038402618 3.4000000000000004
      vertex 10.087409597064777 0.8316467632710374 3.4000000000000004
    endloop
  endfacet
  facet normal -0.9702957262759964 0.24192189559966806 0
    outer loop
      vertex 10.087409597064777 0.8316467632710374 0.4
      vertex 10.087409597064777 0.8316467632710374 3.4000000000000004
      vertex 10.154953216246724 1.1025494232679967 3.4000000000000004
    endloop
  endfacet
  facet normal -0.9510565162951536 0.3090169943749473 0
    outer loop
      vertex 10.154953216246724 1.1025494232679967 0.4
      vertex 10.154953216246724 1.1025494232679967 3.4000000000000004
      vertex 10.241229516856366 1.3680805733026749 3.4000000000000004
    endloop
  endfacet
  facet normal -0.9271838545667865 0.3746065934159142 0
    outer loop
      vertex 10.241229516856366 1.3680805733026749 0.4
      vertex 10.241229516856366 1.3680805733026749 3.4000000000000004
      vertex 10.345818169429597 1.6269465723032008 3.4000000000000004
    endloop
  endfacet
  facet normal -0.8987940462991681 0.43837114678907513 0
    outer loop
      vertex 10.345818169429597 1.6269465723032008 0.4
      vertex 10.345818169429597 1.6269465723032008 3.4000000000000004
      vertex 10.468209628564292 1.8778862511435632 3.4000000000000004
    endloop
  endfacet
  facet normal -0.8660254037844374 0.5000000000000023 0
    outer loop
      vertex 10.468209628564292 1.8778862511435632 0.4
      vertex 10.468209628564292 1.8778862511435632 3.4000000000000004
      vertex 10.607807615374297 2.1196770569328196 3.4000000000000004
    endloop
  endfacet
  facet normal 0.9993908270190959 0.03489949670249851 0
    outer loop
      vertex 17.990256201039298 0.2790258949765012 0.4
      vertex 17.990256201039298 0.2790258949765012 3.4000000000000004
      vertex 18 0 3.4000000000000004
    endloop
  endfacet
  facet normal 0.9945218953682727 0.1045284632676584 0
    outer loop
      vertex 17.96107227496628 0.5566924038402618 0.4
      vertex 17.96107227496628 0.5566924038402618 3.4000000000000004
      vertex 17.990256201039298 0.2790258949765012 3.4000000000000004
    endloop
  endfacet
  facet normal 0.9848077530122086 0.1736481776669272 0
    outer loop
      vertex 17.912590402935223 0.8316467632710374 0.4
      vertex 17.912590402935223 0.8316467632710374 3.4000000000000004
      vertex 17.96107227496628 0.5566924038402618 3.4000000000000004
    endloop
  endfacet
  facet normal 0.9702957262759964 0.24192189559966806 0
    outer loop
      vertex 17.845046783753276 1.1025494232679967 0.4
      vertex 17.845046783753276 1.1025494232679967 3.4000000000000004
      vertex 17.912590402935223 0.8316467632710374 3.4000000000000004
    endloop
  endfacet
  facet normal 0.9510565162951555 0.3090169943749415 0
    outer loop
      vertex 17.758770483143635 1.3680805733026749 0.4
      vertex 17.758770483143635 1.3680805733026749 3.4000000000000004
      vertex 17.845046783753276 1.1025494232679967 3.4000000000000004
    endloop
  endfacet
  facet normal 0.9271838545667865 0.3746065934159142 0
    outer loop
      vertex 17.654181830570405 1.6269465723032008 0.4
      vertex 17.654181830570405 1.6269465723032008 3.4000000000000004
      vertex 17.758770483143635 1.3680805733026749 3.4000000000000004
    endloop
  endfacet
  facet normal 0.8987940462991655 0.4383711467890802 0
    outer loop
      vertex 17.531790371435708 1.8778862511435632 0.4
      vertex 17.531790371435708 1.8778862511435632 3.4000000000000004
      vertex 17.654181830570405 1.6269465723032008 3.4000000000000004
    endloop
  endfacet
  facet normal 0 0 1
    outer loop
      vertex 10.009743798960702 -0.2790258949765012 3.4000000000000004
      vertex 10.009743798960702 0.2790258949765012 3.4000000000000004
      vertex 10 0 3.4000000000000004
    endloop
  endfacet
  facet normal 0 0 1
    outer loop
      vertex 10.03892772503372 -0.5566924038402618 3.4000000000000004
      vertex 10.03892772503372 0.5566924038402618 3.4000000000000004
      vertex 10.009743798960702 0.2790258949765012 3.4000000000000004
    endloop
  endfacet
  facet normal 0 0 1
    outer loop
      vertex 10.087409597064777 -0.8316467632710374 3.4000000000000004
      vertex 10.087409597064777 0.8316467632710374 3.4000000000000004
      vertex 10.03892772503372 0.5566924038402618 3.4000000000000004
    endloop
  endfacet
  facet normal 0 0 1
    outer loop
      vertex 10.154953216246724 -1.1025494232679967 3.4000000000000004
      vertex 10.154953216246724 1.1025494232679967 3.4000000000000004
      vertex 10.087409597064777 0.8316467632710374 3.4000000000000004
    endloop
  endfacet
  facet normal 0 0 1
    outer loop
      vertex 10.241229516856366 -1.3680805733026749 3.4000000000000004
      vertex 10.241229516856366 1.3680805733026749 3.4000000000000004
      vertex 10.154953216246724 1.1025494232679967 3.4000000000000004
    endloop
  endfacet
  facet normal 0 0 1
    outer loop
      vertex 10.345818169429597 -1.6269465723032008 3.4000000000000004
      vertex 10.345818169429597 1.6269465723032008 3.4000000000000004
      vertex 10.241229516856366 1.3680805733026749 3.4000000000000004
    endloop
  endfacet
  facet normal 0 0 1
    outer loop
      vertex 10.468209628564292 -1.8778862511435632 3.4000000000000004
      vertex 10.468209628564292 1.8778862511435632 3.4000000000000004
      vertex 10.345818169429597 1.6269465723032008 3.4000000000000004
    endloop
  endfacet
  facet normal 0 0 1
    outer loop
      vertex 10.607807615374297 -2.1196770569328196 3.4000000000000004
      vertex 10.607807615374297 2.1196770569328196 3.4000000000000004
      vertex 10.468209628564292 1.8778862511435632 3.4000000000000004
    endloop
  endfacet
  facet normal 0 0 1
    outer loop
      vertex 10.76393202250021 -2.3511410091698925 3.4000000000000004
      vertex 10.76393202250021 2.3511410091698925 3.4000000000000004
      vertex 10.607807615374297 2.1196770569328196 3.4000000000000004
    endloop
  endfacet
  facet normal 0 0 1
    outer loop
      vertex 10.935822227524088 -2.571150438746157 3.4000000000000004
      vertex 10.935822227524088 2.571150438746157 3.4000000000000004
      vertex 10.76393202250021 2.3511410091698925 3.4000000000000004
    endloop
  endfacet
  facet normal 0 0 1
    outer loop
      vertex 11.122640798645396 -2.778633481835989 3.4000000000000004
      vertex 11.122640798645396 2.778633481835989 3.4000000000000004
      vertex 10.935822227524088 2.571150438746157 3.4000000000000004
    endloop
  endfacet
  facet normal 0 0 1
    outer loop
      vertex 11.323477574564567 -2.972579301909577 3.4000000000000004
      vertex 11.323477574564567 2.972579301909577 3.4000000000000004
      vertex 11.122640798645396 2.778633481835989 3.4000000000000004
    endloop
  endfacet
  facet normal 0 0 1
    outer loop
      vertex 11.537354098697367 -3.1520430144268876 3.4000000000000004
      vertex 11.537354098697367 3.1520430144268876 3.4000000000000004
      vertex 11.323477574564567 2.972579301909577 3.4000000000000004
    endloop
  endfacet
  facet normal 0 0 1
    outer loop
      vertex 11.763228386117012 -3.3161502902201665 3.4000000000000004
      vertex 11.763228386117012 3.3161502902201665 3.4000000000000004
      vertex 11.537354098697367 3.1520430144268876 3.4000000000000004
    endloop
  endfacet
  facet normal 0 0 1
    outer loop
      vertex 12 -3.4641016151377544 3.4000000000000004
      vertex 12 3.4641016151377544 3.4000000000000004
      vertex 11.763228386117012 3.3161502902201665 3.4000000000000004
    endloop
  endfacet
  facet normal 0 0 1
    outer loop
      vertex 12.24651541284369 -3.595176185196668 3.4000000000000004
      vertex 12.24651541284369 3.595176185196668 3.4000000000000004
      vertex 12 3.4641016151377544 3.4000000000000004
    endloop
  endfacet
  facet normal 0 0 1
    outer loop
      vertex 12.501573626336352 -3.7087354182671497 3.4000000000000004
      vertex 12.501573626336352 3.7087354182671497 3.4000000000000004
      vertex 12.24651541284369 3.595176185196668 3.4000000000000004
    endloop
  endfacet
  facet normal 0 0 1
    outer loop
      vertex 12.76393202250021 -3.804226065180614 3.4000000000000004
      vertex 12.76393202250021 3.804226065180614 3.4000000000000004
      vertex 12.501573626336352 3.7087354182671497 3.4000000000000004
    endloop
  endfacet
  facet normal 0 0 1
    outer loop
      vertex 13.032312417601329 -3.881182905103986 3.4000000000000004
      vertex 13.032312417601329 3.881182905103986 3.4000000000000004
      vertex 12.76393202250021 3.804226065180614 3.4000000000000004
    endloop
  endfacet
  facet normal 0 0 1
    outer loop
      vertex 13.305407289332278 -3.939231012048832 3.4000000000000004
      vertex 13.305407289332278 3.939231012048832 3.4000000000000004
      vertex 13.032312417601329 3.881182905103986 3.4000000000000004
    endloop
  endfacet
  facet normal 0 0 1
    outer loop
      vertex 13.581886146929387 -3.978087581473093 3.4000000000000004
      vertex 13.581886146929387 3.978087581473093 3.4000000000000004
      vertex 13.305407289332278 3.939231012048832 3.4000000000000004
    endloop
  endfacet
  facet normal 0 0 1
    outer loop
      vertex 13.860402013189995 -3.997563308076383 3.4000000000000004
      vertex 13.860402013189995 3.997563308076383 3.4000000000000004
      vertex 13.581886146929387 3.978087581473093 3.4000000000000004
    endloop
  endfacet
  facet normal 0 0 1
    outer loop
      vertex 13.860402013189995 3.997563308076383 3.4000000000000004
      vertex 14.139597986810005 -3.997563308076383 3.4000000000000004
      vertex 14.139597986810005 3.997563308076383 3.4000000000000004
    endloop
  endfacet
  facet normal 0 0 1
    outer loop
      vertex 14.418113853070613 -3.978087581473093 3.4000000000000004
      vertex 14.418113853070613 3.978087581473093 3.4000000000000004
      vertex 14.139597986810005 3.997563308076383 3.4000000000000004
    endloop
  endfacet
  facet normal 0 0 1
    outer loop
      vertex 14.694592710667722 -3.939231012048832 3.4000000000000004
      vertex 14.694592710667722 3.939231012048832 3.4000000000000004
      vertex 14.418113853070613 3.978087581473093 3.4000000000000004
    endloop
  endfacet
  facet normal 0 0 1
    outer loop
      vertex 17.845046783753276 -1.1025494232679967 3.4000000000000004
      vertex 17.845046783753276 1.1025494232679967 3.4000000000000004
      vertex 17.758770483143635 1.3680805733026749 3.4000000000000004
    endloop
  endfacet
  facet normal 0 0 1
    outer loop
      vertex 17.758770483143635 -1.3680805733026749 3.4000000000000004
      vertex 17.758770483143635 1.3680805733026749 3.4000000000000004
      vertex 17.654181830570405 1.6269465723032008 3.4000000000000004
    endloop
  endfacet
  facet normal 0 0 1
    outer loop
      vertex 17.654181830570405 -1.6269465723032008 3.4000000000000004
      vertex 17.654181830570405 1.6269465723032008 3.4000000000000004
      vertex 17.531790371435708 1.8778862511435632 3.4000000000000004
    endloop
  endfacet
  facet normal 0 0 1
    outer loop
      vertex 17.531790371435708 -1.8778862511435632 3.4000000000000004
      vertex 17.531790371435708 1.8778862511435632 3.4000000000000004
      vertex 17.392192384625705 2.1196770569328196 3.4000000000000004
    endloop
  endfacet
  facet normal 0 0 1
    outer loop
      vertex 17.06417777247591 -2.571150438746157 3.4000000000000004
      vertex 17.06417777247591 2.571150438746157 3.4000000000000004
      vertex 16.877359201354604 2.778633481835989 3.4000000000000004
    endloop
  endfacet
  facet normal 0 0 1
    outer loop
      vertex 16.877359201354604 -2.778633481835989 3.4000000000000004
      vertex 16.877359201354604 2.778633481835989 3.4000000000000004
      vertex 16.676522425435433 2.972579301909577 3.4000000000000004
    endloop
  endfacet
  facet normal 0 0 1
    outer loop
      vertex 17.392192384625705 -2.1196770569328196 3.4000000000000004
      vertex 17.392192384625705 2.1196770569328196 3.4000000000000004
      vertex 17.23606797749979 2.3511410091698925 3.4000000000000004
    endloop
  endfacet
  facet normal 0 0 1
    outer loop
      vertex 17.23606797749979 -2.3511410091698925 3.4000000000000004
      vertex 17.23606797749979 2.3511410091698925 3.4000000000000004
      vertex 17.06417777247591 2.571150438746157 3.4000000000000004
    endloop
  endfacet
  facet normal 0 0 1
    outer loop
      vertex 17.990256201039298 -0.2790258949765012 3.4000000000000004
      vertex 18 0 3.4000000000000004
      vertex 17.990256201039298 0.2790258949765012 3.4000000000000004
    endloop
  endfacet
  facet normal 0 0 1
    outer loop
      vertex 17.990256201039298 -0.2790258949765012 3.4000000000000004
      vertex 17.990256201039298 0.2790258949765012 3.4000000000000004
      vertex 17.96107227496628 0.5566924038402618 3.4000000000000004
    endloop
  endfacet
  facet normal 0 0 1
    outer loop
      vertex 17.96107227496628 -0.5566924038402618 3.4000000000000004
      vertex 17.96107227496628 0.5566924038402618 3.4000000000000004
      vertex 17.912590402935223 0.8316467632710374 3.4000000000000004
    endloop
  endfacet
  facet normal 0 0 1
    outer loop
      vertex 17.912590402935223 -0.8316467632710374 3.4000000000000004
      vertex 17.912590402935223 0.8316467632710374 3.4000000000000004
      vertex 17.845046783753276 1.1025494232679967 3.4000000000000004
    endloop
  endfacet
  facet normal 0 0 1
    outer loop
      vertex 15.75348458715631 -3.595176185196668 3.4000000000000004
      vertex 15.75348458715631 3.595176185196668 3.4000000000000004
      vertex 15.498426373663648 3.7087354182671497 3.4000000000000004
    endloop
  endfacet
  facet normal 0 0 1
    outer loop
      vertex 16 -3.4641016151377544 3.4000000000000004
      vertex 16 3.4641016151377544 3.4000000000000004
      vertex 15.75348458715631 3.595176185196668 3.4000000000000004
    endloop
  endfacet
  facet normal 0 0 1
    outer loop
      vertex 16.236771613882986 -3.3161502902201665 3.4000000000000004
      vertex 16.236771613882986 3.3161502902201665 3.4000000000000004
      vertex 16 3.4641016151377544 3.4000000000000004
    endloop
  endfacet
  facet normal 0 0 1
    outer loop
      vertex 14.967687582398671 -3.881182905103986 3.4000000000000004
      vertex 14.967687582398671 3.881182905103986 3.4000000000000004
      vertex 14.694592710667722 3.939231012048832 3.4000000000000004
    endloop
  endfacet
  facet normal 0 0 1
    outer loop
      vertex 15.23606797749979 -3.804226065180614 3.4000000000000004
      vertex 15.23606797749979 3.804226065180614 3.4000000000000004
      vertex 14.967687582398671 3.881182905103986 3.4000000000000004
    endloop
  endfacet
  facet normal 0 0 1
    outer loop
      vertex 15.498426373663648 -3.7087354182671497 3.4000000000000004
      vertex 15.498426373663648 3.7087354182671497 3.4000000000000004
      vertex 15.23606797749979 3.804226065180614 3.4000000000000004
    endloop
  endfacet
  facet normal 0 0 1
    outer loop
      vertex 16.676522425435433 -2.972579301909577 3.4000000000000004
      vertex 16.676522425435433 2.972579301909577 3.4000000000000004
      vertex 16.462645901302633 3.1520430144268876 3.4000000000000004
    endloop
  endfacet
  facet normal 0 0 1
    outer loop
      vertex 16.462645901302633 -3.1520430144268876 3.4000000000000004
      vertex 16.462645901302633 3.1520430144268876 3.4000000000000004
      vertex 16.236771613882986 3.3161502902201665 3.4000000000000004
    endloop
  endfacet
  facet normal -0.8290375725550431 0.5591929034707449 0
    outer loop
      vertex 10.607807615374297 2.1196770569328196 0.4
      vertex 10.607807615374297 2.1196770569328196 3.4000000000000004
      vertex 10.76393202250021 2.3511410091698925 3.4000000000000004
    endloop
  endfacet
  facet normal -0.7880107536067203 0.6156614753256603 0
    outer loop
      vertex 10.76393202250021 2.3511410091698925 0.4
      vertex 10.76393202250021 2.3511410091698925 3.4000000000000004
      vertex 10.935822227524088 2.571150438746157 3.4000000000000004
    endloop
  endfacet
  facet normal -0.743144825477395 0.6691306063588573 0
    outer loop
      vertex 10.935822227524088 2.571150438746157 0.4
      vertex 10.935822227524088 2.571150438746157 3.4000000000000004
      vertex 11.122640798645396 2.778633481835989 3.4000000000000004
    endloop
  endfacet
  facet normal -0.6946583704589983 0.7193398003386503 0
    outer loop
      vertex 11.323477574564567 2.972579301909577 0.4
      vertex 11.122640798645396 2.778633481835989 3.4000000000000004
      vertex 11.323477574564567 2.972579301909577 3.4000000000000004
    endloop
  endfacet
  facet normal -0.6427876096865379 0.7660444431189792 0
    outer loop
      vertex 11.537354098697367 3.1520430144268876 0.4
      vertex 11.323477574564567 2.972579301909577 3.4000000000000004
      vertex 11.537354098697367 3.1520430144268876 3.4000000000000004
    endloop
  endfacet
  facet normal -0.5877852522924749 0.8090169943749461 0
    outer loop
      vertex 11.763228386117012 3.3161502902201665 0.4
      vertex 11.537354098697367 3.1520430144268876 3.4000000000000004
      vertex 11.763228386117012 3.3161502902201665 3.4000000000000004
    endloop
  endfacet
  facet normal -0.5299192642332039 0.8480480961564266 0
    outer loop
      vertex 12 3.4641016151377544 0.4
      vertex 11.763228386117012 3.3161502902201665 3.4000000000000004
      vertex 12 3.4641016151377544 3.4000000000000004
    endloop
  endfacet
  facet normal -0.4694715627858917 0.8829475928589263 0
    outer loop
      vertex 12.24651541284369 3.595176185196668 0.4
      vertex 12 3.4641016151377544 3.4000000000000004
      vertex 12.24651541284369 3.595176185196668 3.4000000000000004
    endloop
  endfacet
  facet normal -0.40673664307579965 0.9135454576426012 0
    outer loop
      vertex 12.501573626336352 3.7087354182671497 0.4
      vertex 12.24651541284369 3.595176185196668 3.4000000000000004
      vertex 12.501573626336352 3.7087354182671497 3.4000000000000004
    endloop
  endfacet
  facet normal -0.34202014332566844 0.9396926207859085 0
    outer loop
      vertex 12.76393202250021 3.804226065180614 0.4
      vertex 12.501573626336352 3.7087354182671497 3.4000000000000004
      vertex 12.76393202250021 3.804226065180614 3.4000000000000004
    endloop
  endfacet
  facet normal -0.27563735581699994 0.9612616959383186 0
    outer loop
      vertex 13.032312417601329 3.881182905103986 0.4
      vertex 12.76393202250021 3.804226065180614 3.4000000000000004
      vertex 13.032312417601329 3.881182905103986 3.4000000000000004
    endloop
  endfacet
  facet normal -0.20791169081775904 0.9781476007338057 0
    outer loop
      vertex 13.305407289332278 3.939231012048832 0.4
      vertex 13.032312417601329 3.881182905103986 3.4000000000000004
      vertex 13.305407289332278 3.939231012048832 3.4000000000000004
    endloop
  endfacet
  facet normal -0.13917310096006466 0.9902680687415705 0
    outer loop
      vertex 13.581886146929387 3.978087581473093 0.4
      vertex 13.305407289332278 3.939231012048832 3.4000000000000004
      vertex 13.581886146929387 3.978087581473093 3.4000000000000004
    endloop
  endfacet
  facet normal -0.06975647374412677 0.9975640502598242 0
    outer loop
      vertex 13.860402013189995 3.997563308076383 0.4
      vertex 13.581886146929387 3.978087581473093 3.4000000000000004
      vertex 13.860402013189995 3.997563308076383 3.4000000000000004
    endloop
  endfacet
  facet normal 0 1 0
    outer loop
      vertex 13.860402013189995 3.997563308076383 3.4000000000000004
      vertex 14.139597986810005 3.997563308076383 3.4000000000000004
      vertex 14.139597986810005 3.997563308076383 0.4
    endloop
  endfacet
  facet normal 0.06975647374412677 0.9975640502598242 0
    outer loop
      vertex 14.418113853070613 3.978087581473093 0.4
      vertex 14.139597986810005 3.997563308076383 3.4000000000000004
      vertex 14.418113853070613 3.978087581473093 3.4000000000000004
    endloop
  endfacet
  facet normal 0.13917310096006466 0.9902680687415705 0
    outer loop
      vertex 14.694592710667722 3.939231012048832 0.4
      vertex 14.418113853070613 3.978087581473093 3.4000000000000004
      vertex 14.694592710667722 3.939231012048832 3.4000000000000004
    endloop
  endfacet
  facet normal 0.8660254037844402 0.4999999999999976 0
    outer loop
      vertex 17.392192384625705 2.1196770569328196 0.4
      vertex 17.392192384625705 2.1196770569328196 3.4000000000000004
      vertex 17.531790371435708 1.8778862511435632 3.4000000000000004
    endloop
  endfacet
  facet normal 0.8290375725550401 0.5591929034707493 0
    outer loop
      vertex 17.23606797749979 2.3511410091698925 0.4
      vertex 17.23606797749979 2.3511410091698925 3.4000000000000004
      vertex 17.392192384625705 2.1196770569328196 3.4000000000000004
    endloop
  endfacet
  facet normal 0.7880107536067203 0.6156614753256603 0
    outer loop
      vertex 17.06417777247591 2.571150438746157 0.4
      vertex 17.06417777247591 2.571150438746157 3.4000000000000004
      vertex 17.23606797749979 2.3511410091698925 3.4000000000000004
    endloop
  endfacet
  facet normal 0.743144825477395 0.6691306063588573 0
    outer loop
      vertex 16.877359201354604 2.778633481835989 0.4
      vertex 16.877359201354604 2.778633481835989 3.4000000000000004
      vertex 17.06417777247591 2.571150438746157 3.4000000000000004
    endloop
  endfacet
  facet normal 0.6946583704589983 0.7193398003386503 0
    outer loop
      vertex 16.877359201354604 2.778633481835989 0.4
      vertex 16.676522425435433 2.972579301909577 3.4000000000000004
      vertex 16.877359201354604 2.778633481835989 3.4000000000000004
    endloop
  endfacet
  facet normal 0.5299192642332068 0.8480480961564248 0
    outer loop
      vertex 16.236771613882986 3.3161502902201665 0.4
      vertex 16 3.4641016151377544 3.4000000000000004
      vertex 16.236771613882986 3.3161502902201665 3.4000000000000004
    endloop
  endfacet
  facet normal 0.6427876096865379 0.7660444431189792 0
    outer loop
      vertex 16.676522425435433 2.972579301909577 0.4
      vertex 16.462645901302633 3.1520430144268876 3.4000000000000004
      vertex 16.676522425435433 2.972579301909577 3.4000000000000004
    endloop
  endfacet
  facet normal 0.5877852522924719 0.8090169943749483 0
    outer loop
      vertex 16.462645901302633 3.1520430144268876 0.4
      vertex 16.236771613882986 3.3161502902201665 3.4000000000000004
      vertex 16.462645901302633 3.1520430144268876 3.4000000000000004
    endloop
  endfacet
  facet normal 0.34202014332566844 0.9396926207859085 0
    outer loop
      vertex 15.498426373663648 3.7087354182671497 0.4
      vertex 15.23606797749979 3.804226065180614 3.4000000000000004
      vertex 15.498426373663648 3.7087354182671497 3.4000000000000004
    endloop
  endfacet
  facet normal 0.4694715627858917 0.8829475928589263 0
    outer loop
      vertex 16 3.4641016151377544 0.4
      vertex 15.75348458715631 3.595176185196668 3.4000000000000004
      vertex 16 3.4641016151377544 3.4000000000000004
    endloop
  endfacet
  facet normal 0.40673664307579965 0.9135454576426012 0
    outer loop
      vertex 15.75348458715631 3.595176185196668 0.4
      vertex 15.498426373663648 3.7087354182671497 3.4000000000000004
      vertex 15.75348458715631 3.595176185196668 3.4000000000000004
    endloop
  endfacet
  facet normal 0.27563735581699994 0.9612616959383186 0
    outer loop
      vertex 15.23606797749979 3.804226065180614 0.4
      vertex 14.967687582398671 3.881182905103986 3.4000000000000004
      vertex 15.23606797749979 3.804226065180614 3.4000000000000004
    endloop
  endfacet
  facet normal 0.20791169081775904 0.9781476007338057 0
    outer loop
      vertex 14.967687582398671 3.881182905103986 0.4
      vertex 14.694592710667722 3.939231012048832 3.4000000000000004
      vertex 14.967687582398671 3.881182905103986 3.4000000000000004
    endloop
  endfacet
  facet normal 0.16041128085776069 0.9870502626379128 0
    outer loop
      vertex 13.379920349294261 -3.03735102133103 0.6
      vertex 13.6263362912085 -3.077397509703968 2.8000000000000003
      vertex 13.6263362912085 -3.077397509703968 0.6
    endloop
  endfacet
  facet normal 0.23931566428755927 0.9709418174260518 0
    outer loop
      vertex 13.137525861858997 -2.977606146057254 0.6
      vertex 13.379920349294261 -3.03735102133103 2.8000000000000003
      vertex 13.379920349294261 -3.03735102133103 0.6
    endloop
  endfacet
  facet normal 0.08046656871672368 0.9967573081342103 0
    outer loop
      vertex 13.6263362912085 -3.077397509703968 0.6
      vertex 13.875175585660813 -3.0974858943318657 2.8000000000000003
      vertex 13.875175585660813 -3.0974858943318657 0.6
    endloop
  endfacet
  facet normal 0 1 0
    outer loop
      vertex 13.875175585660813 -3.0974858943318657 0.6
      vertex 14.124824414339187 -3.0974858943318657 2.8000000000000003
      vertex 14.124824414339187 -3.0974858943318657 0.6
    endloop
  endfacet
  facet normal -0.08046656871672368 0.9967573081342103 0
    outer loop
      vertex 14.124824414339187 -3.0974858943318657 0.6
      vertex 14.3736637087915 -3.077397509703968 2.8000000000000003
      vertex 14.3736637087915 -3.077397509703968 0.6
    endloop
  endfacet
  facet normal -0.16041128085776069 0.9870502626379128 0
    outer loop
      vertex 14.3736637087915 -3.077397509703968 0.6
      vertex 14.620079650705739 -3.03735102133103 2.8000000000000003
      vertex 14.620079650705739 -3.03735102133103 0.6
    endloop
  endfacet
  facet normal 0.3166679938014714 0.9485364419471459 0
    outer loop
      vertex 12.900724850168139 -2.898550352324786 0.6
      vertex 13.137525861858997 -2.977606146057254 2.8000000000000003
      vertex 13.137525861858997 -2.977606146057254 0.6
    endloop
  endfacet
  facet normal 0.4647231720437671 0.8854560256532107 0
    outer loop
      vertex 12.671053059650532 -2.800696347292185 0.6
      vertex 12.45 -2.68467875173176 0.6
      vertex 12.671053059650532 -2.800696347292185 2.8000000000000003
    endloop
  endfacet
  facet normal 0.39196660986007625 0.9199794436588237 0
    outer loop
      vertex 12.671053059650532 -2.800696347292185 0.6
      vertex 12.900724850168139 -2.898550352324786 2.8000000000000003
      vertex 12.900724850168139 -2.898550352324786 0.6
    endloop
  endfacet
  facet normal 0.5344658261278024 0.8451900855437938 0
    outer loop
      vertex 12.238999285133417 -2.551249984270335 0.6
      vertex 12.45 -2.68467875173176 2.8000000000000003
      vertex 12.45 -2.68467875173176 0.6
    endloop
  endfacet
  facet normal 0.600742264237976 0.7994427634035032 0
    outer loop
      vertex 12.03941933565433 -2.4012753816657297 0.6
      vertex 12.238999285133417 -2.551249984270335 2.8000000000000003
      vertex 12.238999285133417 -2.551249984270335 0.6
    endloop
  endfacet
  facet normal 0.6631226582407972 0.7485107481710993 0
    outer loop
      vertex 12.03941933565433 -2.4012753816657297 0.6
      vertex 11.852554504120242 -2.2357275867658255 0.6
      vertex 12.03941933565433 -2.4012753816657297 2.8000000000000003
    endloop
  endfacet
  facet normal 0.7212024473438163 0.6927243535095977 0
    outer loop
      vertex 11.852554504120242 -2.2357275867658255 0.6
      vertex 11.679616680669588 -2.0556802405464656 0.6
      vertex 11.679616680669588 -2.0556802405464656 2.8000000000000003
    endloop
  endfacet
  facet normal -0.23931566428755746 0.9709418174260519 0
    outer loop
      vertex 14.620079650705739 -3.03735102133103 0.6
      vertex 14.862474138141001 -2.977606146057255 2.8000000000000003
      vertex 14.862474138141001 -2.977606146057255 0.6
    endloop
  endfacet
  facet normal -0.3166679938014725 0.9485364419471455 0
    outer loop
      vertex 14.862474138141001 -2.977606146057255 0.6
      vertex 15.099275149831861 -2.898550352324786 2.8000000000000003
      vertex 15.099275149831861 -2.898550352324786 0.6
    endloop
  endfacet
  facet normal -0.3919666098600774 0.9199794436588233 0
    outer loop
      vertex 15.099275149831861 -2.898550352324786 0.6
      vertex 15.328946940349466 -2.8006963472921855 2.8000000000000003
      vertex 15.328946940349466 -2.8006963472921855 0.6
    endloop
  endfacet
  facet normal -0.46472317204376556 0.8854560256532115 0
    outer loop
      vertex 15.328946940349466 -2.8006963472921855 0.6
      vertex 15.55 -2.68467875173176 2.8000000000000003
      vertex 15.55 -2.68467875173176 0.6
    endloop
  endfacet
  facet normal -0.5344658261278018 0.8451900855437944 0
    outer loop
      vertex 15.55 -2.68467875173176 0.6
      vertex 15.761000714866585 -2.551249984270334 2.8000000000000003
      vertex 15.761000714866585 -2.551249984270334 0.6
    endloop
  endfacet
  facet normal -0.6007422642379773 0.7994427634035023 0
    outer loop
      vertex 15.761000714866585 -2.551249984270334 0.6
      vertex 15.96058066434567 -2.4012753816657297 2.8000000000000003
      vertex 15.96058066434567 -2.4012753816657297 0.6
    endloop
  endfacet
  facet normal -0.6631226582408003 0.7485107481710968 0
    outer loop
      vertex 15.96058066434567 -2.4012753816657297 0.6
      vertex 16.147445495879758 -2.235727586765824 2.8000000000000003
      vertex 16.147445495879758 -2.235727586765824 0.6
    endloop
  endfacet
  facet normal -0.7212024473438101 0.692724353509604 0
    outer loop
      vertex 16.147445495879758 -2.235727586765824 0.6
      vertex 16.147445495879758 -2.235727586765824 2.8000000000000003
      vertex 16.320383319330414 -2.0556802405464656 0.6
    endloop
  endfacet
  facet normal 0 0 1
    outer loop
      vertex 13.379920349294261 -3.03735102133103 0.6
      vertex 13.6263362912085 -3.077397509703968 0.6
      vertex 13.6263362912085 3.0773975097039674 0.6
    endloop
  endfacet
  facet normal 0 0 1
    outer loop
      vertex 13.6263362912085 -3.077397509703968 0.6
      vertex 13.875175585660813 -3.0974858943318657 0.6
      vertex 13.875175585660813 3.0974858943318657 0.6
    endloop
  endfacet
  facet normal 0 0 1
    outer loop
      vertex 13.875175585660813 -3.0974858943318657 0.6
      vertex 14.124824414339187 -3.0974858943318657 0.6
      vertex 14.124824414339187 3.0974858943318657 0.6
    endloop
  endfacet
  facet normal 0 0 1
    outer loop
      vertex 14.124824414339187 -3.0974858943318657 0.6
      vertex 14.3736637087915 -3.077397509703968 0.6
      vertex 14.3736637087915 3.0773975097039674 0.6
    endloop
  endfacet
  facet normal 0 0 1
    outer loop
      vertex 14.3736637087915 -3.077397509703968 0.6
      vertex 14.620079650705739 -3.03735102133103 0.6
      vertex 14.620079650705737 3.03735102133103 0.6
    endloop
  endfacet
  facet normal 0 0 1
    outer loop
      vertex 11.379910734814237 -1.6568440609961839 0.6
      vertex 11.521727433449147 -1.8623010191377352 0.6
      vertex 11.521727433449147 1.8623010191377352 0.6
    endloop
  endfacet
  facet normal 0 0 1
    outer loop
      vertex 11.255086320475048 -1.4406418333356819 0.6
      vertex 11.255086320475048 1.4406418333356819 0.6
      vertex 11.148063724657645 -1.2150964905662323 0.6
    endloop
  endfacet
  facet normal 0 0 1
    outer loop
      vertex 11.379910734814237 -1.6568440609961839 0.6
      vertex 11.379910734814237 1.6568440609961839 0.6
      vertex 11.255086320475048 -1.4406418333356819 0.6
    endloop
  endfacet
  facet normal 0 0 1
    outer loop
      vertex 11.148063724657645 -1.2150964905662323 0.6
      vertex 11.148063724657645 1.2150964905662323 0.6
      vertex 11.059537029963849 -0.9816707807845644 0.6
    endloop
  endfacet
  facet normal 0 0 1
    outer loop
      vertex 11.059537029963849 -0.9816707807845644 0.6
      vertex 11.059537029963849 0.9816707807845644 0.6
      vertex 10.990080365979239 -0.7418785592914287 0.6
    endloop
  endfacet
  facet normal 0 0 1
    outer loop
      vertex 10.990080365979239 -0.7418785592914287 0.6
      vertex 10.990080365979239 0.7418785592914287 0.6
      vertex 10.94014418582247 -0.49727497065905657 0.6
    endloop
  endfacet
  facet normal 0 0 1
    outer loop
      vertex 10.94014418582247 -0.49727497065905657 0.6
      vertex 10.94014418582247 0.49727497065905657 0.6
      vertex 10.91005234478395 -0.24944636302185014 0.6
    endloop
  endfacet
  facet normal 0 0 1
    outer loop
      vertex 12.238999285133417 -2.551249984270335 0.6
      vertex 12.45 -2.68467875173176 0.6
      vertex 12.45 2.68467875173176 0.6
    endloop
  endfacet
  facet normal 0 0 1
    outer loop
      vertex 12.03941933565433 -2.4012753816657297 0.6
      vertex 12.238999285133417 -2.551249984270335 0.6
      vertex 12.238999285133417 2.551249984270335 0.6
    endloop
  endfacet
  facet normal 0 0 1
    outer loop
      vertex 12.671053059650532 -2.800696347292185 0.6
      vertex 12.671053059650532 2.800696347292185 0.6
      vertex 12.45 -2.68467875173176 0.6
    endloop
  endfacet
  facet normal 0 0 1
    outer loop
      vertex 12.900724850168139 -2.898550352324786 0.6
      vertex 13.137525861858997 -2.977606146057254 0.6
      vertex 13.137525861858997 2.977606146057254 0.6
    endloop
  endfacet
  facet normal 0 0 1
    outer loop
      vertex 12.671053059650532 -2.800696347292185 0.6
      vertex 12.900724850168139 -2.898550352324786 0.6
      vertex 12.900724850168139 2.898550352324786 0.6
    endloop
  endfacet
  facet normal 0 0 1
    outer loop
      vertex 12.03941933565433 -2.4012753816657297 0.6
      vertex 12.03941933565433 2.4012753816657297 0.6
      vertex 11.852554504120242 -2.2357275867658255 0.6
    endloop
  endfacet
  facet normal 0 0 1
    outer loop
      vertex 11.852554504120242 -2.2357275867658255 0.6
      vertex 11.852554504120242 2.2357275867658255 0.6
      vertex 11.679616680669588 -2.0556802405464656 0.6
    endloop
  endfacet
  facet normal 0 0 1
    outer loop
      vertex 11.521727433449147 -1.8623010191377352 0.6
      vertex 11.679616680669588 -2.0556802405464656 0.6
      vertex 11.679616680669588 2.0556802405464656 0.6
    endloop
  endfacet
  facet normal 0 0 1
    outer loop
      vertex 13.137525861858997 -2.977606146057254 0.6
      vertex 13.379920349294261 -3.03735102133103 0.6
      vertex 13.379920349294263 3.03735102133103 0.6
    endloop
  endfacet
  facet normal 0 0 1
    outer loop
      vertex 14.620079650705739 -3.03735102133103 0.6
      vertex 14.862474138141001 -2.977606146057255 0.6
      vertex 14.862474138141003 2.977606146057254 0.6
    endloop
  endfacet
  facet normal 0 0 1
    outer loop
      vertex 14.862474138141001 -2.977606146057255 0.6
      vertex 15.099275149831861 -2.898550352324786 0.6
      vertex 15.099275149831861 2.898550352324786 0.6
    endloop
  endfacet
  facet normal 0 0 1
    outer loop
      vertex 15.099275149831861 -2.898550352324786 0.6
      vertex 15.328946940349466 -2.8006963472921855 0.6
      vertex 15.328946940349468 2.800696347292185 0.6
    endloop
  endfacet
  facet normal 0 0 1
    outer loop
      vertex 15.328946940349466 -2.8006963472921855 0.6
      vertex 15.55 -2.68467875173176 0.6
      vertex 15.55 2.68467875173176 0.6
    endloop
  endfacet
  facet normal 0 0 1
    outer loop
      vertex 15.55 -2.68467875173176 0.6
      vertex 15.761000714866585 -2.551249984270334 0.6
      vertex 15.761000714866583 2.551249984270335 0.6
    endloop
  endfacet
  facet normal 0 0 1
    outer loop
      vertex 15.761000714866585 -2.551249984270334 0.6
      vertex 15.96058066434567 -2.4012753816657297 0.6
      vertex 15.96058066434567 2.4012753816657293 0.6
    endloop
  endfacet
  facet normal 0 0 1
    outer loop
      vertex 15.96058066434567 -2.4012753816657297 0.6
      vertex 16.147445495879758 -2.235727586765824 0.6
      vertex 16.147445495879758 2.235727586765825 0.6
    endloop
  endfacet
  facet normal 0 0 1
    outer loop
      vertex 16.147445495879758 -2.235727586765824 0.6
      vertex 16.320383319330414 -2.0556802405464656 0.6
      vertex 16.320383319330414 2.055680240546465 0.6
    endloop
  endfacet
  facet normal 0 0 1
    outer loop
      vertex 16.320383319330414 -2.0556802405464656 0.6
      vertex 16.478272566550853 -1.862301019137734 0.6
      vertex 16.478272566550853 1.8623010191377345 0.6
    endloop
  endfacet
  facet normal 0 0 1
    outer loop
      vertex 16.478272566550853 -1.862301019137734 0.6
      vertex 16.62008926518576 -1.6568440609961839 0.6
      vertex 16.620089265185765 1.6568440609961832 0.6
    endloop
  endfacet
  facet normal 0 0 1
    outer loop
      vertex 16.62008926518576 -1.6568440609961839 0.6
      vertex 16.744913679524952 -1.4406418333356819 0.6
      vertex 16.744913679524952 1.4406418333356825 0.6
    endloop
  endfacet
  facet normal 0 0 1
    outer loop
      vertex 16.744913679524952 -1.4406418333356819 0.6
      vertex 16.851936275342354 -1.2150964905662336 0.6
      vertex 16.851936275342354 1.2150964905662327 0.6
    endloop
  endfacet
  facet normal 0 0 1
    outer loop
      vertex 16.851936275342354 -1.2150964905662336 0.6
      vertex 16.94046297003615 -0.9816707807845644 0.6
      vertex 16.94046297003615 0.9816707807845647 0.6
    endloop
  endfacet
  facet normal 0 0 1
    outer loop
      vertex 16.94046297003615 -0.9816707807845644 0.6
      vertex 17.00991963402076 -0.7418785592914302 0.6
      vertex 17.00991963402076 0.7418785592914291 0.6
    endloop
  endfacet
  facet normal 0 0 1
    outer loop
      vertex 17.00991963402076 -0.7418785592914302 0.6
      vertex 17.05985581417753 -0.49727497065905657 0.6
      vertex 17.05985581417753 0.49727497065905674 0.6
    endloop
  endfacet
  facet normal 0 0 1
    outer loop
      vertex 17.05985581417753 -0.49727497065905657 0.6
      vertex 17.08994765521605 -0.24944636302185164 0.6
      vertex 17.08994765521605 0.24944636302185022 0.6
    endloop
  endfacet
  facet normal 0 0 1
    outer loop
      vertex 17.08994765521605 -0.24944636302185164 0.6
      vertex 17.1 0 0.6
      vertex 17.08994765521605 0.24944636302185022 0.6
    endloop
  endfacet
  facet normal 0.7746049618276538 0.6324453755953782 0
    outer loop
      vertex 11.521727433449147 -1.8623010191377352 0.6
      vertex 11.521727433449147 -1.8623010191377352 2.8000000000000003
      vertex 11.679616680669588 -2.0556802405464656 0.6
    endloop
  endfacet
  facet normal 0.8229838658936562 0.5680647467311561 0
    outer loop
      vertex 11.379910734814237 -1.6568440609961839 0.6
      vertex 11.379910734814237 -1.6568440609961839 2.8000000000000003
      vertex 11.521727433449147 -1.8623010191377352 0.6
    endloop
  endfacet
  facet normal 0.8660254037844362 0.5000000000000042 0
    outer loop
      vertex 11.379910734814237 -1.6568440609961839 0.6
      vertex 11.255086320475048 -1.4406418333356819 0.6
      vertex 11.255086320475048 -1.4406418333356819 2.8000000000000003
    endloop
  endfacet
  facet normal 0.9034504346103841 0.4286925614030505 0
    outer loop
      vertex 11.255086320475048 -1.4406418333356819 0.6
      vertex 11.148063724657645 -1.2150964905662323 0.6
      vertex 11.148063724657645 -1.2150964905662323 2.8000000000000003
    endloop
  endfacet
  facet normal 0.9350162426854153 0.35460488704253434 0
    outer loop
      vertex 11.148063724657645 -1.2150964905662323 0.6
      vertex 11.059537029963849 -0.9816707807845644 0.6
      vertex 11.059537029963849 -0.9816707807845644 2.8000000000000003
    endloop
  endfacet
  facet normal 0.9605181116313724 0.2782174639164526 0
    outer loop
      vertex 11.059537029963849 -0.9816707807845644 0.6
      vertex 10.990080365979239 -0.7418785592914287 0.6
      vertex 10.990080365979239 -0.7418785592914287 2.8000000000000003
    endloop
  endfacet
  facet normal 0.9797906520422679 0.2000256937760438 0
    outer loop
      vertex 10.990080365979239 -0.7418785592914287 0.6
      vertex 10.94014418582247 -0.49727497065905657 0.6
      vertex 10.94014418582247 -0.49727497065905657 2.8000000000000003
    endloop
  endfacet
  facet normal 0.9927088740980539 0.12053668025532334 0
    outer loop
      vertex 10.94014418582247 -0.49727497065905657 0.6
      vertex 10.91005234478395 -0.24944636302185014 0.6
      vertex 10.91005234478395 -0.24944636302185014 2.8000000000000003
    endloop
  endfacet
  facet normal 0.9991889981715697 0.04026594010941457 0
    outer loop
      vertex 10.91005234478395 -0.24944636302185014 0.6
      vertex 10.9 0 0.6
      vertex 10.9 0 2.8000000000000003
    endloop
  endfacet
  facet normal -0.774604961827659 0.6324453755953716 0
    outer loop
      vertex 16.320383319330414 -2.0556802405464656 0.6
      vertex 16.320383319330414 -2.0556802405464656 2.8000000000000003
      vertex 16.478272566550853 -1.862301019137734 0.6
    endloop
  endfacet
  facet normal -0.8229838658936581 0.5680647467311535 0
    outer loop
      vertex 16.478272566550853 -1.862301019137734 0.6
      vertex 16.478272566550853 -1.862301019137734 2.8000000000000003
      vertex 16.62008926518576 -1.6568440609961839 0.6
    endloop
  endfacet
  facet normal -0.8660254037844332 0.5000000000000095 0
    outer loop
      vertex 16.62008926518576 -1.6568440609961839 0.6
      vertex 16.62008926518576 -1.6568440609961839 2.8000000000000003
      vertex 16.744913679524952 -1.4406418333356819 0.6
    endloop
  endfacet
  facet normal -0.9034504346103859 0.4286925614030468 0
    outer loop
      vertex 16.744913679524952 -1.4406418333356819 0.6
      vertex 16.744913679524952 -1.4406418333356819 2.8000000000000003
      vertex 16.851936275342354 -1.2150964905662336 0.6
    endloop
  endfacet
  facet normal -0.9350162426854135 0.3546048870425388 0
    outer loop
      vertex 16.851936275342354 -1.2150964905662336 0.6
      vertex 16.851936275342354 -1.2150964905662336 2.8000000000000003
      vertex 16.94046297003615 -0.9816707807845644 0.6
    endloop
  endfacet
  facet normal -0.9605181116313717 0.2782174639164542 0
    outer loop
      vertex 16.94046297003615 -0.9816707807845644 0.6
      vertex 16.94046297003615 -0.9816707807845644 2.8000000000000003
      vertex 17.00991963402076 -0.7418785592914302 0.6
    endloop
  endfacet
  facet normal -0.9797906520422667 0.2000256937760494 0
    outer loop
      vertex 17.00991963402076 -0.7418785592914302 0.6
      vertex 17.00991963402076 -0.7418785592914302 2.8000000000000003
      vertex 17.05985581417753 -0.49727497065905657 0.6
    endloop
  endfacet
  facet normal -0.9927088740980546 0.12053668025531704 0
    outer loop
      vertex 17.05985581417753 -0.49727497065905657 0.6
      vertex 17.05985581417753 -0.49727497065905657 2.8000000000000003
      vertex 17.08994765521605 -0.24944636302185164 0.6
    endloop
  endfacet
  facet normal -0.9991889981715695 0.04026594010942144 0
    outer loop
      vertex 17.08994765521605 -0.24944636302185164 0.6
      vertex 17.08994765521605 -0.24944636302185164 2.8000000000000003
      vertex 17.1 0 0.6
    endloop
  endfacet
  facet normal 0.16041128085776069 0.9870502626379128 0
    outer loop
      vertex 13.379920349294261 -3.03735102133103 0.6
      vertex 13.379920349294261 -3.03735102133103 2.8000000000000003
      vertex 13.6263362912085 -3.077397509703968 2.8000000000000003
    endloop
  endfacet
  facet normal 0.08046656871672368 0.9967573081342103 0
    outer loop
      vertex 13.6263362912085 -3.077397509703968 0.6
      vertex 13.6263362912085 -3.077397509703968 2.8000000000000003
      vertex 13.875175585660813 -3.0974858943318657 2.8000000000000003
    endloop
  endfacet
  facet normal 0 1 0
    outer loop
      vertex 13.875175585660813 -3.0974858943318657 0.6
      vertex 13.875175585660813 -3.0974858943318657 2.8000000000000003
      vertex 14.124824414339187 -3.0974858943318657 2.8000000000000003
    endloop
  endfacet
  facet normal -0.08046656871672368 0.9967573081342103 0
    outer loop
      vertex 14.124824414339187 -3.0974858943318657 0.6
      vertex 14.124824414339187 -3.0974858943318657 2.8000000000000003
      vertex 14.3736637087915 -3.077397509703968 2.8000000000000003
    endloop
  endfacet
  facet normal -0.16041128085776069 0.9870502626379128 0
    outer loop
      vertex 14.3736637087915 -3.077397509703968 0.6
      vertex 14.3736637087915 -3.077397509703968 2.8000000000000003
      vertex 14.620079650705739 -3.03735102133103 2.8000000000000003
    endloop
  endfacet
  facet normal -0.23931566428755746 0.9709418174260519 0
    outer loop
      vertex 14.620079650705739 -3.03735102133103 0.6
      vertex 14.620079650705739 -3.03735102133103 2.8000000000000003
      vertex 14.862474138141001 -2.977606146057255 2.8000000000000003
    endloop
  endfacet
  facet normal 0.3166679938014714 0.9485364419471459 0
    outer loop
      vertex 12.900724850168139 -2.898550352324786 0.6
      vertex 12.900724850168139 -2.898550352324786 2.8000000000000003
      vertex 13.137525861858997 -2.977606146057254 2.8000000000000003
    endloop
  endfacet
  facet normal 0.39196660986007625 0.9199794436588237 0
    outer loop
      vertex 12.671053059650532 -2.800696347292185 0.6
      vertex 12.671053059650532 -2.800696347292185 2.8000000000000003
      vertex 12.900724850168139 -2.898550352324786 2.8000000000000003
    endloop
  endfacet
  facet normal 0.5344658261278024 0.8451900855437938 0
    outer loop
      vertex 12.238999285133417 -2.551249984270335 0.6
      vertex 12.238999285133417 -2.551249984270335 2.8000000000000003
      vertex 12.45 -2.68467875173176 2.8000000000000003
    endloop
  endfacet
  facet normal 0.4647231720437671 0.8854560256532107 0
    outer loop
      vertex 12.45 -2.68467875173176 0.6
      vertex 12.45 -2.68467875173176 2.8000000000000003
      vertex 12.671053059650532 -2.800696347292185 2.8000000000000003
    endloop
  endfacet
  facet normal 0.23931566428755927 0.9709418174260518 0
    outer loop
      vertex 13.137525861858997 -2.977606146057254 0.6
      vertex 13.137525861858997 -2.977606146057254 2.8000000000000003
      vertex 13.379920349294261 -3.03735102133103 2.8000000000000003
    endloop
  endfacet
  facet normal 0.600742264237976 0.7994427634035032 0
    outer loop
      vertex 12.03941933565433 -2.4012753816657297 0.6
      vertex 12.03941933565433 -2.4012753816657297 2.8000000000000003
      vertex 12.238999285133417 -2.551249984270335 2.8000000000000003
    endloop
  endfacet
  facet normal 0.6631226582407972 0.7485107481710993 0
    outer loop
      vertex 11.852554504120242 -2.2357275867658255 0.6
      vertex 11.852554504120242 -2.2357275867658255 2.8000000000000003
      vertex 12.03941933565433 -2.4012753816657297 2.8000000000000003
    endloop
  endfacet
  facet normal 0.7212024473438163 0.6927243535095977 0
    outer loop
      vertex 11.852554504120242 -2.2357275867658255 0.6
      vertex 11.679616680669588 -2.0556802405464656 2.8000000000000003
      vertex 11.852554504120242 -2.2357275867658255 2.8000000000000003
    endloop
  endfacet
  facet normal -0.3166679938014725 0.9485364419471455 0
    outer loop
      vertex 14.862474138141001 -2.977606146057255 0.6
      vertex 14.862474138141001 -2.977606146057255 2.8000000000000003
      vertex 15.099275149831861 -2.898550352324786 2.8000000000000003
    endloop
  endfacet
  facet normal -0.3919666098600774 0.9199794436588233 0
    outer loop
      vertex 15.099275149831861 -2.898550352324786 0.6
      vertex 15.099275149831861 -2.898550352324786 2.8000000000000003
      vertex 15.328946940349466 -2.8006963472921855 2.8000000000000003
    endloop
  endfacet
  facet normal -0.46472317204376556 0.8854560256532115 0
    outer loop
      vertex 15.328946940349466 -2.8006963472921855 0.6
      vertex 15.328946940349466 -2.8006963472921855 2.8000000000000003
      vertex 15.55 -2.68467875173176 2.8000000000000003
    endloop
  endfacet
  facet normal -0.5344658261278018 0.8451900855437944 0
    outer loop
      vertex 15.55 -2.68467875173176 0.6
      vertex 15.55 -2.68467875173176 2.8000000000000003
      vertex 15.761000714866585 -2.551249984270334 2.8000000000000003
    endloop
  endfacet
  facet normal -0.6007422642379773 0.7994427634035023 0
    outer loop
      vertex 15.761000714866585 -2.551249984270334 0.6
      vertex 15.761000714866585 -2.551249984270334 2.8000000000000003
      vertex 15.96058066434567 -2.4012753816657297 2.8000000000000003
    endloop
  endfacet
  facet normal -0.6631226582408003 0.7485107481710968 0
    outer loop
      vertex 15.96058066434567 -2.4012753816657297 0.6
      vertex 15.96058066434567 -2.4012753816657297 2.8000000000000003
      vertex 16.147445495879758 -2.235727586765824 2.8000000000000003
    endloop
  endfacet
  facet normal -0.7212024473438101 0.692724353509604 0
    outer loop
      vertex 16.320383319330414 -2.0556802405464656 0.6
      vertex 16.147445495879758 -2.235727586765824 2.8000000000000003
      vertex 16.320383319330414 -2.0556802405464656 2.8000000000000003
    endloop
  endfacet
  facet normal 0.8229838658936562 0.5680647467311561 0
    outer loop
      vertex 11.521727433449147 -1.8623010191377352 0.6
      vertex 11.379910734814237 -1.6568440609961839 2.8000000000000003
      vertex 11.521727433449147 -1.8623010191377352 2.8000000000000003
    endloop
  endfacet
  facet normal 0.8660254037844362 0.5000000000000042 0
    outer loop
      vertex 11.379910734814237 -1.6568440609961839 0.6
      vertex 11.255086320475048 -1.4406418333356819 2.8000000000000003
      vertex 11.379910734814237 -1.6568440609961839 2.8000000000000003
    endloop
  endfacet
  facet normal 0.9034504346103841 0.4286925614030505 0
    outer loop
      vertex 11.255086320475048 -1.4406418333356819 0.6
      vertex 11.148063724657645 -1.2150964905662323 2.8000000000000003
      vertex 11.255086320475048 -1.4406418333356819 2.8000000000000003
    endloop
  endfacet
  facet normal 0.9350162426854153 0.35460488704253434 0
    outer loop
      vertex 11.148063724657645 -1.2150964905662323 0.6
      vertex 11.059537029963849 -0.9816707807845644 2.8000000000000003
      vertex 11.148063724657645 -1.2150964905662323 2.8000000000000003
    endloop
  endfacet
  facet normal 0.7746049618276538 0.6324453755953782 0
    outer loop
      vertex 11.679616680669588 -2.0556802405464656 0.6
      vertex 11.521727433449147 -1.8623010191377352 2.8000000000000003
      vertex 11.679616680669588 -2.0556802405464656 2.8000000000000003
    endloop
  endfacet
  facet normal 0.9605181116313724 0.2782174639164526 0
    outer loop
      vertex 11.059537029963849 -0.9816707807845644 0.6
      vertex 10.990080365979239 -0.7418785592914287 2.8000000000000003
      vertex 11.059537029963849 -0.9816707807845644 2.8000000000000003
    endloop
  endfacet
  facet normal 0.9797906520422679 0.2000256937760438 0
    outer loop
      vertex 10.990080365979239 -0.7418785592914287 0.6
      vertex 10.94014418582247 -0.49727497065905657 2.8000000000000003
      vertex 10.990080365979239 -0.7418785592914287 2.8000000000000003
    endloop
  endfacet
  facet normal 0.9927088740980539 0.12053668025532334 0
    outer loop
      vertex 10.94014418582247 -0.49727497065905657 0.6
      vertex 10.91005234478395 -0.24944636302185014 2.8000000000000003
      vertex 10.94014418582247 -0.49727497065905657 2.8000000000000003
    endloop
  endfacet
  facet normal 0.9991889981715697 0.04026594010941457 0
    outer loop
      vertex 10.91005234478395 -0.24944636302185014 0.6
      vertex 10.9 0 2.8000000000000003
      vertex 10.91005234478395 -0.24944636302185014 2.8000000000000003
    endloop
  endfacet
  facet normal -0.774604961827659 0.6324453755953716 0
    outer loop
      vertex 16.478272566550853 -1.862301019137734 0.6
      vertex 16.320383319330414 -2.0556802405464656 2.8000000000000003
      vertex 16.478272566550853 -1.862301019137734 2.8000000000000003
    endloop
  endfacet
  facet normal -0.8229838658936581 0.5680647467311535 0
    outer loop
      vertex 16.62008926518576 -1.6568440609961839 0.6
      vertex 16.478272566550853 -1.862301019137734 2.8000000000000003
      vertex 16.62008926518576 -1.6568440609961839 2.8000000000000003
    endloop
  endfacet
  facet normal -0.8660254037844332 0.5000000000000095 0
    outer loop
      vertex 16.744913679524952 -1.4406418333356819 0.6
      vertex 16.62008926518576 -1.6568440609961839 2.8000000000000003
      vertex 16.744913679524952 -1.4406418333356819 2.8000000000000003
    endloop
  endfacet
  facet normal -0.9034504346103859 0.4286925614030468 0
    outer loop
      vertex 16.851936275342354 -1.2150964905662336 0.6
      vertex 16.744913679524952 -1.4406418333356819 2.8000000000000003
      vertex 16.851936275342354 -1.2150964905662336 2.8000000000000003
    endloop
  endfacet
  facet normal -0.9350162426854135 0.3546048870425388 0
    outer loop
      vertex 16.94046297003615 -0.9816707807845644 0.6
      vertex 16.851936275342354 -1.2150964905662336 2.8000000000000003
      vertex 16.94046297003615 -0.9816707807845644 2.8000000000000003
    endloop
  endfacet
  facet normal -0.9605181116313717 0.2782174639164542 0
    outer loop
      vertex 17.00991963402076 -0.7418785592914302 0.6
      vertex 16.94046297003615 -0.9816707807845644 2.8000000000000003
      vertex 17.00991963402076 -0.7418785592914302 2.8000000000000003
    endloop
  endfacet
  facet normal -0.9797906520422667 0.2000256937760494 0
    outer loop
      vertex 17.05985581417753 -0.49727497065905657 0.6
      vertex 17.00991963402076 -0.7418785592914302 2.8000000000000003
      vertex 17.05985581417753 -0.49727497065905657 2.8000000000000003
    endloop
  endfacet
  facet normal -0.9927088740980546 0.12053668025531704 0
    outer loop
      vertex 17.08994765521605 -0.24944636302185164 0.6
      vertex 17.05985581417753 -0.49727497065905657 2.8000000000000003
      vertex 17.08994765521605 -0.24944636302185164 2.8000000000000003
    endloop
  endfacet
  facet normal -0.9991889981715695 0.04026594010942144 0
    outer loop
      vertex 17.08994765521605 -0.24944636302185164 2.8000000000000003
      vertex 17.1 0 2.8000000000000003
      vertex 17.1 0 0.6
    endloop
  endfacet
  facet normal 0 0 -1
    outer loop
      vertex 13.137525861858997 -2.977606146057254 2.8000000000000003
      vertex 13.137525861858997 2.977606146057254 2.8000000000000003
      vertex 13.379920349294261 -3.03735102133103 2.8000000000000003
    endloop
  endfacet
  facet normal 0 0 -1
    outer loop
      vertex 13.379920349294261 -3.03735102133103 2.8000000000000003
      vertex 13.379920349294263 3.03735102133103 2.8000000000000003
      vertex 13.6263362912085 -3.077397509703968 2.8000000000000003
    endloop
  endfacet
  facet normal 0 0 -1
    outer loop
      vertex 13.6263362912085 -3.077397509703968 2.8000000000000003
      vertex 13.6263362912085 3.0773975097039674 2.8000000000000003
      vertex 13.875175585660813 -3.0974858943318657 2.8000000000000003
    endloop
  endfacet
  facet normal 0 0 -1
    outer loop
      vertex 13.875175585660813 -3.0974858943318657 2.8000000000000003
      vertex 13.875175585660813 3.0974858943318657 2.8000000000000003
      vertex 14.124824414339187 -3.0974858943318657 2.8000000000000003
    endloop
  endfacet
  facet normal 0 0 -1
    outer loop
      vertex 14.124824414339187 -3.0974858943318657 2.8000000000000003
      vertex 14.124824414339187 3.0974858943318657 2.8000000000000003
      vertex 14.3736637087915 -3.077397509703968 2.8000000000000003
    endloop
  endfacet
  facet normal 0 0 -1
    outer loop
      vertex 14.3736637087915 -3.077397509703968 2.8000000000000003
      vertex 14.3736637087915 3.0773975097039674 2.8000000000000003
      vertex 14.620079650705739 -3.03735102133103 2.8000000000000003
    endloop
  endfacet
  facet normal 0 0 -1
    outer loop
      vertex 11.521727433449147 -1.8623010191377352 2.8000000000000003
      vertex 11.521727433449147 1.8623010191377352 2.8000000000000003
      vertex 11.679616680669588 -2.0556802405464656 2.8000000000000003
    endloop
  endfacet
  facet normal 0 0 -1
    outer loop
      vertex 11.379910734814237 -1.6568440609961839 2.8000000000000003
      vertex 11.379910734814237 1.6568440609961839 2.8000000000000003
      vertex 11.521727433449147 -1.8623010191377352 2.8000000000000003
    endloop
  endfacet
  facet normal 0 0 -1
    outer loop
      vertex 11.379910734814237 -1.6568440609961839 2.8000000000000003
      vertex 11.255086320475048 -1.4406418333356819 2.8000000000000003
      vertex 11.255086320475048 1.4406418333356819 2.8000000000000003
    endloop
  endfacet
  facet normal 0 0 -1
    outer loop
      vertex 11.255086320475048 -1.4406418333356819 2.8000000000000003
      vertex 11.148063724657645 -1.2150964905662323 2.8000000000000003
      vertex 11.148063724657645 1.2150964905662323 2.8000000000000003
    endloop
  endfacet
  facet normal 0 0 -1
    outer loop
      vertex 11.148063724657645 -1.2150964905662323 2.8000000000000003
      vertex 11.059537029963849 -0.9816707807845644 2.8000000000000003
      vertex 11.059537029963849 0.9816707807845644 2.8000000000000003
    endloop
  endfacet
  facet normal 0 0 -1
    outer loop
      vertex 11.059537029963849 -0.9816707807845644 2.8000000000000003
      vertex 10.990080365979239 -0.7418785592914287 2.8000000000000003
      vertex 10.990080365979239 0.7418785592914287 2.8000000000000003
    endloop
  endfacet
  facet normal 0 0 -1
    outer loop
      vertex 10.990080365979239 -0.7418785592914287 2.8000000000000003
      vertex 10.94014418582247 -0.49727497065905657 2.8000000000000003
      vertex 10.94014418582247 0.49727497065905657 2.8000000000000003
    endloop
  endfacet
  facet normal 0 0 -1
    outer loop
      vertex 10.94014418582247 -0.49727497065905657 2.8000000000000003
      vertex 10.91005234478395 -0.24944636302185014 2.8000000000000003
      vertex 10.91005234478395 0.24944636302185014 2.8000000000000003
    endloop
  endfacet
  facet normal 0 0 -1
    outer loop
      vertex 12.238999285133417 -2.551249984270335 2.8000000000000003
      vertex 12.238999285133417 2.551249984270335 2.8000000000000003
      vertex 12.45 -2.68467875173176 2.8000000000000003
    endloop
  endfacet
  facet normal 0 0 -1
    outer loop
      vertex 12.03941933565433 -2.4012753816657297 2.8000000000000003
      vertex 11.852554504120242 -2.2357275867658255 2.8000000000000003
      vertex 11.852554504120242 2.2357275867658255 2.8000000000000003
    endloop
  endfacet
  facet normal 0 0 -1
    outer loop
      vertex 12.03941933565433 -2.4012753816657297 2.8000000000000003
      vertex 12.03941933565433 2.4012753816657297 2.8000000000000003
      vertex 12.238999285133417 -2.551249984270335 2.8000000000000003
    endloop
  endfacet
  facet normal 0 0 -1
    outer loop
      vertex 12.671053059650532 -2.800696347292185 2.8000000000000003
      vertex 12.671053059650532 2.800696347292185 2.8000000000000003
      vertex 12.900724850168139 -2.898550352324786 2.8000000000000003
    endloop
  endfacet
  facet normal 0 0 -1
    outer loop
      vertex 12.671053059650532 -2.800696347292185 2.8000000000000003
      vertex 12.45 -2.68467875173176 2.8000000000000003
      vertex 12.45 2.68467875173176 2.8000000000000003
    endloop
  endfacet
  facet normal 0 0 -1
    outer loop
      vertex 12.900724850168139 -2.898550352324786 2.8000000000000003
      vertex 12.900724850168139 2.898550352324786 2.8000000000000003
      vertex 13.137525861858997 -2.977606146057254 2.8000000000000003
    endloop
  endfacet
  facet normal 0 0 -1
    outer loop
      vertex 11.852554504120242 -2.2357275867658255 2.8000000000000003
      vertex 11.679616680669588 -2.0556802405464656 2.8000000000000003
      vertex 11.679616680669588 2.0556802405464656 2.8000000000000003
    endloop
  endfacet
  facet normal 0 0 -1
    outer loop
      vertex 14.620079650705739 -3.03735102133103 2.8000000000000003
      vertex 14.620079650705737 3.03735102133103 2.8000000000000003
      vertex 14.862474138141001 -2.977606146057255 2.8000000000000003
    endloop
  endfacet
  facet normal 0 0 -1
    outer loop
      vertex 14.862474138141001 -2.977606146057255 2.8000000000000003
      vertex 14.862474138141003 2.977606146057254 2.8000000000000003
      vertex 15.099275149831861 -2.898550352324786 2.8000000000000003
    endloop
  endfacet
  facet normal 0 0 -1
    outer loop
      vertex 15.099275149831861 -2.898550352324786 2.8000000000000003
      vertex 15.099275149831861 2.898550352324786 2.8000000000000003
      vertex 15.328946940349466 -2.8006963472921855 2.8000000000000003
    endloop
  endfacet
  facet normal 0 0 -1
    outer loop
      vertex 15.328946940349466 -2.8006963472921855 2.8000000000000003
      vertex 15.328946940349468 2.800696347292185 2.8000000000000003
      vertex 15.55 -2.68467875173176 2.8000000000000003
    endloop
  endfacet
  facet normal 0 0 -1
    outer loop
      vertex 15.55 -2.68467875173176 2.8000000000000003
      vertex 15.55 2.68467875173176 2.8000000000000003
      vertex 15.761000714866585 -2.551249984270334 2.8000000000000003
    endloop
  endfacet
  facet normal 0 0 -1
    outer loop
      vertex 15.761000714866585 -2.551249984270334 2.8000000000000003
      vertex 15.761000714866583 2.551249984270335 2.8000000000000003
      vertex 15.96058066434567 -2.4012753816657297 2.8000000000000003
    endloop
  endfacet
  facet normal 0 0 -1
    outer loop
      vertex 15.96058066434567 -2.4012753816657297 2.8000000000000003
      vertex 15.96058066434567 2.4012753816657293 2.8000000000000003
      vertex 16.147445495879758 -2.235727586765824 2.8000000000000003
    endloop
  endfacet
  facet normal 0 0 -1
    outer loop
      vertex 16.147445495879758 -2.235727586765824 2.8000000000000003
      vertex 16.147445495879758 2.235727586765825 2.8000000000000003
      vertex 16.320383319330414 -2.0556802405464656 2.8000000000000003
    endloop
  endfacet
  facet normal 0 0 -1
    outer loop
      vertex 16.320383319330414 -2.0556802405464656 2.8000000000000003
      vertex 16.320383319330414 2.055680240546465 2.8000000000000003
      vertex 16.478272566550853 -1.862301019137734 2.8000000000000003
    endloop
  endfacet
  facet normal 0 0 -1
    outer loop
      vertex 16.478272566550853 -1.862301019137734 2.8000000000000003
      vertex 16.478272566550853 1.8623010191377345 2.8000000000000003
      vertex 16.62008926518576 -1.6568440609961839 2.8000000000000003
    endloop
  endfacet
  facet normal 0 0 -1
    outer loop
      vertex 16.62008926518576 -1.6568440609961839 2.8000000000000003
      vertex 16.620089265185765 1.6568440609961832 2.8000000000000003
      vertex 16.744913679524952 -1.4406418333356819 2.8000000000000003
    endloop
  endfacet
  facet normal 0 0 -1
    outer loop
      vertex 16.744913679524952 -1.4406418333356819 2.8000000000000003
      vertex 16.744913679524952 1.4406418333356825 2.8000000000000003
      vertex 16.851936275342354 -1.2150964905662336 2.8000000000000003
    endloop
  endfacet
  facet normal 0 0 -1
    outer loop
      vertex 16.851936275342354 -1.2150964905662336 2.8000000000000003
      vertex 16.851936275342354 1.2150964905662327 2.8000000000000003
      vertex 16.94046297003615 -0.9816707807845644 2.8000000000000003
    endloop
  endfacet
  facet normal 0 0 -1
    outer loop
      vertex 16.94046297003615 -0.9816707807845644 2.8000000000000003
      vertex 16.94046297003615 0.9816707807845647 2.8000000000000003
      vertex 17.00991963402076 -0.7418785592914302 2.8000000000000003
    endloop
  endfacet
  facet normal 0 0 -1
    outer loop
      vertex 17.00991963402076 -0.7418785592914302 2.8000000000000003
      vertex 17.00991963402076 0.7418785592914291 2.8000000000000003
      vertex 17.05985581417753 -0.49727497065905657 2.8000000000000003
    endloop
  endfacet
  facet normal 0 0 -1
    outer loop
      vertex 17.05985581417753 -0.49727497065905657 2.8000000000000003
      vertex 17.05985581417753 0.49727497065905674 2.8000000000000003
      vertex 17.08994765521605 -0.24944636302185164 2.8000000000000003
    endloop
  endfacet
  facet normal 0 0 -1
    outer loop
      vertex 17.08994765521605 -0.24944636302185164 2.8000000000000003
      vertex 17.08994765521605 0.24944636302185022 2.8000000000000003
      vertex 17.1 0 2.8000000000000003
    endloop
  endfacet
  facet normal 0 0 1
    outer loop
      vertex 10.91005234478395 -0.24944636302185014 0.6
      vertex 10.91005234478395 0.24944636302185014 0.6
      vertex 10.9 0 0.6
    endloop
  endfacet
  facet normal 0 0 1
    outer loop
      vertex 10.91005234478395 -0.24944636302185014 0.6
      vertex 10.94014418582247 0.49727497065905657 0.6
      vertex 10.91005234478395 0.24944636302185014 0.6
    endloop
  endfacet
  facet normal 0 0 1
    outer loop
      vertex 10.94014418582247 -0.49727497065905657 0.6
      vertex 10.990080365979239 0.7418785592914287 0.6
      vertex 10.94014418582247 0.49727497065905657 0.6
    endloop
  endfacet
  facet normal 0 0 1
    outer loop
      vertex 10.990080365979239 -0.7418785592914287 0.6
      vertex 11.059537029963849 0.9816707807845644 0.6
      vertex 10.990080365979239 0.7418785592914287 0.6
    endloop
  endfacet
  facet normal 0 0 1
    outer loop
      vertex 11.059537029963849 -0.9816707807845644 0.6
      vertex 11.148063724657645 1.2150964905662323 0.6
      vertex 11.059537029963849 0.9816707807845644 0.6
    endloop
  endfacet
  facet normal 0 0 1
    outer loop
      vertex 11.148063724657645 -1.2150964905662323 0.6
      vertex 11.255086320475048 1.4406418333356819 0.6
      vertex 11.148063724657645 1.2150964905662323 0.6
    endloop
  endfacet
  facet normal 0 0 1
    outer loop
      vertex 11.255086320475048 -1.4406418333356819 0.6
      vertex 11.379910734814237 1.6568440609961839 0.6
      vertex 11.255086320475048 1.4406418333356819 0.6
    endloop
  endfacet
  facet normal 0 0 1
    outer loop
      vertex 11.379910734814237 -1.6568440609961839 0.6
      vertex 11.521727433449147 1.8623010191377352 0.6
      vertex 11.379910734814237 1.6568440609961839 0.6
    endloop
  endfacet
  facet normal 0 0 1
    outer loop
      vertex 11.521727433449147 -1.8623010191377352 0.6
      vertex 11.679616680669588 2.0556802405464656 0.6
      vertex 11.521727433449147 1.8623010191377352 0.6
    endloop
  endfacet
  facet normal 0 0 1
    outer loop
      vertex 11.679616680669588 -2.0556802405464656 0.6
      vertex 11.852554504120242 2.2357275867658255 0.6
      vertex 11.679616680669588 2.0556802405464656 0.6
    endloop
  endfacet
  facet normal 0 0 1
    outer loop
      vertex 11.852554504120242 -2.2357275867658255 0.6
      vertex 12.03941933565433 2.4012753816657297 0.6
      vertex 11.852554504120242 2.2357275867658255 0.6
    endloop
  endfacet
  facet normal 0 0 1
    outer loop
      vertex 12.03941933565433 -2.4012753816657297 0.6
      vertex 12.238999285133417 2.551249984270335 0.6
      vertex 12.03941933565433 2.4012753816657297 0.6
    endloop
  endfacet
  facet normal 0 0 1
    outer loop
      vertex 12.238999285133417 -2.551249984270335 0.6
      vertex 12.45 2.68467875173176 0.6
      vertex 12.238999285133417 2.551249984270335 0.6
    endloop
  endfacet
  facet normal 0 0 1
    outer loop
      vertex 12.45 -2.68467875173176 0.6
      vertex 12.671053059650532 2.800696347292185 0.6
      vertex 12.45 2.68467875173176 0.6
    endloop
  endfacet
  facet normal 0 0 1
    outer loop
      vertex 12.671053059650532 -2.800696347292185 0.6
      vertex 12.900724850168139 2.898550352324786 0.6
      vertex 12.671053059650532 2.800696347292185 0.6
    endloop
  endfacet
  facet normal 0 0 1
    outer loop
      vertex 12.900724850168139 -2.898550352324786 0.6
      vertex 13.137525861858997 2.977606146057254 0.6
      vertex 12.900724850168139 2.898550352324786 0.6
    endloop
  endfacet
  facet normal 0 0 1
    outer loop
      vertex 14.620079650705739 -3.03735102133103 0.6
      vertex 14.862474138141003 2.977606146057254 0.6
      vertex 14.620079650705737 3.03735102133103 0.6
    endloop
  endfacet
  facet normal 0 0 1
    outer loop
      vertex 13.137525861858997 -2.977606146057254 0.6
      vertex 13.379920349294263 3.03735102133103 0.6
      vertex 13.137525861858997 2.977606146057254 0.6
    endloop
  endfacet
  facet normal 0 0 1
    outer loop
      vertex 13.379920349294261 -3.03735102133103 0.6
      vertex 13.6263362912085 3.0773975097039674 0.6
      vertex 13.379920349294263 3.03735102133103 0.6
    endloop
  endfacet
  facet normal 0 0 1
    outer loop
      vertex 13.6263362912085 -3.077397509703968 0.6
      vertex 13.875175585660813 3.0974858943318657 0.6
      vertex 13.6263362912085 3.0773975097039674 0.6
    endloop
  endfacet
  facet normal 0 0 1
    outer loop
      vertex 13.875175585660813 -3.0974858943318657 0.6
      vertex 14.124824414339187 3.0974858943318657 0.6
      vertex 13.875175585660813 3.0974858943318657 0.6
    endloop
  endfacet
  facet normal 0 0 1
    outer loop
      vertex 14.124824414339187 -3.0974858943318657 0.6
      vertex 14.3736637087915 3.0773975097039674 0.6
      vertex 14.124824414339187 3.0974858943318657 0.6
    endloop
  endfacet
  facet normal 0 0 1
    outer loop
      vertex 14.3736637087915 -3.077397509703968 0.6
      vertex 14.620079650705737 3.03735102133103 0.6
      vertex 14.3736637087915 3.0773975097039674 0.6
    endloop
  endfacet
  facet normal 0 0 1
    outer loop
      vertex 17.05985581417753 -0.49727497065905657 0.6
      vertex 17.08994765521605 0.24944636302185022 0.6
      vertex 17.05985581417753 0.49727497065905674 0.6
    endloop
  endfacet
  facet normal 0 0 1
    outer loop
      vertex 17.00991963402076 -0.7418785592914302 0.6
      vertex 17.05985581417753 0.49727497065905674 0.6
      vertex 17.00991963402076 0.7418785592914291 0.6
    endloop
  endfacet
  facet normal 0 0 1
    outer loop
      vertex 16.94046297003615 -0.9816707807845644 0.6
      vertex 17.00991963402076 0.7418785592914291 0.6
      vertex 16.94046297003615 0.9816707807845647 0.6
    endloop
  endfacet
  facet normal 0 0 1
    outer loop
      vertex 16.851936275342354 -1.2150964905662336 0.6
      vertex 16.94046297003615 0.9816707807845647 0.6
      vertex 16.851936275342354 1.2150964905662327 0.6
    endloop
  endfacet
  facet normal 0 0 1
    outer loop
      vertex 16.62008926518576 -1.6568440609961839 0.6
      vertex 16.744913679524952 1.4406418333356825 0.6
      vertex 16.620089265185765 1.6568440609961832 0.6
    endloop
  endfacet
  facet normal 0 0 1
    outer loop
      vertex 16.744913679524952 -1.4406418333356819 0.6
      vertex 16.851936275342354 1.2150964905662327 0.6
      vertex 16.744913679524952 1.4406418333356825 0.6
    endloop
  endfacet
  facet normal 0 0 1
    outer loop
      vertex 16.147445495879758 -2.235727586765824 0.6
      vertex 16.320383319330414 2.055680240546465 0.6
      vertex 16.147445495879758 2.235727586765825 0.6
    endloop
  endfacet
  facet normal 0 0 1
    outer loop
      vertex 15.96058066434567 -2.4012753816657297 0.6
      vertex 16.147445495879758 2.235727586765825 0.6
      vertex 15.96058066434567 2.4012753816657293 0.6
    endloop
  endfacet
  facet normal 0 0 1
    outer loop
      vertex 14.862474138141001 -2.977606146057255 0.6
      vertex 15.099275149831861 2.898550352324786 0.6
      vertex 14.862474138141003 2.977606146057254 0.6
    endloop
  endfacet
  facet normal 0 0 1
    outer loop
      vertex 15.099275149831861 -2.898550352324786 0.6
      vertex 15.328946940349468 2.800696347292185 0.6
      vertex 15.099275149831861 2.898550352324786 0.6
    endloop
  endfacet
  facet normal 0 0 1
    outer loop
      vertex 15.328946940349466 -2.8006963472921855 0.6
      vertex 15.55 2.68467875173176 0.6
      vertex 15.328946940349468 2.800696347292185 0.6
    endloop
  endfacet
  facet normal 0 0 1
    outer loop
      vertex 15.761000714866585 -2.551249984270334 0.6
      vertex 15.96058066434567 2.4012753816657293 0.6
      vertex 15.761000714866583 2.551249984270335 0.6
    endloop
  endfacet
  facet normal 0 0 1
    outer loop
      vertex 15.55 -2.68467875173176 0.6
      vertex 15.761000714866583 2.551249984270335 0.6
      vertex 15.55 2.68467875173176 0.6
    endloop
  endfacet
  facet normal 0 0 1
    outer loop
      vertex 16.478272566550853 -1.862301019137734 0.6
      vertex 16.620089265185765 1.6568440609961832 0.6
      vertex 16.478272566550853 1.8623010191377345 0.6
    endloop
  endfacet
  facet normal 0 0 1
    outer loop
      vertex 16.320383319330414 -2.0556802405464656 0.6
      vertex 16.478272566550853 1.8623010191377345 0.6
      vertex 16.320383319330414 2.055680240546465 0.6
    endloop
  endfacet
  facet normal 0.9991889981715697 -0.04026594010941457 0
    outer loop
      vertex 10.9 0 0.6
      vertex 10.91005234478395 0.24944636302185014 0.6
      vertex 10.91005234478395 0.24944636302185014 2.8000000000000003
    endloop
  endfacet
  facet normal 0.9927088740980539 -0.12053668025532334 0
    outer loop
      vertex 10.91005234478395 0.24944636302185014 0.6
      vertex 10.94014418582247 0.49727497065905657 0.6
      vertex 10.94014418582247 0.49727497065905657 2.8000000000000003
    endloop
  endfacet
  facet normal 0.9797906520422679 -0.2000256937760438 0
    outer loop
      vertex 10.94014418582247 0.49727497065905657 0.6
      vertex 10.990080365979239 0.7418785592914287 0.6
      vertex 10.990080365979239 0.7418785592914287 2.8000000000000003
    endloop
  endfacet
  facet normal 0.9605181116313724 -0.2782174639164526 0
    outer loop
      vertex 10.990080365979239 0.7418785592914287 0.6
      vertex 11.059537029963849 0.9816707807845644 0.6
      vertex 11.059537029963849 0.9816707807845644 2.8000000000000003
    endloop
  endfacet
  facet normal 0.9350162426854153 -0.35460488704253434 0
    outer loop
      vertex 11.059537029963849 0.9816707807845644 0.6
      vertex 11.148063724657645 1.2150964905662323 0.6
      vertex 11.148063724657645 1.2150964905662323 2.8000000000000003
    endloop
  endfacet
  facet normal 0.9034504346103841 -0.4286925614030505 0
    outer loop
      vertex 11.148063724657645 1.2150964905662323 0.6
      vertex 11.255086320475048 1.4406418333356819 0.6
      vertex 11.255086320475048 1.4406418333356819 2.8000000000000003
    endloop
  endfacet
  facet normal 0.8660254037844362 -0.5000000000000042 0
    outer loop
      vertex 11.255086320475048 1.4406418333356819 0.6
      vertex 11.379910734814237 1.6568440609961839 0.6
      vertex 11.379910734814237 1.6568440609961839 2.8000000000000003
    endloop
  endfacet
  facet normal 0.8229838658936562 -0.5680647467311561 0
    outer loop
      vertex 11.379910734814237 1.6568440609961839 0.6
      vertex 11.521727433449147 1.8623010191377352 0.6
      vertex 11.521727433449147 1.8623010191377352 2.8000000000000003
    endloop
  endfacet
  facet normal 0.7746049618276538 -0.6324453755953782 0
    outer loop
      vertex 11.521727433449147 1.8623010191377352 0.6
      vertex 11.679616680669588 2.0556802405464656 0.6
      vertex 11.679616680669588 2.0556802405464656 2.8000000000000003
    endloop
  endfacet
  facet normal -0.9991889981715693 -0.04026594010942165 0
    outer loop
      vertex 17.1 0 0.6
      vertex 17.1 0 2.8000000000000003
      vertex 17.08994765521605 0.24944636302185022 0.6
    endloop
  endfacet
  facet normal -0.9927088740980547 -0.12053668025531626 0
    outer loop
      vertex 17.08994765521605 0.24944636302185022 0.6
      vertex 17.08994765521605 0.24944636302185022 2.8000000000000003
      vertex 17.05985581417753 0.49727497065905674 0.6
    endloop
  endfacet
  facet normal -0.9797906520422663 -0.20002569377605034 0
    outer loop
      vertex 17.05985581417753 0.49727497065905674 0.6
      vertex 17.05985581417753 0.49727497065905674 2.8000000000000003
      vertex 17.00991963402076 0.7418785592914291 0.6
    endloop
  endfacet
  facet normal -0.9605181116313724 -0.2782174639164527 0
    outer loop
      vertex 17.00991963402076 0.7418785592914291 0.6
      vertex 17.00991963402076 0.7418785592914291 2.8000000000000003
      vertex 16.94046297003615 0.9816707807845647 0.6
    endloop
  endfacet
  facet normal -0.9350162426854131 -0.35460488704254045 0
    outer loop
      vertex 16.94046297003615 0.9816707807845647 0.6
      vertex 16.94046297003615 0.9816707807845647 2.8000000000000003
      vertex 16.851936275342354 1.2150964905662327 0.6
    endloop
  endfacet
  facet normal -0.903450434610387 -0.42869256140304435 0
    outer loop
      vertex 16.851936275342354 1.2150964905662327 0.6
      vertex 16.851936275342354 1.2150964905662327 2.8000000000000003
      vertex 16.744913679524952 1.4406418333356825 0.6
    endloop
  endfacet
  facet normal -0.866025403784438 -0.5000000000000013 0
    outer loop
      vertex 16.744913679524952 1.4406418333356825 0.6
      vertex 16.744913679524952 1.4406418333356825 2.8000000000000003
      vertex 16.620089265185765 1.6568440609961832 0.6
    endloop
  endfacet
  facet normal -0.8229838658936527 -0.5680647467311609 0
    outer loop
      vertex 16.478272566550853 1.8623010191377345 0.6
      vertex 16.620089265185765 1.6568440609961832 0.6
      vertex 16.620089265185765 1.6568440609961832 2.8000000000000003
    endloop
  endfacet
  facet normal -0.7746049618276576 -0.6324453755953735 0
    outer loop
      vertex 16.320383319330414 2.055680240546465 0.6
      vertex 16.478272566550853 1.8623010191377345 0.6
      vertex 16.478272566550853 1.8623010191377345 2.8000000000000003
    endloop
  endfacet
  facet normal 0.7212024473438163 -0.6927243535095977 0
    outer loop
      vertex 11.679616680669588 2.0556802405464656 0.6
      vertex 11.852554504120242 2.2357275867658255 0.6
      vertex 11.852554504120242 2.2357275867658255 2.8000000000000003
    endloop
  endfacet
  facet normal 0.6631226582407972 -0.7485107481710993 0
    outer loop
      vertex 11.852554504120242 2.2357275867658255 0.6
      vertex 12.03941933565433 2.4012753816657297 0.6
      vertex 11.852554504120242 2.2357275867658255 2.8000000000000003
    endloop
  endfacet
  facet normal 0.600742264237976 -0.7994427634035032 0
    outer loop
      vertex 12.03941933565433 2.4012753816657297 0.6
      vertex 12.238999285133417 2.551249984270335 0.6
      vertex 12.03941933565433 2.4012753816657297 2.8000000000000003
    endloop
  endfacet
  facet normal 0.5344658261278024 -0.8451900855437938 0
    outer loop
      vertex 12.238999285133417 2.551249984270335 0.6
      vertex 12.45 2.68467875173176 0.6
      vertex 12.238999285133417 2.551249984270335 2.8000000000000003
    endloop
  endfacet
  facet normal 0.4647231720437671 -0.8854560256532107 0
    outer loop
      vertex 12.45 2.68467875173176 0.6
      vertex 12.671053059650532 2.800696347292185 0.6
      vertex 12.45 2.68467875173176 2.8000000000000003
    endloop
  endfacet
  facet normal 0.39196660986007625 -0.9199794436588237 0
    outer loop
      vertex 12.671053059650532 2.800696347292185 0.6
      vertex 12.900724850168139 2.898550352324786 0.6
      vertex 12.671053059650532 2.800696347292185 2.8000000000000003
    endloop
  endfacet
  facet normal 0.3166679938014714 -0.9485364419471459 0
    outer loop
      vertex 12.900724850168139 2.898550352324786 0.6
      vertex 13.137525861858997 2.977606146057254 0.6
      vertex 12.900724850168139 2.898550352324786 2.8000000000000003
    endloop
  endfacet
  facet normal 0.23931566428755757 -0.9709418174260521 0
    outer loop
      vertex 13.137525861858997 2.977606146057254 0.6
      vertex 13.379920349294263 3.03735102133103 0.6
      vertex 13.137525861858997 2.977606146057254 2.8000000000000003
    endloop
  endfacet
  facet normal 0.16041128085776007 -0.987050262637913 0
    outer loop
      vertex 13.379920349294263 3.03735102133103 0.6
      vertex 13.6263362912085 3.0773975097039674 0.6
      vertex 13.379920349294263 3.03735102133103 2.8000000000000003
    endloop
  endfacet
  facet normal 0.08046656871672545 -0.99675730813421 0
    outer loop
      vertex 13.6263362912085 3.0773975097039674 0.6
      vertex 13.875175585660813 3.0974858943318657 0.6
      vertex 13.6263362912085 3.0773975097039674 2.8000000000000003
    endloop
  endfacet
  facet normal 0 -1 0
    outer loop
      vertex 13.875175585660813 3.0974858943318657 0.6
      vertex 14.124824414339187 3.0974858943318657 0.6
      vertex 13.875175585660813 3.0974858943318657 2.8000000000000003
    endloop
  endfacet
  facet normal -0.08046656871672545 -0.99675730813421 0
    outer loop
      vertex 14.124824414339187 3.0974858943318657 0.6
      vertex 14.3736637087915 3.0773975097039674 0.6
      vertex 14.124824414339187 3.0974858943318657 2.8000000000000003
    endloop
  endfacet
  facet normal -0.23931566428755757 -0.9709418174260521 0
    outer loop
      vertex 14.620079650705737 3.03735102133103 0.6
      vertex 14.862474138141003 2.977606146057254 0.6
      vertex 14.620079650705737 3.03735102133103 2.8000000000000003
    endloop
  endfacet
  facet normal -0.16041128085776007 -0.987050262637913 0
    outer loop
      vertex 14.3736637087915 3.0773975097039674 0.6
      vertex 14.620079650705737 3.03735102133103 0.6
      vertex 14.3736637087915 3.0773975097039674 2.8000000000000003
    endloop
  endfacet
  facet normal -0.7212024473438127 -0.6927243535096014 0
    outer loop
      vertex 16.320383319330414 2.055680240546465 0.6
      vertex 16.320383319330414 2.055680240546465 2.8000000000000003
      vertex 16.147445495879758 2.235727586765825 0.6
    endloop
  endfacet
  facet normal -0.6631226582407972 -0.7485107481710993 0
    outer loop
      vertex 16.147445495879758 2.235727586765825 0.6
      vertex 15.96058066434567 2.4012753816657293 2.8000000000000003
      vertex 15.96058066434567 2.4012753816657293 0.6
    endloop
  endfacet
  facet normal -0.6007422642379772 -0.7994427634035024 0
    outer loop
      vertex 15.761000714866583 2.551249984270335 0.6
      vertex 15.96058066434567 2.4012753816657293 0.6
      vertex 15.761000714866583 2.551249984270335 2.8000000000000003
    endloop
  endfacet
  facet normal -0.5344658261278024 -0.8451900855437938 0
    outer loop
      vertex 15.55 2.68467875173176 0.6
      vertex 15.761000714866583 2.551249984270335 0.6
      vertex 15.55 2.68467875173176 2.8000000000000003
    endloop
  endfacet
  facet normal -0.4647231720437671 -0.8854560256532107 0
    outer loop
      vertex 15.328946940349468 2.800696347292185 0.6
      vertex 15.55 2.68467875173176 0.6
      vertex 15.328946940349468 2.800696347292185 2.8000000000000003
    endloop
  endfacet
  facet normal -0.39196660986007625 -0.9199794436588237 0
    outer loop
      vertex 15.099275149831861 2.898550352324786 0.6
      vertex 15.328946940349468 2.800696347292185 0.6
      vertex 15.099275149831861 2.898550352324786 2.8000000000000003
    endloop
  endfacet
  facet normal -0.3166679938014714 -0.9485364419471459 0
    outer loop
      vertex 14.862474138141003 2.977606146057254 0.6
      vertex 15.099275149831861 2.898550352324786 0.6
      vertex 14.862474138141003 2.977606146057254 2.8000000000000003
    endloop
  endfacet
  facet normal 0.9991889981715697 -0.04026594010941457 0
    outer loop
      vertex 10.9 0 0.6
      vertex 10.91005234478395 0.24944636302185014 2.8000000000000003
      vertex 10.9 0 2.8000000000000003
    endloop
  endfacet
  facet normal 0.9927088740980539 -0.12053668025532334 0
    outer loop
      vertex 10.91005234478395 0.24944636302185014 0.6
      vertex 10.94014418582247 0.49727497065905657 2.8000000000000003
      vertex 10.91005234478395 0.24944636302185014 2.8000000000000003
    endloop
  endfacet
  facet normal 0.9797906520422679 -0.2000256937760438 0
    outer loop
      vertex 10.94014418582247 0.49727497065905657 0.6
      vertex 10.990080365979239 0.7418785592914287 2.8000000000000003
      vertex 10.94014418582247 0.49727497065905657 2.8000000000000003
    endloop
  endfacet
  facet normal 0.9605181116313724 -0.2782174639164526 0
    outer loop
      vertex 10.990080365979239 0.7418785592914287 0.6
      vertex 11.059537029963849 0.9816707807845644 2.8000000000000003
      vertex 10.990080365979239 0.7418785592914287 2.8000000000000003
    endloop
  endfacet
  facet normal 0.9350162426854153 -0.35460488704253434 0
    outer loop
      vertex 11.059537029963849 0.9816707807845644 0.6
      vertex 11.148063724657645 1.2150964905662323 2.8000000000000003
      vertex 11.059537029963849 0.9816707807845644 2.8000000000000003
    endloop
  endfacet
  facet normal 0.9034504346103841 -0.4286925614030505 0
    outer loop
      vertex 11.148063724657645 1.2150964905662323 0.6
      vertex 11.255086320475048 1.4406418333356819 2.8000000000000003
      vertex 11.148063724657645 1.2150964905662323 2.8000000000000003
    endloop
  endfacet
  facet normal 0.8660254037844362 -0.5000000000000042 0
    outer loop
      vertex 11.255086320475048 1.4406418333356819 0.6
      vertex 11.379910734814237 1.6568440609961839 2.8000000000000003
      vertex 11.255086320475048 1.4406418333356819 2.8000000000000003
    endloop
  endfacet
  facet normal 0.8229838658936562 -0.5680647467311561 0
    outer loop
      vertex 11.379910734814237 1.6568440609961839 0.6
      vertex 11.521727433449147 1.8623010191377352 2.8000000000000003
      vertex 11.379910734814237 1.6568440609961839 2.8000000000000003
    endloop
  endfacet
  facet normal 0.7746049618276538 -0.6324453755953782 0
    outer loop
      vertex 11.521727433449147 1.8623010191377352 0.6
      vertex 11.679616680669588 2.0556802405464656 2.8000000000000003
      vertex 11.521727433449147 1.8623010191377352 2.8000000000000003
    endloop
  endfacet
  facet normal -0.9991889981715693 -0.04026594010942165 0
    outer loop
      vertex 17.08994765521605 0.24944636302185022 0.6
      vertex 17.1 0 2.8000000000000003
      vertex 17.08994765521605 0.24944636302185022 2.8000000000000003
    endloop
  endfacet
  facet normal -0.9927088740980547 -0.12053668025531626 0
    outer loop
      vertex 17.05985581417753 0.49727497065905674 0.6
      vertex 17.08994765521605 0.24944636302185022 2.8000000000000003
      vertex 17.05985581417753 0.49727497065905674 2.8000000000000003
    endloop
  endfacet
  facet normal -0.9797906520422663 -0.20002569377605034 0
    outer loop
      vertex 17.00991963402076 0.7418785592914291 0.6
      vertex 17.05985581417753 0.49727497065905674 2.8000000000000003
      vertex 17.00991963402076 0.7418785592914291 2.8000000000000003
    endloop
  endfacet
  facet normal -0.9605181116313724 -0.2782174639164527 0
    outer loop
      vertex 16.94046297003615 0.9816707807845647 0.6
      vertex 17.00991963402076 0.7418785592914291 2.8000000000000003
      vertex 16.94046297003615 0.9816707807845647 2.8000000000000003
    endloop
  endfacet
  facet normal -0.9350162426854131 -0.35460488704254045 0
    outer loop
      vertex 16.851936275342354 1.2150964905662327 0.6
      vertex 16.94046297003615 0.9816707807845647 2.8000000000000003
      vertex 16.851936275342354 1.2150964905662327 2.8000000000000003
    endloop
  endfacet
  facet normal -0.903450434610387 -0.42869256140304435 0
    outer loop
      vertex 16.744913679524952 1.4406418333356825 0.6
      vertex 16.851936275342354 1.2150964905662327 2.8000000000000003
      vertex 16.744913679524952 1.4406418333356825 2.8000000000000003
    endloop
  endfacet
  facet normal -0.866025403784438 -0.5000000000000013 0
    outer loop
      vertex 16.620089265185765 1.6568440609961832 0.6
      vertex 16.744913679524952 1.4406418333356825 2.8000000000000003
      vertex 16.620089265185765 1.6568440609961832 2.8000000000000003
    endloop
  endfacet
  facet normal -0.8229838658936527 -0.5680647467311609 0
    outer loop
      vertex 16.478272566550853 1.8623010191377345 0.6
      vertex 16.620089265185765 1.6568440609961832 2.8000000000000003
      vertex 16.478272566550853 1.8623010191377345 2.8000000000000003
    endloop
  endfacet
  facet normal -0.7746049618276576 -0.6324453755953735 0
    outer loop
      vertex 16.320383319330414 2.055680240546465 0.6
      vertex 16.478272566550853 1.8623010191377345 2.8000000000000003
      vertex 16.320383319330414 2.055680240546465 2.8000000000000003
    endloop
  endfacet
  facet normal 0 0 -1
    outer loop
      vertex 10.91005234478395 -0.24944636302185014 2.8000000000000003
      vertex 10.9 0 2.8000000000000003
      vertex 10.91005234478395 0.24944636302185014 2.8000000000000003
    endloop
  endfacet
  facet normal 0 0 -1
    outer loop
      vertex 10.94014418582247 -0.49727497065905657 2.8000000000000003
      vertex 10.91005234478395 0.24944636302185014 2.8000000000000003
      vertex 10.94014418582247 0.49727497065905657 2.8000000000000003
    endloop
  endfacet
  facet normal 0 0 -1
    outer loop
      vertex 10.990080365979239 -0.7418785592914287 2.8000000000000003
      vertex 10.94014418582247 0.49727497065905657 2.8000000000000003
      vertex 10.990080365979239 0.7418785592914287 2.8000000000000003
    endloop
  endfacet
  facet normal 0 0 -1
    outer loop
      vertex 11.059537029963849 -0.9816707807845644 2.8000000000000003
      vertex 10.990080365979239 0.7418785592914287 2.8000000000000003
      vertex 11.059537029963849 0.9816707807845644 2.8000000000000003
    endloop
  endfacet
  facet normal 0 0 -1
    outer loop
      vertex 11.148063724657645 -1.2150964905662323 2.8000000000000003
      vertex 11.059537029963849 0.9816707807845644 2.8000000000000003
      vertex 11.148063724657645 1.2150964905662323 2.8000000000000003
    endloop
  endfacet
  facet normal 0 0 -1
    outer loop
      vertex 11.255086320475048 -1.4406418333356819 2.8000000000000003
      vertex 11.148063724657645 1.2150964905662323 2.8000000000000003
      vertex 11.255086320475048 1.4406418333356819 2.8000000000000003
    endloop
  endfacet
  facet normal 0 0 -1
    outer loop
      vertex 11.379910734814237 -1.6568440609961839 2.8000000000000003
      vertex 11.255086320475048 1.4406418333356819 2.8000000000000003
      vertex 11.379910734814237 1.6568440609961839 2.8000000000000003
    endloop
  endfacet
  facet normal 0 0 -1
    outer loop
      vertex 11.521727433449147 -1.8623010191377352 2.8000000000000003
      vertex 11.379910734814237 1.6568440609961839 2.8000000000000003
      vertex 11.521727433449147 1.8623010191377352 2.8000000000000003
    endloop
  endfacet
  facet normal 0 0 -1
    outer loop
      vertex 11.679616680669588 -2.0556802405464656 2.8000000000000003
      vertex 11.521727433449147 1.8623010191377352 2.8000000000000003
      vertex 11.679616680669588 2.0556802405464656 2.8000000000000003
    endloop
  endfacet
  facet normal 0 0 -1
    outer loop
      vertex 11.852554504120242 -2.2357275867658255 2.8000000000000003
      vertex 11.679616680669588 2.0556802405464656 2.8000000000000003
      vertex 11.852554504120242 2.2357275867658255 2.8000000000000003
    endloop
  endfacet
  facet normal 0 0 -1
    outer loop
      vertex 12.03941933565433 -2.4012753816657297 2.8000000000000003
      vertex 11.852554504120242 2.2357275867658255 2.8000000000000003
      vertex 12.03941933565433 2.4012753816657297 2.8000000000000003
    endloop
  endfacet
  facet normal 0 0 -1
    outer loop
      vertex 12.238999285133417 -2.551249984270335 2.8000000000000003
      vertex 12.03941933565433 2.4012753816657297 2.8000000000000003
      vertex 12.238999285133417 2.551249984270335 2.8000000000000003
    endloop
  endfacet
  facet normal 0 0 -1
    outer loop
      vertex 12.45 -2.68467875173176 2.8000000000000003
      vertex 12.238999285133417 2.551249984270335 2.8000000000000003
      vertex 12.45 2.68467875173176 2.8000000000000003
    endloop
  endfacet
  facet normal 0 0 -1
    outer loop
      vertex 12.671053059650532 -2.800696347292185 2.8000000000000003
      vertex 12.45 2.68467875173176 2.8000000000000003
      vertex 12.671053059650532 2.800696347292185 2.8000000000000003
    endloop
  endfacet
  facet normal 0 0 -1
    outer loop
      vertex 12.900724850168139 -2.898550352324786 2.8000000000000003
      vertex 12.671053059650532 2.800696347292185 2.8000000000000003
      vertex 12.900724850168139 2.898550352324786 2.8000000000000003
    endloop
  endfacet
  facet normal 0 0 -1
    outer loop
      vertex 13.137525861858997 -2.977606146057254 2.8000000000000003
      vertex 12.900724850168139 2.898550352324786 2.8000000000000003
      vertex 13.137525861858997 2.977606146057254 2.8000000000000003
    endloop
  endfacet
  facet normal 0 0 -1
    outer loop
      vertex 13.379920349294261 -3.03735102133103 2.8000000000000003
      vertex 13.137525861858997 2.977606146057254 2.8000000000000003
      vertex 13.379920349294263 3.03735102133103 2.8000000000000003
    endloop
  endfacet
  facet normal 0 0 -1
    outer loop
      vertex 13.6263362912085 -3.077397509703968 2.8000000000000003
      vertex 13.379920349294263 3.03735102133103 2.8000000000000003
      vertex 13.6263362912085 3.0773975097039674 2.8000000000000003
    endloop
  endfacet
  facet normal 0 0 -1
    outer loop
      vertex 13.875175585660813 -3.0974858943318657 2.8000000000000003
      vertex 13.6263362912085 3.0773975097039674 2.8000000000000003
      vertex 13.875175585660813 3.0974858943318657 2.8000000000000003
    endloop
  endfacet
  facet normal 0 0 -1
    outer loop
      vertex 13.875175585660813 3.0974858943318657 2.8000000000000003
      vertex 14.124824414339187 3.0974858943318657 2.8000000000000003
      vertex 14.124824414339187 -3.0974858943318657 2.8000000000000003
    endloop
  endfacet
  facet normal 0 0 -1
    outer loop
      vertex 14.3736637087915 -3.077397509703968 2.8000000000000003
      vertex 14.124824414339187 3.0974858943318657 2.8000000000000003
      vertex 14.3736637087915 3.0773975097039674 2.8000000000000003
    endloop
  endfacet
  facet normal 0 0 -1
    outer loop
      vertex 14.620079650705739 -3.03735102133103 2.8000000000000003
      vertex 14.3736637087915 3.0773975097039674 2.8000000000000003
      vertex 14.620079650705737 3.03735102133103 2.8000000000000003
    endloop
  endfacet
  facet normal 0 0 -1
    outer loop
      vertex 17.08994765521605 -0.24944636302185164 2.8000000000000003
      vertex 17.05985581417753 0.49727497065905674 2.8000000000000003
      vertex 17.08994765521605 0.24944636302185022 2.8000000000000003
    endloop
  endfacet
  facet normal 0 0 -1
    outer loop
      vertex 17.05985581417753 -0.49727497065905657 2.8000000000000003
      vertex 17.00991963402076 0.7418785592914291 2.8000000000000003
      vertex 17.05985581417753 0.49727497065905674 2.8000000000000003
    endloop
  endfacet
  facet normal 0 0 -1
    outer loop
      vertex 17.00991963402076 -0.7418785592914302 2.8000000000000003
      vertex 16.94046297003615 0.9816707807845647 2.8000000000000003
      vertex 17.00991963402076 0.7418785592914291 2.8000000000000003
    endloop
  endfacet
  facet normal 0 0 -1
    outer loop
      vertex 16.94046297003615 -0.9816707807845644 2.8000000000000003
      vertex 16.851936275342354 1.2150964905662327 2.8000000000000003
      vertex 16.94046297003615 0.9816707807845647 2.8000000000000003
    endloop
  endfacet
  facet normal 0 0 -1
    outer loop
      vertex 16.851936275342354 -1.2150964905662336 2.8000000000000003
      vertex 16.744913679524952 1.4406418333356825 2.8000000000000003
      vertex 16.851936275342354 1.2150964905662327 2.8000000000000003
    endloop
  endfacet
  facet normal 0 0 -1
    outer loop
      vertex 16.320383319330414 -2.0556802405464656 2.8000000000000003
      vertex 16.147445495879758 2.235727586765825 2.8000000000000003
      vertex 16.320383319330414 2.055680240546465 2.8000000000000003
    endloop
  endfacet
  facet normal 0 0 -1
    outer loop
      vertex 15.099275149831861 -2.898550352324786 2.8000000000000003
      vertex 14.862474138141003 2.977606146057254 2.8000000000000003
      vertex 15.099275149831861 2.898550352324786 2.8000000000000003
    endloop
  endfacet
  facet normal 0 0 -1
    outer loop
      vertex 15.55 -2.68467875173176 2.8000000000000003
      vertex 15.328946940349468 2.800696347292185 2.8000000000000003
      vertex 15.55 2.68467875173176 2.8000000000000003
    endloop
  endfacet
  facet normal 0 0 -1
    outer loop
      vertex 15.328946940349466 -2.8006963472921855 2.8000000000000003
      vertex 15.099275149831861 2.898550352324786 2.8000000000000003
      vertex 15.328946940349468 2.800696347292185 2.8000000000000003
    endloop
  endfacet
  facet normal 0 0 -1
    outer loop
      vertex 15.96058066434567 -2.4012753816657297 2.8000000000000003
      vertex 15.761000714866583 2.551249984270335 2.8000000000000003
      vertex 15.96058066434567 2.4012753816657293 2.8000000000000003
    endloop
  endfacet
  facet normal 0 0 -1
    outer loop
      vertex 16.147445495879758 -2.235727586765824 2.8000000000000003
      vertex 15.96058066434567 2.4012753816657293 2.8000000000000003
      vertex 16.147445495879758 2.235727586765825 2.8000000000000003
    endloop
  endfacet
  facet normal 0 0 -1
    outer loop
      vertex 15.761000714866585 -2.551249984270334 2.8000000000000003
      vertex 15.55 2.68467875173176 2.8000000000000003
      vertex 15.761000714866583 2.551249984270335 2.8000000000000003
    endloop
  endfacet
  facet normal 0 0 -1
    outer loop
      vertex 16.62008926518576 -1.6568440609961839 2.8000000000000003
      vertex 16.478272566550853 1.8623010191377345 2.8000000000000003
      vertex 16.620089265185765 1.6568440609961832 2.8000000000000003
    endloop
  endfacet
  facet normal 0 0 -1
    outer loop
      vertex 16.744913679524952 -1.4406418333356819 2.8000000000000003
      vertex 16.620089265185765 1.6568440609961832 2.8000000000000003
      vertex 16.744913679524952 1.4406418333356825 2.8000000000000003
    endloop
  endfacet
  facet normal 0 0 -1
    outer loop
      vertex 16.478272566550853 -1.862301019137734 2.8000000000000003
      vertex 16.320383319330414 2.055680240546465 2.8000000000000003
      vertex 16.478272566550853 1.8623010191377345 2.8000000000000003
    endloop
  endfacet
  facet normal 0 0 -1
    outer loop
      vertex 14.862474138141001 -2.977606146057255 2.8000000000000003
      vertex 14.620079650705737 3.03735102133103 2.8000000000000003
      vertex 14.862474138141003 2.977606146057254 2.8000000000000003
    endloop
  endfacet
  facet normal 0.7212024473438163 -0.6927243535095977 0
    outer loop
      vertex 11.679616680669588 2.0556802405464656 0.6
      vertex 11.852554504120242 2.2357275867658255 2.8000000000000003
      vertex 11.679616680669588 2.0556802405464656 2.8000000000000003
    endloop
  endfacet
  facet normal 0.6631226582407972 -0.7485107481710993 0
    outer loop
      vertex 12.03941933565433 2.4012753816657297 0.6
      vertex 12.03941933565433 2.4012753816657297 2.8000000000000003
      vertex 11.852554504120242 2.2357275867658255 2.8000000000000003
    endloop
  endfacet
  facet normal 0.600742264237976 -0.7994427634035032 0
    outer loop
      vertex 12.238999285133417 2.551249984270335 0.6
      vertex 12.238999285133417 2.551249984270335 2.8000000000000003
      vertex 12.03941933565433 2.4012753816657297 2.8000000000000003
    endloop
  endfacet
  facet normal 0.5344658261278024 -0.8451900855437938 0
    outer loop
      vertex 12.45 2.68467875173176 0.6
      vertex 12.45 2.68467875173176 2.8000000000000003
      vertex 12.238999285133417 2.551249984270335 2.8000000000000003
    endloop
  endfacet
  facet normal 0.4647231720437671 -0.8854560256532107 0
    outer loop
      vertex 12.671053059650532 2.800696347292185 0.6
      vertex 12.671053059650532 2.800696347292185 2.8000000000000003
      vertex 12.45 2.68467875173176 2.8000000000000003
    endloop
  endfacet
  facet normal 0.39196660986007625 -0.9199794436588237 0
    outer loop
      vertex 12.900724850168139 2.898550352324786 0.6
      vertex 12.900724850168139 2.898550352324786 2.8000000000000003
      vertex 12.671053059650532 2.800696347292185 2.8000000000000003
    endloop
  endfacet
  facet normal 0.3166679938014714 -0.9485364419471459 0
    outer loop
      vertex 13.137525861858997 2.977606146057254 0.6
      vertex 13.137525861858997 2.977606146057254 2.8000000000000003
      vertex 12.900724850168139 2.898550352324786 2.8000000000000003
    endloop
  endfacet
  facet normal 0.23931566428755757 -0.9709418174260521 0
    outer loop
      vertex 13.379920349294263 3.03735102133103 0.6
      vertex 13.379920349294263 3.03735102133103 2.8000000000000003
      vertex 13.137525861858997 2.977606146057254 2.8000000000000003
    endloop
  endfacet
  facet normal 0.16041128085776007 -0.987050262637913 0
    outer loop
      vertex 13.6263362912085 3.0773975097039674 0.6
      vertex 13.6263362912085 3.0773975097039674 2.8000000000000003
      vertex 13.379920349294263 3.03735102133103 2.8000000000000003
    endloop
  endfacet
  facet normal 0.08046656871672545 -0.99675730813421 0
    outer loop
      vertex 13.875175585660813 3.0974858943318657 0.6
      vertex 13.875175585660813 3.0974858943318657 2.8000000000000003
      vertex 13.6263362912085 3.0773975097039674 2.8000000000000003
    endloop
  endfacet
  facet normal 0 -1 0
    outer loop
      vertex 13.875175585660813 3.0974858943318657 2.8000000000000003
      vertex 14.124824414339187 3.0974858943318657 0.6
      vertex 14.124824414339187 3.0974858943318657 2.8000000000000003
    endloop
  endfacet
  facet normal -0.08046656871672545 -0.99675730813421 0
    outer loop
      vertex 14.3736637087915 3.0773975097039674 0.6
      vertex 14.3736637087915 3.0773975097039674 2.8000000000000003
      vertex 14.124824414339187 3.0974858943318657 2.8000000000000003
    endloop
  endfacet
  facet normal -0.16041128085776007 -0.987050262637913 0
    outer loop
      vertex 14.620079650705737 3.03735102133103 0.6
      vertex 14.620079650705737 3.03735102133103 2.8000000000000003
      vertex 14.3736637087915 3.0773975097039674 2.8000000000000003
    endloop
  endfacet
  facet normal -0.7212024473438127 -0.6927243535096014 0
    outer loop
      vertex 16.147445495879758 2.235727586765825 0.6
      vertex 16.320383319330414 2.055680240546465 2.8000000000000003
      vertex 16.147445495879758 2.235727586765825 2.8000000000000003
    endloop
  endfacet
  facet normal -0.6631226582407972 -0.7485107481710993 0
    outer loop
      vertex 16.147445495879758 2.235727586765825 0.6
      vertex 16.147445495879758 2.235727586765825 2.8000000000000003
      vertex 15.96058066434567 2.4012753816657293 2.8000000000000003
    endloop
  endfacet
  facet normal -0.6007422642379772 -0.7994427634035024 0
    outer loop
      vertex 15.96058066434567 2.4012753816657293 0.6
      vertex 15.96058066434567 2.4012753816657293 2.8000000000000003
      vertex 15.761000714866583 2.551249984270335 2.8000000000000003
    endloop
  endfacet
  facet normal -0.4647231720437671 -0.8854560256532107 0
    outer loop
      vertex 15.55 2.68467875173176 0.6
      vertex 15.55 2.68467875173176 2.8000000000000003
      vertex 15.328946940349468 2.800696347292185 2.8000000000000003
    endloop
  endfacet
  facet normal -0.5344658261278024 -0.8451900855437938 0
    outer loop
      vertex 15.761000714866583 2.551249984270335 0.6
      vertex 15.761000714866583 2.551249984270335 2.8000000000000003
      vertex 15.55 2.68467875173176 2.8000000000000003
    endloop
  endfacet
  facet normal -0.39196660986007625 -0.9199794436588237 0
    outer loop
      vertex 15.328946940349468 2.800696347292185 0.6
      vertex 15.328946940349468 2.800696347292185 2.8000000000000003
      vertex 15.099275149831861 2.898550352324786 2.8000000000000003
    endloop
  endfacet
  facet normal -0.3166679938014714 -0.9485364419471459 0
    outer loop
      vertex 15.099275149831861 2.898550352324786 0.6
      vertex 15.099275149831861 2.898550352324786 2.8000000000000003
      vertex 14.862474138141003 2.977606146057254 2.8000000000000003
    endloop
  endfacet
  facet normal -0.23931566428755757 -0.9709418174260521 0
    outer loop
      vertex 14.862474138141003 2.977606146057254 0.6
      vertex 14.862474138141003 2.977606146057254 2.8000000000000003
      vertex 14.620079650705737 3.03735102133103 2.8000000000000003
    endloop
  endfacet
  facet normal -0.1470605522990101 -0.6918655022624525 -0.7068913075831635
    outer loop
      vertex 27.080696796721263 -3.6871237598487863 0
      vertex 27.340136924865664 -3.7422694614463903 0
      vertex 27.30540728933228 -3.939231012048832 0.2
    endloop
  endfacet
  facet normal -0.1470605522990085 -0.6918655022624518 -0.7068913075831644
    outer loop
      vertex 27.03231241760133 -3.881182905103986 0.2
      vertex 27.080696796721263 -3.6871237598487863 0
      vertex 27.30540728933228 -3.939231012048832 0.2
    endloop
  endfacet
  facet normal -0.1949644179278842 -0.6799217271167366 -0.706891307583164
    outer loop
      vertex 26.76393202250021 -3.804226065180614 0.2
      vertex 26.8257354213752 -3.614014761921583 0
      vertex 27.03231241760133 -3.881182905103986 0.2
    endloop
  endfacet
  facet normal -0.24191843651036649 -0.6646654416620023 -0.706891307583164
    outer loop
      vertex 26.576494945019533 -3.523298647353792 0
      vertex 26.8257354213752 -3.614014761921583 0
      vertex 26.76393202250021 -3.804226065180614 0.2
    endloop
  endfacet
  facet normal -0.1949644179278832 -0.6799217271167363 -0.7068913075831645
    outer loop
      vertex 26.8257354213752 -3.614014761921583 0
      vertex 27.080696796721263 -3.6871237598487863 0
      vertex 27.03231241760133 -3.881182905103986 0.2
    endloop
  endfacet
  facet normal -0.2876938527877291 -0.6461709729874272 -0.706891307583163
    outer loop
      vertex 26.334189642201505 -3.4154173759368347 0
      vertex 26.576494945019533 -3.523298647353792 0
      vertex 26.501573626336352 -3.7087354182671497 0.2
    endloop
  endfacet
  facet normal -0.2876938527877315 -0.6461709729874276 -0.7068913075831617
    outer loop
      vertex 26.246515412843692 -3.595176185196668 0.2
      vertex 26.334189642201505 -3.4154173759368347 0
      vertex 26.501573626336352 -3.7087354182671497 0.2
    endloop
  endfacet
  facet normal -0.2419184365103676 -0.6646654416620025 -0.7068913075831632
    outer loop
      vertex 26.576494945019533 -3.523298647353792 0
      vertex 26.76393202250021 -3.804226065180614 0.2
      vertex 26.501573626336352 -3.7087354182671497 0.2
    endloop
  endfacet
  facet normal -0.415753551401355 -0.5722356715205096 -0.7068913075831618
    outer loop
      vertex 25.537354098697367 -3.1520430144268876 0.2
      vertex 25.660486393762497 -2.994440863705543 0
      vertex 25.763228386117014 -3.3161502902201665 0.2
    endloop
  endfacet
  facet normal -0.3320676535331989 -0.6245284242853354 -0.7068913075831612
    outer loop
      vertex 26.246515412843692 -3.595176185196668 0.2
      vertex 26.1 -3.2908965343808667 0
      vertex 26.334189642201505 -3.4154173759368347 0
    endloop
  endfacet
  facet normal -0.37482365404996654 -0.5998432358775035 -0.706891307583165
    outer loop
      vertex 25.87506696681116 -3.150342775709158 0
      vertex 26.1 -3.2908965343808667 0
      vertex 26 -3.4641016151377544 0.2
    endloop
  endfacet
  facet normal -0.33206765353319273 -0.6245284242853348 -0.7068913075831648
    outer loop
      vertex 26.246515412843692 -3.595176185196668 0.2
      vertex 26 -3.4641016151377544 0.2
      vertex 26.1 -3.2908965343808667 0
    endloop
  endfacet
  facet normal -0.37482365404997137 -0.5998432358775037 -0.7068913075831622
    outer loop
      vertex 25.763228386117014 -3.3161502902201665 0.2
      vertex 25.87506696681116 -3.150342775709158 0
      vertex 26 -3.4641016151377544 0.2
    endloop
  endfacet
  facet normal -0.41575355140135456 -0.5722356715205097 -0.7068913075831619
    outer loop
      vertex 25.763228386117014 -3.3161502902201665 0.2
      vertex 25.660486393762497 -2.994440863705543 0
      vertex 25.87506696681116 -3.150342775709158 0
    endloop
  endfacet
  facet normal -0.4546579392417151 -0.5418402324927939 -0.7068913075831617
    outer loop
      vertex 25.537354098697367 -3.1520430144268876 0.2
      vertex 25.457303695836337 -2.823950336814098 0
      vertex 25.660486393762497 -2.994440863705543 0
    endloop
  endfacet
  facet normal -0.4913472793041466 -0.5088050023179607 -0.7068913075831624
    outer loop
      vertex 25.457303695836337 -2.823950336814098 0
      vertex 25.323477574564567 -2.972579301909577 0.2
      vertex 25.266508758713126 -2.6397018077441894 0
    endloop
  endfacet
  facet normal -0.45465793924171344 -0.541840232492794 -0.7068913075831624
    outer loop
      vertex 25.537354098697367 -3.1520430144268876 0.2
      vertex 25.323477574564567 -2.972579301909577 0.2
      vertex 25.457303695836337 -2.823950336814098 0
    endloop
  endfacet
  facet normal -0.4913472793041436 -0.5088050023179611 -0.7068913075831641
    outer loop
      vertex 25.122640798645396 -2.778633481835989 0.2
      vertex 25.266508758713126 -2.6397018077441894 0
      vertex 25.323477574564567 -2.972579301909577 0.2
    endloop
  endfacet
  facet normal -0.5256428248118569 -0.47329092531674 -0.7068913075831641
    outer loop
      vertex 25.122640798645396 -2.778633481835989 0.2
      vertex 25.089031116147883 -2.442592916808849 0
      vertex 25.266508758713126 -2.6397018077441894 0
    endloop
  endfacet
  facet normal -0.5256428248118606 -0.47329092531673905 -0.706891307583162
    outer loop
      vertex 24.93582222752409 -2.571150438746157 0.2
      vertex 25.089031116147883 -2.442592916808849 0
      vertex 25.122640798645396 -2.778633481835989 0.2
    endloop
  endfacet
  facet normal -0.5573774913145267 -0.43547102250240766 -0.7068913075831618
    outer loop
      vertex 24.93582222752409 -2.571150438746157 0.2
      vertex 24.9257354213752 -2.2335839587113977 0
      vertex 25.089031116147883 -2.442592916808849 0
    endloop
  endfacet
  facet normal -0.5573774913145203 -0.43547102250240977 -0.7068913075831658
    outer loop
      vertex 24.93582222752409 -2.571150438746157 0.2
      vertex 24.76393202250021 -2.3511410091698925 0.2
      vertex 24.9257354213752 -2.2335839587113977 0
    endloop
  endfacet
  facet normal -0.5863966707068909 -0.39552954863984097 -0.7068913075831658
    outer loop
      vertex 24.76393202250021 -2.3511410091698925 0.2
      vertex 24.777417234605583 -2.0136932040861786 0
      vertex 24.9257354213752 -2.2335839587113977 0
    endloop
  endfacet
  facet normal -0.5863966707068877 -0.3955295486398422 -0.7068913075831676
    outer loop
      vertex 24.607807615374295 -2.1196770569328196 0.2
      vertex 24.777417234605583 -2.0136932040861786 0
      vertex 24.76393202250021 -2.3511410091698925 0.2
    endloop
  endfacet
  facet normal -0.0984402224418097 -0.7004385782272213 -0.7068913075831643
    outer loop
      vertex 27.340136924865664 -3.7422694614463903 0
      vertex 27.602791839582917 -3.7791832023994383 0
      vertex 27.581886146929385 -3.978087581473093 0.2
    endloop
  endfacet
  facet normal -0.0493403017160506 -0.7055991878467076 -0.7068913075831643
    outer loop
      vertex 27.602791839582917 -3.7791832023994383 0
      vertex 27.867381912530497 -3.7976851426725635 0
      vertex 27.860402013189997 -3.997563308076383 0.2
    endloop
  endfacet
  facet normal 0 -0.707322189149587 -0.7068913075831643
    outer loop
      vertex 27.867381912530497 -3.7976851426725635 0
      vertex 28.132618087469503 -3.7976851426725635 0
      vertex 28.139597986810003 -3.997563308076383 0.2
    endloop
  endfacet
  facet normal 0.0493403017160506 -0.7055991878467076 -0.7068913075831644
    outer loop
      vertex 28.132618087469503 -3.7976851426725635 0
      vertex 28.397208160417083 -3.7791832023994383 0
      vertex 28.139597986810003 -3.997563308076383 0.2
    endloop
  endfacet
  facet normal 0.0984402224418097 -0.7004385782272213 -0.7068913075831643
    outer loop
      vertex 28.397208160417083 -3.7791832023994383 0
      vertex 28.659863075134336 -3.7422694614463903 0
      vertex 28.418113853070615 -3.978087581473093 0.2
    endloop
  endfacet
  facet normal 0.14706055229901013 -0.6918655022624525 -0.7068913075831634
    outer loop
      vertex 28.69459271066772 -3.939231012048832 0.2
      vertex 28.659863075134336 -3.7422694614463903 0
      vertex 28.919303203278737 -3.6871237598487863 0
    endloop
  endfacet
  facet normal -0.09844022244181075 -0.7004385782272218 -0.7068913075831637
    outer loop
      vertex 27.30540728933228 -3.939231012048832 0.2
      vertex 27.340136924865664 -3.7422694614463903 0
      vertex 27.581886146929385 -3.978087581473093 0.2
    endloop
  endfacet
  facet normal -0.049340301716050874 -0.7055991878467077 -0.7068913075831643
    outer loop
      vertex 27.602791839582917 -3.7791832023994383 0
      vertex 27.860402013189997 -3.997563308076383 0.2
      vertex 27.581886146929385 -3.978087581473093 0.2
    endloop
  endfacet
  facet normal 0 -0.707322189149587 -0.7068913075831643
    outer loop
      vertex 27.867381912530497 -3.7976851426725635 0
      vertex 28.139597986810003 -3.997563308076383 0.2
      vertex 27.860402013189997 -3.997563308076383 0.2
    endloop
  endfacet
  facet normal 0.04934030171605082 -0.7055991878467077 -0.7068913075831643
    outer loop
      vertex 28.139597986810003 -3.997563308076383 0.2
      vertex 28.397208160417083 -3.7791832023994383 0
      vertex 28.418113853070615 -3.978087581473093 0.2
    endloop
  endfacet
  facet normal 0.09844022244181075 -0.7004385782272218 -0.7068913075831637
    outer loop
      vertex 28.418113853070615 -3.978087581473093 0.2
      vertex 28.659863075134336 -3.7422694614463903 0
      vertex 28.69459271066772 -3.939231012048832 0.2
    endloop
  endfacet
  facet normal 0.1470605522990085 -0.6918655022624518 -0.7068913075831644
    outer loop
      vertex 28.69459271066772 -3.939231012048832 0.2
      vertex 28.919303203278737 -3.6871237598487863 0
      vertex 28.96768758239867 -3.881182905103986 0.2
    endloop
  endfacet
  facet normal 0.1949644179278842 -0.6799217271167366 -0.706891307583164
    outer loop
      vertex 28.96768758239867 -3.881182905103986 0.2
      vertex 29.1742645786248 -3.614014761921583 0
      vertex 29.23606797749979 -3.804226065180614 0.2
    endloop
  endfacet
  facet normal 0.19496441792788324 -0.6799217271167364 -0.7068913075831645
    outer loop
      vertex 28.96768758239867 -3.881182905103986 0.2
      vertex 28.919303203278737 -3.6871237598487863 0
      vertex 29.1742645786248 -3.614014761921583 0
    endloop
  endfacet
  facet normal 0.24191843651036646 -0.6646654416620023 -0.7068913075831639
    outer loop
      vertex 29.23606797749979 -3.804226065180614 0.2
      vertex 29.1742645786248 -3.614014761921583 0
      vertex 29.423505054980467 -3.523298647353792 0
    endloop
  endfacet
  facet normal 0.2876938527877291 -0.6461709729874272 -0.706891307583163
    outer loop
      vertex 29.423505054980467 -3.523298647353792 0
      vertex 29.665810357798495 -3.4154173759368347 0
      vertex 29.498426373663648 -3.7087354182671497 0.2
    endloop
  endfacet
  facet normal 0.24191843651036765 -0.6646654416620025 -0.7068913075831633
    outer loop
      vertex 29.23606797749979 -3.804226065180614 0.2
      vertex 29.423505054980467 -3.523298647353792 0
      vertex 29.498426373663648 -3.7087354182671497 0.2
    endloop
  endfacet
  facet normal 0.2876938527877316 -0.6461709729874278 -0.7068913075831617
    outer loop
      vertex 29.498426373663648 -3.7087354182671497 0.2
      vertex 29.665810357798495 -3.4154173759368347 0
      vertex 29.753484587156308 -3.595176185196668 0.2
    endloop
  endfacet
  facet normal 0.3320676535331989 -0.6245284242853354 -0.7068913075831612
    outer loop
      vertex 29.753484587156308 -3.595176185196668 0.2
      vertex 29.665810357798495 -3.4154173759368347 0
      vertex 29.9 -3.2908965343808667 0
    endloop
  endfacet
  facet normal 0.37482365404996654 -0.5998432358775035 -0.706891307583165
    outer loop
      vertex 29.9 -3.2908965343808667 0
      vertex 30.12493303318884 -3.150342775709158 0
      vertex 30 -3.4641016151377544 0.2
    endloop
  endfacet
  facet normal 0.33206765353319273 -0.6245284242853348 -0.7068913075831648
    outer loop
      vertex 29.753484587156308 -3.595176185196668 0.2
      vertex 29.9 -3.2908965343808667 0
      vertex 30 -3.4641016151377544 0.2
    endloop
  endfacet
  facet normal 0.3748236540499714 -0.5998432358775038 -0.7068913075831622
    outer loop
      vertex 30 -3.4641016151377544 0.2
      vertex 30.12493303318884 -3.150342775709158 0
      vertex 30.236771613882986 -3.3161502902201665 0.2
    endloop
  endfacet
  facet normal 0.41575355140135456 -0.5722356715205097 -0.7068913075831619
    outer loop
      vertex 30.236771613882986 -3.3161502902201665 0.2
      vertex 30.12493303318884 -3.150342775709158 0
      vertex 30.339513606237503 -2.994440863705543 0
    endloop
  endfacet
  facet normal 0.4157535514013549 -0.5722356715205096 -0.7068913075831618
    outer loop
      vertex 30.236771613882986 -3.3161502902201665 0.2
      vertex 30.339513606237503 -2.994440863705543 0
      vertex 30.462645901302633 -3.1520430144268876 0.2
    endloop
  endfacet
  facet normal 0.4546579392417151 -0.5418402324927939 -0.7068913075831617
    outer loop
      vertex 30.462645901302633 -3.1520430144268876 0.2
      vertex 30.339513606237503 -2.994440863705543 0
      vertex 30.542696304163663 -2.823950336814098 0
    endloop
  endfacet
  facet normal 0.4913472793041466 -0.5088050023179607 -0.7068913075831624
    outer loop
      vertex 30.542696304163663 -2.823950336814098 0
      vertex 30.733491241286874 -2.6397018077441894 0
      vertex 30.676522425435433 -2.972579301909577 0.2
    endloop
  endfacet
  facet normal 0.45465793924171344 -0.541840232492794 -0.7068913075831624
    outer loop
      vertex 30.462645901302633 -3.1520430144268876 0.2
      vertex 30.542696304163663 -2.823950336814098 0
      vertex 30.676522425435433 -2.972579301909577 0.2
    endloop
  endfacet
  facet normal 0.4913472793041436 -0.5088050023179611 -0.7068913075831641
    outer loop
      vertex 30.676522425435433 -2.972579301909577 0.2
      vertex 30.733491241286874 -2.6397018077441894 0
      vertex 30.877359201354604 -2.778633481835989 0.2
    endloop
  endfacet
  facet normal 0.525642824811857 -0.4732909253167401 -0.7068913075831642
    outer loop
      vertex 30.733491241286874 -2.6397018077441894 0
      vertex 30.910968883852117 -2.442592916808849 0
      vertex 30.877359201354604 -2.778633481835989 0.2
    endloop
  endfacet
  facet normal 0.5256428248118606 -0.47329092531673905 -0.706891307583162
    outer loop
      vertex 30.877359201354604 -2.778633481835989 0.2
      vertex 30.910968883852117 -2.442592916808849 0
      vertex 31.06417777247591 -2.571150438746157 0.2
    endloop
  endfacet
  facet normal 0.5573774913145267 -0.43547102250240766 -0.7068913075831618
    outer loop
      vertex 30.910968883852117 -2.442592916808849 0
      vertex 31.0742645786248 -2.2335839587113977 0
      vertex 31.06417777247591 -2.571150438746157 0.2
    endloop
  endfacet
  facet normal 0.5573774913145203 -0.43547102250240977 -0.7068913075831658
    outer loop
      vertex 31.06417777247591 -2.571150438746157 0.2
      vertex 31.0742645786248 -2.2335839587113977 0
      vertex 31.23606797749979 -2.3511410091698925 0.2
    endloop
  endfacet
  facet normal 0.5863966707068909 -0.39552954863984097 -0.7068913075831658
    outer loop
      vertex 31.23606797749979 -2.3511410091698925 0.2
      vertex 31.0742645786248 -2.2335839587113977 0
      vertex 31.222582765394417 -2.0136932040861786 0
    endloop
  endfacet
  facet normal 0.5863966707068878 -0.3955295486398423 -0.7068913075831678
    outer loop
      vertex 31.23606797749979 -2.3511410091698925 0.2
      vertex 31.222582765394417 -2.0136932040861786 0
      vertex 31.392192384625705 -2.1196770569328196 0.2
    endloop
  endfacet
  facet normal -0.612558984463958 -0.353661094574797 -0.706891307583168
    outer loop
      vertex 24.607807615374295 -2.1196770569328196 0.2
      vertex 24.644799147136077 -1.783991938586385 0
      vertex 24.777417234605583 -2.0136932040861786 0
    endloop
  endfacet
  facet normal -0.6125589844639668 -0.3536610945747927 -0.7068913075831624
    outer loop
      vertex 24.607807615374295 -2.1196770569328196 0.2
      vertex 24.468209628564292 -1.8778862511435632 0.2
      vertex 24.644799147136077 -1.783991938586385 0
    endloop
  endfacet
  facet normal -0.6357369724229461 -0.31006963920686126 -0.7068913075831622
    outer loop
      vertex 24.468209628564292 -1.8778862511435632 0.2
      vertex 24.528527260958118 -1.5455992436880408 0
      vertex 24.644799147136077 -1.783991938586385 0
    endloop
  endfacet
  facet normal -0.6357369724229385 -0.31006963920686587 -0.7068913075831674
    outer loop
      vertex 24.468209628564292 -1.8778862511435632 0.2
      vertex 24.345818169429595 -1.6269465723032008 0.2
      vertex 24.528527260958118 -1.5455992436880408 0
    endloop
  endfacet
  facet normal -0.6558177137563272 -0.2649675557248162 -0.7068913075831675
    outer loop
      vertex 24.345818169429595 -1.6269465723032008 0.2
      vertex 24.429168041013547 -1.2996765446375411 0
      vertex 24.528527260958118 -1.5455992436880408 0
    endloop
  endfacet
  facet normal -0.6558177137563311 -0.26496755572481345 -0.706891307583165
    outer loop
      vertex 24.345818169429595 -1.6269465723032008 0.2
      vertex 24.241229516856365 -1.3680805733026749 0.2
      vertex 24.429168041013547 -1.2996765446375411 0
    endloop
  endfacet
  facet normal -0.6727033771108686 -0.21857457694570914 -0.706891307583165
    outer loop
      vertex 24.241229516856365 -1.3680805733026749 0.2
      vertex 24.34720555543439 -1.0474219521045969 0
      vertex 24.429168041013547 -1.2996765446375411 0
    endloop
  endfacet
  facet normal -0.6727033771108687 -0.21857457694570906 -0.7068913075831649
    outer loop
      vertex 24.241229516856365 -1.3680805733026749 0.2
      vertex 24.154953216246724 -1.1025494232679967 0.2
      vertex 24.34720555543439 -1.0474219521045969 0
    endloop
  endfacet
  facet normal 0 0 -1
    outer loop
      vertex 25.87506696681116 -3.150342775709158 0
      vertex 26.1 3.2908965343808667 0
      vertex 26.1 -3.2908965343808667 0
    endloop
  endfacet
  facet normal 0 0 -1
    outer loop
      vertex 26.1 -3.2908965343808667 0
      vertex 26.334189642201505 3.4154173759368347 0
      vertex 26.334189642201505 -3.4154173759368347 0
    endloop
  endfacet
  facet normal 0 0 -1
    outer loop
      vertex 26.334189642201505 -3.4154173759368347 0
      vertex 26.576494945019533 3.523298647353792 0
      vertex 26.576494945019533 -3.523298647353792 0
    endloop
  endfacet
  facet normal 0 0 -1
    outer loop
      vertex 26.576494945019533 -3.523298647353792 0
      vertex 26.8257354213752 3.614014761921583 0
      vertex 26.8257354213752 -3.614014761921583 0
    endloop
  endfacet
  facet normal 0 0 -1
    outer loop
      vertex 26.8257354213752 -3.614014761921583 0
      vertex 27.080696796721263 3.6871237598487863 0
      vertex 27.080696796721263 -3.6871237598487863 0
    endloop
  endfacet
  facet normal -0.6965763757520815 -0.12282520916920743 -0.706891307583164
    outer loop
      vertex 24.087409597064777 -0.8316467632710374 0.2
      vertex 24.03892772503372 -0.5566924038402618 0.2
      vertex 24.236981338782034 -0.5288577836482486 0
    endloop
  endfacet
  facet normal -0.7034474041890799 -0.07393530146692198 -0.7068913075831678
    outer loop
      vertex 24.03892772503372 -0.5566924038402618 0.2
      vertex 24.009743798960702 -0.2790258949765012 0.2
      vertex 24.20925660901267 -0.26507460022767615 0
    endloop
  endfacet
  facet normal -0.706891307583165 -0.024685188407830103 -0.7068913075831624
    outer loop
      vertex 24.009743798960702 -0.2790258949765012 0.2
      vertex 24 0 0.2
      vertex 24.2 0 0
    endloop
  endfacet
  facet normal -0.6863116972320242 -0.17111672479878012 -0.706891307583165
    outer loop
      vertex 24.154953216246724 -1.1025494232679967 0.2
      vertex 24.283039117211537 -0.7900644251074854 0
      vertex 24.34720555543439 -1.0474219521045969 0
    endloop
  endfacet
  facet normal 0 0 -1
    outer loop
      vertex 25.457303695836337 -2.823950336814098 0
      vertex 25.660486393762497 2.994440863705543 0
      vertex 25.660486393762497 -2.994440863705543 0
    endloop
  endfacet
  facet normal 0 0 -1
    outer loop
      vertex 25.457303695836337 -2.823950336814098 0
      vertex 25.266508758713126 -2.6397018077441894 0
      vertex 25.457303695836337 2.823950336814098 0
    endloop
  endfacet
  facet normal 0 0 -1
    outer loop
      vertex 25.266508758713126 -2.6397018077441894 0
      vertex 25.089031116147883 -2.442592916808849 0
      vertex 25.266508758713126 2.6397018077441894 0
    endloop
  endfacet
  facet normal -0.6863116972320292 -0.17111672479877582 -0.7068913075831612
    outer loop
      vertex 24.154953216246724 -1.1025494232679967 0.2
      vertex 24.087409597064777 -0.8316467632710374 0.2
      vertex 24.283039117211537 -0.7900644251074854 0
    endloop
  endfacet
  facet normal 0 0 -1
    outer loop
      vertex 24.777417234605583 -2.0136932040861786 0
      vertex 24.9257354213752 2.2335839587113977 0
      vertex 24.9257354213752 -2.2335839587113977 0
    endloop
  endfacet
  facet normal -0.6965763757520851 -0.12282520916920385 -0.7068913075831612
    outer loop
      vertex 24.087409597064777 -0.8316467632710374 0.2
      vertex 24.236981338782034 -0.5288577836482486 0
      vertex 24.283039117211537 -0.7900644251074854 0
    endloop
  endfacet
  facet normal 0 0 -1
    outer loop
      vertex 24.777417234605583 -2.0136932040861786 0
      vertex 24.644799147136077 -1.783991938586385 0
      vertex 24.777417234605583 2.0136932040861786 0
    endloop
  endfacet
  facet normal 0 0 -1
    outer loop
      vertex 24.644799147136077 -1.783991938586385 0
      vertex 24.528527260958118 -1.5455992436880408 0
      vertex 24.644799147136077 1.783991938586385 0
    endloop
  endfacet
  facet normal 0 0 -1
    outer loop
      vertex 24.9257354213752 -2.2335839587113977 0
      vertex 25.089031116147883 2.442592916808849 0
      vertex 25.089031116147883 -2.442592916808849 0
    endloop
  endfacet
  facet normal 0 0 -1
    outer loop
      vertex 25.87506696681116 -3.150342775709158 0
      vertex 25.660486393762497 -2.994440863705543 0
      vertex 25.87506696681116 3.150342775709158 0
    endloop
  endfacet
  facet normal 0 0 -1
    outer loop
      vertex 24.429168041013547 -1.2996765446375411 0
      vertex 24.528527260958118 1.5455992436880408 0
      vertex 24.528527260958118 -1.5455992436880408 0
    endloop
  endfacet
  facet normal -0.7034474041890844 -0.07393530146691676 -0.7068913075831639
    outer loop
      vertex 24.236981338782034 -0.5288577836482486 0
      vertex 24.03892772503372 -0.5566924038402618 0.2
      vertex 24.20925660901267 -0.26507460022767615 0
    endloop
  endfacet
  facet normal 0 0 -1
    outer loop
      vertex 24.429168041013547 -1.2996765446375411 0
      vertex 24.34720555543439 -1.0474219521045969 0
      vertex 24.429168041013547 1.2996765446375411 0
    endloop
  endfacet
  facet normal 0 0 -1
    outer loop
      vertex 24.34720555543439 -1.0474219521045969 0
      vertex 24.283039117211537 -0.7900644251074854 0
      vertex 24.34720555543439 1.0474219521045969 0
    endloop
  endfacet
  facet normal 0 0 -1
    outer loop
      vertex 24.236981338782034 -0.5288577836482486 0
      vertex 24.283039117211537 0.7900644251074854 0
      vertex 24.283039117211537 -0.7900644251074854 0
    endloop
  endfacet
  facet normal -0.7068913075831593 -0.024685188407837958 -0.7068913075831679
    outer loop
      vertex 24.20925660901267 -0.26507460022767615 0
      vertex 24.009743798960702 -0.2790258949765012 0.2
      vertex 24.2 0 0
    endloop
  endfacet
  facet normal 0 0 -1
    outer loop
      vertex 24.236981338782034 -0.5288577836482486 0
      vertex 24.20925660901267 -0.26507460022767615 0
      vertex 24.236981338782034 0.5288577836482486 0
    endloop
  endfacet
  facet normal 0 0 -1
    outer loop
      vertex 27.602791839582917 -3.7791832023994383 0
      vertex 27.867381912530497 3.7976851426725635 0
      vertex 27.867381912530497 -3.7976851426725635 0
    endloop
  endfacet
  facet normal 0 0 -1
    outer loop
      vertex 27.867381912530497 -3.7976851426725635 0
      vertex 28.132618087469503 3.7976851426725635 0
      vertex 28.132618087469503 -3.7976851426725635 0
    endloop
  endfacet
  facet normal 0 0 -1
    outer loop
      vertex 28.132618087469503 -3.7976851426725635 0
      vertex 28.397208160417083 3.7791832023994383 0
      vertex 28.397208160417083 -3.7791832023994383 0
    endloop
  endfacet
  facet normal 0 0 -1
    outer loop
      vertex 28.397208160417083 -3.7791832023994383 0
      vertex 28.659863075134336 3.7422694614463903 0
      vertex 28.659863075134336 -3.7422694614463903 0
    endloop
  endfacet
  facet normal 0 0 -1
    outer loop
      vertex 27.080696796721263 -3.6871237598487863 0
      vertex 27.340136924865664 3.7422694614463903 0
      vertex 27.340136924865664 -3.7422694614463903 0
    endloop
  endfacet
  facet normal 0 0 -1
    outer loop
      vertex 27.340136924865664 -3.7422694614463903 0
      vertex 27.602791839582917 3.7791832023994383 0
      vertex 27.602791839582917 -3.7791832023994383 0
    endloop
  endfacet
  facet normal 0 0 -1
    outer loop
      vertex 28.659863075134336 -3.7422694614463903 0
      vertex 28.919303203278737 3.6871237598487863 0
      vertex 28.919303203278737 -3.6871237598487863 0
    endloop
  endfacet
  facet normal 0 0 -1
    outer loop
      vertex 28.919303203278737 -3.6871237598487863 0
      vertex 29.1742645786248 3.614014761921583 0
      vertex 29.1742645786248 -3.614014761921583 0
    endloop
  endfacet
  facet normal 0 0 -1
    outer loop
      vertex 29.1742645786248 -3.614014761921583 0
      vertex 29.423505054980467 3.523298647353792 0
      vertex 29.423505054980467 -3.523298647353792 0
    endloop
  endfacet
  facet normal 0 0 -1
    outer loop
      vertex 29.423505054980467 -3.523298647353792 0
      vertex 29.665810357798495 3.4154173759368347 0
      vertex 29.665810357798495 -3.4154173759368347 0
    endloop
  endfacet
  facet normal 0 0 -1
    outer loop
      vertex 29.665810357798495 -3.4154173759368347 0
      vertex 29.9 3.2908965343808667 0
      vertex 29.9 -3.2908965343808667 0
    endloop
  endfacet
  facet normal 0 0 -1
    outer loop
      vertex 29.9 -3.2908965343808667 0
      vertex 30.12493303318884 3.150342775709158 0
      vertex 30.12493303318884 -3.150342775709158 0
    endloop
  endfacet
  facet normal 0 0 -1
    outer loop
      vertex 30.12493303318884 -3.150342775709158 0
      vertex 30.339513606237503 2.994440863705543 0
      vertex 30.339513606237503 -2.994440863705543 0
    endloop
  endfacet
  facet normal 0.6125589844639578 -0.35366109457479694 -0.706891307583168
    outer loop
      vertex 31.222582765394417 -2.0136932040861786 0
      vertex 31.355200852863923 -1.783991938586385 0
      vertex 31.392192384625705 -2.1196770569328196 0.2
    endloop
  endfacet
  facet normal 0.6125589844639668 -0.3536610945747927 -0.7068913075831624
    outer loop
      vertex 31.392192384625705 -2.1196770569328196 0.2
      vertex 31.355200852863923 -1.783991938586385 0
      vertex 31.531790371435708 -1.8778862511435632 0.2
    endloop
  endfacet
  facet normal 0.6357369724229462 -0.3100696392068613 -0.7068913075831622
    outer loop
      vertex 31.355200852863923 -1.783991938586385 0
      vertex 31.471472739041882 -1.5455992436880408 0
      vertex 31.531790371435708 -1.8778862511435632 0.2
    endloop
  endfacet
  facet normal 0.6357369724229385 -0.31006963920686587 -0.7068913075831674
    outer loop
      vertex 31.471472739041882 -1.5455992436880408 0
      vertex 31.654181830570405 -1.6269465723032008 0.2
      vertex 31.531790371435708 -1.8778862511435632 0.2
    endloop
  endfacet
  facet normal 0.6558177137563272 -0.2649675557248162 -0.7068913075831676
    outer loop
      vertex 31.471472739041882 -1.5455992436880408 0
      vertex 31.570831958986453 -1.2996765446375411 0
      vertex 31.654181830570405 -1.6269465723032008 0.2
    endloop
  endfacet
  facet normal 0.6558177137563311 -0.26496755572481345 -0.706891307583165
    outer loop
      vertex 31.654181830570405 -1.6269465723032008 0.2
      vertex 31.570831958986453 -1.2996765446375411 0
      vertex 31.758770483143635 -1.3680805733026749 0.2
    endloop
  endfacet
  facet normal 0.6727033771108687 -0.2185745769457091 -0.706891307583165
    outer loop
      vertex 31.570831958986453 -1.2996765446375411 0
      vertex 31.65279444456561 -1.0474219521045969 0
      vertex 31.758770483143635 -1.3680805733026749 0.2
    endloop
  endfacet
  facet normal 0.6727033771108686 -0.21857457694570906 -0.7068913075831649
    outer loop
      vertex 31.65279444456561 -1.0474219521045969 0
      vertex 31.845046783753276 -1.1025494232679967 0.2
      vertex 31.758770483143635 -1.3680805733026749 0.2
    endloop
  endfacet
  facet normal 0 0 -1
    outer loop
      vertex 30.339513606237503 -2.994440863705543 0
      vertex 30.542696304163663 2.823950336814098 0
      vertex 30.542696304163663 -2.823950336814098 0
    endloop
  endfacet
  facet normal 0 0 -1
    outer loop
      vertex 30.542696304163663 -2.823950336814098 0
      vertex 30.733491241286874 2.6397018077441894 0
      vertex 30.733491241286874 -2.6397018077441894 0
    endloop
  endfacet
  facet normal 0 0 -1
    outer loop
      vertex 30.733491241286874 -2.6397018077441894 0
      vertex 30.910968883852117 2.442592916808849 0
      vertex 30.910968883852117 -2.442592916808849 0
    endloop
  endfacet
  facet normal 0 0 -1
    outer loop
      vertex 30.910968883852117 -2.442592916808849 0
      vertex 31.0742645786248 2.2335839587113977 0
      vertex 31.0742645786248 -2.2335839587113977 0
    endloop
  endfacet
  facet normal 0.6863116972320242 -0.17111672479878015 -0.706891307583165
    outer loop
      vertex 31.65279444456561 -1.0474219521045969 0
      vertex 31.716960882788463 -0.7900644251074854 0
      vertex 31.845046783753276 -1.1025494232679967 0.2
    endloop
  endfacet
  facet normal 0.6863116972320292 -0.17111672479877582 -0.7068913075831612
    outer loop
      vertex 31.845046783753276 -1.1025494232679967 0.2
      vertex 31.716960882788463 -0.7900644251074854 0
      vertex 31.912590402935223 -0.8316467632710374 0.2
    endloop
  endfacet
  facet normal 0 0 -1
    outer loop
      vertex 31.0742645786248 -2.2335839587113977 0
      vertex 31.222582765394417 2.0136932040861786 0
      vertex 31.222582765394417 -2.0136932040861786 0
    endloop
  endfacet
  facet normal 0 0 -1
    outer loop
      vertex 31.222582765394417 -2.0136932040861786 0
      vertex 31.355200852863923 1.783991938586385 0
      vertex 31.355200852863923 -1.783991938586385 0
    endloop
  endfacet
  facet normal 0.6965763757520851 -0.12282520916920382 -0.7068913075831612
    outer loop
      vertex 31.716960882788463 -0.7900644251074854 0
      vertex 31.763018661217966 -0.5288577836482486 0
      vertex 31.912590402935223 -0.8316467632710374 0.2
    endloop
  endfacet
  facet normal 0 0 -1
    outer loop
      vertex 31.355200852863923 -1.783991938586385 0
      vertex 31.471472739041882 1.5455992436880408 0
      vertex 31.471472739041882 -1.5455992436880408 0
    endloop
  endfacet
  facet normal 0 0 -1
    outer loop
      vertex 31.471472739041882 -1.5455992436880408 0
      vertex 31.570831958986453 1.2996765446375411 0
      vertex 31.570831958986453 -1.2996765446375411 0
    endloop
  endfacet
  facet normal 0.6965763757520815 -0.12282520916920743 -0.706891307583164
    outer loop
      vertex 31.912590402935223 -0.8316467632710374 0.2
      vertex 31.763018661217966 -0.5288577836482486 0
      vertex 31.96107227496628 -0.5566924038402618 0.2
    endloop
  endfacet
  facet normal 0 0 -1
    outer loop
      vertex 31.570831958986453 -1.2996765446375411 0
      vertex 31.65279444456561 1.0474219521045969 0
      vertex 31.65279444456561 -1.0474219521045969 0
    endloop
  endfacet
  facet normal 0.7034474041890844 -0.07393530146691676 -0.7068913075831639
    outer loop
      vertex 31.763018661217966 -0.5288577836482486 0
      vertex 31.79074339098733 -0.26507460022767615 0
      vertex 31.96107227496628 -0.5566924038402618 0.2
    endloop
  endfacet
  facet normal 0 0 -1
    outer loop
      vertex 31.65279444456561 -1.0474219521045969 0
      vertex 31.716960882788463 0.7900644251074854 0
      vertex 31.716960882788463 -0.7900644251074854 0
    endloop
  endfacet
  facet normal 0 0 -1
    outer loop
      vertex 31.716960882788463 -0.7900644251074854 0
      vertex 31.763018661217966 0.5288577836482486 0
      vertex 31.763018661217966 -0.5288577836482486 0
    endloop
  endfacet
  facet normal 0.7034474041890799 -0.07393530146692198 -0.7068913075831678
    outer loop
      vertex 31.96107227496628 -0.5566924038402618 0.2
      vertex 31.79074339098733 -0.26507460022767615 0
      vertex 31.990256201039298 -0.2790258949765012 0.2
    endloop
  endfacet
  facet normal 0 0 -1
    outer loop
      vertex 31.763018661217966 -0.5288577836482486 0
      vertex 31.79074339098733 0.26507460022767615 0
      vertex 31.79074339098733 -0.26507460022767615 0
    endloop
  endfacet
  facet normal 0.7068913075831593 -0.024685188407837958 -0.7068913075831679
    outer loop
      vertex 31.79074339098733 -0.26507460022767615 0
      vertex 31.8 0 0
      vertex 31.990256201039298 -0.2790258949765012 0.2
    endloop
  endfacet
  facet normal 0.706891307583165 -0.024685188407830103 -0.7068913075831624
    outer loop
      vertex 31.990256201039298 -0.2790258949765012 0.2
      vertex 31.8 0 0
      vertex 32 0 0.2
    endloop
  endfacet
  facet normal -0.706891307583165 0.02468518840783012 -0.7068913075831624
    outer loop
      vertex 24.2 0 0
      vertex 24 0 0.2
      vertex 24.009743798960702 0.2790258949765012 0.2
    endloop
  endfacet
  facet normal -0.7034474041890799 0.07393530146692195 -0.7068913075831676
    outer loop
      vertex 24.20925660901267 0.26507460022767615 0
      vertex 24.009743798960702 0.2790258949765012 0.2
      vertex 24.03892772503372 0.5566924038402618 0.2
    endloop
  endfacet
  facet normal -0.6965763757520815 0.12282520916920747 -0.706891307583164
    outer loop
      vertex 24.236981338782034 0.5288577836482486 0
      vertex 24.03892772503372 0.5566924038402618 0.2
      vertex 24.087409597064777 0.8316467632710374 0.2
    endloop
  endfacet
  facet normal 0 0 -1
    outer loop
      vertex 24.20925660901267 -0.26507460022767615 0
      vertex 24.2 0 0
      vertex 24.20925660901267 0.26507460022767615 0
    endloop
  endfacet
  facet normal 0 0 -1
    outer loop
      vertex 24.20925660901267 -0.26507460022767615 0
      vertex 24.20925660901267 0.26507460022767615 0
      vertex 24.236981338782034 0.5288577836482486 0
    endloop
  endfacet
  facet normal -0.7068913075831592 0.02468518840783795 -0.7068913075831679
    outer loop
      vertex 24.2 0 0
      vertex 24.009743798960702 0.2790258949765012 0.2
      vertex 24.20925660901267 0.26507460022767615 0
    endloop
  endfacet
  facet normal 0 0 -1
    outer loop
      vertex 24.236981338782034 -0.5288577836482486 0
      vertex 24.236981338782034 0.5288577836482486 0
      vertex 24.283039117211537 0.7900644251074854 0
    endloop
  endfacet
  facet normal 0 0 -1
    outer loop
      vertex 24.283039117211537 -0.7900644251074854 0
      vertex 24.283039117211537 0.7900644251074854 0
      vertex 24.34720555543439 1.0474219521045969 0
    endloop
  endfacet
  facet normal 0 0 -1
    outer loop
      vertex 24.34720555543439 -1.0474219521045969 0
      vertex 24.34720555543439 1.0474219521045969 0
      vertex 24.429168041013547 1.2996765446375411 0
    endloop
  endfacet
  facet normal -0.7034474041890844 0.07393530146691676 -0.7068913075831639
    outer loop
      vertex 24.20925660901267 0.26507460022767615 0
      vertex 24.03892772503372 0.5566924038402618 0.2
      vertex 24.236981338782034 0.5288577836482486 0
    endloop
  endfacet
  facet normal 0 0 -1
    outer loop
      vertex 24.429168041013547 -1.2996765446375411 0
      vertex 24.429168041013547 1.2996765446375411 0
      vertex 24.528527260958118 1.5455992436880408 0
    endloop
  endfacet
  facet normal 0 0 -1
    outer loop
      vertex 24.528527260958118 -1.5455992436880408 0
      vertex 24.528527260958118 1.5455992436880408 0
      vertex 24.644799147136077 1.783991938586385 0
    endloop
  endfacet
  facet normal 0 0 -1
    outer loop
      vertex 24.644799147136077 -1.783991938586385 0
      vertex 24.644799147136077 1.783991938586385 0
      vertex 24.777417234605583 2.0136932040861786 0
    endloop
  endfacet
  facet normal 0 0 -1
    outer loop
      vertex 24.777417234605583 -2.0136932040861786 0
      vertex 24.777417234605583 2.0136932040861786 0
      vertex 24.9257354213752 2.2335839587113977 0
    endloop
  endfacet
  facet normal -0.696576375752085 0.12282520916920381 -0.7068913075831611
    outer loop
      vertex 24.236981338782034 0.5288577836482486 0
      vertex 24.087409597064777 0.8316467632710374 0.2
      vertex 24.283039117211537 0.7900644251074854 0
    endloop
  endfacet
  facet normal -0.6863116972320242 0.17111672479878015 -0.706891307583165
    outer loop
      vertex 24.283039117211537 0.7900644251074854 0
      vertex 24.154953216246724 1.1025494232679967 0.2
      vertex 24.34720555543439 1.0474219521045969 0
    endloop
  endfacet
  facet normal 0 0 -1
    outer loop
      vertex 24.9257354213752 -2.2335839587113977 0
      vertex 24.9257354213752 2.2335839587113977 0
      vertex 25.089031116147883 2.442592916808849 0
    endloop
  endfacet
  facet normal 0 0 -1
    outer loop
      vertex 25.089031116147883 -2.442592916808849 0
      vertex 25.089031116147883 2.442592916808849 0
      vertex 25.266508758713126 2.6397018077441894 0
    endloop
  endfacet
  facet normal 0 0 -1
    outer loop
      vertex 25.266508758713126 -2.6397018077441894 0
      vertex 25.266508758713126 2.6397018077441894 0
      vertex 25.457303695836337 2.823950336814098 0
    endloop
  endfacet
  facet normal 0 0 -1
    outer loop
      vertex 25.457303695836337 -2.823950336814098 0
      vertex 25.457303695836337 2.823950336814098 0
      vertex 25.660486393762497 2.994440863705543 0
    endloop
  endfacet
  facet normal -0.6863116972320292 0.17111672479877582 -0.7068913075831613
    outer loop
      vertex 24.087409597064777 0.8316467632710374 0.2
      vertex 24.154953216246724 1.1025494232679967 0.2
      vertex 24.283039117211537 0.7900644251074854 0
    endloop
  endfacet
  facet normal -0.6727033771108686 0.21857457694570914 -0.706891307583165
    outer loop
      vertex 24.241229516856365 1.3680805733026749 0.2
      vertex 24.429168041013547 1.2996765446375411 0
      vertex 24.34720555543439 1.0474219521045969 0
    endloop
  endfacet
  facet normal -0.6727033771108687 0.21857457694570906 -0.7068913075831649
    outer loop
      vertex 24.154953216246724 1.1025494232679967 0.2
      vertex 24.241229516856365 1.3680805733026749 0.2
      vertex 24.34720555543439 1.0474219521045969 0
    endloop
  endfacet
  facet normal -0.6558177137563272 0.2649675557248162 -0.7068913075831676
    outer loop
      vertex 24.429168041013547 1.2996765446375411 0
      vertex 24.345818169429595 1.6269465723032008 0.2
      vertex 24.528527260958118 1.5455992436880408 0
    endloop
  endfacet
  facet normal -0.6558177137563311 0.26496755572481345 -0.706891307583165
    outer loop
      vertex 24.241229516856365 1.3680805733026749 0.2
      vertex 24.345818169429595 1.6269465723032008 0.2
      vertex 24.429168041013547 1.2996765446375411 0
    endloop
  endfacet
  facet normal 0 0 -1
    outer loop
      vertex 25.660486393762497 -2.994440863705543 0
      vertex 25.660486393762497 2.994440863705543 0
      vertex 25.87506696681116 3.150342775709158 0
    endloop
  endfacet
  facet normal 0 0 -1
    outer loop
      vertex 25.87506696681116 -3.150342775709158 0
      vertex 25.87506696681116 3.150342775709158 0
      vertex 26.1 3.2908965343808667 0
    endloop
  endfacet
  facet normal 0 0 -1
    outer loop
      vertex 26.1 -3.2908965343808667 0
      vertex 26.1 3.2908965343808667 0
      vertex 26.334189642201505 3.4154173759368347 0
    endloop
  endfacet
  facet normal 0 0 -1
    outer loop
      vertex 26.334189642201505 -3.4154173759368347 0
      vertex 26.334189642201505 3.4154173759368347 0
      vertex 26.576494945019533 3.523298647353792 0
    endloop
  endfacet
  facet normal 0 0 -1
    outer loop
      vertex 26.576494945019533 -3.523298647353792 0
      vertex 26.576494945019533 3.523298647353792 0
      vertex 26.8257354213752 3.614014761921583 0
    endloop
  endfacet
  facet normal 0 0 -1
    outer loop
      vertex 26.8257354213752 -3.614014761921583 0
      vertex 26.8257354213752 3.614014761921583 0
      vertex 27.080696796721263 3.6871237598487863 0
    endloop
  endfacet
  facet normal 0 0 -1
    outer loop
      vertex 27.080696796721263 -3.6871237598487863 0
      vertex 27.080696796721263 3.6871237598487863 0
      vertex 27.340136924865664 3.7422694614463903 0
    endloop
  endfacet
  facet normal -0.6357369724229461 0.31006963920686126 -0.7068913075831622
    outer loop
      vertex 24.468209628564292 1.8778862511435632 0.2
      vertex 24.644799147136077 1.783991938586385 0
      vertex 24.528527260958118 1.5455992436880408 0
    endloop
  endfacet
  facet normal -0.6357369724229385 0.31006963920686587 -0.7068913075831674
    outer loop
      vertex 24.345818169429595 1.6269465723032008 0.2
      vertex 24.468209628564292 1.8778862511435632 0.2
      vertex 24.528527260958118 1.5455992436880408 0
    endloop
  endfacet
  facet normal -0.6125589844639578 0.35366109457479694 -0.706891307583168
    outer loop
      vertex 24.644799147136077 1.783991938586385 0
      vertex 24.607807615374295 2.1196770569328196 0.2
      vertex 24.777417234605583 2.0136932040861786 0
    endloop
  endfacet
  facet normal -0.6125589844639668 0.3536610945747927 -0.7068913075831625
    outer loop
      vertex 24.468209628564292 1.8778862511435632 0.2
      vertex 24.607807615374295 2.1196770569328196 0.2
      vertex 24.644799147136077 1.783991938586385 0
    endloop
  endfacet
  facet normal 0 0 -1
    outer loop
      vertex 30.12493303318884 -3.150342775709158 0
      vertex 30.12493303318884 3.150342775709158 0
      vertex 30.339513606237503 2.994440863705543 0
    endloop
  endfacet
  facet normal 0 0 -1
    outer loop
      vertex 31.79074339098733 -0.26507460022767615 0
      vertex 31.79074339098733 0.26507460022767615 0
      vertex 31.8 0 0
    endloop
  endfacet
  facet normal 0 0 -1
    outer loop
      vertex 31.763018661217966 -0.5288577836482486 0
      vertex 31.763018661217966 0.5288577836482486 0
      vertex 31.79074339098733 0.26507460022767615 0
    endloop
  endfacet
  facet normal 0 0 -1
    outer loop
      vertex 31.716960882788463 -0.7900644251074854 0
      vertex 31.716960882788463 0.7900644251074854 0
      vertex 31.763018661217966 0.5288577836482486 0
    endloop
  endfacet
  facet normal 0.7068913075831592 0.02468518840783795 -0.7068913075831679
    outer loop
      vertex 31.8 0 0
      vertex 31.79074339098733 0.26507460022767615 0
      vertex 31.990256201039298 0.2790258949765012 0.2
    endloop
  endfacet
  facet normal 0.706891307583165 0.02468518840783012 -0.7068913075831624
    outer loop
      vertex 31.8 0 0
      vertex 31.990256201039298 0.2790258949765012 0.2
      vertex 32 0 0.2
    endloop
  endfacet
  facet normal 0 0 -1
    outer loop
      vertex 31.65279444456561 -1.0474219521045969 0
      vertex 31.65279444456561 1.0474219521045969 0
      vertex 31.716960882788463 0.7900644251074854 0
    endloop
  endfacet
  facet normal 0 0 -1
    outer loop
      vertex 31.570831958986453 -1.2996765446375411 0
      vertex 31.570831958986453 1.2996765446375411 0
      vertex 31.65279444456561 1.0474219521045969 0
    endloop
  endfacet
  facet normal 0 0 -1
    outer loop
      vertex 31.471472739041882 -1.5455992436880408 0
      vertex 31.471472739041882 1.5455992436880408 0
      vertex 31.570831958986453 1.2996765446375411 0
    endloop
  endfacet
  facet normal 0.7034474041890844 0.07393530146691676 -0.7068913075831639
    outer loop
      vertex 31.79074339098733 0.26507460022767615 0
      vertex 31.763018661217966 0.5288577836482486 0
      vertex 31.96107227496628 0.5566924038402618 0.2
    endloop
  endfacet
  facet normal 0.7034474041890799 0.07393530146692195 -0.7068913075831676
    outer loop
      vertex 31.79074339098733 0.26507460022767615 0
      vertex 31.96107227496628 0.5566924038402618 0.2
      vertex 31.990256201039298 0.2790258949765012 0.2
    endloop
  endfacet
  facet normal 0 0 -1
    outer loop
      vertex 31.0742645786248 -2.2335839587113977 0
      vertex 31.0742645786248 2.2335839587113977 0
      vertex 31.222582765394417 2.0136932040861786 0
    endloop
  endfacet
  facet normal 0 0 -1
    outer loop
      vertex 30.910968883852117 -2.442592916808849 0
      vertex 30.910968883852117 2.442592916808849 0
      vertex 31.0742645786248 2.2335839587113977 0
    endloop
  endfacet
  facet normal 0 0 -1
    outer loop
      vertex 31.355200852863923 -1.783991938586385 0
      vertex 31.355200852863923 1.783991938586385 0
      vertex 31.471472739041882 1.5455992436880408 0
    endloop
  endfacet
  facet normal 0 0 -1
    outer loop
      vertex 31.222582765394417 -2.0136932040861786 0
      vertex 31.222582765394417 2.0136932040861786 0
      vertex 31.355200852863923 1.783991938586385 0
    endloop
  endfacet
  facet normal 0.6965763757520851 0.12282520916920382 -0.7068913075831612
    outer loop
      vertex 31.716960882788463 0.7900644251074854 0
      vertex 31.912590402935223 0.8316467632710374 0.2
      vertex 31.763018661217966 0.5288577836482486 0
    endloop
  endfacet
  facet normal 0.6965763757520815 0.12282520916920747 -0.706891307583164
    outer loop
      vertex 31.763018661217966 0.5288577836482486 0
      vertex 31.912590402935223 0.8316467632710374 0.2
      vertex 31.96107227496628 0.5566924038402618 0.2
    endloop
  endfacet
  facet normal 0 0 -1
    outer loop
      vertex 30.733491241286874 -2.6397018077441894 0
      vertex 30.733491241286874 2.6397018077441894 0
      vertex 30.910968883852117 2.442592916808849 0
    endloop
  endfacet
  facet normal 0 0 -1
    outer loop
      vertex 30.542696304163663 -2.823950336814098 0
      vertex 30.542696304163663 2.823950336814098 0
      vertex 30.733491241286874 2.6397018077441894 0
    endloop
  endfacet
  facet normal 0 0 -1
    outer loop
      vertex 30.339513606237503 -2.994440863705543 0
      vertex 30.339513606237503 2.994440863705543 0
      vertex 30.542696304163663 2.823950336814098 0
    endloop
  endfacet
  facet normal 0.6863116972320242 0.17111672479878015 -0.706891307583165
    outer loop
      vertex 31.716960882788463 0.7900644251074854 0
      vertex 31.65279444456561 1.0474219521045969 0
      vertex 31.845046783753276 1.1025494232679967 0.2
    endloop
  endfacet
  facet normal 0.6863116972320292 0.17111672479877582 -0.7068913075831613
    outer loop
      vertex 31.716960882788463 0.7900644251074854 0
      vertex 31.845046783753276 1.1025494232679967 0.2
      vertex 31.912590402935223 0.8316467632710374 0.2
    endloop
  endfacet
  facet normal 0 0 -1
    outer loop
      vertex 28.397208160417083 -3.7791832023994383 0
      vertex 28.397208160417083 3.7791832023994383 0
      vertex 28.659863075134336 3.7422694614463903 0
    endloop
  endfacet
  facet normal 0 0 -1
    outer loop
      vertex 28.659863075134336 -3.7422694614463903 0
      vertex 28.659863075134336 3.7422694614463903 0
      vertex 28.919303203278737 3.6871237598487863 0
    endloop
  endfacet
  facet normal 0 0 -1
    outer loop
      vertex 27.340136924865664 -3.7422694614463903 0
      vertex 27.340136924865664 3.7422694614463903 0
      vertex 27.602791839582917 3.7791832023994383 0
    endloop
  endfacet
  facet normal 0 0 -1
    outer loop
      vertex 27.602791839582917 -3.7791832023994383 0
      vertex 27.602791839582917 3.7791832023994383 0
      vertex 27.867381912530497 3.7976851426725635 0
    endloop
  endfacet
  facet normal 0 0 -1
    outer loop
      vertex 27.867381912530497 -3.7976851426725635 0
      vertex 27.867381912530497 3.7976851426725635 0
      vertex 28.132618087469503 3.7976851426725635 0
    endloop
  endfacet
  facet normal 0 0 -1
    outer loop
      vertex 28.132618087469503 -3.7976851426725635 0
      vertex 28.132618087469503 3.7976851426725635 0
      vertex 28.397208160417083 3.7791832023994383 0
    endloop
  endfacet
  facet normal 0 0 -1
    outer loop
      vertex 28.919303203278737 -3.6871237598487863 0
      vertex 28.919303203278737 3.6871237598487863 0
      vertex 29.1742645786248 3.614014761921583 0
    endloop
  endfacet
  facet normal 0 0 -1
    outer loop
      vertex 29.1742645786248 -3.614014761921583 0
      vertex 29.1742645786248 3.614014761921583 0
      vertex 29.423505054980467 3.523298647353792 0
    endloop
  endfacet
  facet normal 0 0 -1
    outer loop
      vertex 29.423505054980467 -3.523298647353792 0
      vertex 29.423505054980467 3.523298647353792 0
      vertex 29.665810357798495 3.4154173759368347 0
    endloop
  endfacet
  facet normal 0 0 -1
    outer loop
      vertex 29.9 -3.2908965343808667 0
      vertex 29.9 3.2908965343808667 0
      vertex 30.12493303318884 3.150342775709158 0
    endloop
  endfacet
  facet normal 0 0 -1
    outer loop
      vertex 29.665810357798495 -3.4154173759368347 0
      vertex 29.665810357798495 3.4154173759368347 0
      vertex 29.9 3.2908965343808667 0
    endloop
  endfacet
  facet normal 0.6727033771108687 0.2185745769457091 -0.706891307583165
    outer loop
      vertex 31.65279444456561 1.0474219521045969 0
      vertex 31.570831958986453 1.2996765446375411 0
      vertex 31.758770483143635 1.3680805733026749 0.2
    endloop
  endfacet
  facet normal 0.6727033771108686 0.21857457694570906 -0.7068913075831649
    outer loop
      vertex 31.65279444456561 1.0474219521045969 0
      vertex 31.758770483143635 1.3680805733026749 0.2
      vertex 31.845046783753276 1.1025494232679967 0.2
    endloop
  endfacet
  facet normal 0.6558177137563272 0.2649675557248162 -0.7068913075831676
    outer loop
      vertex 31.471472739041882 1.5455992436880408 0
      vertex 31.654181830570405 1.6269465723032008 0.2
      vertex 31.570831958986453 1.2996765446375411 0
    endloop
  endfacet
  facet normal 0.6558177137563312 0.2649675557248135 -0.7068913075831649
    outer loop
      vertex 31.570831958986453 1.2996765446375411 0
      vertex 31.654181830570405 1.6269465723032008 0.2
      vertex 31.758770483143635 1.3680805733026749 0.2
    endloop
  endfacet
  facet normal 0.6357369724229461 0.31006963920686126 -0.7068913075831622
    outer loop
      vertex 31.471472739041882 1.5455992436880408 0
      vertex 31.355200852863923 1.783991938586385 0
      vertex 31.531790371435708 1.8778862511435632 0.2
    endloop
  endfacet
  facet normal 0.6357369724229385 0.31006963920686587 -0.7068913075831674
    outer loop
      vertex 31.471472739041882 1.5455992436880408 0
      vertex 31.531790371435708 1.8778862511435632 0.2
      vertex 31.654181830570405 1.6269465723032008 0.2
    endloop
  endfacet
  facet normal 0.6125589844639578 0.35366109457479694 -0.706891307583168
    outer loop
      vertex 31.355200852863923 1.783991938586385 0
      vertex 31.222582765394417 2.0136932040861786 0
      vertex 31.392192384625705 2.1196770569328196 0.2
    endloop
  endfacet
  facet normal 0.6125589844639668 0.3536610945747928 -0.7068913075831624
    outer loop
      vertex 31.355200852863923 1.783991938586385 0
      vertex 31.392192384625705 2.1196770569328196 0.2
      vertex 31.531790371435708 1.8778862511435632 0.2
    endloop
  endfacet
  facet normal -0.5863966707068909 0.3955295486398409 -0.7068913075831657
    outer loop
      vertex 24.777417234605583 2.0136932040861786 0
      vertex 24.76393202250021 2.3511410091698925 0.2
      vertex 24.9257354213752 2.2335839587113977 0
    endloop
  endfacet
  facet normal -0.5863966707068877 0.3955295486398422 -0.7068913075831676
    outer loop
      vertex 24.607807615374295 2.1196770569328196 0.2
      vertex 24.76393202250021 2.3511410091698925 0.2
      vertex 24.777417234605583 2.0136932040861786 0
    endloop
  endfacet
  facet normal -0.5573774913145267 0.43547102250240766 -0.7068913075831618
    outer loop
      vertex 24.9257354213752 2.2335839587113977 0
      vertex 24.93582222752409 2.571150438746157 0.2
      vertex 25.089031116147883 2.442592916808849 0
    endloop
  endfacet
  facet normal -0.5573774913145204 0.43547102250240965 -0.7068913075831657
    outer loop
      vertex 24.9257354213752 2.2335839587113977 0
      vertex 24.76393202250021 2.3511410091698925 0.2
      vertex 24.93582222752409 2.571150438746157 0.2
    endloop
  endfacet
  facet normal -0.525642824811857 0.4732909253167401 -0.7068913075831642
    outer loop
      vertex 25.089031116147883 2.442592916808849 0
      vertex 25.122640798645396 2.778633481835989 0.2
      vertex 25.266508758713126 2.6397018077441894 0
    endloop
  endfacet
  facet normal -0.5256428248118606 0.47329092531673905 -0.706891307583162
    outer loop
      vertex 24.93582222752409 2.571150438746157 0.2
      vertex 25.122640798645396 2.778633481835989 0.2
      vertex 25.089031116147883 2.442592916808849 0
    endloop
  endfacet
  facet normal -0.4913472793041466 0.5088050023179607 -0.7068913075831624
    outer loop
      vertex 25.266508758713126 2.6397018077441894 0
      vertex 25.323477574564567 2.972579301909577 0.2
      vertex 25.457303695836337 2.823950336814098 0
    endloop
  endfacet
  facet normal -0.454657939241715 0.5418402324927938 -0.7068913075831615
    outer loop
      vertex 25.457303695836337 2.823950336814098 0
      vertex 25.537354098697367 3.1520430144268876 0.2
      vertex 25.660486393762497 2.994440863705543 0
    endloop
  endfacet
  facet normal -0.4913472793041436 0.5088050023179611 -0.7068913075831641
    outer loop
      vertex 25.122640798645396 2.778633481835989 0.2
      vertex 25.323477574564567 2.972579301909577 0.2
      vertex 25.266508758713126 2.6397018077441894 0
    endloop
  endfacet
  facet normal -0.45465793924171344 0.541840232492794 -0.7068913075831624
    outer loop
      vertex 25.457303695836337 2.823950336814098 0
      vertex 25.323477574564567 2.972579301909577 0.2
      vertex 25.537354098697367 3.1520430144268876 0.2
    endloop
  endfacet
  facet normal -0.4157535514013549 0.5722356715205096 -0.7068913075831618
    outer loop
      vertex 25.660486393762497 2.994440863705543 0
      vertex 25.537354098697367 3.1520430144268876 0.2
      vertex 25.763228386117014 3.3161502902201665 0.2
    endloop
  endfacet
  facet normal -0.4157535514013546 0.5722356715205096 -0.7068913075831621
    outer loop
      vertex 25.660486393762497 2.994440863705543 0
      vertex 25.763228386117014 3.3161502902201665 0.2
      vertex 25.87506696681116 3.150342775709158 0
    endloop
  endfacet
  facet normal -0.37482365404996654 0.5998432358775035 -0.706891307583165
    outer loop
      vertex 25.87506696681116 3.150342775709158 0
      vertex 26 3.4641016151377544 0.2
      vertex 26.1 3.2908965343808667 0
    endloop
  endfacet
  facet normal -0.33206765353319884 0.6245284242853354 -0.7068913075831613
    outer loop
      vertex 26.1 3.2908965343808667 0
      vertex 26.246515412843692 3.595176185196668 0.2
      vertex 26.334189642201505 3.4154173759368347 0
    endloop
  endfacet
  facet normal -0.3748236540499713 0.5998432358775038 -0.7068913075831623
    outer loop
      vertex 25.87506696681116 3.150342775709158 0
      vertex 25.763228386117014 3.3161502902201665 0.2
      vertex 26 3.4641016151377544 0.2
    endloop
  endfacet
  facet normal -0.33206765353319273 0.6245284242853347 -0.7068913075831648
    outer loop
      vertex 26.1 3.2908965343808667 0
      vertex 26 3.4641016151377544 0.2
      vertex 26.246515412843692 3.595176185196668 0.2
    endloop
  endfacet
  facet normal -0.2876938527877291 0.6461709729874272 -0.706891307583163
    outer loop
      vertex 26.334189642201505 3.4154173759368347 0
      vertex 26.501573626336352 3.7087354182671497 0.2
      vertex 26.576494945019533 3.523298647353792 0
    endloop
  endfacet
  facet normal -0.24191843651036649 0.6646654416620023 -0.706891307583164
    outer loop
      vertex 26.576494945019533 3.523298647353792 0
      vertex 26.76393202250021 3.804226065180614 0.2
      vertex 26.8257354213752 3.614014761921583 0
    endloop
  endfacet
  facet normal -0.1949644179278832 0.6799217271167363 -0.7068913075831645
    outer loop
      vertex 26.8257354213752 3.614014761921583 0
      vertex 27.03231241760133 3.881182905103986 0.2
      vertex 27.080696796721263 3.6871237598487863 0
    endloop
  endfacet
  facet normal -0.2876938527877315 0.6461709729874276 -0.7068913075831618
    outer loop
      vertex 26.334189642201505 3.4154173759368347 0
      vertex 26.246515412843692 3.595176185196668 0.2
      vertex 26.501573626336352 3.7087354182671497 0.2
    endloop
  endfacet
  facet normal -0.2419184365103676 0.6646654416620025 -0.7068913075831632
    outer loop
      vertex 26.576494945019533 3.523298647353792 0
      vertex 26.501573626336352 3.7087354182671497 0.2
      vertex 26.76393202250021 3.804226065180614 0.2
    endloop
  endfacet
  facet normal -0.1470605522990101 0.6918655022624525 -0.7068913075831635
    outer loop
      vertex 27.080696796721263 3.6871237598487863 0
      vertex 27.30540728933228 3.939231012048832 0.2
      vertex 27.340136924865664 3.7422694614463903 0
    endloop
  endfacet
  facet normal -0.19496441792788416 0.6799217271167366 -0.706891307583164
    outer loop
      vertex 26.8257354213752 3.614014761921583 0
      vertex 26.76393202250021 3.804226065180614 0.2
      vertex 27.03231241760133 3.881182905103986 0.2
    endloop
  endfacet
  facet normal -0.1470605522990085 0.6918655022624518 -0.7068913075831644
    outer loop
      vertex 27.080696796721263 3.6871237598487863 0
      vertex 27.03231241760133 3.881182905103986 0.2
      vertex 27.30540728933228 3.939231012048832 0.2
    endloop
  endfacet
  facet normal 0.5863966707068909 0.3955295486398409 -0.7068913075831658
    outer loop
      vertex 31.0742645786248 2.2335839587113977 0
      vertex 31.23606797749979 2.3511410091698925 0.2
      vertex 31.222582765394417 2.0136932040861786 0
    endloop
  endfacet
  facet normal 0.5863966707068877 0.3955295486398423 -0.7068913075831678
    outer loop
      vertex 31.222582765394417 2.0136932040861786 0
      vertex 31.23606797749979 2.3511410091698925 0.2
      vertex 31.392192384625705 2.1196770569328196 0.2
    endloop
  endfacet
  facet normal 0.5573774913145267 0.43547102250240766 -0.7068913075831618
    outer loop
      vertex 30.910968883852117 2.442592916808849 0
      vertex 31.06417777247591 2.571150438746157 0.2
      vertex 31.0742645786248 2.2335839587113977 0
    endloop
  endfacet
  facet normal 0.5573774913145204 0.43547102250240965 -0.7068913075831657
    outer loop
      vertex 31.0742645786248 2.2335839587113977 0
      vertex 31.06417777247591 2.571150438746157 0.2
      vertex 31.23606797749979 2.3511410091698925 0.2
    endloop
  endfacet
  facet normal 0.525642824811857 0.4732909253167401 -0.7068913075831642
    outer loop
      vertex 30.910968883852117 2.442592916808849 0
      vertex 30.733491241286874 2.6397018077441894 0
      vertex 30.877359201354604 2.778633481835989 0.2
    endloop
  endfacet
  facet normal 0.5256428248118606 0.47329092531673916 -0.706891307583162
    outer loop
      vertex 30.910968883852117 2.442592916808849 0
      vertex 30.877359201354604 2.778633481835989 0.2
      vertex 31.06417777247591 2.571150438746157 0.2
    endloop
  endfacet
  facet normal 0.4913472793041466 0.5088050023179607 -0.7068913075831624
    outer loop
      vertex 30.733491241286874 2.6397018077441894 0
      vertex 30.542696304163663 2.823950336814098 0
      vertex 30.676522425435433 2.972579301909577 0.2
    endloop
  endfacet
  facet normal 0.4546579392417151 0.5418402324927939 -0.7068913075831617
    outer loop
      vertex 30.339513606237503 2.994440863705543 0
      vertex 30.462645901302633 3.1520430144268876 0.2
      vertex 30.542696304163663 2.823950336814098 0
    endloop
  endfacet
  facet normal 0.4913472793041435 0.5088050023179611 -0.7068913075831641
    outer loop
      vertex 30.733491241286874 2.6397018077441894 0
      vertex 30.676522425435433 2.972579301909577 0.2
      vertex 30.877359201354604 2.778633481835989 0.2
    endloop
  endfacet
  facet normal 0.45465793924171344 0.541840232492794 -0.7068913075831624
    outer loop
      vertex 30.542696304163663 2.823950336814098 0
      vertex 30.462645901302633 3.1520430144268876 0.2
      vertex 30.676522425435433 2.972579301909577 0.2
    endloop
  endfacet
  facet normal 0.4157535514013546 0.5722356715205096 -0.7068913075831621
    outer loop
      vertex 30.339513606237503 2.994440863705543 0
      vertex 30.12493303318884 3.150342775709158 0
      vertex 30.236771613882986 3.3161502902201665 0.2
    endloop
  endfacet
  facet normal 0.4157535514013549 0.5722356715205096 -0.7068913075831618
    outer loop
      vertex 30.339513606237503 2.994440863705543 0
      vertex 30.236771613882986 3.3161502902201665 0.2
      vertex 30.462645901302633 3.1520430144268876 0.2
    endloop
  endfacet
  facet normal 0.37482365404996654 0.5998432358775035 -0.706891307583165
    outer loop
      vertex 29.9 3.2908965343808667 0
      vertex 30 3.4641016151377544 0.2
      vertex 30.12493303318884 3.150342775709158 0
    endloop
  endfacet
  facet normal 0.33206765353319884 0.6245284242853354 -0.7068913075831612
    outer loop
      vertex 29.665810357798495 3.4154173759368347 0
      vertex 29.753484587156308 3.595176185196668 0.2
      vertex 29.9 3.2908965343808667 0
    endloop
  endfacet
  facet normal 0.3748236540499713 0.5998432358775038 -0.7068913075831623
    outer loop
      vertex 30.12493303318884 3.150342775709158 0
      vertex 30 3.4641016151377544 0.2
      vertex 30.236771613882986 3.3161502902201665 0.2
    endloop
  endfacet
  facet normal 0.33206765353319273 0.6245284242853347 -0.7068913075831648
    outer loop
      vertex 29.9 3.2908965343808667 0
      vertex 29.753484587156308 3.595176185196668 0.2
      vertex 30 3.4641016151377544 0.2
    endloop
  endfacet
  facet normal -0.0984402224418097 0.7004385782272213 -0.7068913075831643
    outer loop
      vertex 27.340136924865664 3.7422694614463903 0
      vertex 27.581886146929385 3.978087581473093 0.2
      vertex 27.602791839582917 3.7791832023994383 0
    endloop
  endfacet
  facet normal -0.0493403017160506 0.7055991878467076 -0.7068913075831643
    outer loop
      vertex 27.602791839582917 3.7791832023994383 0
      vertex 27.860402013189997 3.997563308076383 0.2
      vertex 27.867381912530497 3.7976851426725635 0
    endloop
  endfacet
  facet normal 0 0.707322189149587 -0.7068913075831643
    outer loop
      vertex 27.867381912530497 3.7976851426725635 0
      vertex 27.860402013189997 3.997563308076383 0.2
      vertex 28.132618087469503 3.7976851426725635 0
    endloop
  endfacet
  facet normal 0.0493403017160506 0.7055991878467076 -0.7068913075831644
    outer loop
      vertex 28.132618087469503 3.7976851426725635 0
      vertex 28.139597986810003 3.997563308076383 0.2
      vertex 28.397208160417083 3.7791832023994383 0
    endloop
  endfacet
  facet normal 0.1470605522990101 0.6918655022624525 -0.7068913075831634
    outer loop
      vertex 28.659863075134336 3.7422694614463903 0
      vertex 28.69459271066772 3.939231012048832 0.2
      vertex 28.919303203278737 3.6871237598487863 0
    endloop
  endfacet
  facet normal 0.0984402224418097 0.7004385782272213 -0.7068913075831643
    outer loop
      vertex 28.397208160417083 3.7791832023994383 0
      vertex 28.418113853070615 3.978087581473093 0.2
      vertex 28.659863075134336 3.7422694614463903 0
    endloop
  endfacet
  facet normal -0.09844022244181073 0.7004385782272218 -0.7068913075831637
    outer loop
      vertex 27.340136924865664 3.7422694614463903 0
      vertex 27.30540728933228 3.939231012048832 0.2
      vertex 27.581886146929385 3.978087581473093 0.2
    endloop
  endfacet
  facet normal -0.049340301716050874 0.7055991878467077 -0.7068913075831643
    outer loop
      vertex 27.602791839582917 3.7791832023994383 0
      vertex 27.581886146929385 3.978087581473093 0.2
      vertex 27.860402013189997 3.997563308076383 0.2
    endloop
  endfacet
  facet normal 0 0.707322189149587 -0.7068913075831643
    outer loop
      vertex 27.860402013189997 3.997563308076383 0.2
      vertex 28.139597986810003 3.997563308076383 0.2
      vertex 28.132618087469503 3.7976851426725635 0
    endloop
  endfacet
  facet normal 0.04934030171605082 0.7055991878467077 -0.7068913075831643
    outer loop
      vertex 28.139597986810003 3.997563308076383 0.2
      vertex 28.418113853070615 3.978087581473093 0.2
      vertex 28.397208160417083 3.7791832023994383 0
    endloop
  endfacet
  facet normal 0.09844022244181075 0.7004385782272218 -0.7068913075831637
    outer loop
      vertex 28.418113853070615 3.978087581473093 0.2
      vertex 28.69459271066772 3.939231012048832 0.2
      vertex 28.659863075134336 3.7422694614463903 0
    endloop
  endfacet
  facet normal 0.2876938527877291 0.6461709729874272 -0.706891307583163
    outer loop
      vertex 29.423505054980467 3.523298647353792 0
      vertex 29.498426373663648 3.7087354182671497 0.2
      vertex 29.665810357798495 3.4154173759368347 0
    endloop
  endfacet
  facet normal 0.1949644179278832 0.6799217271167363 -0.7068913075831645
    outer loop
      vertex 28.919303203278737 3.6871237598487863 0
      vertex 28.96768758239867 3.881182905103986 0.2
      vertex 29.1742645786248 3.614014761921583 0
    endloop
  endfacet
  facet normal 0.24191843651036649 0.6646654416620023 -0.706891307583164
    outer loop
      vertex 29.1742645786248 3.614014761921583 0
      vertex 29.23606797749979 3.804226065180614 0.2
      vertex 29.423505054980467 3.523298647353792 0
    endloop
  endfacet
  facet normal 0.24191843651036765 0.6646654416620025 -0.7068913075831633
    outer loop
      vertex 29.23606797749979 3.804226065180614 0.2
      vertex 29.498426373663648 3.7087354182671497 0.2
      vertex 29.423505054980467 3.523298647353792 0
    endloop
  endfacet
  facet normal 0.2876938527877316 0.6461709729874278 -0.7068913075831617
    outer loop
      vertex 29.498426373663648 3.7087354182671497 0.2
      vertex 29.753484587156308 3.595176185196668 0.2
      vertex 29.665810357798495 3.4154173759368347 0
    endloop
  endfacet
  facet normal 0.1949644179278842 0.6799217271167366 -0.706891307583164
    outer loop
      vertex 28.96768758239867 3.881182905103986 0.2
      vertex 29.23606797749979 3.804226065180614 0.2
      vertex 29.1742645786248 3.614014761921583 0
    endloop
  endfacet
  facet normal 0.1470605522990085 0.6918655022624518 -0.7068913075831644
    outer loop
      vertex 28.69459271066772 3.939231012048832 0.2
      vertex 28.96768758239867 3.881182905103986 0.2
      vertex 28.919303203278737 3.6871237598487863 0
    endloop
  endfacet
  facet normal -0.20791169081775776 -0.9781476007338059 0
    outer loop
      vertex 27.03231241760133 -3.881182905103986 0.2
      vertex 27.30540728933228 -3.939231012048832 0.2
      vertex 27.30540728933228 -3.939231012048832 3.4000000000000004
    endloop
  endfacet
  facet normal -0.34202014332566844 -0.9396926207859085 0
    outer loop
      vertex 26.501573626336352 -3.7087354182671497 0.2
      vertex 26.76393202250021 -3.804226065180614 0.2
      vertex 26.76393202250021 -3.804226065180614 3.4000000000000004
    endloop
  endfacet
  facet normal -0.27563735581699994 -0.9612616959383186 0
    outer loop
      vertex 26.76393202250021 -3.804226065180614 0.2
      vertex 27.03231241760133 -3.881182905103986 0.2
      vertex 27.03231241760133 -3.881182905103986 3.4000000000000004
    endloop
  endfacet
  facet normal -0.40673664307580193 -0.9135454576426001 0
    outer loop
      vertex 26.246515412843692 -3.595176185196668 0.2
      vertex 26.501573626336352 -3.7087354182671497 0.2
      vertex 26.501573626336352 -3.7087354182671497 3.4000000000000004
    endloop
  endfacet
  facet normal -0.46947156278588914 -0.8829475928589279 0
    outer loop
      vertex 26.246515412843692 -3.595176185196668 0.2
      vertex 26.246515412843692 -3.595176185196668 3.4000000000000004
      vertex 26 -3.4641016151377544 0.2
    endloop
  endfacet
  facet normal -0.6427876096865379 -0.7660444431189792 0
    outer loop
      vertex 25.537354098697367 -3.1520430144268876 0.2
      vertex 25.537354098697367 -3.1520430144268876 3.4000000000000004
      vertex 25.323477574564567 -2.972579301909577 0.2
    endloop
  endfacet
  facet normal -0.5299192642332068 -0.8480480961564248 0
    outer loop
      vertex 25.763228386117014 -3.3161502902201665 0.2
      vertex 26 -3.4641016151377544 0.2
      vertex 26 -3.4641016151377544 3.4000000000000004
    endloop
  endfacet
  facet normal -0.5877852522924719 -0.8090169943749483 0
    outer loop
      vertex 25.537354098697367 -3.1520430144268876 0.2
      vertex 25.763228386117014 -3.3161502902201665 0.2
      vertex 25.763228386117014 -3.3161502902201665 3.4000000000000004
    endloop
  endfacet
  facet normal -0.6946583704589983 -0.7193398003386503 0
    outer loop
      vertex 25.122640798645396 -2.778633481835989 0.2
      vertex 25.323477574564567 -2.972579301909577 0.2
      vertex 25.323477574564567 -2.972579301909577 3.4000000000000004
    endloop
  endfacet
  facet normal -0.743144825477395 -0.6691306063588572 0
    outer loop
      vertex 24.93582222752409 -2.571150438746157 0.2
      vertex 25.122640798645396 -2.778633481835989 0.2
      vertex 24.93582222752409 -2.571150438746157 3.4000000000000004
    endloop
  endfacet
  facet normal -0.7880107536067203 -0.6156614753256603 0
    outer loop
      vertex 24.93582222752409 -2.571150438746157 0.2
      vertex 24.76393202250021 -2.3511410091698925 3.4000000000000004
      vertex 24.76393202250021 -2.3511410091698925 0.2
    endloop
  endfacet
  facet normal -0.8290375725550401 -0.5591929034707493 0
    outer loop
      vertex 24.607807615374295 -2.1196770569328196 0.2
      vertex 24.76393202250021 -2.3511410091698925 0.2
      vertex 24.607807615374295 -2.1196770569328196 3.4000000000000004
    endloop
  endfacet
  facet normal -0.1391731009600664 -0.9902680687415701 0
    outer loop
      vertex 27.30540728933228 -3.939231012048832 0.2
      vertex 27.581886146929385 -3.978087581473093 0.2
      vertex 27.581886146929385 -3.978087581473093 3.4000000000000004
    endloop
  endfacet
  facet normal -0.06975647374412589 -0.9975640502598242 0
    outer loop
      vertex 27.581886146929385 -3.978087581473093 0.2
      vertex 27.860402013189997 -3.997563308076383 0.2
      vertex 27.860402013189997 -3.997563308076383 3.4000000000000004
    endloop
  endfacet
  facet normal 0 -1 0
    outer loop
      vertex 27.860402013189997 -3.997563308076383 0.2
      vertex 28.139597986810003 -3.997563308076383 0.2
      vertex 28.139597986810003 -3.997563308076383 3.4000000000000004
    endloop
  endfacet
  facet normal 0.06975647374412589 -0.9975640502598242 0
    outer loop
      vertex 28.139597986810003 -3.997563308076383 0.2
      vertex 28.418113853070615 -3.978087581473093 0.2
      vertex 28.418113853070615 -3.978087581473093 3.4000000000000004
    endloop
  endfacet
  facet normal 0.1391731009600664 -0.9902680687415701 0
    outer loop
      vertex 28.418113853070615 -3.978087581473093 0.2
      vertex 28.69459271066772 -3.939231012048832 0.2
      vertex 28.69459271066772 -3.939231012048832 3.4000000000000004
    endloop
  endfacet
  facet normal 0.20791169081775776 -0.9781476007338059 0
    outer loop
      vertex 28.69459271066772 -3.939231012048832 0.2
      vertex 28.96768758239867 -3.881182905103986 0.2
      vertex 28.96768758239867 -3.881182905103986 3.4000000000000004
    endloop
  endfacet
  facet normal 0.27563735581699994 -0.9612616959383186 0
    outer loop
      vertex 28.96768758239867 -3.881182905103986 0.2
      vertex 29.23606797749979 -3.804226065180614 0.2
      vertex 29.23606797749979 -3.804226065180614 3.4000000000000004
    endloop
  endfacet
  facet normal 0.34202014332566844 -0.9396926207859085 0
    outer loop
      vertex 29.23606797749979 -3.804226065180614 0.2
      vertex 29.498426373663648 -3.7087354182671497 0.2
      vertex 29.498426373663648 -3.7087354182671497 3.4000000000000004
    endloop
  endfacet
  facet normal 0.40673664307580193 -0.9135454576426001 0
    outer loop
      vertex 29.498426373663648 -3.7087354182671497 0.2
      vertex 29.753484587156308 -3.595176185196668 0.2
      vertex 29.753484587156308 -3.595176185196668 3.4000000000000004
    endloop
  endfacet
  facet normal 0.46947156278588914 -0.8829475928589279 0
    outer loop
      vertex 29.753484587156308 -3.595176185196668 0.2
      vertex 30 -3.4641016151377544 0.2
      vertex 30 -3.4641016151377544 3.4000000000000004
    endloop
  endfacet
  facet normal 0.5299192642332068 -0.8480480961564248 0
    outer loop
      vertex 30 -3.4641016151377544 0.2
      vertex 30.236771613882986 -3.3161502902201665 0.2
      vertex 30.236771613882986 -3.3161502902201665 3.4000000000000004
    endloop
  endfacet
  facet normal 0.5877852522924719 -0.8090169943749483 0
    outer loop
      vertex 30.236771613882986 -3.3161502902201665 0.2
      vertex 30.462645901302633 -3.1520430144268876 0.2
      vertex 30.462645901302633 -3.1520430144268876 3.4000000000000004
    endloop
  endfacet
  facet normal 0.6427876096865379 -0.7660444431189792 0
    outer loop
      vertex 30.462645901302633 -3.1520430144268876 0.2
      vertex 30.676522425435433 -2.972579301909577 0.2
      vertex 30.676522425435433 -2.972579301909577 3.4000000000000004
    endloop
  endfacet
  facet normal 0.6946583704589983 -0.7193398003386503 0
    outer loop
      vertex 30.676522425435433 -2.972579301909577 0.2
      vertex 30.877359201354604 -2.778633481835989 0.2
      vertex 30.877359201354604 -2.778633481835989 3.4000000000000004
    endloop
  endfacet
  facet normal 0.743144825477395 -0.6691306063588572 0
    outer loop
      vertex 30.877359201354604 -2.778633481835989 0.2
      vertex 31.06417777247591 -2.571150438746157 0.2
      vertex 30.877359201354604 -2.778633481835989 3.4000000000000004
    endloop
  endfacet
  facet normal 0.7880107536067203 -0.6156614753256603 0
    outer loop
      vertex 31.06417777247591 -2.571150438746157 0.2
      vertex 31.23606797749979 -2.3511410091698925 0.2
      vertex 31.06417777247591 -2.571150438746157 3.4000000000000004
    endloop
  endfacet
  facet normal 0.8290375725550401 -0.5591929034707493 0
    outer loop
      vertex 31.23606797749979 -2.3511410091698925 0.2
      vertex 31.392192384625705 -2.1196770569328196 0.2
      vertex 31.23606797749979 -2.3511410091698925 3.4000000000000004
    endloop
  endfacet
  facet normal 0.86602540378444 -0.49999999999999756 0
    outer loop
      vertex 31.392192384625705 -2.1196770569328196 0.2
      vertex 31.531790371435708 -1.8778862511435632 0.2
      vertex 31.392192384625705 -2.1196770569328196 3.4000000000000004
    endloop
  endfacet
  facet normal -0.86602540378444 -0.49999999999999756 0
    outer loop
      vertex 24.607807615374295 -2.1196770569328196 0.2
      vertex 24.468209628564292 -1.8778862511435632 3.4000000000000004
      vertex 24.468209628564292 -1.8778862511435632 0.2
    endloop
  endfacet
  facet normal -0.8987940462991656 -0.43837114678908023 0
    outer loop
      vertex 24.468209628564292 -1.8778862511435632 0.2
      vertex 24.345818169429595 -1.6269465723032008 3.4000000000000004
      vertex 24.345818169429595 -1.6269465723032008 0.2
    endloop
  endfacet
  facet normal -0.9271838545667865 -0.37460659341591424 0
    outer loop
      vertex 24.345818169429595 -1.6269465723032008 0.2
      vertex 24.241229516856365 -1.3680805733026749 3.4000000000000004
      vertex 24.241229516856365 -1.3680805733026749 0.2
    endloop
  endfacet
  facet normal -0.9510565162951554 -0.30901699437494146 0
    outer loop
      vertex 24.241229516856365 -1.3680805733026749 0.2
      vertex 24.154953216246724 -1.1025494232679967 3.4000000000000004
      vertex 24.154953216246724 -1.1025494232679967 0.2
    endloop
  endfacet
  facet normal -0.9702957262759964 -0.24192189559966806 0
    outer loop
      vertex 24.154953216246724 -1.1025494232679967 0.2
      vertex 24.087409597064777 -0.8316467632710374 3.4000000000000004
      vertex 24.087409597064777 -0.8316467632710374 0.2
    endloop
  endfacet
  facet normal -0.9848077530122086 -0.1736481776669272 0
    outer loop
      vertex 24.087409597064777 -0.8316467632710374 0.2
      vertex 24.03892772503372 -0.5566924038402618 3.4000000000000004
      vertex 24.03892772503372 -0.5566924038402618 0.2
    endloop
  endfacet
  facet normal -0.9945218953682728 -0.1045284632676584 0
    outer loop
      vertex 24.03892772503372 -0.5566924038402618 0.2
      vertex 24.009743798960702 -0.2790258949765012 3.4000000000000004
      vertex 24.009743798960702 -0.2790258949765012 0.2
    endloop
  endfacet
  facet normal -0.9993908270190958 -0.034899496702498506 0
    outer loop
      vertex 24.009743798960702 -0.2790258949765012 0.2
      vertex 24 0 3.4000000000000004
      vertex 24 0 0.2
    endloop
  endfacet
  facet normal 0.8987940462991656 -0.43837114678908023 0
    outer loop
      vertex 31.531790371435708 -1.8778862511435632 0.2
      vertex 31.654181830570405 -1.6269465723032008 0.2
      vertex 31.531790371435708 -1.8778862511435632 3.4000000000000004
    endloop
  endfacet
  facet normal 0.9271838545667865 -0.37460659341591424 0
    outer loop
      vertex 31.654181830570405 -1.6269465723032008 0.2
      vertex 31.758770483143635 -1.3680805733026749 0.2
      vertex 31.654181830570405 -1.6269465723032008 3.4000000000000004
    endloop
  endfacet
  facet normal 0.9510565162951554 -0.30901699437494146 0
    outer loop
      vertex 31.758770483143635 -1.3680805733026749 0.2
      vertex 31.845046783753276 -1.1025494232679967 0.2
      vertex 31.758770483143635 -1.3680805733026749 3.4000000000000004
    endloop
  endfacet
  facet normal 0.9702957262759964 -0.24192189559966806 0
    outer loop
      vertex 31.845046783753276 -1.1025494232679967 0.2
      vertex 31.912590402935223 -0.8316467632710374 0.2
      vertex 31.845046783753276 -1.1025494232679967 3.4000000000000004
    endloop
  endfacet
  facet normal 0.9848077530122086 -0.1736481776669272 0
    outer loop
      vertex 31.912590402935223 -0.8316467632710374 0.2
      vertex 31.96107227496628 -0.5566924038402618 0.2
      vertex 31.912590402935223 -0.8316467632710374 3.4000000000000004
    endloop
  endfacet
  facet normal 0.9945218953682728 -0.1045284632676584 0
    outer loop
      vertex 31.96107227496628 -0.5566924038402618 0.2
      vertex 31.990256201039298 -0.2790258949765012 0.2
      vertex 31.96107227496628 -0.5566924038402618 3.4000000000000004
    endloop
  endfacet
  facet normal 0.9993908270190958 -0.034899496702498506 0
    outer loop
      vertex 31.990256201039298 -0.2790258949765012 0.2
      vertex 32 0 0.2
      vertex 31.990256201039298 -0.2790258949765012 3.4000000000000004
    endloop
  endfacet
  facet normal -0.20791169081775776 -0.9781476007338059 0
    outer loop
      vertex 27.03231241760133 -3.881182905103986 0.2
      vertex 27.30540728933228 -3.939231012048832 3.4000000000000004
      vertex 27.03231241760133 -3.881182905103986 3.4000000000000004
    endloop
  endfacet
  facet normal -0.27563735581699994 -0.9612616959383186 0
    outer loop
      vertex 26.76393202250021 -3.804226065180614 0.2
      vertex 27.03231241760133 -3.881182905103986 3.4000000000000004
      vertex 26.76393202250021 -3.804226065180614 3.4000000000000004
    endloop
  endfacet
  facet normal -0.40673664307580193 -0.9135454576426001 0
    outer loop
      vertex 26.246515412843692 -3.595176185196668 0.2
      vertex 26.501573626336352 -3.7087354182671497 3.4000000000000004
      vertex 26.246515412843692 -3.595176185196668 3.4000000000000004
    endloop
  endfacet
  facet normal -0.46947156278588914 -0.8829475928589279 0
    outer loop
      vertex 26 -3.4641016151377544 0.2
      vertex 26.246515412843692 -3.595176185196668 3.4000000000000004
      vertex 26 -3.4641016151377544 3.4000000000000004
    endloop
  endfacet
  facet normal -0.34202014332566844 -0.9396926207859085 0
    outer loop
      vertex 26.501573626336352 -3.7087354182671497 0.2
      vertex 26.76393202250021 -3.804226065180614 3.4000000000000004
      vertex 26.501573626336352 -3.7087354182671497 3.4000000000000004
    endloop
  endfacet
  facet normal -0.5877852522924719 -0.8090169943749483 0
    outer loop
      vertex 25.537354098697367 -3.1520430144268876 0.2
      vertex 25.763228386117014 -3.3161502902201665 3.4000000000000004
      vertex 25.537354098697367 -3.1520430144268876 3.4000000000000004
    endloop
  endfacet
  facet normal -0.6427876096865379 -0.7660444431189792 0
    outer loop
      vertex 25.323477574564567 -2.972579301909577 0.2
      vertex 25.537354098697367 -3.1520430144268876 3.4000000000000004
      vertex 25.323477574564567 -2.972579301909577 3.4000000000000004
    endloop
  endfacet
  facet normal -0.5299192642332068 -0.8480480961564248 0
    outer loop
      vertex 25.763228386117014 -3.3161502902201665 0.2
      vertex 26 -3.4641016151377544 3.4000000000000004
      vertex 25.763228386117014 -3.3161502902201665 3.4000000000000004
    endloop
  endfacet
  facet normal -0.6946583704589983 -0.7193398003386503 0
    outer loop
      vertex 25.122640798645396 -2.778633481835989 0.2
      vertex 25.323477574564567 -2.972579301909577 3.4000000000000004
      vertex 25.122640798645396 -2.778633481835989 3.4000000000000004
    endloop
  endfacet
  facet normal -0.743144825477395 -0.6691306063588572 0
    outer loop
      vertex 25.122640798645396 -2.778633481835989 0.2
      vertex 25.122640798645396 -2.778633481835989 3.4000000000000004
      vertex 24.93582222752409 -2.571150438746157 3.4000000000000004
    endloop
  endfacet
  facet normal -0.7880107536067203 -0.6156614753256603 0
    outer loop
      vertex 24.93582222752409 -2.571150438746157 0.2
      vertex 24.93582222752409 -2.571150438746157 3.4000000000000004
      vertex 24.76393202250021 -2.3511410091698925 3.4000000000000004
    endloop
  endfacet
  facet normal -0.8290375725550401 -0.5591929034707493 0
    outer loop
      vertex 24.76393202250021 -2.3511410091698925 0.2
      vertex 24.76393202250021 -2.3511410091698925 3.4000000000000004
      vertex 24.607807615374295 -2.1196770569328196 3.4000000000000004
    endloop
  endfacet
  facet normal -0.86602540378444 -0.49999999999999756 0
    outer loop
      vertex 24.607807615374295 -2.1196770569328196 0.2
      vertex 24.607807615374295 -2.1196770569328196 3.4000000000000004
      vertex 24.468209628564292 -1.8778862511435632 3.4000000000000004
    endloop
  endfacet
  facet normal -0.1391731009600664 -0.9902680687415701 0
    outer loop
      vertex 27.30540728933228 -3.939231012048832 0.2
      vertex 27.581886146929385 -3.978087581473093 3.4000000000000004
      vertex 27.30540728933228 -3.939231012048832 3.4000000000000004
    endloop
  endfacet
  facet normal -0.06975647374412589 -0.9975640502598242 0
    outer loop
      vertex 27.581886146929385 -3.978087581473093 0.2
      vertex 27.860402013189997 -3.997563308076383 3.4000000000000004
      vertex 27.581886146929385 -3.978087581473093 3.4000000000000004
    endloop
  endfacet
  facet normal 0 -1 0
    outer loop
      vertex 27.860402013189997 -3.997563308076383 0.2
      vertex 28.139597986810003 -3.997563308076383 3.4000000000000004
      vertex 27.860402013189997 -3.997563308076383 3.4000000000000004
    endloop
  endfacet
  facet normal 0.06975647374412589 -0.9975640502598242 0
    outer loop
      vertex 28.139597986810003 -3.997563308076383 0.2
      vertex 28.418113853070615 -3.978087581473093 3.4000000000000004
      vertex 28.139597986810003 -3.997563308076383 3.4000000000000004
    endloop
  endfacet
  facet normal 0.1391731009600664 -0.9902680687415701 0
    outer loop
      vertex 28.418113853070615 -3.978087581473093 0.2
      vertex 28.69459271066772 -3.939231012048832 3.4000000000000004
      vertex 28.418113853070615 -3.978087581473093 3.4000000000000004
    endloop
  endfacet
  facet normal 0.20791169081775776 -0.9781476007338059 0
    outer loop
      vertex 28.69459271066772 -3.939231012048832 0.2
      vertex 28.96768758239867 -3.881182905103986 3.4000000000000004
      vertex 28.69459271066772 -3.939231012048832 3.4000000000000004
    endloop
  endfacet
  facet normal 0.27563735581699994 -0.9612616959383186 0
    outer loop
      vertex 28.96768758239867 -3.881182905103986 0.2
      vertex 29.23606797749979 -3.804226065180614 3.4000000000000004
      vertex 28.96768758239867 -3.881182905103986 3.4000000000000004
    endloop
  endfacet
  facet normal 0.34202014332566844 -0.9396926207859085 0
    outer loop
      vertex 29.23606797749979 -3.804226065180614 0.2
      vertex 29.498426373663648 -3.7087354182671497 3.4000000000000004
      vertex 29.23606797749979 -3.804226065180614 3.4000000000000004
    endloop
  endfacet
  facet normal 0.40673664307580193 -0.9135454576426001 0
    outer loop
      vertex 29.498426373663648 -3.7087354182671497 0.2
      vertex 29.753484587156308 -3.595176185196668 3.4000000000000004
      vertex 29.498426373663648 -3.7087354182671497 3.4000000000000004
    endloop
  endfacet
  facet normal 0.46947156278588914 -0.8829475928589279 0
    outer loop
      vertex 29.753484587156308 -3.595176185196668 0.2
      vertex 30 -3.4641016151377544 3.4000000000000004
      vertex 29.753484587156308 -3.595176185196668 3.4000000000000004
    endloop
  endfacet
  facet normal 0.5299192642332068 -0.8480480961564248 0
    outer loop
      vertex 30 -3.4641016151377544 0.2
      vertex 30.236771613882986 -3.3161502902201665 3.4000000000000004
      vertex 30 -3.4641016151377544 3.4000000000000004
    endloop
  endfacet
  facet normal 0.5877852522924719 -0.8090169943749483 0
    outer loop
      vertex 30.236771613882986 -3.3161502902201665 0.2
      vertex 30.462645901302633 -3.1520430144268876 3.4000000000000004
      vertex 30.236771613882986 -3.3161502902201665 3.4000000000000004
    endloop
  endfacet
  facet normal 0.6427876096865379 -0.7660444431189792 0
    outer loop
      vertex 30.462645901302633 -3.1520430144268876 0.2
      vertex 30.676522425435433 -2.972579301909577 3.4000000000000004
      vertex 30.462645901302633 -3.1520430144268876 3.4000000000000004
    endloop
  endfacet
  facet normal 0.6946583704589983 -0.7193398003386503 0
    outer loop
      vertex 30.676522425435433 -2.972579301909577 0.2
      vertex 30.877359201354604 -2.778633481835989 3.4000000000000004
      vertex 30.676522425435433 -2.972579301909577 3.4000000000000004
    endloop
  endfacet
  facet normal 0.743144825477395 -0.6691306063588572 0
    outer loop
      vertex 31.06417777247591 -2.571150438746157 0.2
      vertex 31.06417777247591 -2.571150438746157 3.4000000000000004
      vertex 30.877359201354604 -2.778633481835989 3.4000000000000004
    endloop
  endfacet
  facet normal 0.7880107536067203 -0.6156614753256603 0
    outer loop
      vertex 31.23606797749979 -2.3511410091698925 0.2
      vertex 31.23606797749979 -2.3511410091698925 3.4000000000000004
      vertex 31.06417777247591 -2.571150438746157 3.4000000000000004
    endloop
  endfacet
  facet normal 0.8290375725550401 -0.5591929034707493 0
    outer loop
      vertex 31.392192384625705 -2.1196770569328196 0.2
      vertex 31.392192384625705 -2.1196770569328196 3.4000000000000004
      vertex 31.23606797749979 -2.3511410091698925 3.4000000000000004
    endloop
  endfacet
  facet normal -0.8987940462991656 -0.43837114678908023 0
    outer loop
      vertex 24.468209628564292 -1.8778862511435632 0.2
      vertex 24.468209628564292 -1.8778862511435632 3.4000000000000004
      vertex 24.345818169429595 -1.6269465723032008 3.4000000000000004
    endloop
  endfacet
  facet normal -0.9271838545667865 -0.37460659341591424 0
    outer loop
      vertex 24.345818169429595 -1.6269465723032008 0.2
      vertex 24.345818169429595 -1.6269465723032008 3.4000000000000004
      vertex 24.241229516856365 -1.3680805733026749 3.4000000000000004
    endloop
  endfacet
  facet normal -0.9510565162951554 -0.30901699437494146 0
    outer loop
      vertex 24.241229516856365 -1.3680805733026749 0.2
      vertex 24.241229516856365 -1.3680805733026749 3.4000000000000004
      vertex 24.154953216246724 -1.1025494232679967 3.4000000000000004
    endloop
  endfacet
  facet normal -0.9702957262759964 -0.24192189559966806 0
    outer loop
      vertex 24.154953216246724 -1.1025494232679967 0.2
      vertex 24.154953216246724 -1.1025494232679967 3.4000000000000004
      vertex 24.087409597064777 -0.8316467632710374 3.4000000000000004
    endloop
  endfacet
  facet normal -0.9848077530122086 -0.1736481776669272 0
    outer loop
      vertex 24.087409597064777 -0.8316467632710374 0.2
      vertex 24.087409597064777 -0.8316467632710374 3.4000000000000004
      vertex 24.03892772503372 -0.5566924038402618 3.4000000000000004
    endloop
  endfacet
  facet normal -0.9945218953682728 -0.1045284632676584 0
    outer loop
      vertex 24.03892772503372 -0.5566924038402618 0.2
      vertex 24.03892772503372 -0.5566924038402618 3.4000000000000004
      vertex 24.009743798960702 -0.2790258949765012 3.4000000000000004
    endloop
  endfacet
  facet normal -0.9993908270190958 -0.034899496702498506 0
    outer loop
      vertex 24.009743798960702 -0.2790258949765012 0.2
      vertex 24.009743798960702 -0.2790258949765012 3.4000000000000004
      vertex 24 0 3.4000000000000004
    endloop
  endfacet
  facet normal 0.86602540378444 -0.49999999999999756 0
    outer loop
      vertex 31.531790371435708 -1.8778862511435632 0.2
      vertex 31.531790371435708 -1.8778862511435632 3.4000000000000004
      vertex 31.392192384625705 -2.1196770569328196 3.4000000000000004
    endloop
  endfacet
  facet normal 0.8987940462991656 -0.43837114678908023 0
    outer loop
      vertex 31.654181830570405 -1.6269465723032008 0.2
      vertex 31.654181830570405 -1.6269465723032008 3.4000000000000004
      vertex 31.531790371435708 -1.8778862511435632 3.4000000000000004
    endloop
  endfacet
  facet normal 0.9271838545667865 -0.37460659341591424 0
    outer loop
      vertex 31.758770483143635 -1.3680805733026749 0.2
      vertex 31.758770483143635 -1.3680805733026749 3.4000000000000004
      vertex 31.654181830570405 -1.6269465723032008 3.4000000000000004
    endloop
  endfacet
  facet normal 0.9510565162951554 -0.30901699437494146 0
    outer loop
      vertex 31.845046783753276 -1.1025494232679967 0.2
      vertex 31.845046783753276 -1.1025494232679967 3.4000000000000004
      vertex 31.758770483143635 -1.3680805733026749 3.4000000000000004
    endloop
  endfacet
  facet normal 0.9702957262759964 -0.24192189559966806 0
    outer loop
      vertex 31.912590402935223 -0.8316467632710374 0.2
      vertex 31.912590402935223 -0.8316467632710374 3.4000000000000004
      vertex 31.845046783753276 -1.1025494232679967 3.4000000000000004
    endloop
  endfacet
  facet normal 0.9848077530122086 -0.1736481776669272 0
    outer loop
      vertex 31.96107227496628 -0.5566924038402618 0.2
      vertex 31.96107227496628 -0.5566924038402618 3.4000000000000004
      vertex 31.912590402935223 -0.8316467632710374 3.4000000000000004
    endloop
  endfacet
  facet normal 0.9945218953682728 -0.1045284632676584 0
    outer loop
      vertex 31.990256201039298 -0.2790258949765012 0.2
      vertex 31.990256201039298 -0.2790258949765012 3.4000000000000004
      vertex 31.96107227496628 -0.5566924038402618 3.4000000000000004
    endloop
  endfacet
  facet normal 0.9993908270190958 -0.034899496702498506 0
    outer loop
      vertex 31.990256201039298 -0.2790258949765012 3.4000000000000004
      vertex 32 0 0.2
      vertex 32 0 3.4000000000000004
    endloop
  endfacet
  facet normal 0 0 1
    outer loop
      vertex 25.537354098697367 -3.1520430144268876 3.4000000000000004
      vertex 25.763228386117014 -3.3161502902201665 3.4000000000000004
      vertex 25.537354098697367 3.1520430144268876 3.4000000000000004
    endloop
  endfacet
  facet normal 0 0 1
    outer loop
      vertex 25.537354098697367 -3.1520430144268876 3.4000000000000004
      vertex 25.323477574564567 2.972579301909577 3.4000000000000004
      vertex 25.323477574564567 -2.972579301909577 3.4000000000000004
    endloop
  endfacet
  facet normal 0 0 1
    outer loop
      vertex 26.501573626336352 -3.7087354182671497 3.4000000000000004
      vertex 26.76393202250021 -3.804226065180614 3.4000000000000004
      vertex 26.501573626336352 3.7087354182671497 3.4000000000000004
    endloop
  endfacet
  facet normal 0 0 1
    outer loop
      vertex 26.76393202250021 -3.804226065180614 3.4000000000000004
      vertex 27.03231241760133 -3.881182905103986 3.4000000000000004
      vertex 26.76393202250021 3.804226065180614 3.4000000000000004
    endloop
  endfacet
  facet normal 0 0 1
    outer loop
      vertex 27.03231241760133 -3.881182905103986 3.4000000000000004
      vertex 27.30540728933228 -3.939231012048832 3.4000000000000004
      vertex 27.03231241760133 3.881182905103986 3.4000000000000004
    endloop
  endfacet
  facet normal 0 0 1
    outer loop
      vertex 25.763228386117014 -3.3161502902201665 3.4000000000000004
      vertex 26 -3.4641016151377544 3.4000000000000004
      vertex 25.763228386117014 3.3161502902201665 3.4000000000000004
    endloop
  endfacet
  facet normal 0 0 1
    outer loop
      vertex 26.246515412843692 -3.595176185196668 3.4000000000000004
      vertex 26 3.4641016151377544 3.4000000000000004
      vertex 26 -3.4641016151377544 3.4000000000000004
    endloop
  endfacet
  facet normal 0 0 1
    outer loop
      vertex 26.246515412843692 -3.595176185196668 3.4000000000000004
      vertex 26.501573626336352 -3.7087354182671497 3.4000000000000004
      vertex 26.246515412843692 3.595176185196668 3.4000000000000004
    endloop
  endfacet
  facet normal 0 0 1
    outer loop
      vertex 24.154953216246724 -1.1025494232679967 3.4000000000000004
      vertex 24.087409597064777 0.8316467632710374 3.4000000000000004
      vertex 24.087409597064777 -0.8316467632710374 3.4000000000000004
    endloop
  endfacet
  facet normal 0 0 1
    outer loop
      vertex 24.087409597064777 -0.8316467632710374 3.4000000000000004
      vertex 24.03892772503372 0.5566924038402618 3.4000000000000004
      vertex 24.03892772503372 -0.5566924038402618 3.4000000000000004
    endloop
  endfacet
  facet normal 0 0 1
    outer loop
      vertex 24.03892772503372 -0.5566924038402618 3.4000000000000004
      vertex 24.009743798960702 0.2790258949765012 3.4000000000000004
      vertex 24.009743798960702 -0.2790258949765012 3.4000000000000004
    endloop
  endfacet
  facet normal 0 0 1
    outer loop
      vertex 24.93582222752409 -2.571150438746157 3.4000000000000004
      vertex 24.76393202250021 2.3511410091698925 3.4000000000000004
      vertex 24.76393202250021 -2.3511410091698925 3.4000000000000004
    endloop
  endfacet
  facet normal 0 0 1
    outer loop
      vertex 24.607807615374295 -2.1196770569328196 3.4000000000000004
      vertex 24.76393202250021 -2.3511410091698925 3.4000000000000004
      vertex 24.607807615374295 2.1196770569328196 3.4000000000000004
    endloop
  endfacet
  facet normal 0 0 1
    outer loop
      vertex 25.122640798645396 -2.778633481835989 3.4000000000000004
      vertex 25.323477574564567 -2.972579301909577 3.4000000000000004
      vertex 25.122640798645396 2.778633481835989 3.4000000000000004
    endloop
  endfacet
  facet normal 0 0 1
    outer loop
      vertex 24.93582222752409 -2.571150438746157 3.4000000000000004
      vertex 25.122640798645396 -2.778633481835989 3.4000000000000004
      vertex 24.93582222752409 2.571150438746157 3.4000000000000004
    endloop
  endfacet
  facet normal 0 0 1
    outer loop
      vertex 24.607807615374295 -2.1196770569328196 3.4000000000000004
      vertex 24.468209628564292 1.8778862511435632 3.4000000000000004
      vertex 24.468209628564292 -1.8778862511435632 3.4000000000000004
    endloop
  endfacet
  facet normal 0 0 1
    outer loop
      vertex 24.468209628564292 -1.8778862511435632 3.4000000000000004
      vertex 24.345818169429595 1.6269465723032008 3.4000000000000004
      vertex 24.345818169429595 -1.6269465723032008 3.4000000000000004
    endloop
  endfacet
  facet normal 0 0 1
    outer loop
      vertex 24.345818169429595 -1.6269465723032008 3.4000000000000004
      vertex 24.241229516856365 1.3680805733026749 3.4000000000000004
      vertex 24.241229516856365 -1.3680805733026749 3.4000000000000004
    endloop
  endfacet
  facet normal 0 0 1
    outer loop
      vertex 24.241229516856365 -1.3680805733026749 3.4000000000000004
      vertex 24.154953216246724 1.1025494232679967 3.4000000000000004
      vertex 24.154953216246724 -1.1025494232679967 3.4000000000000004
    endloop
  endfacet
  facet normal 0 0 1
    outer loop
      vertex 27.30540728933228 -3.939231012048832 3.4000000000000004
      vertex 27.581886146929385 -3.978087581473093 3.4000000000000004
      vertex 27.30540728933228 3.939231012048832 3.4000000000000004
    endloop
  endfacet
  facet normal 0 0 1
    outer loop
      vertex 27.581886146929385 -3.978087581473093 3.4000000000000004
      vertex 27.860402013189997 -3.997563308076383 3.4000000000000004
      vertex 27.581886146929385 3.978087581473093 3.4000000000000004
    endloop
  endfacet
  facet normal 0 0 1
    outer loop
      vertex 27.860402013189997 -3.997563308076383 3.4000000000000004
      vertex 28.139597986810003 -3.997563308076383 3.4000000000000004
      vertex 27.860402013189997 3.997563308076383 3.4000000000000004
    endloop
  endfacet
  facet normal 0 0 1
    outer loop
      vertex 28.139597986810003 -3.997563308076383 3.4000000000000004
      vertex 28.418113853070615 -3.978087581473093 3.4000000000000004
      vertex 28.139597986810003 3.997563308076383 3.4000000000000004
    endloop
  endfacet
  facet normal 0 0 1
    outer loop
      vertex 28.418113853070615 -3.978087581473093 3.4000000000000004
      vertex 28.69459271066772 -3.939231012048832 3.4000000000000004
      vertex 28.418113853070615 3.978087581473093 3.4000000000000004
    endloop
  endfacet
  facet normal 0 0 1
    outer loop
      vertex 28.69459271066772 -3.939231012048832 3.4000000000000004
      vertex 28.96768758239867 -3.881182905103986 3.4000000000000004
      vertex 28.69459271066772 3.939231012048832 3.4000000000000004
    endloop
  endfacet
  facet normal 0 0 1
    outer loop
      vertex 28.96768758239867 -3.881182905103986 3.4000000000000004
      vertex 29.23606797749979 -3.804226065180614 3.4000000000000004
      vertex 28.96768758239867 3.881182905103986 3.4000000000000004
    endloop
  endfacet
  facet normal 0 0 1
    outer loop
      vertex 29.23606797749979 -3.804226065180614 3.4000000000000004
      vertex 29.498426373663648 -3.7087354182671497 3.4000000000000004
      vertex 29.23606797749979 3.804226065180614 3.4000000000000004
    endloop
  endfacet
  facet normal 0 0 1
    outer loop
      vertex 29.498426373663648 -3.7087354182671497 3.4000000000000004
      vertex 29.753484587156308 -3.595176185196668 3.4000000000000004
      vertex 29.498426373663648 3.7087354182671497 3.4000000000000004
    endloop
  endfacet
  facet normal 0 0 1
    outer loop
      vertex 29.753484587156308 -3.595176185196668 3.4000000000000004
      vertex 30 -3.4641016151377544 3.4000000000000004
      vertex 29.753484587156308 3.595176185196668 3.4000000000000004
    endloop
  endfacet
  facet normal 0 0 1
    outer loop
      vertex 30 -3.4641016151377544 3.4000000000000004
      vertex 30.236771613882986 -3.3161502902201665 3.4000000000000004
      vertex 30 3.4641016151377544 3.4000000000000004
    endloop
  endfacet
  facet normal 0 0 1
    outer loop
      vertex 30.236771613882986 -3.3161502902201665 3.4000000000000004
      vertex 30.462645901302633 -3.1520430144268876 3.4000000000000004
      vertex 30.236771613882986 3.3161502902201665 3.4000000000000004
    endloop
  endfacet
  facet normal 0 0 1
    outer loop
      vertex 30.462645901302633 -3.1520430144268876 3.4000000000000004
      vertex 30.676522425435433 -2.972579301909577 3.4000000000000004
      vertex 30.462645901302633 3.1520430144268876 3.4000000000000004
    endloop
  endfacet
  facet normal 0 0 1
    outer loop
      vertex 30.676522425435433 -2.972579301909577 3.4000000000000004
      vertex 30.877359201354604 -2.778633481835989 3.4000000000000004
      vertex 30.676522425435433 2.972579301909577 3.4000000000000004
    endloop
  endfacet
  facet normal 0 0 1
    outer loop
      vertex 30.877359201354604 -2.778633481835989 3.4000000000000004
      vertex 31.06417777247591 -2.571150438746157 3.4000000000000004
      vertex 30.877359201354604 2.778633481835989 3.4000000000000004
    endloop
  endfacet
  facet normal 0 0 1
    outer loop
      vertex 31.06417777247591 -2.571150438746157 3.4000000000000004
      vertex 31.23606797749979 -2.3511410091698925 3.4000000000000004
      vertex 31.06417777247591 2.571150438746157 3.4000000000000004
    endloop
  endfacet
  facet normal 0 0 1
    outer loop
      vertex 31.23606797749979 -2.3511410091698925 3.4000000000000004
      vertex 31.392192384625705 -2.1196770569328196 3.4000000000000004
      vertex 31.23606797749979 2.3511410091698925 3.4000000000000004
    endloop
  endfacet
  facet normal 0 0 1
    outer loop
      vertex 31.392192384625705 -2.1196770569328196 3.4000000000000004
      vertex 31.531790371435708 -1.8778862511435632 3.4000000000000004
      vertex 31.392192384625705 2.1196770569328196 3.4000000000000004
    endloop
  endfacet
  facet normal 0 0 1
    outer loop
      vertex 31.531790371435708 -1.8778862511435632 3.4000000000000004
      vertex 31.654181830570405 -1.6269465723032008 3.4000000000000004
      vertex 31.531790371435708 1.8778862511435632 3.4000000000000004
    endloop
  endfacet
  facet normal 0 0 1
    outer loop
      vertex 31.654181830570405 -1.6269465723032008 3.4000000000000004
      vertex 31.758770483143635 -1.3680805733026749 3.4000000000000004
      vertex 31.654181830570405 1.6269465723032008 3.4000000000000004
    endloop
  endfacet
  facet normal 0 0 1
    outer loop
      vertex 31.758770483143635 -1.3680805733026749 3.4000000000000004
      vertex 31.845046783753276 -1.1025494232679967 3.4000000000000004
      vertex 31.758770483143635 1.3680805733026749 3.4000000000000004
    endloop
  endfacet
  facet normal 0 0 1
    outer loop
      vertex 31.845046783753276 -1.1025494232679967 3.4000000000000004
      vertex 31.912590402935223 -0.8316467632710374 3.4000000000000004
      vertex 31.845046783753276 1.1025494232679967 3.4000000000000004
    endloop
  endfacet
  facet normal 0 0 1
    outer loop
      vertex 31.912590402935223 -0.8316467632710374 3.4000000000000004
      vertex 31.96107227496628 -0.5566924038402618 3.4000000000000004
      vertex 31.912590402935223 0.8316467632710374 3.4000000000000004
    endloop
  endfacet
  facet normal 0 0 1
    outer loop
      vertex 31.96107227496628 -0.5566924038402618 3.4000000000000004
      vertex 31.990256201039298 -0.2790258949765012 3.4000000000000004
      vertex 31.96107227496628 0.5566924038402618 3.4000000000000004
    endloop
  endfacet
  facet normal -0.9993908270190958 0.034899496702498506 0
    outer loop
      vertex 24 0 0.2
      vertex 24.009743798960702 0.2790258949765012 3.4000000000000004
      vertex 24.009743798960702 0.2790258949765012 0.2
    endloop
  endfacet
  facet normal -0.9945218953682728 0.1045284632676584 0
    outer loop
      vertex 24.009743798960702 0.2790258949765012 0.2
      vertex 24.03892772503372 0.5566924038402618 3.4000000000000004
      vertex 24.03892772503372 0.5566924038402618 0.2
    endloop
  endfacet
  facet normal -0.9848077530122086 0.1736481776669272 0
    outer loop
      vertex 24.03892772503372 0.5566924038402618 0.2
      vertex 24.087409597064777 0.8316467632710374 3.4000000000000004
      vertex 24.087409597064777 0.8316467632710374 0.2
    endloop
  endfacet
  facet normal -0.9702957262759964 0.24192189559966806 0
    outer loop
      vertex 24.087409597064777 0.8316467632710374 0.2
      vertex 24.154953216246724 1.1025494232679967 3.4000000000000004
      vertex 24.154953216246724 1.1025494232679967 0.2
    endloop
  endfacet
  facet normal -0.9510565162951554 0.30901699437494146 0
    outer loop
      vertex 24.154953216246724 1.1025494232679967 0.2
      vertex 24.241229516856365 1.3680805733026749 3.4000000000000004
      vertex 24.241229516856365 1.3680805733026749 0.2
    endloop
  endfacet
  facet normal -0.9271838545667865 0.37460659341591424 0
    outer loop
      vertex 24.241229516856365 1.3680805733026749 0.2
      vertex 24.345818169429595 1.6269465723032008 3.4000000000000004
      vertex 24.345818169429595 1.6269465723032008 0.2
    endloop
  endfacet
  facet normal -0.8987940462991656 0.43837114678908023 0
    outer loop
      vertex 24.345818169429595 1.6269465723032008 0.2
      vertex 24.468209628564292 1.8778862511435632 3.4000000000000004
      vertex 24.468209628564292 1.8778862511435632 0.2
    endloop
  endfacet
  facet normal 0.9993908270190958 0.034899496702498506 0
    outer loop
      vertex 32 0 0.2
      vertex 31.990256201039298 0.2790258949765012 0.2
      vertex 32 0 3.4000000000000004
    endloop
  endfacet
  facet normal 0.9945218953682728 0.1045284632676584 0
    outer loop
      vertex 31.990256201039298 0.2790258949765012 0.2
      vertex 31.96107227496628 0.5566924038402618 0.2
      vertex 31.990256201039298 0.2790258949765012 3.4000000000000004
    endloop
  endfacet
  facet normal 0.9702957262759964 0.24192189559966806 0
    outer loop
      vertex 31.912590402935223 0.8316467632710374 0.2
      vertex 31.845046783753276 1.1025494232679967 0.2
      vertex 31.912590402935223 0.8316467632710374 3.4000000000000004
    endloop
  endfacet
  facet normal 0.9848077530122086 0.1736481776669272 0
    outer loop
      vertex 31.96107227496628 0.5566924038402618 0.2
      vertex 31.912590402935223 0.8316467632710374 0.2
      vertex 31.96107227496628 0.5566924038402618 3.4000000000000004
    endloop
  endfacet
  facet normal 0.9510565162951554 0.30901699437494146 0
    outer loop
      vertex 31.845046783753276 1.1025494232679967 0.2
      vertex 31.758770483143635 1.3680805733026749 0.2
      vertex 31.845046783753276 1.1025494232679967 3.4000000000000004
    endloop
  endfacet
  facet normal 0.9271838545667865 0.37460659341591424 0
    outer loop
      vertex 31.758770483143635 1.3680805733026749 0.2
      vertex 31.654181830570405 1.6269465723032008 0.2
      vertex 31.758770483143635 1.3680805733026749 3.4000000000000004
    endloop
  endfacet
  facet normal 0.8987940462991656 0.43837114678908023 0
    outer loop
      vertex 31.654181830570405 1.6269465723032008 0.2
      vertex 31.531790371435708 1.8778862511435632 0.2
      vertex 31.654181830570405 1.6269465723032008 3.4000000000000004
    endloop
  endfacet
  facet normal 0.86602540378444 0.49999999999999756 0
    outer loop
      vertex 31.531790371435708 1.8778862511435632 0.2
      vertex 31.392192384625705 2.1196770569328196 0.2
      vertex 31.531790371435708 1.8778862511435632 3.4000000000000004
    endloop
  endfacet
  facet normal -0.86602540378444 0.49999999999999756 0
    outer loop
      vertex 24.468209628564292 1.8778862511435632 0.2
      vertex 24.607807615374295 2.1196770569328196 3.4000000000000004
      vertex 24.607807615374295 2.1196770569328196 0.2
    endloop
  endfacet
  facet normal -0.8290375725550401 0.5591929034707493 0
    outer loop
      vertex 24.607807615374295 2.1196770569328196 0.2
      vertex 24.76393202250021 2.3511410091698925 3.4000000000000004
      vertex 24.76393202250021 2.3511410091698925 0.2
    endloop
  endfacet
  facet normal -0.7880107536067203 0.6156614753256603 0
    outer loop
      vertex 24.76393202250021 2.3511410091698925 0.2
      vertex 24.93582222752409 2.571150438746157 3.4000000000000004
      vertex 24.93582222752409 2.571150438746157 0.2
    endloop
  endfacet
  facet normal -0.743144825477395 0.6691306063588572 0
    outer loop
      vertex 24.93582222752409 2.571150438746157 0.2
      vertex 25.122640798645396 2.778633481835989 3.4000000000000004
      vertex 25.122640798645396 2.778633481835989 0.2
    endloop
  endfacet
  facet normal -0.6946583704589983 0.7193398003386503 0
    outer loop
      vertex 25.122640798645396 2.778633481835989 0.2
      vertex 25.122640798645396 2.778633481835989 3.4000000000000004
      vertex 25.323477574564567 2.972579301909577 0.2
    endloop
  endfacet
  facet normal -0.6427876096865379 0.7660444431189792 0
    outer loop
      vertex 25.323477574564567 2.972579301909577 0.2
      vertex 25.323477574564567 2.972579301909577 3.4000000000000004
      vertex 25.537354098697367 3.1520430144268876 0.2
    endloop
  endfacet
  facet normal -0.5877852522924719 0.8090169943749483 0
    outer loop
      vertex 25.537354098697367 3.1520430144268876 0.2
      vertex 25.537354098697367 3.1520430144268876 3.4000000000000004
      vertex 25.763228386117014 3.3161502902201665 0.2
    endloop
  endfacet
  facet normal -0.5299192642332068 0.8480480961564248 0
    outer loop
      vertex 25.763228386117014 3.3161502902201665 0.2
      vertex 25.763228386117014 3.3161502902201665 3.4000000000000004
      vertex 26 3.4641016151377544 0.2
    endloop
  endfacet
  facet normal -0.46947156278588914 0.8829475928589279 0
    outer loop
      vertex 26 3.4641016151377544 0.2
      vertex 26 3.4641016151377544 3.4000000000000004
      vertex 26.246515412843692 3.595176185196668 0.2
    endloop
  endfacet
  facet normal -0.40673664307580193 0.9135454576426001 0
    outer loop
      vertex 26.246515412843692 3.595176185196668 0.2
      vertex 26.246515412843692 3.595176185196668 3.4000000000000004
      vertex 26.501573626336352 3.7087354182671497 0.2
    endloop
  endfacet
  facet normal -0.34202014332566844 0.9396926207859085 0
    outer loop
      vertex 26.501573626336352 3.7087354182671497 0.2
      vertex 26.501573626336352 3.7087354182671497 3.4000000000000004
      vertex 26.76393202250021 3.804226065180614 0.2
    endloop
  endfacet
  facet normal -0.27563735581699994 0.9612616959383186 0
    outer loop
      vertex 26.76393202250021 3.804226065180614 0.2
      vertex 26.76393202250021 3.804226065180614 3.4000000000000004
      vertex 27.03231241760133 3.881182905103986 0.2
    endloop
  endfacet
  facet normal -0.20791169081775776 0.9781476007338059 0
    outer loop
      vertex 27.03231241760133 3.881182905103986 0.2
      vertex 27.03231241760133 3.881182905103986 3.4000000000000004
      vertex 27.30540728933228 3.939231012048832 0.2
    endloop
  endfacet
  facet normal 0.8290375725550401 0.5591929034707493 0
    outer loop
      vertex 31.23606797749979 2.3511410091698925 0.2
      vertex 31.392192384625705 2.1196770569328196 3.4000000000000004
      vertex 31.392192384625705 2.1196770569328196 0.2
    endloop
  endfacet
  facet normal 0.7880107536067203 0.6156614753256603 0
    outer loop
      vertex 31.23606797749979 2.3511410091698925 0.2
      vertex 31.06417777247591 2.571150438746157 0.2
      vertex 31.23606797749979 2.3511410091698925 3.4000000000000004
    endloop
  endfacet
  facet normal 0.743144825477395 0.6691306063588572 0
    outer loop
      vertex 30.877359201354604 2.778633481835989 0.2
      vertex 31.06417777247591 2.571150438746157 3.4000000000000004
      vertex 31.06417777247591 2.571150438746157 0.2
    endloop
  endfacet
  facet normal 0.6946583704589983 0.7193398003386503 0
    outer loop
      vertex 30.676522425435433 2.972579301909577 0.2
      vertex 30.676522425435433 2.972579301909577 3.4000000000000004
      vertex 30.877359201354604 2.778633481835989 0.2
    endloop
  endfacet
  facet normal 0.5877852522924719 0.8090169943749483 0
    outer loop
      vertex 30.236771613882986 3.3161502902201665 0.2
      vertex 30.236771613882986 3.3161502902201665 3.4000000000000004
      vertex 30.462645901302633 3.1520430144268876 0.2
    endloop
  endfacet
  facet normal 0.5299192642332068 0.8480480961564248 0
    outer loop
      vertex 30 3.4641016151377544 0.2
      vertex 30 3.4641016151377544 3.4000000000000004
      vertex 30.236771613882986 3.3161502902201665 0.2
    endloop
  endfacet
  facet normal -0.1391731009600664 0.9902680687415701 0
    outer loop
      vertex 27.30540728933228 3.939231012048832 0.2
      vertex 27.30540728933228 3.939231012048832 3.4000000000000004
      vertex 27.581886146929385 3.978087581473093 0.2
    endloop
  endfacet
  facet normal -0.06975647374412589 0.9975640502598242 0
    outer loop
      vertex 27.581886146929385 3.978087581473093 0.2
      vertex 27.581886146929385 3.978087581473093 3.4000000000000004
      vertex 27.860402013189997 3.997563308076383 0.2
    endloop
  endfacet
  facet normal 0 1 0
    outer loop
      vertex 27.860402013189997 3.997563308076383 0.2
      vertex 27.860402013189997 3.997563308076383 3.4000000000000004
      vertex 28.139597986810003 3.997563308076383 0.2
    endloop
  endfacet
  facet normal 0.06975647374412589 0.9975640502598242 0
    outer loop
      vertex 28.139597986810003 3.997563308076383 0.2
      vertex 28.139597986810003 3.997563308076383 3.4000000000000004
      vertex 28.418113853070615 3.978087581473093 0.2
    endloop
  endfacet
  facet normal 0.20791169081775776 0.9781476007338059 0
    outer loop
      vertex 28.69459271066772 3.939231012048832 0.2
      vertex 28.69459271066772 3.939231012048832 3.4000000000000004
      vertex 28.96768758239867 3.881182905103986 0.2
    endloop
  endfacet
  facet normal 0.1391731009600664 0.9902680687415701 0
    outer loop
      vertex 28.418113853070615 3.978087581473093 0.2
      vertex 28.418113853070615 3.978087581473093 3.4000000000000004
      vertex 28.69459271066772 3.939231012048832 0.2
    endloop
  endfacet
  facet normal 0.40673664307580193 0.9135454576426001 0
    outer loop
      vertex 29.498426373663648 3.7087354182671497 0.2
      vertex 29.498426373663648 3.7087354182671497 3.4000000000000004
      vertex 29.753484587156308 3.595176185196668 0.2
    endloop
  endfacet
  facet normal 0.46947156278588914 0.8829475928589279 0
    outer loop
      vertex 29.753484587156308 3.595176185196668 0.2
      vertex 29.753484587156308 3.595176185196668 3.4000000000000004
      vertex 30 3.4641016151377544 0.2
    endloop
  endfacet
  facet normal 0.27563735581699994 0.9612616959383186 0
    outer loop
      vertex 28.96768758239867 3.881182905103986 0.2
      vertex 28.96768758239867 3.881182905103986 3.4000000000000004
      vertex 29.23606797749979 3.804226065180614 0.2
    endloop
  endfacet
  facet normal 0.34202014332566844 0.9396926207859085 0
    outer loop
      vertex 29.23606797749979 3.804226065180614 0.2
      vertex 29.23606797749979 3.804226065180614 3.4000000000000004
      vertex 29.498426373663648 3.7087354182671497 0.2
    endloop
  endfacet
  facet normal 0.6427876096865379 0.7660444431189792 0
    outer loop
      vertex 30.676522425435433 2.972579301909577 0.2
      vertex 30.462645901302633 3.1520430144268876 0.2
      vertex 30.462645901302633 3.1520430144268876 3.4000000000000004
    endloop
  endfacet
  facet normal -0.9993908270190958 0.034899496702498506 0
    outer loop
      vertex 24 0 0.2
      vertex 24 0 3.4000000000000004
      vertex 24.009743798960702 0.2790258949765012 3.4000000000000004
    endloop
  endfacet
  facet normal -0.9945218953682728 0.1045284632676584 0
    outer loop
      vertex 24.009743798960702 0.2790258949765012 0.2
      vertex 24.009743798960702 0.2790258949765012 3.4000000000000004
      vertex 24.03892772503372 0.5566924038402618 3.4000000000000004
    endloop
  endfacet
  facet normal -0.9848077530122086 0.1736481776669272 0
    outer loop
      vertex 24.03892772503372 0.5566924038402618 0.2
      vertex 24.03892772503372 0.5566924038402618 3.4000000000000004
      vertex 24.087409597064777 0.8316467632710374 3.4000000000000004
    endloop
  endfacet
  facet normal -0.9702957262759964 0.24192189559966806 0
    outer loop
      vertex 24.087409597064777 0.8316467632710374 0.2
      vertex 24.087409597064777 0.8316467632710374 3.4000000000000004
      vertex 24.154953216246724 1.1025494232679967 3.4000000000000004
    endloop
  endfacet
  facet normal -0.9510565162951554 0.30901699437494146 0
    outer loop
      vertex 24.154953216246724 1.1025494232679967 0.2
      vertex 24.154953216246724 1.1025494232679967 3.4000000000000004
      vertex 24.241229516856365 1.3680805733026749 3.4000000000000004
    endloop
  endfacet
  facet normal -0.9271838545667865 0.37460659341591424 0
    outer loop
      vertex 24.241229516856365 1.3680805733026749 0.2
      vertex 24.241229516856365 1.3680805733026749 3.4000000000000004
      vertex 24.345818169429595 1.6269465723032008 3.4000000000000004
    endloop
  endfacet
  facet normal -0.8987940462991656 0.43837114678908023 0
    outer loop
      vertex 24.345818169429595 1.6269465723032008 0.2
      vertex 24.345818169429595 1.6269465723032008 3.4000000000000004
      vertex 24.468209628564292 1.8778862511435632 3.4000000000000004
    endloop
  endfacet
  facet normal -0.86602540378444 0.49999999999999756 0
    outer loop
      vertex 24.468209628564292 1.8778862511435632 0.2
      vertex 24.468209628564292 1.8778862511435632 3.4000000000000004
      vertex 24.607807615374295 2.1196770569328196 3.4000000000000004
    endloop
  endfacet
  facet normal 0.9993908270190958 0.034899496702498506 0
    outer loop
      vertex 31.990256201039298 0.2790258949765012 0.2
      vertex 31.990256201039298 0.2790258949765012 3.4000000000000004
      vertex 32 0 3.4000000000000004
    endloop
  endfacet
  facet normal 0.9945218953682728 0.1045284632676584 0
    outer loop
      vertex 31.96107227496628 0.5566924038402618 0.2
      vertex 31.96107227496628 0.5566924038402618 3.4000000000000004
      vertex 31.990256201039298 0.2790258949765012 3.4000000000000004
    endloop
  endfacet
  facet normal 0.9848077530122086 0.1736481776669272 0
    outer loop
      vertex 31.912590402935223 0.8316467632710374 0.2
      vertex 31.912590402935223 0.8316467632710374 3.4000000000000004
      vertex 31.96107227496628 0.5566924038402618 3.4000000000000004
    endloop
  endfacet
  facet normal 0.9702957262759964 0.24192189559966806 0
    outer loop
      vertex 31.845046783753276 1.1025494232679967 0.2
      vertex 31.845046783753276 1.1025494232679967 3.4000000000000004
      vertex 31.912590402935223 0.8316467632710374 3.4000000000000004
    endloop
  endfacet
  facet normal 0.9510565162951554 0.30901699437494146 0
    outer loop
      vertex 31.758770483143635 1.3680805733026749 0.2
      vertex 31.758770483143635 1.3680805733026749 3.4000000000000004
      vertex 31.845046783753276 1.1025494232679967 3.4000000000000004
    endloop
  endfacet
  facet normal 0.9271838545667865 0.37460659341591424 0
    outer loop
      vertex 31.654181830570405 1.6269465723032008 0.2
      vertex 31.654181830570405 1.6269465723032008 3.4000000000000004
      vertex 31.758770483143635 1.3680805733026749 3.4000000000000004
    endloop
  endfacet
  facet normal 0.8987940462991656 0.43837114678908023 0
    outer loop
      vertex 31.531790371435708 1.8778862511435632 0.2
      vertex 31.531790371435708 1.8778862511435632 3.4000000000000004
      vertex 31.654181830570405 1.6269465723032008 3.4000000000000004
    endloop
  endfacet
  facet normal 0 0 1
    outer loop
      vertex 24.009743798960702 -0.2790258949765012 3.4000000000000004
      vertex 24.009743798960702 0.2790258949765012 3.4000000000000004
      vertex 24 0 3.4000000000000004
    endloop
  endfacet
  facet normal 0 0 1
    outer loop
      vertex 24.03892772503372 -0.5566924038402618 3.4000000000000004
      vertex 24.03892772503372 0.5566924038402618 3.4000000000000004
      vertex 24.009743798960702 0.2790258949765012 3.4000000000000004
    endloop
  endfacet
  facet normal 0 0 1
    outer loop
      vertex 24.087409597064777 -0.8316467632710374 3.4000000000000004
      vertex 24.087409597064777 0.8316467632710374 3.4000000000000004
      vertex 24.03892772503372 0.5566924038402618 3.4000000000000004
    endloop
  endfacet
  facet normal 0 0 1
    outer loop
      vertex 24.154953216246724 -1.1025494232679967 3.4000000000000004
      vertex 24.154953216246724 1.1025494232679967 3.4000000000000004
      vertex 24.087409597064777 0.8316467632710374 3.4000000000000004
    endloop
  endfacet
  facet normal 0 0 1
    outer loop
      vertex 24.241229516856365 -1.3680805733026749 3.4000000000000004
      vertex 24.241229516856365 1.3680805733026749 3.4000000000000004
      vertex 24.154953216246724 1.1025494232679967 3.4000000000000004
    endloop
  endfacet
  facet normal 0 0 1
    outer loop
      vertex 24.345818169429595 -1.6269465723032008 3.4000000000000004
      vertex 24.345818169429595 1.6269465723032008 3.4000000000000004
      vertex 24.241229516856365 1.3680805733026749 3.4000000000000004
    endloop
  endfacet
  facet normal 0 0 1
    outer loop
      vertex 24.468209628564292 -1.8778862511435632 3.4000000000000004
      vertex 24.468209628564292 1.8778862511435632 3.4000000000000004
      vertex 24.345818169429595 1.6269465723032008 3.4000000000000004
    endloop
  endfacet
  facet normal 0 0 1
    outer loop
      vertex 24.607807615374295 -2.1196770569328196 3.4000000000000004
      vertex 24.607807615374295 2.1196770569328196 3.4000000000000004
      vertex 24.468209628564292 1.8778862511435632 3.4000000000000004
    endloop
  endfacet
  facet normal 0 0 1
    outer loop
      vertex 24.76393202250021 -2.3511410091698925 3.4000000000000004
      vertex 24.76393202250021 2.3511410091698925 3.4000000000000004
      vertex 24.607807615374295 2.1196770569328196 3.4000000000000004
    endloop
  endfacet
  facet normal 0 0 1
    outer loop
      vertex 24.93582222752409 -2.571150438746157 3.4000000000000004
      vertex 24.93582222752409 2.571150438746157 3.4000000000000004
      vertex 24.76393202250021 2.3511410091698925 3.4000000000000004
    endloop
  endfacet
  facet normal 0 0 1
    outer loop
      vertex 25.122640798645396 -2.778633481835989 3.4000000000000004
      vertex 25.122640798645396 2.778633481835989 3.4000000000000004
      vertex 24.93582222752409 2.571150438746157 3.4000000000000004
    endloop
  endfacet
  facet normal 0 0 1
    outer loop
      vertex 25.323477574564567 -2.972579301909577 3.4000000000000004
      vertex 25.323477574564567 2.972579301909577 3.4000000000000004
      vertex 25.122640798645396 2.778633481835989 3.4000000000000004
    endloop
  endfacet
  facet normal 0 0 1
    outer loop
      vertex 25.537354098697367 -3.1520430144268876 3.4000000000000004
      vertex 25.537354098697367 3.1520430144268876 3.4000000000000004
      vertex 25.323477574564567 2.972579301909577 3.4000000000000004
    endloop
  endfacet
  facet normal 0 0 1
    outer loop
      vertex 25.763228386117014 -3.3161502902201665 3.4000000000000004
      vertex 25.763228386117014 3.3161502902201665 3.4000000000000004
      vertex 25.537354098697367 3.1520430144268876 3.4000000000000004
    endloop
  endfacet
  facet normal 0 0 1
    outer loop
      vertex 26 -3.4641016151377544 3.4000000000000004
      vertex 26 3.4641016151377544 3.4000000000000004
      vertex 25.763228386117014 3.3161502902201665 3.4000000000000004
    endloop
  endfacet
  facet normal 0 0 1
    outer loop
      vertex 26.246515412843692 -3.595176185196668 3.4000000000000004
      vertex 26.246515412843692 3.595176185196668 3.4000000000000004
      vertex 26 3.4641016151377544 3.4000000000000004
    endloop
  endfacet
  facet normal 0 0 1
    outer loop
      vertex 26.501573626336352 -3.7087354182671497 3.4000000000000004
      vertex 26.501573626336352 3.7087354182671497 3.4000000000000004
      vertex 26.246515412843692 3.595176185196668 3.4000000000000004
    endloop
  endfacet
  facet normal 0 0 1
    outer loop
      vertex 26.76393202250021 -3.804226065180614 3.4000000000000004
      vertex 26.76393202250021 3.804226065180614 3.4000000000000004
      vertex 26.501573626336352 3.7087354182671497 3.4000000000000004
    endloop
  endfacet
  facet normal 0 0 1
    outer loop
      vertex 27.03231241760133 -3.881182905103986 3.4000000000000004
      vertex 27.03231241760133 3.881182905103986 3.4000000000000004
      vertex 26.76393202250021 3.804226065180614 3.4000000000000004
    endloop
  endfacet
  facet normal 0 0 1
    outer loop
      vertex 27.30540728933228 -3.939231012048832 3.4000000000000004
      vertex 27.30540728933228 3.939231012048832 3.4000000000000004
      vertex 27.03231241760133 3.881182905103986 3.4000000000000004
    endloop
  endfacet
  facet normal 0 0 1
    outer loop
      vertex 31.912590402935223 -0.8316467632710374 3.4000000000000004
      vertex 31.912590402935223 0.8316467632710374 3.4000000000000004
      vertex 31.845046783753276 1.1025494232679967 3.4000000000000004
    endloop
  endfacet
  facet normal 0 0 1
    outer loop
      vertex 31.845046783753276 -1.1025494232679967 3.4000000000000004
      vertex 31.845046783753276 1.1025494232679967 3.4000000000000004
      vertex 31.758770483143635 1.3680805733026749 3.4000000000000004
    endloop
  endfacet
  facet normal 0 0 1
    outer loop
      vertex 31.990256201039298 -0.2790258949765012 3.4000000000000004
      vertex 32 0 3.4000000000000004
      vertex 31.990256201039298 0.2790258949765012 3.4000000000000004
    endloop
  endfacet
  facet normal 0 0 1
    outer loop
      vertex 31.990256201039298 -0.2790258949765012 3.4000000000000004
      vertex 31.990256201039298 0.2790258949765012 3.4000000000000004
      vertex 31.96107227496628 0.5566924038402618 3.4000000000000004
    endloop
  endfacet
  facet normal 0 0 1
    outer loop
      vertex 31.96107227496628 -0.5566924038402618 3.4000000000000004
      vertex 31.96107227496628 0.5566924038402618 3.4000000000000004
      vertex 31.912590402935223 0.8316467632710374 3.4000000000000004
    endloop
  endfacet
  facet normal 0 0 1
    outer loop
      vertex 31.758770483143635 -1.3680805733026749 3.4000000000000004
      vertex 31.758770483143635 1.3680805733026749 3.4000000000000004
      vertex 31.654181830570405 1.6269465723032008 3.4000000000000004
    endloop
  endfacet
  facet normal 0 0 1
    outer loop
      vertex 31.531790371435708 -1.8778862511435632 3.4000000000000004
      vertex 31.531790371435708 1.8778862511435632 3.4000000000000004
      vertex 31.392192384625705 2.1196770569328196 3.4000000000000004
    endloop
  endfacet
  facet normal 0 0 1
    outer loop
      vertex 31.654181830570405 -1.6269465723032008 3.4000000000000004
      vertex 31.654181830570405 1.6269465723032008 3.4000000000000004
      vertex 31.531790371435708 1.8778862511435632 3.4000000000000004
    endloop
  endfacet
  facet normal 0 0 1
    outer loop
      vertex 31.06417777247591 -2.571150438746157 3.4000000000000004
      vertex 31.06417777247591 2.571150438746157 3.4000000000000004
      vertex 30.877359201354604 2.778633481835989 3.4000000000000004
    endloop
  endfacet
  facet normal 0 0 1
    outer loop
      vertex 30.877359201354604 -2.778633481835989 3.4000000000000004
      vertex 30.877359201354604 2.778633481835989 3.4000000000000004
      vertex 30.676522425435433 2.972579301909577 3.4000000000000004
    endloop
  endfacet
  facet normal 0 0 1
    outer loop
      vertex 31.392192384625705 -2.1196770569328196 3.4000000000000004
      vertex 31.392192384625705 2.1196770569328196 3.4000000000000004
      vertex 31.23606797749979 2.3511410091698925 3.4000000000000004
    endloop
  endfacet
  facet normal 0 0 1
    outer loop
      vertex 31.23606797749979 -2.3511410091698925 3.4000000000000004
      vertex 31.23606797749979 2.3511410091698925 3.4000000000000004
      vertex 31.06417777247591 2.571150438746157 3.4000000000000004
    endloop
  endfacet
  facet normal 0 0 1
    outer loop
      vertex 27.581886146929385 -3.978087581473093 3.4000000000000004
      vertex 27.581886146929385 3.978087581473093 3.4000000000000004
      vertex 27.30540728933228 3.939231012048832 3.4000000000000004
    endloop
  endfacet
  facet normal 0 0 1
    outer loop
      vertex 27.860402013189997 -3.997563308076383 3.4000000000000004
      vertex 27.860402013189997 3.997563308076383 3.4000000000000004
      vertex 27.581886146929385 3.978087581473093 3.4000000000000004
    endloop
  endfacet
  facet normal 0 0 1
    outer loop
      vertex 27.860402013189997 3.997563308076383 3.4000000000000004
      vertex 28.139597986810003 -3.997563308076383 3.4000000000000004
      vertex 28.139597986810003 3.997563308076383 3.4000000000000004
    endloop
  endfacet
  facet normal 0 0 1
    outer loop
      vertex 28.418113853070615 -3.978087581473093 3.4000000000000004
      vertex 28.418113853070615 3.978087581473093 3.4000000000000004
      vertex 28.139597986810003 3.997563308076383 3.4000000000000004
    endloop
  endfacet
  facet normal 0 0 1
    outer loop
      vertex 28.69459271066772 -3.939231012048832 3.4000000000000004
      vertex 28.69459271066772 3.939231012048832 3.4000000000000004
      vertex 28.418113853070615 3.978087581473093 3.4000000000000004
    endloop
  endfacet
  facet normal 0 0 1
    outer loop
      vertex 29.753484587156308 -3.595176185196668 3.4000000000000004
      vertex 29.753484587156308 3.595176185196668 3.4000000000000004
      vertex 29.498426373663648 3.7087354182671497 3.4000000000000004
    endloop
  endfacet
  facet normal 0 0 1
    outer loop
      vertex 30 -3.4641016151377544 3.4000000000000004
      vertex 30 3.4641016151377544 3.4000000000000004
      vertex 29.753484587156308 3.595176185196668 3.4000000000000004
    endloop
  endfacet
  facet normal 0 0 1
    outer loop
      vertex 30.236771613882986 -3.3161502902201665 3.4000000000000004
      vertex 30.236771613882986 3.3161502902201665 3.4000000000000004
      vertex 30 3.4641016151377544 3.4000000000000004
    endloop
  endfacet
  facet normal 0 0 1
    outer loop
      vertex 29.23606797749979 -3.804226065180614 3.4000000000000004
      vertex 29.23606797749979 3.804226065180614 3.4000000000000004
      vertex 28.96768758239867 3.881182905103986 3.4000000000000004
    endloop
  endfacet
  facet normal 0 0 1
    outer loop
      vertex 28.96768758239867 -3.881182905103986 3.4000000000000004
      vertex 28.96768758239867 3.881182905103986 3.4000000000000004
      vertex 28.69459271066772 3.939231012048832 3.4000000000000004
    endloop
  endfacet
  facet normal 0 0 1
    outer loop
      vertex 29.498426373663648 -3.7087354182671497 3.4000000000000004
      vertex 29.498426373663648 3.7087354182671497 3.4000000000000004
      vertex 29.23606797749979 3.804226065180614 3.4000000000000004
    endloop
  endfacet
  facet normal 0 0 1
    outer loop
      vertex 30.676522425435433 -2.972579301909577 3.4000000000000004
      vertex 30.676522425435433 2.972579301909577 3.4000000000000004
      vertex 30.462645901302633 3.1520430144268876 3.4000000000000004
    endloop
  endfacet
  facet normal 0 0 1
    outer loop
      vertex 30.462645901302633 -3.1520430144268876 3.4000000000000004
      vertex 30.462645901302633 3.1520430144268876 3.4000000000000004
      vertex 30.236771613882986 3.3161502902201665 3.4000000000000004
    endloop
  endfacet
  facet normal -0.8290375725550401 0.5591929034707493 0
    outer loop
      vertex 24.607807615374295 2.1196770569328196 0.2
      vertex 24.607807615374295 2.1196770569328196 3.4000000000000004
      vertex 24.76393202250021 2.3511410091698925 3.4000000000000004
    endloop
  endfacet
  facet normal -0.7880107536067203 0.6156614753256603 0
    outer loop
      vertex 24.76393202250021 2.3511410091698925 0.2
      vertex 24.76393202250021 2.3511410091698925 3.4000000000000004
      vertex 24.93582222752409 2.571150438746157 3.4000000000000004
    endloop
  endfacet
  facet normal -0.743144825477395 0.6691306063588572 0
    outer loop
      vertex 24.93582222752409 2.571150438746157 0.2
      vertex 24.93582222752409 2.571150438746157 3.4000000000000004
      vertex 25.122640798645396 2.778633481835989 3.4000000000000004
    endloop
  endfacet
  facet normal -0.6946583704589983 0.7193398003386503 0
    outer loop
      vertex 25.323477574564567 2.972579301909577 0.2
      vertex 25.122640798645396 2.778633481835989 3.4000000000000004
      vertex 25.323477574564567 2.972579301909577 3.4000000000000004
    endloop
  endfacet
  facet normal -0.6427876096865379 0.7660444431189792 0
    outer loop
      vertex 25.537354098697367 3.1520430144268876 0.2
      vertex 25.323477574564567 2.972579301909577 3.4000000000000004
      vertex 25.537354098697367 3.1520430144268876 3.4000000000000004
    endloop
  endfacet
  facet normal -0.5877852522924719 0.8090169943749483 0
    outer loop
      vertex 25.763228386117014 3.3161502902201665 0.2
      vertex 25.537354098697367 3.1520430144268876 3.4000000000000004
      vertex 25.763228386117014 3.3161502902201665 3.4000000000000004
    endloop
  endfacet
  facet normal -0.5299192642332068 0.8480480961564248 0
    outer loop
      vertex 26 3.4641016151377544 0.2
      vertex 25.763228386117014 3.3161502902201665 3.4000000000000004
      vertex 26 3.4641016151377544 3.4000000000000004
    endloop
  endfacet
  facet normal -0.46947156278588914 0.8829475928589279 0
    outer loop
      vertex 26.246515412843692 3.595176185196668 0.2
      vertex 26 3.4641016151377544 3.4000000000000004
      vertex 26.246515412843692 3.595176185196668 3.4000000000000004
    endloop
  endfacet
  facet normal -0.40673664307580193 0.9135454576426001 0
    outer loop
      vertex 26.501573626336352 3.7087354182671497 0.2
      vertex 26.246515412843692 3.595176185196668 3.4000000000000004
      vertex 26.501573626336352 3.7087354182671497 3.4000000000000004
    endloop
  endfacet
  facet normal -0.34202014332566844 0.9396926207859085 0
    outer loop
      vertex 26.76393202250021 3.804226065180614 0.2
      vertex 26.501573626336352 3.7087354182671497 3.4000000000000004
      vertex 26.76393202250021 3.804226065180614 3.4000000000000004
    endloop
  endfacet
  facet normal -0.27563735581699994 0.9612616959383186 0
    outer loop
      vertex 27.03231241760133 3.881182905103986 0.2
      vertex 26.76393202250021 3.804226065180614 3.4000000000000004
      vertex 27.03231241760133 3.881182905103986 3.4000000000000004
    endloop
  endfacet
  facet normal -0.20791169081775776 0.9781476007338059 0
    outer loop
      vertex 27.30540728933228 3.939231012048832 0.2
      vertex 27.03231241760133 3.881182905103986 3.4000000000000004
      vertex 27.30540728933228 3.939231012048832 3.4000000000000004
    endloop
  endfacet
  facet normal 0.86602540378444 0.49999999999999756 0
    outer loop
      vertex 31.392192384625705 2.1196770569328196 0.2
      vertex 31.392192384625705 2.1196770569328196 3.4000000000000004
      vertex 31.531790371435708 1.8778862511435632 3.4000000000000004
    endloop
  endfacet
  facet normal 0.7880107536067203 0.6156614753256603 0
    outer loop
      vertex 31.06417777247591 2.571150438746157 0.2
      vertex 31.06417777247591 2.571150438746157 3.4000000000000004
      vertex 31.23606797749979 2.3511410091698925 3.4000000000000004
    endloop
  endfacet
  facet normal 0.8290375725550401 0.5591929034707493 0
    outer loop
      vertex 31.23606797749979 2.3511410091698925 0.2
      vertex 31.23606797749979 2.3511410091698925 3.4000000000000004
      vertex 31.392192384625705 2.1196770569328196 3.4000000000000004
    endloop
  endfacet
  facet normal 0.743144825477395 0.6691306063588572 0
    outer loop
      vertex 30.877359201354604 2.778633481835989 0.2
      vertex 30.877359201354604 2.778633481835989 3.4000000000000004
      vertex 31.06417777247591 2.571150438746157 3.4000000000000004
    endloop
  endfacet
  facet normal 0.6946583704589983 0.7193398003386503 0
    outer loop
      vertex 30.877359201354604 2.778633481835989 0.2
      vertex 30.676522425435433 2.972579301909577 3.4000000000000004
      vertex 30.877359201354604 2.778633481835989 3.4000000000000004
    endloop
  endfacet
  facet normal 0.5299192642332068 0.8480480961564248 0
    outer loop
      vertex 30.236771613882986 3.3161502902201665 0.2
      vertex 30 3.4641016151377544 3.4000000000000004
      vertex 30.236771613882986 3.3161502902201665 3.4000000000000004
    endloop
  endfacet
  facet normal -0.1391731009600664 0.9902680687415701 0
    outer loop
      vertex 27.581886146929385 3.978087581473093 0.2
      vertex 27.30540728933228 3.939231012048832 3.4000000000000004
      vertex 27.581886146929385 3.978087581473093 3.4000000000000004
    endloop
  endfacet
  facet normal -0.06975647374412589 0.9975640502598242 0
    outer loop
      vertex 27.860402013189997 3.997563308076383 0.2
      vertex 27.581886146929385 3.978087581473093 3.4000000000000004
      vertex 27.860402013189997 3.997563308076383 3.4000000000000004
    endloop
  endfacet
  facet normal 0 1 0
    outer loop
      vertex 27.860402013189997 3.997563308076383 3.4000000000000004
      vertex 28.139597986810003 3.997563308076383 3.4000000000000004
      vertex 28.139597986810003 3.997563308076383 0.2
    endloop
  endfacet
  facet normal 0.06975647374412589 0.9975640502598242 0
    outer loop
      vertex 28.418113853070615 3.978087581473093 0.2
      vertex 28.139597986810003 3.997563308076383 3.4000000000000004
      vertex 28.418113853070615 3.978087581473093 3.4000000000000004
    endloop
  endfacet
  facet normal 0.1391731009600664 0.9902680687415701 0
    outer loop
      vertex 28.69459271066772 3.939231012048832 0.2
      vertex 28.418113853070615 3.978087581473093 3.4000000000000004
      vertex 28.69459271066772 3.939231012048832 3.4000000000000004
    endloop
  endfacet
  facet normal 0.34202014332566844 0.9396926207859085 0
    outer loop
      vertex 29.498426373663648 3.7087354182671497 0.2
      vertex 29.23606797749979 3.804226065180614 3.4000000000000004
      vertex 29.498426373663648 3.7087354182671497 3.4000000000000004
    endloop
  endfacet
  facet normal 0.46947156278588914 0.8829475928589279 0
    outer loop
      vertex 30 3.4641016151377544 0.2
      vertex 29.753484587156308 3.595176185196668 3.4000000000000004
      vertex 30 3.4641016151377544 3.4000000000000004
    endloop
  endfacet
  facet normal 0.40673664307580193 0.9135454576426001 0
    outer loop
      vertex 29.753484587156308 3.595176185196668 0.2
      vertex 29.498426373663648 3.7087354182671497 3.4000000000000004
      vertex 29.753484587156308 3.595176185196668 3.4000000000000004
    endloop
  endfacet
  facet normal 0.27563735581699994 0.9612616959383186 0
    outer loop
      vertex 29.23606797749979 3.804226065180614 0.2
      vertex 28.96768758239867 3.881182905103986 3.4000000000000004
      vertex 29.23606797749979 3.804226065180614 3.4000000000000004
    endloop
  endfacet
  facet normal 0.20791169081775776 0.9781476007338059 0
    outer loop
      vertex 28.96768758239867 3.881182905103986 0.2
      vertex 28.69459271066772 3.939231012048832 3.4000000000000004
      vertex 28.96768758239867 3.881182905103986 3.4000000000000004
    endloop
  endfacet
  facet normal 0.6427876096865379 0.7660444431189792 0
    outer loop
      vertex 30.676522425435433 2.972579301909577 0.2
      vertex 30.462645901302633 3.1520430144268876 3.4000000000000004
      vertex 30.676522425435433 2.972579301909577 3.4000000000000004
    endloop
  endfacet
  facet normal 0.5877852522924719 0.8090169943749483 0
    outer loop
      vertex 30.462645901302633 3.1520430144268876 0.2
      vertex 30.236771613882986 3.3161502902201665 3.4000000000000004
      vertex 30.462645901302633 3.1520430144268876 3.4000000000000004
    endloop
  endfacet
  facet normal 0.3166679938014714 0.9485364419471459 0
    outer loop
      vertex 26.90072485016814 -2.898550352324786 0.6
      vertex 27.137525861858997 -2.977606146057254 2.8000000000000003
      vertex 27.137525861858997 -2.977606146057254 0.6
    endloop
  endfacet
  facet normal 0.39196660986007625 0.9199794436588237 0
    outer loop
      vertex 26.671053059650532 -2.800696347292185 0.6
      vertex 26.90072485016814 -2.898550352324786 2.8000000000000003
      vertex 26.90072485016814 -2.898550352324786 0.6
    endloop
  endfacet
  facet normal 0.4647231720437671 0.8854560256532107 0
    outer loop
      vertex 26.671053059650532 -2.800696347292185 0.6
      vertex 26.45 -2.68467875173176 0.6
      vertex 26.671053059650532 -2.800696347292185 2.8000000000000003
    endloop
  endfacet
  facet normal 0.5344658261278024 0.8451900855437938 0
    outer loop
      vertex 26.238999285133417 -2.551249984270335 0.6
      vertex 26.45 -2.68467875173176 2.8000000000000003
      vertex 26.45 -2.68467875173176 0.6
    endloop
  endfacet
  facet normal 0.600742264237976 0.7994427634035032 0
    outer loop
      vertex 26.03941933565433 -2.4012753816657297 0.6
      vertex 26.238999285133417 -2.551249984270335 2.8000000000000003
      vertex 26.238999285133417 -2.551249984270335 0.6
    endloop
  endfacet
  facet normal 0.6631226582407972 0.7485107481710993 0
    outer loop
      vertex 26.03941933565433 -2.4012753816657297 0.6
      vertex 25.852554504120242 -2.2357275867658255 0.6
      vertex 26.03941933565433 -2.4012753816657297 2.8000000000000003
    endloop
  endfacet
  facet normal 0.7212024473438127 0.6927243535096014 0
    outer loop
      vertex 25.852554504120242 -2.2357275867658255 0.6
      vertex 25.679616680669586 -2.0556802405464656 0.6
      vertex 25.679616680669586 -2.0556802405464656 2.8000000000000003
    endloop
  endfacet
  facet normal 0.1604112808577618 0.9870502626379125 0
    outer loop
      vertex 27.379920349294263 -3.03735102133103 0.6
      vertex 27.6263362912085 -3.077397509703968 2.8000000000000003
      vertex 27.6263362912085 -3.077397509703968 0.6
    endloop
  endfacet
  facet normal 0.23931566428755757 0.9709418174260521 0
    outer loop
      vertex 27.137525861858997 -2.977606146057254 0.6
      vertex 27.379920349294263 -3.03735102133103 2.8000000000000003
      vertex 27.379920349294263 -3.03735102133103 0.6
    endloop
  endfacet
  facet normal 0.08046656871672368 0.9967573081342103 0
    outer loop
      vertex 27.6263362912085 -3.077397509703968 0.6
      vertex 27.875175585660813 -3.0974858943318657 2.8000000000000003
      vertex 27.875175585660813 -3.0974858943318657 0.6
    endloop
  endfacet
  facet normal 0 1 0
    outer loop
      vertex 27.875175585660813 -3.0974858943318657 0.6
      vertex 28.124824414339187 -3.0974858943318657 2.8000000000000003
      vertex 28.124824414339187 -3.0974858943318657 0.6
    endloop
  endfacet
  facet normal -0.08046656871672368 0.9967573081342103 0
    outer loop
      vertex 28.124824414339187 -3.0974858943318657 0.6
      vertex 28.3736637087915 -3.077397509703968 2.8000000000000003
      vertex 28.3736637087915 -3.077397509703968 0.6
    endloop
  endfacet
  facet normal -0.1604112808577618 0.9870502626379125 0
    outer loop
      vertex 28.3736637087915 -3.077397509703968 0.6
      vertex 28.620079650705737 -3.03735102133103 2.8000000000000003
      vertex 28.620079650705737 -3.03735102133103 0.6
    endloop
  endfacet
  facet normal -0.23931566428755416 0.9709418174260529 0
    outer loop
      vertex 28.620079650705737 -3.03735102133103 0.6
      vertex 28.862474138141003 -2.977606146057255 2.8000000000000003
      vertex 28.862474138141003 -2.977606146057255 0.6
    endloop
  endfacet
  facet normal -0.3166679938014746 0.9485364419471447 0
    outer loop
      vertex 28.862474138141003 -2.977606146057255 0.6
      vertex 29.09927514983186 -2.898550352324786 2.8000000000000003
      vertex 29.09927514983186 -2.898550352324786 0.6
    endloop
  endfacet
  facet normal -0.3919666098600747 0.9199794436588242 0
    outer loop
      vertex 29.09927514983186 -2.898550352324786 0.6
      vertex 29.328946940349468 -2.8006963472921855 2.8000000000000003
      vertex 29.328946940349468 -2.8006963472921855 0.6
    endloop
  endfacet
  facet normal -0.46472317204376856 0.88545602565321 0
    outer loop
      vertex 29.328946940349468 -2.8006963472921855 0.6
      vertex 29.55 -2.68467875173176 2.8000000000000003
      vertex 29.55 -2.68467875173176 0.6
    endloop
  endfacet
  facet normal -0.5344658261278049 0.8451900855437923 0
    outer loop
      vertex 29.55 -2.68467875173176 0.6
      vertex 29.761000714866583 -2.551249984270334 2.8000000000000003
      vertex 29.761000714866583 -2.551249984270334 0.6
    endloop
  endfacet
  facet normal -0.6007422642379738 0.799442763403505 0
    outer loop
      vertex 29.761000714866583 -2.551249984270334 0.6
      vertex 29.96058066434567 -2.4012753816657297 2.8000000000000003
      vertex 29.96058066434567 -2.4012753816657297 0.6
    endloop
  endfacet
  facet normal -0.6631226582408003 0.7485107481710968 0
    outer loop
      vertex 29.96058066434567 -2.4012753816657297 0.6
      vertex 30.147445495879758 -2.235727586765824 2.8000000000000003
      vertex 30.147445495879758 -2.235727586765824 0.6
    endloop
  endfacet
  facet normal -0.7212024473438101 0.692724353509604 0
    outer loop
      vertex 30.147445495879758 -2.235727586765824 0.6
      vertex 30.147445495879758 -2.235727586765824 2.8000000000000003
      vertex 30.320383319330414 -2.0556802405464656 0.6
    endloop
  endfacet
  facet normal 0 0 1
    outer loop
      vertex 25.521727433449147 -1.8623010191377352 0.6
      vertex 25.679616680669586 -2.0556802405464656 0.6
      vertex 25.679616680669586 2.0556802405464656 0.6
    endloop
  endfacet
  facet normal 0 0 1
    outer loop
      vertex 25.37991073481424 -1.6568440609961839 0.6
      vertex 25.521727433449147 -1.8623010191377352 0.6
      vertex 25.521727433449147 1.8623010191377352 0.6
    endloop
  endfacet
  facet normal 0 0 1
    outer loop
      vertex 26.238999285133417 -2.551249984270335 0.6
      vertex 26.45 -2.68467875173176 0.6
      vertex 26.45 2.68467875173176 0.6
    endloop
  endfacet
  facet normal 0 0 1
    outer loop
      vertex 26.03941933565433 -2.4012753816657297 0.6
      vertex 26.238999285133417 -2.551249984270335 0.6
      vertex 26.238999285133417 2.551249984270335 0.6
    endloop
  endfacet
  facet normal 0 0 1
    outer loop
      vertex 26.671053059650532 -2.800696347292185 0.6
      vertex 26.671053059650532 2.800696347292185 0.6
      vertex 26.45 -2.68467875173176 0.6
    endloop
  endfacet
  facet normal 0 0 1
    outer loop
      vertex 26.671053059650532 -2.800696347292185 0.6
      vertex 26.90072485016814 -2.898550352324786 0.6
      vertex 26.90072485016814 2.898550352324786 0.6
    endloop
  endfacet
  facet normal 0 0 1
    outer loop
      vertex 26.90072485016814 -2.898550352324786 0.6
      vertex 27.137525861858997 -2.977606146057254 0.6
      vertex 27.137525861858997 2.977606146057254 0.6
    endloop
  endfacet
  facet normal 0 0 1
    outer loop
      vertex 26.03941933565433 -2.4012753816657297 0.6
      vertex 26.03941933565433 2.4012753816657297 0.6
      vertex 25.852554504120242 -2.2357275867658255 0.6
    endloop
  endfacet
  facet normal 0 0 1
    outer loop
      vertex 25.852554504120242 -2.2357275867658255 0.6
      vertex 25.852554504120242 2.2357275867658255 0.6
      vertex 25.679616680669586 -2.0556802405464656 0.6
    endloop
  endfacet
  facet normal 0 0 1
    outer loop
      vertex 25.255086320475048 -1.4406418333356819 0.6
      vertex 25.255086320475048 1.4406418333356819 0.6
      vertex 25.148063724657646 -1.2150964905662323 0.6
    endloop
  endfacet
  facet normal 0 0 1
    outer loop
      vertex 25.37991073481424 -1.6568440609961839 0.6
      vertex 25.37991073481424 1.6568440609961839 0.6
      vertex 25.255086320475048 -1.4406418333356819 0.6
    endloop
  endfacet
  facet normal 0 0 1
    outer loop
      vertex 25.148063724657646 -1.2150964905662323 0.6
      vertex 25.148063724657646 1.2150964905662323 0.6
      vertex 25.05953702996385 -0.9816707807845644 0.6
    endloop
  endfacet
  facet normal 0 0 1
    outer loop
      vertex 25.05953702996385 -0.9816707807845644 0.6
      vertex 25.05953702996385 0.9816707807845644 0.6
      vertex 24.99008036597924 -0.7418785592914287 0.6
    endloop
  endfacet
  facet normal 0 0 1
    outer loop
      vertex 24.99008036597924 -0.7418785592914287 0.6
      vertex 24.99008036597924 0.7418785592914287 0.6
      vertex 24.94014418582247 -0.49727497065905657 0.6
    endloop
  endfacet
  facet normal 0 0 1
    outer loop
      vertex 24.94014418582247 -0.49727497065905657 0.6
      vertex 24.94014418582247 0.49727497065905657 0.6
      vertex 24.91005234478395 -0.24944636302185014 0.6
    endloop
  endfacet
  facet normal 0 0 1
    outer loop
      vertex 27.379920349294263 -3.03735102133103 0.6
      vertex 27.6263362912085 -3.077397509703968 0.6
      vertex 27.6263362912085 3.0773975097039674 0.6
    endloop
  endfacet
  facet normal 0 0 1
    outer loop
      vertex 27.6263362912085 -3.077397509703968 0.6
      vertex 27.875175585660813 -3.0974858943318657 0.6
      vertex 27.875175585660813 3.0974858943318657 0.6
    endloop
  endfacet
  facet normal 0 0 1
    outer loop
      vertex 27.875175585660813 -3.0974858943318657 0.6
      vertex 28.124824414339187 -3.0974858943318657 0.6
      vertex 28.124824414339187 3.0974858943318657 0.6
    endloop
  endfacet
  facet normal 0 0 1
    outer loop
      vertex 28.124824414339187 -3.0974858943318657 0.6
      vertex 28.3736637087915 -3.077397509703968 0.6
      vertex 28.3736637087915 3.0773975097039674 0.6
    endloop
  endfacet
  facet normal 0 0 1
    outer loop
      vertex 28.3736637087915 -3.077397509703968 0.6
      vertex 28.620079650705737 -3.03735102133103 0.6
      vertex 28.620079650705737 3.03735102133103 0.6
    endloop
  endfacet
  facet normal 0 0 1
    outer loop
      vertex 28.620079650705737 -3.03735102133103 0.6
      vertex 28.862474138141003 -2.977606146057255 0.6
      vertex 28.862474138141003 2.977606146057254 0.6
    endloop
  endfacet
  facet normal 0 0 1
    outer loop
      vertex 27.137525861858997 -2.977606146057254 0.6
      vertex 27.379920349294263 -3.03735102133103 0.6
      vertex 27.379920349294263 3.03735102133103 0.6
    endloop
  endfacet
  facet normal 0 0 1
    outer loop
      vertex 28.862474138141003 -2.977606146057255 0.6
      vertex 29.09927514983186 -2.898550352324786 0.6
      vertex 29.09927514983186 2.898550352324786 0.6
    endloop
  endfacet
  facet normal 0 0 1
    outer loop
      vertex 29.09927514983186 -2.898550352324786 0.6
      vertex 29.328946940349468 -2.8006963472921855 0.6
      vertex 29.328946940349468 2.800696347292185 0.6
    endloop
  endfacet
  facet normal 0 0 1
    outer loop
      vertex 29.328946940349468 -2.8006963472921855 0.6
      vertex 29.55 -2.68467875173176 0.6
      vertex 29.55 2.68467875173176 0.6
    endloop
  endfacet
  facet normal 0 0 1
    outer loop
      vertex 29.55 -2.68467875173176 0.6
      vertex 29.761000714866583 -2.551249984270334 0.6
      vertex 29.761000714866583 2.551249984270335 0.6
    endloop
  endfacet
  facet normal 0 0 1
    outer loop
      vertex 29.761000714866583 -2.551249984270334 0.6
      vertex 29.96058066434567 -2.4012753816657297 0.6
      vertex 29.96058066434567 2.4012753816657293 0.6
    endloop
  endfacet
  facet normal 0 0 1
    outer loop
      vertex 29.96058066434567 -2.4012753816657297 0.6
      vertex 30.147445495879758 -2.235727586765824 0.6
      vertex 30.147445495879758 2.235727586765825 0.6
    endloop
  endfacet
  facet normal 0 0 1
    outer loop
      vertex 30.147445495879758 -2.235727586765824 0.6
      vertex 30.320383319330414 -2.0556802405464656 0.6
      vertex 30.320383319330414 2.055680240546465 0.6
    endloop
  endfacet
  facet normal 0 0 1
    outer loop
      vertex 30.320383319330414 -2.0556802405464656 0.6
      vertex 30.478272566550853 -1.862301019137734 0.6
      vertex 30.478272566550853 1.8623010191377345 0.6
    endloop
  endfacet
  facet normal 0 0 1
    outer loop
      vertex 30.478272566550853 -1.862301019137734 0.6
      vertex 30.62008926518576 -1.6568440609961839 0.6
      vertex 30.620089265185765 1.6568440609961832 0.6
    endloop
  endfacet
  facet normal 0 0 1
    outer loop
      vertex 30.62008926518576 -1.6568440609961839 0.6
      vertex 30.744913679524952 -1.4406418333356819 0.6
      vertex 30.744913679524952 1.4406418333356825 0.6
    endloop
  endfacet
  facet normal 0 0 1
    outer loop
      vertex 30.744913679524952 -1.4406418333356819 0.6
      vertex 30.851936275342354 -1.2150964905662336 0.6
      vertex 30.851936275342354 1.2150964905662327 0.6
    endloop
  endfacet
  facet normal 0 0 1
    outer loop
      vertex 30.851936275342354 -1.2150964905662336 0.6
      vertex 30.94046297003615 -0.9816707807845644 0.6
      vertex 30.94046297003615 0.9816707807845647 0.6
    endloop
  endfacet
  facet normal 0 0 1
    outer loop
      vertex 30.94046297003615 -0.9816707807845644 0.6
      vertex 31.00991963402076 -0.7418785592914302 0.6
      vertex 31.00991963402076 0.7418785592914291 0.6
    endloop
  endfacet
  facet normal 0 0 1
    outer loop
      vertex 31.00991963402076 -0.7418785592914302 0.6
      vertex 31.05985581417753 -0.49727497065905657 0.6
      vertex 31.05985581417753 0.49727497065905674 0.6
    endloop
  endfacet
  facet normal 0 0 1
    outer loop
      vertex 31.05985581417753 -0.49727497065905657 0.6
      vertex 31.08994765521605 -0.24944636302185164 0.6
      vertex 31.08994765521605 0.24944636302185022 0.6
    endloop
  endfacet
  facet normal 0 0 1
    outer loop
      vertex 31.08994765521605 -0.24944636302185164 0.6
      vertex 31.1 0 0.6
      vertex 31.08994765521605 0.24944636302185022 0.6
    endloop
  endfacet
  facet normal 0.7746049618276573 0.6324453755953738 0
    outer loop
      vertex 25.521727433449147 -1.8623010191377352 0.6
      vertex 25.521727433449147 -1.8623010191377352 2.8000000000000003
      vertex 25.679616680669586 -2.0556802405464656 0.6
    endloop
  endfacet
  facet normal 0.8229838658936593 0.5680647467311513 0
    outer loop
      vertex 25.37991073481424 -1.6568440609961839 0.6
      vertex 25.37991073481424 -1.6568440609961839 2.8000000000000003
      vertex 25.521727433449147 -1.8623010191377352 0.6
    endloop
  endfacet
  facet normal 0.8660254037844332 0.5000000000000095 0
    outer loop
      vertex 25.37991073481424 -1.6568440609961839 0.6
      vertex 25.255086320475048 -1.4406418333356819 0.6
      vertex 25.255086320475048 -1.4406418333356819 2.8000000000000003
    endloop
  endfacet
  facet normal 0.9034504346103869 0.4286925614030447 0
    outer loop
      vertex 25.255086320475048 -1.4406418333356819 0.6
      vertex 25.148063724657646 -1.2150964905662323 0.6
      vertex 25.148063724657646 -1.2150964905662323 2.8000000000000003
    endloop
  endfacet
  facet normal 0.9350162426854128 0.3546048870425405 0
    outer loop
      vertex 25.148063724657646 -1.2150964905662323 0.6
      vertex 25.05953702996385 -0.9816707807845644 0.6
      vertex 25.05953702996385 -0.9816707807845644 2.8000000000000003
    endloop
  endfacet
  facet normal 0.9605181116313724 0.2782174639164526 0
    outer loop
      vertex 25.05953702996385 -0.9816707807845644 0.6
      vertex 24.99008036597924 -0.7418785592914287 0.6
      vertex 24.99008036597924 -0.7418785592914287 2.8000000000000003
    endloop
  endfacet
  facet normal 0.9797906520422663 0.2000256937760506 0
    outer loop
      vertex 24.99008036597924 -0.7418785592914287 0.6
      vertex 24.94014418582247 -0.49727497065905657 0.6
      vertex 24.94014418582247 -0.49727497065905657 2.8000000000000003
    endloop
  endfacet
  facet normal 0.9927088740980547 0.12053668025531632 0
    outer loop
      vertex 24.94014418582247 -0.49727497065905657 0.6
      vertex 24.91005234478395 -0.24944636302185014 0.6
      vertex 24.91005234478395 -0.24944636302185014 2.8000000000000003
    endloop
  endfacet
  facet normal 0.9991889981715695 0.04026594010942168 0
    outer loop
      vertex 24.91005234478395 -0.24944636302185014 0.6
      vertex 24.9 0 0.6
      vertex 24.9 0 2.8000000000000003
    endloop
  endfacet
  facet normal -0.774604961827659 0.6324453755953716 0
    outer loop
      vertex 30.320383319330414 -2.0556802405464656 0.6
      vertex 30.320383319330414 -2.0556802405464656 2.8000000000000003
      vertex 30.478272566550853 -1.862301019137734 0.6
    endloop
  endfacet
  facet normal -0.8229838658936581 0.5680647467311535 0
    outer loop
      vertex 30.478272566550853 -1.862301019137734 0.6
      vertex 30.478272566550853 -1.862301019137734 2.8000000000000003
      vertex 30.62008926518576 -1.6568440609961839 0.6
    endloop
  endfacet
  facet normal -0.8660254037844332 0.5000000000000095 0
    outer loop
      vertex 30.62008926518576 -1.6568440609961839 0.6
      vertex 30.62008926518576 -1.6568440609961839 2.8000000000000003
      vertex 30.744913679524952 -1.4406418333356819 0.6
    endloop
  endfacet
  facet normal -0.9034504346103859 0.4286925614030468 0
    outer loop
      vertex 30.744913679524952 -1.4406418333356819 0.6
      vertex 30.744913679524952 -1.4406418333356819 2.8000000000000003
      vertex 30.851936275342354 -1.2150964905662336 0.6
    endloop
  endfacet
  facet normal -0.9350162426854135 0.3546048870425388 0
    outer loop
      vertex 30.851936275342354 -1.2150964905662336 0.6
      vertex 30.851936275342354 -1.2150964905662336 2.8000000000000003
      vertex 30.94046297003615 -0.9816707807845644 0.6
    endloop
  endfacet
  facet normal -0.9605181116313717 0.2782174639164542 0
    outer loop
      vertex 30.94046297003615 -0.9816707807845644 0.6
      vertex 30.94046297003615 -0.9816707807845644 2.8000000000000003
      vertex 31.00991963402076 -0.7418785592914302 0.6
    endloop
  endfacet
  facet normal -0.9797906520422667 0.2000256937760494 0
    outer loop
      vertex 31.00991963402076 -0.7418785592914302 0.6
      vertex 31.00991963402076 -0.7418785592914302 2.8000000000000003
      vertex 31.05985581417753 -0.49727497065905657 0.6
    endloop
  endfacet
  facet normal -0.9927088740980546 0.12053668025531704 0
    outer loop
      vertex 31.05985581417753 -0.49727497065905657 0.6
      vertex 31.05985581417753 -0.49727497065905657 2.8000000000000003
      vertex 31.08994765521605 -0.24944636302185164 0.6
    endloop
  endfacet
  facet normal -0.9991889981715695 0.04026594010942144 0
    outer loop
      vertex 31.08994765521605 -0.24944636302185164 0.6
      vertex 31.08994765521605 -0.24944636302185164 2.8000000000000003
      vertex 31.1 0 0.6
    endloop
  endfacet
  facet normal 0.23931566428755757 0.9709418174260521 0
    outer loop
      vertex 27.137525861858997 -2.977606146057254 0.6
      vertex 27.137525861858997 -2.977606146057254 2.8000000000000003
      vertex 27.379920349294263 -3.03735102133103 2.8000000000000003
    endloop
  endfacet
  facet normal 0.3166679938014714 0.9485364419471459 0
    outer loop
      vertex 26.90072485016814 -2.898550352324786 0.6
      vertex 26.90072485016814 -2.898550352324786 2.8000000000000003
      vertex 27.137525861858997 -2.977606146057254 2.8000000000000003
    endloop
  endfacet
  facet normal 0.39196660986007625 0.9199794436588237 0
    outer loop
      vertex 26.671053059650532 -2.800696347292185 0.6
      vertex 26.671053059650532 -2.800696347292185 2.8000000000000003
      vertex 26.90072485016814 -2.898550352324786 2.8000000000000003
    endloop
  endfacet
  facet normal 0.5344658261278024 0.8451900855437938 0
    outer loop
      vertex 26.238999285133417 -2.551249984270335 0.6
      vertex 26.238999285133417 -2.551249984270335 2.8000000000000003
      vertex 26.45 -2.68467875173176 2.8000000000000003
    endloop
  endfacet
  facet normal 0.4647231720437671 0.8854560256532107 0
    outer loop
      vertex 26.45 -2.68467875173176 0.6
      vertex 26.45 -2.68467875173176 2.8000000000000003
      vertex 26.671053059650532 -2.800696347292185 2.8000000000000003
    endloop
  endfacet
  facet normal 0.600742264237976 0.7994427634035032 0
    outer loop
      vertex 26.03941933565433 -2.4012753816657297 0.6
      vertex 26.03941933565433 -2.4012753816657297 2.8000000000000003
      vertex 26.238999285133417 -2.551249984270335 2.8000000000000003
    endloop
  endfacet
  facet normal 0.6631226582407972 0.7485107481710993 0
    outer loop
      vertex 25.852554504120242 -2.2357275867658255 0.6
      vertex 25.852554504120242 -2.2357275867658255 2.8000000000000003
      vertex 26.03941933565433 -2.4012753816657297 2.8000000000000003
    endloop
  endfacet
  facet normal 0.7212024473438127 0.6927243535096014 0
    outer loop
      vertex 25.852554504120242 -2.2357275867658255 0.6
      vertex 25.679616680669586 -2.0556802405464656 2.8000000000000003
      vertex 25.852554504120242 -2.2357275867658255 2.8000000000000003
    endloop
  endfacet
  facet normal 0.1604112808577618 0.9870502626379125 0
    outer loop
      vertex 27.379920349294263 -3.03735102133103 0.6
      vertex 27.379920349294263 -3.03735102133103 2.8000000000000003
      vertex 27.6263362912085 -3.077397509703968 2.8000000000000003
    endloop
  endfacet
  facet normal 0.08046656871672368 0.9967573081342103 0
    outer loop
      vertex 27.6263362912085 -3.077397509703968 0.6
      vertex 27.6263362912085 -3.077397509703968 2.8000000000000003
      vertex 27.875175585660813 -3.0974858943318657 2.8000000000000003
    endloop
  endfacet
  facet normal 0 1 0
    outer loop
      vertex 27.875175585660813 -3.0974858943318657 0.6
      vertex 27.875175585660813 -3.0974858943318657 2.8000000000000003
      vertex 28.124824414339187 -3.0974858943318657 2.8000000000000003
    endloop
  endfacet
  facet normal -0.08046656871672368 0.9967573081342103 0
    outer loop
      vertex 28.124824414339187 -3.0974858943318657 0.6
      vertex 28.124824414339187 -3.0974858943318657 2.8000000000000003
      vertex 28.3736637087915 -3.077397509703968 2.8000000000000003
    endloop
  endfacet
  facet normal -0.1604112808577618 0.9870502626379125 0
    outer loop
      vertex 28.3736637087915 -3.077397509703968 0.6
      vertex 28.3736637087915 -3.077397509703968 2.8000000000000003
      vertex 28.620079650705737 -3.03735102133103 2.8000000000000003
    endloop
  endfacet
  facet normal -0.23931566428755416 0.9709418174260529 0
    outer loop
      vertex 28.620079650705737 -3.03735102133103 0.6
      vertex 28.620079650705737 -3.03735102133103 2.8000000000000003
      vertex 28.862474138141003 -2.977606146057255 2.8000000000000003
    endloop
  endfacet
  facet normal -0.3166679938014746 0.9485364419471447 0
    outer loop
      vertex 28.862474138141003 -2.977606146057255 0.6
      vertex 28.862474138141003 -2.977606146057255 2.8000000000000003
      vertex 29.09927514983186 -2.898550352324786 2.8000000000000003
    endloop
  endfacet
  facet normal -0.3919666098600747 0.9199794436588242 0
    outer loop
      vertex 29.09927514983186 -2.898550352324786 0.6
      vertex 29.09927514983186 -2.898550352324786 2.8000000000000003
      vertex 29.328946940349468 -2.8006963472921855 2.8000000000000003
    endloop
  endfacet
  facet normal -0.46472317204376856 0.88545602565321 0
    outer loop
      vertex 29.328946940349468 -2.8006963472921855 0.6
      vertex 29.328946940349468 -2.8006963472921855 2.8000000000000003
      vertex 29.55 -2.68467875173176 2.8000000000000003
    endloop
  endfacet
  facet normal -0.5344658261278049 0.8451900855437923 0
    outer loop
      vertex 29.55 -2.68467875173176 0.6
      vertex 29.55 -2.68467875173176 2.8000000000000003
      vertex 29.761000714866583 -2.551249984270334 2.8000000000000003
    endloop
  endfacet
  facet normal -0.6007422642379738 0.799442763403505 0
    outer loop
      vertex 29.761000714866583 -2.551249984270334 0.6
      vertex 29.761000714866583 -2.551249984270334 2.8000000000000003
      vertex 29.96058066434567 -2.4012753816657297 2.8000000000000003
    endloop
  endfacet
  facet normal -0.6631226582408003 0.7485107481710968 0
    outer loop
      vertex 29.96058066434567 -2.4012753816657297 0.6
      vertex 29.96058066434567 -2.4012753816657297 2.8000000000000003
      vertex 30.147445495879758 -2.235727586765824 2.8000000000000003
    endloop
  endfacet
  facet normal -0.7212024473438101 0.692724353509604 0
    outer loop
      vertex 30.320383319330414 -2.0556802405464656 0.6
      vertex 30.147445495879758 -2.235727586765824 2.8000000000000003
      vertex 30.320383319330414 -2.0556802405464656 2.8000000000000003
    endloop
  endfacet
  facet normal 0.7746049618276573 0.6324453755953738 0
    outer loop
      vertex 25.679616680669586 -2.0556802405464656 0.6
      vertex 25.521727433449147 -1.8623010191377352 2.8000000000000003
      vertex 25.679616680669586 -2.0556802405464656 2.8000000000000003
    endloop
  endfacet
  facet normal 0.8229838658936593 0.5680647467311513 0
    outer loop
      vertex 25.521727433449147 -1.8623010191377352 0.6
      vertex 25.37991073481424 -1.6568440609961839 2.8000000000000003
      vertex 25.521727433449147 -1.8623010191377352 2.8000000000000003
    endloop
  endfacet
  facet normal 0.8660254037844332 0.5000000000000095 0
    outer loop
      vertex 25.37991073481424 -1.6568440609961839 0.6
      vertex 25.255086320475048 -1.4406418333356819 2.8000000000000003
      vertex 25.37991073481424 -1.6568440609961839 2.8000000000000003
    endloop
  endfacet
  facet normal 0.9034504346103869 0.4286925614030447 0
    outer loop
      vertex 25.255086320475048 -1.4406418333356819 0.6
      vertex 25.148063724657646 -1.2150964905662323 2.8000000000000003
      vertex 25.255086320475048 -1.4406418333356819 2.8000000000000003
    endloop
  endfacet
  facet normal 0.9350162426854128 0.3546048870425405 0
    outer loop
      vertex 25.148063724657646 -1.2150964905662323 0.6
      vertex 25.05953702996385 -0.9816707807845644 2.8000000000000003
      vertex 25.148063724657646 -1.2150964905662323 2.8000000000000003
    endloop
  endfacet
  facet normal 0.9605181116313724 0.2782174639164526 0
    outer loop
      vertex 25.05953702996385 -0.9816707807845644 0.6
      vertex 24.99008036597924 -0.7418785592914287 2.8000000000000003
      vertex 25.05953702996385 -0.9816707807845644 2.8000000000000003
    endloop
  endfacet
  facet normal 0.9797906520422663 0.2000256937760506 0
    outer loop
      vertex 24.99008036597924 -0.7418785592914287 0.6
      vertex 24.94014418582247 -0.49727497065905657 2.8000000000000003
      vertex 24.99008036597924 -0.7418785592914287 2.8000000000000003
    endloop
  endfacet
  facet normal 0.9927088740980547 0.12053668025531632 0
    outer loop
      vertex 24.94014418582247 -0.49727497065905657 0.6
      vertex 24.91005234478395 -0.24944636302185014 2.8000000000000003
      vertex 24.94014418582247 -0.49727497065905657 2.8000000000000003
    endloop
  endfacet
  facet normal 0.9991889981715695 0.04026594010942168 0
    outer loop
      vertex 24.91005234478395 -0.24944636302185014 0.6
      vertex 24.9 0 2.8000000000000003
      vertex 24.91005234478395 -0.24944636302185014 2.8000000000000003
    endloop
  endfacet
  facet normal -0.774604961827659 0.6324453755953716 0
    outer loop
      vertex 30.478272566550853 -1.862301019137734 0.6
      vertex 30.320383319330414 -2.0556802405464656 2.8000000000000003
      vertex 30.478272566550853 -1.862301019137734 2.8000000000000003
    endloop
  endfacet
  facet normal -0.8229838658936581 0.5680647467311535 0
    outer loop
      vertex 30.62008926518576 -1.6568440609961839 0.6
      vertex 30.478272566550853 -1.862301019137734 2.8000000000000003
      vertex 30.62008926518576 -1.6568440609961839 2.8000000000000003
    endloop
  endfacet
  facet normal -0.8660254037844332 0.5000000000000095 0
    outer loop
      vertex 30.744913679524952 -1.4406418333356819 0.6
      vertex 30.62008926518576 -1.6568440609961839 2.8000000000000003
      vertex 30.744913679524952 -1.4406418333356819 2.8000000000000003
    endloop
  endfacet
  facet normal -0.9034504346103859 0.4286925614030468 0
    outer loop
      vertex 30.851936275342354 -1.2150964905662336 0.6
      vertex 30.744913679524952 -1.4406418333356819 2.8000000000000003
      vertex 30.851936275342354 -1.2150964905662336 2.8000000000000003
    endloop
  endfacet
  facet normal -0.9350162426854135 0.3546048870425388 0
    outer loop
      vertex 30.94046297003615 -0.9816707807845644 0.6
      vertex 30.851936275342354 -1.2150964905662336 2.8000000000000003
      vertex 30.94046297003615 -0.9816707807845644 2.8000000000000003
    endloop
  endfacet
  facet normal -0.9605181116313717 0.2782174639164542 0
    outer loop
      vertex 31.00991963402076 -0.7418785592914302 0.6
      vertex 30.94046297003615 -0.9816707807845644 2.8000000000000003
      vertex 31.00991963402076 -0.7418785592914302 2.8000000000000003
    endloop
  endfacet
  facet normal -0.9797906520422667 0.2000256937760494 0
    outer loop
      vertex 31.05985581417753 -0.49727497065905657 0.6
      vertex 31.00991963402076 -0.7418785592914302 2.8000000000000003
      vertex 31.05985581417753 -0.49727497065905657 2.8000000000000003
    endloop
  endfacet
  facet normal -0.9927088740980546 0.12053668025531704 0
    outer loop
      vertex 31.08994765521605 -0.24944636302185164 0.6
      vertex 31.05985581417753 -0.49727497065905657 2.8000000000000003
      vertex 31.08994765521605 -0.24944636302185164 2.8000000000000003
    endloop
  endfacet
  facet normal -0.9991889981715695 0.04026594010942144 0
    outer loop
      vertex 31.08994765521605 -0.24944636302185164 2.8000000000000003
      vertex 31.1 0 2.8000000000000003
      vertex 31.1 0 0.6
    endloop
  endfacet
  facet normal 0 0 -1
    outer loop
      vertex 27.137525861858997 -2.977606146057254 2.8000000000000003
      vertex 27.137525861858997 2.977606146057254 2.8000000000000003
      vertex 27.379920349294263 -3.03735102133103 2.8000000000000003
    endloop
  endfacet
  facet normal 0 0 -1
    outer loop
      vertex 25.521727433449147 -1.8623010191377352 2.8000000000000003
      vertex 25.521727433449147 1.8623010191377352 2.8000000000000003
      vertex 25.679616680669586 -2.0556802405464656 2.8000000000000003
    endloop
  endfacet
  facet normal 0 0 -1
    outer loop
      vertex 25.37991073481424 -1.6568440609961839 2.8000000000000003
      vertex 25.255086320475048 -1.4406418333356819 2.8000000000000003
      vertex 25.255086320475048 1.4406418333356819 2.8000000000000003
    endloop
  endfacet
  facet normal 0 0 -1
    outer loop
      vertex 25.37991073481424 -1.6568440609961839 2.8000000000000003
      vertex 25.37991073481424 1.6568440609961839 2.8000000000000003
      vertex 25.521727433449147 -1.8623010191377352 2.8000000000000003
    endloop
  endfacet
  facet normal 0 0 -1
    outer loop
      vertex 26.238999285133417 -2.551249984270335 2.8000000000000003
      vertex 26.238999285133417 2.551249984270335 2.8000000000000003
      vertex 26.45 -2.68467875173176 2.8000000000000003
    endloop
  endfacet
  facet normal 0 0 -1
    outer loop
      vertex 26.03941933565433 -2.4012753816657297 2.8000000000000003
      vertex 25.852554504120242 -2.2357275867658255 2.8000000000000003
      vertex 25.852554504120242 2.2357275867658255 2.8000000000000003
    endloop
  endfacet
  facet normal 0 0 -1
    outer loop
      vertex 26.03941933565433 -2.4012753816657297 2.8000000000000003
      vertex 26.03941933565433 2.4012753816657297 2.8000000000000003
      vertex 26.238999285133417 -2.551249984270335 2.8000000000000003
    endloop
  endfacet
  facet normal 0 0 -1
    outer loop
      vertex 26.671053059650532 -2.800696347292185 2.8000000000000003
      vertex 26.671053059650532 2.800696347292185 2.8000000000000003
      vertex 26.90072485016814 -2.898550352324786 2.8000000000000003
    endloop
  endfacet
  facet normal 0 0 -1
    outer loop
      vertex 26.671053059650532 -2.800696347292185 2.8000000000000003
      vertex 26.45 -2.68467875173176 2.8000000000000003
      vertex 26.45 2.68467875173176 2.8000000000000003
    endloop
  endfacet
  facet normal 0 0 -1
    outer loop
      vertex 26.90072485016814 -2.898550352324786 2.8000000000000003
      vertex 26.90072485016814 2.898550352324786 2.8000000000000003
      vertex 27.137525861858997 -2.977606146057254 2.8000000000000003
    endloop
  endfacet
  facet normal 0 0 -1
    outer loop
      vertex 25.852554504120242 -2.2357275867658255 2.8000000000000003
      vertex 25.679616680669586 -2.0556802405464656 2.8000000000000003
      vertex 25.679616680669586 2.0556802405464656 2.8000000000000003
    endloop
  endfacet
  facet normal 0 0 -1
    outer loop
      vertex 25.255086320475048 -1.4406418333356819 2.8000000000000003
      vertex 25.148063724657646 -1.2150964905662323 2.8000000000000003
      vertex 25.148063724657646 1.2150964905662323 2.8000000000000003
    endloop
  endfacet
  facet normal 0 0 -1
    outer loop
      vertex 25.148063724657646 -1.2150964905662323 2.8000000000000003
      vertex 25.05953702996385 -0.9816707807845644 2.8000000000000003
      vertex 25.05953702996385 0.9816707807845644 2.8000000000000003
    endloop
  endfacet
  facet normal 0 0 -1
    outer loop
      vertex 25.05953702996385 -0.9816707807845644 2.8000000000000003
      vertex 24.99008036597924 -0.7418785592914287 2.8000000000000003
      vertex 24.99008036597924 0.7418785592914287 2.8000000000000003
    endloop
  endfacet
  facet normal 0 0 -1
    outer loop
      vertex 24.99008036597924 -0.7418785592914287 2.8000000000000003
      vertex 24.94014418582247 -0.49727497065905657 2.8000000000000003
      vertex 24.94014418582247 0.49727497065905657 2.8000000000000003
    endloop
  endfacet
  facet normal 0 0 -1
    outer loop
      vertex 24.94014418582247 -0.49727497065905657 2.8000000000000003
      vertex 24.91005234478395 -0.24944636302185014 2.8000000000000003
      vertex 24.91005234478395 0.24944636302185014 2.8000000000000003
    endloop
  endfacet
  facet normal 0 0 -1
    outer loop
      vertex 27.379920349294263 -3.03735102133103 2.8000000000000003
      vertex 27.379920349294263 3.03735102133103 2.8000000000000003
      vertex 27.6263362912085 -3.077397509703968 2.8000000000000003
    endloop
  endfacet
  facet normal 0 0 -1
    outer loop
      vertex 27.6263362912085 -3.077397509703968 2.8000000000000003
      vertex 27.6263362912085 3.0773975097039674 2.8000000000000003
      vertex 27.875175585660813 -3.0974858943318657 2.8000000000000003
    endloop
  endfacet
  facet normal 0 0 -1
    outer loop
      vertex 27.875175585660813 -3.0974858943318657 2.8000000000000003
      vertex 27.875175585660813 3.0974858943318657 2.8000000000000003
      vertex 28.124824414339187 -3.0974858943318657 2.8000000000000003
    endloop
  endfacet
  facet normal 0 0 -1
    outer loop
      vertex 28.124824414339187 -3.0974858943318657 2.8000000000000003
      vertex 28.124824414339187 3.0974858943318657 2.8000000000000003
      vertex 28.3736637087915 -3.077397509703968 2.8000000000000003
    endloop
  endfacet
  facet normal 0 0 -1
    outer loop
      vertex 28.3736637087915 -3.077397509703968 2.8000000000000003
      vertex 28.3736637087915 3.0773975097039674 2.8000000000000003
      vertex 28.620079650705737 -3.03735102133103 2.8000000000000003
    endloop
  endfacet
  facet normal 0 0 -1
    outer loop
      vertex 28.620079650705737 -3.03735102133103 2.8000000000000003
      vertex 28.620079650705737 3.03735102133103 2.8000000000000003
      vertex 28.862474138141003 -2.977606146057255 2.8000000000000003
    endloop
  endfacet
  facet normal 0 0 -1
    outer loop
      vertex 28.862474138141003 -2.977606146057255 2.8000000000000003
      vertex 28.862474138141003 2.977606146057254 2.8000000000000003
      vertex 29.09927514983186 -2.898550352324786 2.8000000000000003
    endloop
  endfacet
  facet normal 0 0 -1
    outer loop
      vertex 29.09927514983186 -2.898550352324786 2.8000000000000003
      vertex 29.09927514983186 2.898550352324786 2.8000000000000003
      vertex 29.328946940349468 -2.8006963472921855 2.8000000000000003
    endloop
  endfacet
  facet normal 0 0 -1
    outer loop
      vertex 29.328946940349468 -2.8006963472921855 2.8000000000000003
      vertex 29.328946940349468 2.800696347292185 2.8000000000000003
      vertex 29.55 -2.68467875173176 2.8000000000000003
    endloop
  endfacet
  facet normal 0 0 -1
    outer loop
      vertex 29.55 -2.68467875173176 2.8000000000000003
      vertex 29.55 2.68467875173176 2.8000000000000003
      vertex 29.761000714866583 -2.551249984270334 2.8000000000000003
    endloop
  endfacet
  facet normal 0 0 -1
    outer loop
      vertex 29.761000714866583 -2.551249984270334 2.8000000000000003
      vertex 29.761000714866583 2.551249984270335 2.8000000000000003
      vertex 29.96058066434567 -2.4012753816657297 2.8000000000000003
    endloop
  endfacet
  facet normal 0 0 -1
    outer loop
      vertex 29.96058066434567 -2.4012753816657297 2.8000000000000003
      vertex 29.96058066434567 2.4012753816657293 2.8000000000000003
      vertex 30.147445495879758 -2.235727586765824 2.8000000000000003
    endloop
  endfacet
  facet normal 0 0 -1
    outer loop
      vertex 30.147445495879758 -2.235727586765824 2.8000000000000003
      vertex 30.147445495879758 2.235727586765825 2.8000000000000003
      vertex 30.320383319330414 -2.0556802405464656 2.8000000000000003
    endloop
  endfacet
  facet normal 0 0 -1
    outer loop
      vertex 30.320383319330414 -2.0556802405464656 2.8000000000000003
      vertex 30.320383319330414 2.055680240546465 2.8000000000000003
      vertex 30.478272566550853 -1.862301019137734 2.8000000000000003
    endloop
  endfacet
  facet normal 0 0 -1
    outer loop
      vertex 30.478272566550853 -1.862301019137734 2.8000000000000003
      vertex 30.478272566550853 1.8623010191377345 2.8000000000000003
      vertex 30.62008926518576 -1.6568440609961839 2.8000000000000003
    endloop
  endfacet
  facet normal 0 0 -1
    outer loop
      vertex 30.62008926518576 -1.6568440609961839 2.8000000000000003
      vertex 30.620089265185765 1.6568440609961832 2.8000000000000003
      vertex 30.744913679524952 -1.4406418333356819 2.8000000000000003
    endloop
  endfacet
  facet normal 0 0 -1
    outer loop
      vertex 30.744913679524952 -1.4406418333356819 2.8000000000000003
      vertex 30.744913679524952 1.4406418333356825 2.8000000000000003
      vertex 30.851936275342354 -1.2150964905662336 2.8000000000000003
    endloop
  endfacet
  facet normal 0 0 -1
    outer loop
      vertex 30.851936275342354 -1.2150964905662336 2.8000000000000003
      vertex 30.851936275342354 1.2150964905662327 2.8000000000000003
      vertex 30.94046297003615 -0.9816707807845644 2.8000000000000003
    endloop
  endfacet
  facet normal 0 0 -1
    outer loop
      vertex 30.94046297003615 -0.9816707807845644 2.8000000000000003
      vertex 30.94046297003615 0.9816707807845647 2.8000000000000003
      vertex 31.00991963402076 -0.7418785592914302 2.8000000000000003
    endloop
  endfacet
  facet normal 0 0 -1
    outer loop
      vertex 31.00991963402076 -0.7418785592914302 2.8000000000000003
      vertex 31.00991963402076 0.7418785592914291 2.8000000000000003
      vertex 31.05985581417753 -0.49727497065905657 2.8000000000000003
    endloop
  endfacet
  facet normal 0 0 -1
    outer loop
      vertex 31.05985581417753 -0.49727497065905657 2.8000000000000003
      vertex 31.05985581417753 0.49727497065905674 2.8000000000000003
      vertex 31.08994765521605 -0.24944636302185164 2.8000000000000003
    endloop
  endfacet
  facet normal 0 0 -1
    outer loop
      vertex 31.08994765521605 -0.24944636302185164 2.8000000000000003
      vertex 31.08994765521605 0.24944636302185022 2.8000000000000003
      vertex 31.1 0 2.8000000000000003
    endloop
  endfacet
  facet normal 0 0 1
    outer loop
      vertex 24.91005234478395 -0.24944636302185014 0.6
      vertex 24.91005234478395 0.24944636302185014 0.6
      vertex 24.9 0 0.6
    endloop
  endfacet
  facet normal 0 0 1
    outer loop
      vertex 24.91005234478395 -0.24944636302185014 0.6
      vertex 24.94014418582247 0.49727497065905657 0.6
      vertex 24.91005234478395 0.24944636302185014 0.6
    endloop
  endfacet
  facet normal 0 0 1
    outer loop
      vertex 24.94014418582247 -0.49727497065905657 0.6
      vertex 24.99008036597924 0.7418785592914287 0.6
      vertex 24.94014418582247 0.49727497065905657 0.6
    endloop
  endfacet
  facet normal 0 0 1
    outer loop
      vertex 24.99008036597924 -0.7418785592914287 0.6
      vertex 25.05953702996385 0.9816707807845644 0.6
      vertex 24.99008036597924 0.7418785592914287 0.6
    endloop
  endfacet
  facet normal 0 0 1
    outer loop
      vertex 25.05953702996385 -0.9816707807845644 0.6
      vertex 25.148063724657646 1.2150964905662323 0.6
      vertex 25.05953702996385 0.9816707807845644 0.6
    endloop
  endfacet
  facet normal 0 0 1
    outer loop
      vertex 25.148063724657646 -1.2150964905662323 0.6
      vertex 25.255086320475048 1.4406418333356819 0.6
      vertex 25.148063724657646 1.2150964905662323 0.6
    endloop
  endfacet
  facet normal 0 0 1
    outer loop
      vertex 25.255086320475048 -1.4406418333356819 0.6
      vertex 25.37991073481424 1.6568440609961839 0.6
      vertex 25.255086320475048 1.4406418333356819 0.6
    endloop
  endfacet
  facet normal 0 0 1
    outer loop
      vertex 25.37991073481424 -1.6568440609961839 0.6
      vertex 25.521727433449147 1.8623010191377352 0.6
      vertex 25.37991073481424 1.6568440609961839 0.6
    endloop
  endfacet
  facet normal 0 0 1
    outer loop
      vertex 25.521727433449147 -1.8623010191377352 0.6
      vertex 25.679616680669586 2.0556802405464656 0.6
      vertex 25.521727433449147 1.8623010191377352 0.6
    endloop
  endfacet
  facet normal 0 0 1
    outer loop
      vertex 25.679616680669586 -2.0556802405464656 0.6
      vertex 25.852554504120242 2.2357275867658255 0.6
      vertex 25.679616680669586 2.0556802405464656 0.6
    endloop
  endfacet
  facet normal 0 0 1
    outer loop
      vertex 25.852554504120242 -2.2357275867658255 0.6
      vertex 26.03941933565433 2.4012753816657297 0.6
      vertex 25.852554504120242 2.2357275867658255 0.6
    endloop
  endfacet
  facet normal 0 0 1
    outer loop
      vertex 26.03941933565433 -2.4012753816657297 0.6
      vertex 26.238999285133417 2.551249984270335 0.6
      vertex 26.03941933565433 2.4012753816657297 0.6
    endloop
  endfacet
  facet normal 0 0 1
    outer loop
      vertex 26.238999285133417 -2.551249984270335 0.6
      vertex 26.45 2.68467875173176 0.6
      vertex 26.238999285133417 2.551249984270335 0.6
    endloop
  endfacet
  facet normal 0 0 1
    outer loop
      vertex 26.45 -2.68467875173176 0.6
      vertex 26.671053059650532 2.800696347292185 0.6
      vertex 26.45 2.68467875173176 0.6
    endloop
  endfacet
  facet normal 0 0 1
    outer loop
      vertex 26.671053059650532 -2.800696347292185 0.6
      vertex 26.90072485016814 2.898550352324786 0.6
      vertex 26.671053059650532 2.800696347292185 0.6
    endloop
  endfacet
  facet normal 0 0 1
    outer loop
      vertex 26.90072485016814 -2.898550352324786 0.6
      vertex 27.137525861858997 2.977606146057254 0.6
      vertex 26.90072485016814 2.898550352324786 0.6
    endloop
  endfacet
  facet normal 0 0 1
    outer loop
      vertex 27.137525861858997 -2.977606146057254 0.6
      vertex 27.379920349294263 3.03735102133103 0.6
      vertex 27.137525861858997 2.977606146057254 0.6
    endloop
  endfacet
  facet normal 0 0 1
    outer loop
      vertex 28.620079650705737 -3.03735102133103 0.6
      vertex 28.862474138141003 2.977606146057254 0.6
      vertex 28.620079650705737 3.03735102133103 0.6
    endloop
  endfacet
  facet normal 0 0 1
    outer loop
      vertex 30.320383319330414 -2.0556802405464656 0.6
      vertex 30.478272566550853 1.8623010191377345 0.6
      vertex 30.320383319330414 2.055680240546465 0.6
    endloop
  endfacet
  facet normal 0 0 1
    outer loop
      vertex 30.147445495879758 -2.235727586765824 0.6
      vertex 30.320383319330414 2.055680240546465 0.6
      vertex 30.147445495879758 2.235727586765825 0.6
    endloop
  endfacet
  facet normal 0 0 1
    outer loop
      vertex 29.96058066434567 -2.4012753816657297 0.6
      vertex 30.147445495879758 2.235727586765825 0.6
      vertex 29.96058066434567 2.4012753816657293 0.6
    endloop
  endfacet
  facet normal 0 0 1
    outer loop
      vertex 29.09927514983186 -2.898550352324786 0.6
      vertex 29.328946940349468 2.800696347292185 0.6
      vertex 29.09927514983186 2.898550352324786 0.6
    endloop
  endfacet
  facet normal 0 0 1
    outer loop
      vertex 28.862474138141003 -2.977606146057255 0.6
      vertex 29.09927514983186 2.898550352324786 0.6
      vertex 28.862474138141003 2.977606146057254 0.6
    endloop
  endfacet
  facet normal 0 0 1
    outer loop
      vertex 29.328946940349468 -2.8006963472921855 0.6
      vertex 29.55 2.68467875173176 0.6
      vertex 29.328946940349468 2.800696347292185 0.6
    endloop
  endfacet
  facet normal 0 0 1
    outer loop
      vertex 29.761000714866583 -2.551249984270334 0.6
      vertex 29.96058066434567 2.4012753816657293 0.6
      vertex 29.761000714866583 2.551249984270335 0.6
    endloop
  endfacet
  facet normal 0 0 1
    outer loop
      vertex 29.55 -2.68467875173176 0.6
      vertex 29.761000714866583 2.551249984270335 0.6
      vertex 29.55 2.68467875173176 0.6
    endloop
  endfacet
  facet normal 0 0 1
    outer loop
      vertex 31.05985581417753 -0.49727497065905657 0.6
      vertex 31.08994765521605 0.24944636302185022 0.6
      vertex 31.05985581417753 0.49727497065905674 0.6
    endloop
  endfacet
  facet normal 0 0 1
    outer loop
      vertex 31.00991963402076 -0.7418785592914302 0.6
      vertex 31.05985581417753 0.49727497065905674 0.6
      vertex 31.00991963402076 0.7418785592914291 0.6
    endloop
  endfacet
  facet normal 0 0 1
    outer loop
      vertex 30.94046297003615 -0.9816707807845644 0.6
      vertex 31.00991963402076 0.7418785592914291 0.6
      vertex 30.94046297003615 0.9816707807845647 0.6
    endloop
  endfacet
  facet normal 0 0 1
    outer loop
      vertex 30.851936275342354 -1.2150964905662336 0.6
      vertex 30.94046297003615 0.9816707807845647 0.6
      vertex 30.851936275342354 1.2150964905662327 0.6
    endloop
  endfacet
  facet normal 0 0 1
    outer loop
      vertex 30.62008926518576 -1.6568440609961839 0.6
      vertex 30.744913679524952 1.4406418333356825 0.6
      vertex 30.620089265185765 1.6568440609961832 0.6
    endloop
  endfacet
  facet normal 0 0 1
    outer loop
      vertex 30.744913679524952 -1.4406418333356819 0.6
      vertex 30.851936275342354 1.2150964905662327 0.6
      vertex 30.744913679524952 1.4406418333356825 0.6
    endloop
  endfacet
  facet normal 0 0 1
    outer loop
      vertex 30.478272566550853 -1.862301019137734 0.6
      vertex 30.620089265185765 1.6568440609961832 0.6
      vertex 30.478272566550853 1.8623010191377345 0.6
    endloop
  endfacet
  facet normal 0 0 1
    outer loop
      vertex 27.379920349294263 -3.03735102133103 0.6
      vertex 27.6263362912085 3.0773975097039674 0.6
      vertex 27.379920349294263 3.03735102133103 0.6
    endloop
  endfacet
  facet normal 0 0 1
    outer loop
      vertex 27.6263362912085 -3.077397509703968 0.6
      vertex 27.875175585660813 3.0974858943318657 0.6
      vertex 27.6263362912085 3.0773975097039674 0.6
    endloop
  endfacet
  facet normal 0 0 1
    outer loop
      vertex 27.875175585660813 -3.0974858943318657 0.6
      vertex 28.124824414339187 3.0974858943318657 0.6
      vertex 27.875175585660813 3.0974858943318657 0.6
    endloop
  endfacet
  facet normal 0 0 1
    outer loop
      vertex 28.124824414339187 -3.0974858943318657 0.6
      vertex 28.3736637087915 3.0773975097039674 0.6
      vertex 28.124824414339187 3.0974858943318657 0.6
    endloop
  endfacet
  facet normal 0 0 1
    outer loop
      vertex 28.3736637087915 -3.077397509703968 0.6
      vertex 28.620079650705737 3.03735102133103 0.6
      vertex 28.3736637087915 3.0773975097039674 0.6
    endloop
  endfacet
  facet normal 0.9991889981715695 -0.04026594010942168 0
    outer loop
      vertex 24.9 0 0.6
      vertex 24.91005234478395 0.24944636302185014 0.6
      vertex 24.91005234478395 0.24944636302185014 2.8000000000000003
    endloop
  endfacet
  facet normal 0.9927088740980547 -0.12053668025531632 0
    outer loop
      vertex 24.91005234478395 0.24944636302185014 0.6
      vertex 24.94014418582247 0.49727497065905657 0.6
      vertex 24.94014418582247 0.49727497065905657 2.8000000000000003
    endloop
  endfacet
  facet normal 0.9797906520422663 -0.2000256937760506 0
    outer loop
      vertex 24.94014418582247 0.49727497065905657 0.6
      vertex 24.99008036597924 0.7418785592914287 0.6
      vertex 24.99008036597924 0.7418785592914287 2.8000000000000003
    endloop
  endfacet
  facet normal 0.9605181116313724 -0.2782174639164526 0
    outer loop
      vertex 24.99008036597924 0.7418785592914287 0.6
      vertex 25.05953702996385 0.9816707807845644 0.6
      vertex 25.05953702996385 0.9816707807845644 2.8000000000000003
    endloop
  endfacet
  facet normal 0.9350162426854128 -0.3546048870425405 0
    outer loop
      vertex 25.05953702996385 0.9816707807845644 0.6
      vertex 25.148063724657646 1.2150964905662323 0.6
      vertex 25.148063724657646 1.2150964905662323 2.8000000000000003
    endloop
  endfacet
  facet normal 0.9034504346103869 -0.4286925614030447 0
    outer loop
      vertex 25.148063724657646 1.2150964905662323 0.6
      vertex 25.255086320475048 1.4406418333356819 0.6
      vertex 25.255086320475048 1.4406418333356819 2.8000000000000003
    endloop
  endfacet
  facet normal 0.8660254037844332 -0.5000000000000095 0
    outer loop
      vertex 25.255086320475048 1.4406418333356819 0.6
      vertex 25.37991073481424 1.6568440609961839 0.6
      vertex 25.37991073481424 1.6568440609961839 2.8000000000000003
    endloop
  endfacet
  facet normal 0.8229838658936593 -0.5680647467311513 0
    outer loop
      vertex 25.37991073481424 1.6568440609961839 0.6
      vertex 25.521727433449147 1.8623010191377352 0.6
      vertex 25.521727433449147 1.8623010191377352 2.8000000000000003
    endloop
  endfacet
  facet normal 0.7746049618276573 -0.6324453755953738 0
    outer loop
      vertex 25.521727433449147 1.8623010191377352 0.6
      vertex 25.679616680669586 2.0556802405464656 0.6
      vertex 25.679616680669586 2.0556802405464656 2.8000000000000003
    endloop
  endfacet
  facet normal -0.9991889981715693 -0.04026594010942165 0
    outer loop
      vertex 31.1 0 0.6
      vertex 31.1 0 2.8000000000000003
      vertex 31.08994765521605 0.24944636302185022 0.6
    endloop
  endfacet
  facet normal -0.9927088740980547 -0.12053668025531626 0
    outer loop
      vertex 31.08994765521605 0.24944636302185022 0.6
      vertex 31.08994765521605 0.24944636302185022 2.8000000000000003
      vertex 31.05985581417753 0.49727497065905674 0.6
    endloop
  endfacet
  facet normal -0.9797906520422663 -0.20002569377605034 0
    outer loop
      vertex 31.05985581417753 0.49727497065905674 0.6
      vertex 31.05985581417753 0.49727497065905674 2.8000000000000003
      vertex 31.00991963402076 0.7418785592914291 0.6
    endloop
  endfacet
  facet normal -0.9605181116313724 -0.2782174639164527 0
    outer loop
      vertex 31.00991963402076 0.7418785592914291 0.6
      vertex 31.00991963402076 0.7418785592914291 2.8000000000000003
      vertex 30.94046297003615 0.9816707807845647 0.6
    endloop
  endfacet
  facet normal -0.9350162426854131 -0.35460488704254045 0
    outer loop
      vertex 30.94046297003615 0.9816707807845647 0.6
      vertex 30.94046297003615 0.9816707807845647 2.8000000000000003
      vertex 30.851936275342354 1.2150964905662327 0.6
    endloop
  endfacet
  facet normal -0.903450434610387 -0.42869256140304435 0
    outer loop
      vertex 30.851936275342354 1.2150964905662327 0.6
      vertex 30.851936275342354 1.2150964905662327 2.8000000000000003
      vertex 30.744913679524952 1.4406418333356825 0.6
    endloop
  endfacet
  facet normal -0.866025403784438 -0.5000000000000013 0
    outer loop
      vertex 30.744913679524952 1.4406418333356825 0.6
      vertex 30.744913679524952 1.4406418333356825 2.8000000000000003
      vertex 30.620089265185765 1.6568440609961832 0.6
    endloop
  endfacet
  facet normal -0.8229838658936527 -0.5680647467311609 0
    outer loop
      vertex 30.478272566550853 1.8623010191377345 0.6
      vertex 30.620089265185765 1.6568440609961832 0.6
      vertex 30.620089265185765 1.6568440609961832 2.8000000000000003
    endloop
  endfacet
  facet normal -0.7746049618276576 -0.6324453755953735 0
    outer loop
      vertex 30.320383319330414 2.055680240546465 0.6
      vertex 30.478272566550853 1.8623010191377345 0.6
      vertex 30.478272566550853 1.8623010191377345 2.8000000000000003
    endloop
  endfacet
  facet normal 0.7212024473438127 -0.6927243535096014 0
    outer loop
      vertex 25.679616680669586 2.0556802405464656 0.6
      vertex 25.852554504120242 2.2357275867658255 0.6
      vertex 25.852554504120242 2.2357275867658255 2.8000000000000003
    endloop
  endfacet
  facet normal 0.6631226582407972 -0.7485107481710993 0
    outer loop
      vertex 25.852554504120242 2.2357275867658255 0.6
      vertex 26.03941933565433 2.4012753816657297 0.6
      vertex 25.852554504120242 2.2357275867658255 2.8000000000000003
    endloop
  endfacet
  facet normal 0.600742264237976 -0.7994427634035032 0
    outer loop
      vertex 26.03941933565433 2.4012753816657297 0.6
      vertex 26.238999285133417 2.551249984270335 0.6
      vertex 26.03941933565433 2.4012753816657297 2.8000000000000003
    endloop
  endfacet
  facet normal 0.5344658261278024 -0.8451900855437938 0
    outer loop
      vertex 26.238999285133417 2.551249984270335 0.6
      vertex 26.45 2.68467875173176 0.6
      vertex 26.238999285133417 2.551249984270335 2.8000000000000003
    endloop
  endfacet
  facet normal 0.4647231720437671 -0.8854560256532107 0
    outer loop
      vertex 26.45 2.68467875173176 0.6
      vertex 26.671053059650532 2.800696347292185 0.6
      vertex 26.45 2.68467875173176 2.8000000000000003
    endloop
  endfacet
  facet normal 0.39196660986007625 -0.9199794436588237 0
    outer loop
      vertex 26.671053059650532 2.800696347292185 0.6
      vertex 26.90072485016814 2.898550352324786 0.6
      vertex 26.671053059650532 2.800696347292185 2.8000000000000003
    endloop
  endfacet
  facet normal 0.3166679938014714 -0.9485364419471459 0
    outer loop
      vertex 26.90072485016814 2.898550352324786 0.6
      vertex 27.137525861858997 2.977606146057254 0.6
      vertex 26.90072485016814 2.898550352324786 2.8000000000000003
    endloop
  endfacet
  facet normal 0.23931566428755757 -0.9709418174260521 0
    outer loop
      vertex 27.137525861858997 2.977606146057254 0.6
      vertex 27.379920349294263 3.03735102133103 0.6
      vertex 27.137525861858997 2.977606146057254 2.8000000000000003
    endloop
  endfacet
  facet normal -0.7212024473438127 -0.6927243535096014 0
    outer loop
      vertex 30.320383319330414 2.055680240546465 0.6
      vertex 30.320383319330414 2.055680240546465 2.8000000000000003
      vertex 30.147445495879758 2.235727586765825 0.6
    endloop
  endfacet
  facet normal -0.6631226582407972 -0.7485107481710993 0
    outer loop
      vertex 30.147445495879758 2.235727586765825 0.6
      vertex 29.96058066434567 2.4012753816657293 2.8000000000000003
      vertex 29.96058066434567 2.4012753816657293 0.6
    endloop
  endfacet
  facet normal -0.6007422642379772 -0.7994427634035024 0
    outer loop
      vertex 29.761000714866583 2.551249984270335 0.6
      vertex 29.96058066434567 2.4012753816657293 0.6
      vertex 29.761000714866583 2.551249984270335 2.8000000000000003
    endloop
  endfacet
  facet normal -0.5344658261278024 -0.8451900855437938 0
    outer loop
      vertex 29.55 2.68467875173176 0.6
      vertex 29.761000714866583 2.551249984270335 0.6
      vertex 29.55 2.68467875173176 2.8000000000000003
    endloop
  endfacet
  facet normal -0.39196660986007625 -0.9199794436588237 0
    outer loop
      vertex 29.09927514983186 2.898550352324786 0.6
      vertex 29.328946940349468 2.800696347292185 0.6
      vertex 29.09927514983186 2.898550352324786 2.8000000000000003
    endloop
  endfacet
  facet normal -0.4647231720437671 -0.8854560256532107 0
    outer loop
      vertex 29.328946940349468 2.800696347292185 0.6
      vertex 29.55 2.68467875173176 0.6
      vertex 29.328946940349468 2.800696347292185 2.8000000000000003
    endloop
  endfacet
  facet normal -0.3166679938014714 -0.9485364419471459 0
    outer loop
      vertex 28.862474138141003 2.977606146057254 0.6
      vertex 29.09927514983186 2.898550352324786 0.6
      vertex 28.862474138141003 2.977606146057254 2.8000000000000003
    endloop
  endfacet
  facet normal 0.16041128085776007 -0.987050262637913 0
    outer loop
      vertex 27.379920349294263 3.03735102133103 0.6
      vertex 27.6263362912085 3.0773975097039674 0.6
      vertex 27.379920349294263 3.03735102133103 2.8000000000000003
    endloop
  endfacet
  facet normal 0.08046656871672545 -0.99675730813421 0
    outer loop
      vertex 27.6263362912085 3.0773975097039674 0.6
      vertex 27.875175585660813 3.0974858943318657 0.6
      vertex 27.6263362912085 3.0773975097039674 2.8000000000000003
    endloop
  endfacet
  facet normal 0 -1 0
    outer loop
      vertex 27.875175585660813 3.0974858943318657 0.6
      vertex 28.124824414339187 3.0974858943318657 0.6
      vertex 27.875175585660813 3.0974858943318657 2.8000000000000003
    endloop
  endfacet
  facet normal -0.08046656871672545 -0.99675730813421 0
    outer loop
      vertex 28.124824414339187 3.0974858943318657 0.6
      vertex 28.3736637087915 3.0773975097039674 0.6
      vertex 28.124824414339187 3.0974858943318657 2.8000000000000003
    endloop
  endfacet
  facet normal -0.23931566428755757 -0.9709418174260521 0
    outer loop
      vertex 28.620079650705737 3.03735102133103 0.6
      vertex 28.862474138141003 2.977606146057254 0.6
      vertex 28.620079650705737 3.03735102133103 2.8000000000000003
    endloop
  endfacet
  facet normal -0.16041128085776007 -0.987050262637913 0
    outer loop
      vertex 28.3736637087915 3.0773975097039674 0.6
      vertex 28.620079650705737 3.03735102133103 0.6
      vertex 28.3736637087915 3.0773975097039674 2.8000000000000003
    endloop
  endfacet
  facet normal 0.9991889981715695 -0.04026594010942168 0
    outer loop
      vertex 24.9 0 0.6
      vertex 24.91005234478395 0.24944636302185014 2.8000000000000003
      vertex 24.9 0 2.8000000000000003
    endloop
  endfacet
  facet normal 0.9927088740980547 -0.12053668025531632 0
    outer loop
      vertex 24.91005234478395 0.24944636302185014 0.6
      vertex 24.94014418582247 0.49727497065905657 2.8000000000000003
      vertex 24.91005234478395 0.24944636302185014 2.8000000000000003
    endloop
  endfacet
  facet normal 0.9797906520422663 -0.2000256937760506 0
    outer loop
      vertex 24.94014418582247 0.49727497065905657 0.6
      vertex 24.99008036597924 0.7418785592914287 2.8000000000000003
      vertex 24.94014418582247 0.49727497065905657 2.8000000000000003
    endloop
  endfacet
  facet normal 0.9605181116313724 -0.2782174639164526 0
    outer loop
      vertex 24.99008036597924 0.7418785592914287 0.6
      vertex 25.05953702996385 0.9816707807845644 2.8000000000000003
      vertex 24.99008036597924 0.7418785592914287 2.8000000000000003
    endloop
  endfacet
  facet normal 0.9350162426854128 -0.3546048870425405 0
    outer loop
      vertex 25.05953702996385 0.9816707807845644 0.6
      vertex 25.148063724657646 1.2150964905662323 2.8000000000000003
      vertex 25.05953702996385 0.9816707807845644 2.8000000000000003
    endloop
  endfacet
  facet normal 0.9034504346103869 -0.4286925614030447 0
    outer loop
      vertex 25.148063724657646 1.2150964905662323 0.6
      vertex 25.255086320475048 1.4406418333356819 2.8000000000000003
      vertex 25.148063724657646 1.2150964905662323 2.8000000000000003
    endloop
  endfacet
  facet normal 0.8660254037844332 -0.5000000000000095 0
    outer loop
      vertex 25.255086320475048 1.4406418333356819 0.6
      vertex 25.37991073481424 1.6568440609961839 2.8000000000000003
      vertex 25.255086320475048 1.4406418333356819 2.8000000000000003
    endloop
  endfacet
  facet normal 0.8229838658936593 -0.5680647467311513 0
    outer loop
      vertex 25.37991073481424 1.6568440609961839 0.6
      vertex 25.521727433449147 1.8623010191377352 2.8000000000000003
      vertex 25.37991073481424 1.6568440609961839 2.8000000000000003
    endloop
  endfacet
  facet normal 0.7746049618276573 -0.6324453755953738 0
    outer loop
      vertex 25.521727433449147 1.8623010191377352 0.6
      vertex 25.679616680669586 2.0556802405464656 2.8000000000000003
      vertex 25.521727433449147 1.8623010191377352 2.8000000000000003
    endloop
  endfacet
  facet normal -0.9991889981715693 -0.04026594010942165 0
    outer loop
      vertex 31.08994765521605 0.24944636302185022 0.6
      vertex 31.1 0 2.8000000000000003
      vertex 31.08994765521605 0.24944636302185022 2.8000000000000003
    endloop
  endfacet
  facet normal -0.9927088740980547 -0.12053668025531626 0
    outer loop
      vertex 31.05985581417753 0.49727497065905674 0.6
      vertex 31.08994765521605 0.24944636302185022 2.8000000000000003
      vertex 31.05985581417753 0.49727497065905674 2.8000000000000003
    endloop
  endfacet
  facet normal -0.9797906520422663 -0.20002569377605034 0
    outer loop
      vertex 31.00991963402076 0.7418785592914291 0.6
      vertex 31.05985581417753 0.49727497065905674 2.8000000000000003
      vertex 31.00991963402076 0.7418785592914291 2.8000000000000003
    endloop
  endfacet
  facet normal -0.9605181116313724 -0.2782174639164527 0
    outer loop
      vertex 30.94046297003615 0.9816707807845647 0.6
      vertex 31.00991963402076 0.7418785592914291 2.8000000000000003
      vertex 30.94046297003615 0.9816707807845647 2.8000000000000003
    endloop
  endfacet
  facet normal -0.7746049618276576 -0.6324453755953735 0
    outer loop
      vertex 30.320383319330414 2.055680240546465 0.6
      vertex 30.478272566550853 1.8623010191377345 2.8000000000000003
      vertex 30.320383319330414 2.055680240546465 2.8000000000000003
    endloop
  endfacet
  facet normal -0.9350162426854131 -0.35460488704254045 0
    outer loop
      vertex 30.851936275342354 1.2150964905662327 0.6
      vertex 30.94046297003615 0.9816707807845647 2.8000000000000003
      vertex 30.851936275342354 1.2150964905662327 2.8000000000000003
    endloop
  endfacet
  facet normal -0.903450434610387 -0.42869256140304435 0
    outer loop
      vertex 30.744913679524952 1.4406418333356825 0.6
      vertex 30.851936275342354 1.2150964905662327 2.8000000000000003
      vertex 30.744913679524952 1.4406418333356825 2.8000000000000003
    endloop
  endfacet
  facet normal -0.866025403784438 -0.5000000000000013 0
    outer loop
      vertex 30.620089265185765 1.6568440609961832 0.6
      vertex 30.744913679524952 1.4406418333356825 2.8000000000000003
      vertex 30.620089265185765 1.6568440609961832 2.8000000000000003
    endloop
  endfacet
  facet normal -0.8229838658936527 -0.5680647467311609 0
    outer loop
      vertex 30.478272566550853 1.8623010191377345 0.6
      vertex 30.620089265185765 1.6568440609961832 2.8000000000000003
      vertex 30.478272566550853 1.8623010191377345 2.8000000000000003
    endloop
  endfacet
  facet normal 0 0 -1
    outer loop
      vertex 24.91005234478395 -0.24944636302185014 2.8000000000000003
      vertex 24.9 0 2.8000000000000003
      vertex 24.91005234478395 0.24944636302185014 2.8000000000000003
    endloop
  endfacet
  facet normal 0 0 -1
    outer loop
      vertex 24.94014418582247 -0.49727497065905657 2.8000000000000003
      vertex 24.91005234478395 0.24944636302185014 2.8000000000000003
      vertex 24.94014418582247 0.49727497065905657 2.8000000000000003
    endloop
  endfacet
  facet normal 0 0 -1
    outer loop
      vertex 24.99008036597924 -0.7418785592914287 2.8000000000000003
      vertex 24.94014418582247 0.49727497065905657 2.8000000000000003
      vertex 24.99008036597924 0.7418785592914287 2.8000000000000003
    endloop
  endfacet
  facet normal 0 0 -1
    outer loop
      vertex 25.05953702996385 -0.9816707807845644 2.8000000000000003
      vertex 24.99008036597924 0.7418785592914287 2.8000000000000003
      vertex 25.05953702996385 0.9816707807845644 2.8000000000000003
    endloop
  endfacet
  facet normal 0 0 -1
    outer loop
      vertex 25.148063724657646 -1.2150964905662323 2.8000000000000003
      vertex 25.05953702996385 0.9816707807845644 2.8000000000000003
      vertex 25.148063724657646 1.2150964905662323 2.8000000000000003
    endloop
  endfacet
  facet normal 0 0 -1
    outer loop
      vertex 25.255086320475048 -1.4406418333356819 2.8000000000000003
      vertex 25.148063724657646 1.2150964905662323 2.8000000000000003
      vertex 25.255086320475048 1.4406418333356819 2.8000000000000003
    endloop
  endfacet
  facet normal 0 0 -1
    outer loop
      vertex 25.37991073481424 -1.6568440609961839 2.8000000000000003
      vertex 25.255086320475048 1.4406418333356819 2.8000000000000003
      vertex 25.37991073481424 1.6568440609961839 2.8000000000000003
    endloop
  endfacet
  facet normal 0 0 -1
    outer loop
      vertex 25.521727433449147 -1.8623010191377352 2.8000000000000003
      vertex 25.37991073481424 1.6568440609961839 2.8000000000000003
      vertex 25.521727433449147 1.8623010191377352 2.8000000000000003
    endloop
  endfacet
  facet normal 0 0 -1
    outer loop
      vertex 25.679616680669586 -2.0556802405464656 2.8000000000000003
      vertex 25.521727433449147 1.8623010191377352 2.8000000000000003
      vertex 25.679616680669586 2.0556802405464656 2.8000000000000003
    endloop
  endfacet
  facet normal 0 0 -1
    outer loop
      vertex 25.852554504120242 -2.2357275867658255 2.8000000000000003
      vertex 25.679616680669586 2.0556802405464656 2.8000000000000003
      vertex 25.852554504120242 2.2357275867658255 2.8000000000000003
    endloop
  endfacet
  facet normal 0 0 -1
    outer loop
      vertex 26.03941933565433 -2.4012753816657297 2.8000000000000003
      vertex 25.852554504120242 2.2357275867658255 2.8000000000000003
      vertex 26.03941933565433 2.4012753816657297 2.8000000000000003
    endloop
  endfacet
  facet normal 0 0 -1
    outer loop
      vertex 26.238999285133417 -2.551249984270335 2.8000000000000003
      vertex 26.03941933565433 2.4012753816657297 2.8000000000000003
      vertex 26.238999285133417 2.551249984270335 2.8000000000000003
    endloop
  endfacet
  facet normal 0 0 -1
    outer loop
      vertex 26.45 -2.68467875173176 2.8000000000000003
      vertex 26.238999285133417 2.551249984270335 2.8000000000000003
      vertex 26.45 2.68467875173176 2.8000000000000003
    endloop
  endfacet
  facet normal 0 0 -1
    outer loop
      vertex 26.671053059650532 -2.800696347292185 2.8000000000000003
      vertex 26.45 2.68467875173176 2.8000000000000003
      vertex 26.671053059650532 2.800696347292185 2.8000000000000003
    endloop
  endfacet
  facet normal 0 0 -1
    outer loop
      vertex 26.90072485016814 -2.898550352324786 2.8000000000000003
      vertex 26.671053059650532 2.800696347292185 2.8000000000000003
      vertex 26.90072485016814 2.898550352324786 2.8000000000000003
    endloop
  endfacet
  facet normal 0 0 -1
    outer loop
      vertex 27.137525861858997 -2.977606146057254 2.8000000000000003
      vertex 26.90072485016814 2.898550352324786 2.8000000000000003
      vertex 27.137525861858997 2.977606146057254 2.8000000000000003
    endloop
  endfacet
  facet normal 0 0 -1
    outer loop
      vertex 27.379920349294263 -3.03735102133103 2.8000000000000003
      vertex 27.137525861858997 2.977606146057254 2.8000000000000003
      vertex 27.379920349294263 3.03735102133103 2.8000000000000003
    endloop
  endfacet
  facet normal 0 0 -1
    outer loop
      vertex 30.320383319330414 -2.0556802405464656 2.8000000000000003
      vertex 30.147445495879758 2.235727586765825 2.8000000000000003
      vertex 30.320383319330414 2.055680240546465 2.8000000000000003
    endloop
  endfacet
  facet normal 0 0 -1
    outer loop
      vertex 29.09927514983186 -2.898550352324786 2.8000000000000003
      vertex 28.862474138141003 2.977606146057254 2.8000000000000003
      vertex 29.09927514983186 2.898550352324786 2.8000000000000003
    endloop
  endfacet
  facet normal 0 0 -1
    outer loop
      vertex 29.55 -2.68467875173176 2.8000000000000003
      vertex 29.328946940349468 2.800696347292185 2.8000000000000003
      vertex 29.55 2.68467875173176 2.8000000000000003
    endloop
  endfacet
  facet normal 0 0 -1
    outer loop
      vertex 29.328946940349468 -2.8006963472921855 2.8000000000000003
      vertex 29.09927514983186 2.898550352324786 2.8000000000000003
      vertex 29.328946940349468 2.800696347292185 2.8000000000000003
    endloop
  endfacet
  facet normal 0 0 -1
    outer loop
      vertex 29.96058066434567 -2.4012753816657297 2.8000000000000003
      vertex 29.761000714866583 2.551249984270335 2.8000000000000003
      vertex 29.96058066434567 2.4012753816657293 2.8000000000000003
    endloop
  endfacet
  facet normal 0 0 -1
    outer loop
      vertex 30.147445495879758 -2.235727586765824 2.8000000000000003
      vertex 29.96058066434567 2.4012753816657293 2.8000000000000003
      vertex 30.147445495879758 2.235727586765825 2.8000000000000003
    endloop
  endfacet
  facet normal 0 0 -1
    outer loop
      vertex 29.761000714866583 -2.551249984270334 2.8000000000000003
      vertex 29.55 2.68467875173176 2.8000000000000003
      vertex 29.761000714866583 2.551249984270335 2.8000000000000003
    endloop
  endfacet
  facet normal 0 0 -1
    outer loop
      vertex 31.08994765521605 -0.24944636302185164 2.8000000000000003
      vertex 31.05985581417753 0.49727497065905674 2.8000000000000003
      vertex 31.08994765521605 0.24944636302185022 2.8000000000000003
    endloop
  endfacet
  facet normal 0 0 -1
    outer loop
      vertex 31.05985581417753 -0.49727497065905657 2.8000000000000003
      vertex 31.00991963402076 0.7418785592914291 2.8000000000000003
      vertex 31.05985581417753 0.49727497065905674 2.8000000000000003
    endloop
  endfacet
  facet normal 0 0 -1
    outer loop
      vertex 31.00991963402076 -0.7418785592914302 2.8000000000000003
      vertex 30.94046297003615 0.9816707807845647 2.8000000000000003
      vertex 31.00991963402076 0.7418785592914291 2.8000000000000003
    endloop
  endfacet
  facet normal 0 0 -1
    outer loop
      vertex 30.94046297003615 -0.9816707807845644 2.8000000000000003
      vertex 30.851936275342354 1.2150964905662327 2.8000000000000003
      vertex 30.94046297003615 0.9816707807845647 2.8000000000000003
    endloop
  endfacet
  facet normal 0 0 -1
    outer loop
      vertex 30.851936275342354 -1.2150964905662336 2.8000000000000003
      vertex 30.744913679524952 1.4406418333356825 2.8000000000000003
      vertex 30.851936275342354 1.2150964905662327 2.8000000000000003
    endloop
  endfacet
  facet normal 0 0 -1
    outer loop
      vertex 30.744913679524952 -1.4406418333356819 2.8000000000000003
      vertex 30.620089265185765 1.6568440609961832 2.8000000000000003
      vertex 30.744913679524952 1.4406418333356825 2.8000000000000003
    endloop
  endfacet
  facet normal 0 0 -1
    outer loop
      vertex 30.62008926518576 -1.6568440609961839 2.8000000000000003
      vertex 30.478272566550853 1.8623010191377345 2.8000000000000003
      vertex 30.620089265185765 1.6568440609961832 2.8000000000000003
    endloop
  endfacet
  facet normal 0 0 -1
    outer loop
      vertex 30.478272566550853 -1.862301019137734 2.8000000000000003
      vertex 30.320383319330414 2.055680240546465 2.8000000000000003
      vertex 30.478272566550853 1.8623010191377345 2.8000000000000003
    endloop
  endfacet
  facet normal 0 0 -1
    outer loop
      vertex 27.6263362912085 -3.077397509703968 2.8000000000000003
      vertex 27.379920349294263 3.03735102133103 2.8000000000000003
      vertex 27.6263362912085 3.0773975097039674 2.8000000000000003
    endloop
  endfacet
  facet normal 0 0 -1
    outer loop
      vertex 27.875175585660813 -3.0974858943318657 2.8000000000000003
      vertex 27.6263362912085 3.0773975097039674 2.8000000000000003
      vertex 27.875175585660813 3.0974858943318657 2.8000000000000003
    endloop
  endfacet
  facet normal 0 0 -1
    outer loop
      vertex 27.875175585660813 3.0974858943318657 2.8000000000000003
      vertex 28.124824414339187 3.0974858943318657 2.8000000000000003
      vertex 28.124824414339187 -3.0974858943318657 2.8000000000000003
    endloop
  endfacet
  facet normal 0 0 -1
    outer loop
      vertex 28.3736637087915 -3.077397509703968 2.8000000000000003
      vertex 28.124824414339187 3.0974858943318657 2.8000000000000003
      vertex 28.3736637087915 3.0773975097039674 2.8000000000000003
    endloop
  endfacet
  facet normal 0 0 -1
    outer loop
      vertex 28.620079650705737 -3.03735102133103 2.8000000000000003
      vertex 28.3736637087915 3.0773975097039674 2.8000000000000003
      vertex 28.620079650705737 3.03735102133103 2.8000000000000003
    endloop
  endfacet
  facet normal 0 0 -1
    outer loop
      vertex 28.862474138141003 -2.977606146057255 2.8000000000000003
      vertex 28.620079650705737 3.03735102133103 2.8000000000000003
      vertex 28.862474138141003 2.977606146057254 2.8000000000000003
    endloop
  endfacet
  facet normal 0.7212024473438127 -0.6927243535096014 0
    outer loop
      vertex 25.679616680669586 2.0556802405464656 0.6
      vertex 25.852554504120242 2.2357275867658255 2.8000000000000003
      vertex 25.679616680669586 2.0556802405464656 2.8000000000000003
    endloop
  endfacet
  facet normal 0.6631226582407972 -0.7485107481710993 0
    outer loop
      vertex 26.03941933565433 2.4012753816657297 0.6
      vertex 26.03941933565433 2.4012753816657297 2.8000000000000003
      vertex 25.852554504120242 2.2357275867658255 2.8000000000000003
    endloop
  endfacet
  facet normal 0.600742264237976 -0.7994427634035032 0
    outer loop
      vertex 26.238999285133417 2.551249984270335 0.6
      vertex 26.238999285133417 2.551249984270335 2.8000000000000003
      vertex 26.03941933565433 2.4012753816657297 2.8000000000000003
    endloop
  endfacet
  facet normal 0.5344658261278024 -0.8451900855437938 0
    outer loop
      vertex 26.45 2.68467875173176 0.6
      vertex 26.45 2.68467875173176 2.8000000000000003
      vertex 26.238999285133417 2.551249984270335 2.8000000000000003
    endloop
  endfacet
  facet normal 0.4647231720437671 -0.8854560256532107 0
    outer loop
      vertex 26.671053059650532 2.800696347292185 0.6
      vertex 26.671053059650532 2.800696347292185 2.8000000000000003
      vertex 26.45 2.68467875173176 2.8000000000000003
    endloop
  endfacet
  facet normal 0.39196660986007625 -0.9199794436588237 0
    outer loop
      vertex 26.90072485016814 2.898550352324786 0.6
      vertex 26.90072485016814 2.898550352324786 2.8000000000000003
      vertex 26.671053059650532 2.800696347292185 2.8000000000000003
    endloop
  endfacet
  facet normal 0.3166679938014714 -0.9485364419471459 0
    outer loop
      vertex 27.137525861858997 2.977606146057254 0.6
      vertex 27.137525861858997 2.977606146057254 2.8000000000000003
      vertex 26.90072485016814 2.898550352324786 2.8000000000000003
    endloop
  endfacet
  facet normal -0.7212024473438127 -0.6927243535096014 0
    outer loop
      vertex 30.147445495879758 2.235727586765825 0.6
      vertex 30.320383319330414 2.055680240546465 2.8000000000000003
      vertex 30.147445495879758 2.235727586765825 2.8000000000000003
    endloop
  endfacet
  facet normal -0.6631226582407972 -0.7485107481710993 0
    outer loop
      vertex 30.147445495879758 2.235727586765825 0.6
      vertex 30.147445495879758 2.235727586765825 2.8000000000000003
      vertex 29.96058066434567 2.4012753816657293 2.8000000000000003
    endloop
  endfacet
  facet normal -0.6007422642379772 -0.7994427634035024 0
    outer loop
      vertex 29.96058066434567 2.4012753816657293 0.6
      vertex 29.96058066434567 2.4012753816657293 2.8000000000000003
      vertex 29.761000714866583 2.551249984270335 2.8000000000000003
    endloop
  endfacet
  facet normal -0.23931566428755757 -0.9709418174260521 0
    outer loop
      vertex 28.862474138141003 2.977606146057254 0.6
      vertex 28.862474138141003 2.977606146057254 2.8000000000000003
      vertex 28.620079650705737 3.03735102133103 2.8000000000000003
    endloop
  endfacet
  facet normal -0.4647231720437671 -0.8854560256532107 0
    outer loop
      vertex 29.55 2.68467875173176 0.6
      vertex 29.55 2.68467875173176 2.8000000000000003
      vertex 29.328946940349468 2.800696347292185 2.8000000000000003
    endloop
  endfacet
  facet normal -0.5344658261278024 -0.8451900855437938 0
    outer loop
      vertex 29.761000714866583 2.551249984270335 0.6
      vertex 29.761000714866583 2.551249984270335 2.8000000000000003
      vertex 29.55 2.68467875173176 2.8000000000000003
    endloop
  endfacet
  facet normal -0.39196660986007625 -0.9199794436588237 0
    outer loop
      vertex 29.328946940349468 2.800696347292185 0.6
      vertex 29.328946940349468 2.800696347292185 2.8000000000000003
      vertex 29.09927514983186 2.898550352324786 2.8000000000000003
    endloop
  endfacet
  facet normal -0.3166679938014714 -0.9485364419471459 0
    outer loop
      vertex 29.09927514983186 2.898550352324786 0.6
      vertex 29.09927514983186 2.898550352324786 2.8000000000000003
      vertex 28.862474138141003 2.977606146057254 2.8000000000000003
    endloop
  endfacet
  facet normal 0.23931566428755757 -0.9709418174260521 0
    outer loop
      vertex 27.379920349294263 3.03735102133103 0.6
      vertex 27.379920349294263 3.03735102133103 2.8000000000000003
      vertex 27.137525861858997 2.977606146057254 2.8000000000000003
    endloop
  endfacet
  facet normal 0.16041128085776007 -0.987050262637913 0
    outer loop
      vertex 27.6263362912085 3.0773975097039674 0.6
      vertex 27.6263362912085 3.0773975097039674 2.8000000000000003
      vertex 27.379920349294263 3.03735102133103 2.8000000000000003
    endloop
  endfacet
  facet normal 0.08046656871672545 -0.99675730813421 0
    outer loop
      vertex 27.875175585660813 3.0974858943318657 0.6
      vertex 27.875175585660813 3.0974858943318657 2.8000000000000003
      vertex 27.6263362912085 3.0773975097039674 2.8000000000000003
    endloop
  endfacet
  facet normal 0 -1 0
    outer loop
      vertex 27.875175585660813 3.0974858943318657 2.8000000000000003
      vertex 28.124824414339187 3.0974858943318657 0.6
      vertex 28.124824414339187 3.0974858943318657 2.8000000000000003
    endloop
  endfacet
  facet normal -0.08046656871672545 -0.99675730813421 0
    outer loop
      vertex 28.3736637087915 3.0773975097039674 0.6
      vertex 28.3736637087915 3.0773975097039674 2.8000000000000003
      vertex 28.124824414339187 3.0974858943318657 2.8000000000000003
    endloop
  endfacet
  facet normal -0.16041128085776007 -0.987050262637913 0
    outer loop
      vertex 28.620079650705737 3.03735102133103 0.6
      vertex 28.620079650705737 3.03735102133103 2.8000000000000003
      vertex 28.3736637087915 3.0773975097039674 2.8000000000000003
    endloop
  endfacet
  facet normal -0.5877852522924659 -0.8090169943749527 0
    outer loop
      vertex 39.537354098697364 -3.1520430144268876 0
      vertex 39.763228386117014 -3.3161502902201665 0
      vertex 39.763228386117014 -3.3161502902201665 3.4000000000000004
    endloop
  endfacet
  facet normal -0.6427876096865379 -0.7660444431189792 0
    outer loop
      vertex 39.537354098697364 -3.1520430144268876 0
      vertex 39.537354098697364 -3.1520430144268876 3.4000000000000004
      vertex 39.32347757456456 -2.972579301909577 0
    endloop
  endfacet
  facet normal -0.6946583704589981 -0.7193398003386503 0
    outer loop
      vertex 39.12264079864539 -2.778633481835989 0
      vertex 39.32347757456456 -2.972579301909577 0
      vertex 39.32347757456456 -2.972579301909577 3.4000000000000004
    endloop
  endfacet
  facet normal -0.743144825477395 -0.6691306063588572 0
    outer loop
      vertex 38.935822227524085 -2.571150438746157 0
      vertex 39.12264079864539 -2.778633481835989 0
      vertex 38.935822227524085 -2.571150438746157 3.4000000000000004
    endloop
  endfacet
  facet normal -0.7880107536067327 -0.6156614753256444 0
    outer loop
      vertex 38.935822227524085 -2.571150438746157 0
      vertex 38.763932022500214 -2.3511410091698925 3.4000000000000004
      vertex 38.763932022500214 -2.3511410091698925 0
    endloop
  endfacet
  facet normal -0.8290375725550401 -0.5591929034707493 0
    outer loop
      vertex 38.6078076153743 -2.1196770569328196 0
      vertex 38.763932022500214 -2.3511410091698925 0
      vertex 38.6078076153743 -2.1196770569328196 3.4000000000000004
    endloop
  endfacet
  facet normal -0.20791169081776034 -0.9781476007338055 0
    outer loop
      vertex 41.03231241760133 -3.881182905103986 0
      vertex 41.30540728933228 -3.939231012048832 0
      vertex 41.30540728933228 -3.939231012048832 3.4000000000000004
    endloop
  endfacet
  facet normal -0.3420201433256643 -0.93969262078591 0
    outer loop
      vertex 40.50157362633635 -3.7087354182671497 0
      vertex 40.763932022500214 -3.804226065180614 0
      vertex 40.763932022500214 -3.804226065180614 3.4000000000000004
    endloop
  endfacet
  facet normal -0.27563735581699994 -0.9612616959383186 0
    outer loop
      vertex 40.763932022500214 -3.804226065180614 0
      vertex 41.03231241760133 -3.881182905103986 0
      vertex 41.03231241760133 -3.881182905103986 3.4000000000000004
    endloop
  endfacet
  facet normal -0.406736643075802 -0.9135454576426001 0
    outer loop
      vertex 40.24651541284369 -3.595176185196668 0
      vertex 40.50157362633635 -3.7087354182671497 0
      vertex 40.50157362633635 -3.7087354182671497 3.4000000000000004
    endloop
  endfacet
  facet normal -0.4694715627858891 -0.8829475928589279 0
    outer loop
      vertex 40.24651541284369 -3.595176185196668 0
      vertex 40.24651541284369 -3.595176185196668 3.4000000000000004
      vertex 40 -3.4641016151377544 0
    endloop
  endfacet
  facet normal -0.1391731009600664 -0.9902680687415701 0
    outer loop
      vertex 41.30540728933228 -3.939231012048832 0
      vertex 41.581886146929385 -3.978087581473093 0
      vertex 41.581886146929385 -3.978087581473093 3.4000000000000004
    endloop
  endfacet
  facet normal -0.06975647374412589 -0.9975640502598242 0
    outer loop
      vertex 41.581886146929385 -3.978087581473093 0
      vertex 41.86040201319 -3.997563308076383 0
      vertex 41.86040201319 -3.997563308076383 3.4000000000000004
    endloop
  endfacet
  facet normal 0 -1 0
    outer loop
      vertex 41.86040201319 -3.997563308076383 0
      vertex 42.13959798681 -3.997563308076383 0
      vertex 42.13959798681 -3.997563308076383 3.4000000000000004
    endloop
  endfacet
  facet normal 0.06975647374412589 -0.9975640502598242 0
    outer loop
      vertex 42.13959798681 -3.997563308076383 0
      vertex 42.418113853070615 -3.978087581473093 0
      vertex 42.418113853070615 -3.978087581473093 3.4000000000000004
    endloop
  endfacet
  facet normal 0.1391731009600664 -0.9902680687415701 0
    outer loop
      vertex 42.418113853070615 -3.978087581473093 0
      vertex 42.69459271066772 -3.939231012048832 0
      vertex 42.69459271066772 -3.939231012048832 3.4000000000000004
    endloop
  endfacet
  facet normal -0.5299192642332068 -0.8480480961564248 0
    outer loop
      vertex 39.763228386117014 -3.3161502902201665 0
      vertex 40 -3.4641016151377544 0
      vertex 40 -3.4641016151377544 3.4000000000000004
    endloop
  endfacet
  facet normal 0.20791169081776034 -0.9781476007338055 0
    outer loop
      vertex 42.69459271066772 -3.939231012048832 0
      vertex 42.96768758239867 -3.881182905103986 0
      vertex 42.96768758239867 -3.881182905103986 3.4000000000000004
    endloop
  endfacet
  facet normal 0.27563735581699994 -0.9612616959383186 0
    outer loop
      vertex 42.96768758239867 -3.881182905103986 0
      vertex 43.236067977499786 -3.804226065180614 0
      vertex 43.236067977499786 -3.804226065180614 3.4000000000000004
    endloop
  endfacet
  facet normal 0.3420201433256643 -0.93969262078591 0
    outer loop
      vertex 43.236067977499786 -3.804226065180614 0
      vertex 43.49842637366365 -3.7087354182671497 0
      vertex 43.49842637366365 -3.7087354182671497 3.4000000000000004
    endloop
  endfacet
  facet normal 0.406736643075802 -0.9135454576426001 0
    outer loop
      vertex 43.49842637366365 -3.7087354182671497 0
      vertex 43.75348458715631 -3.595176185196668 0
      vertex 43.75348458715631 -3.595176185196668 3.4000000000000004
    endloop
  endfacet
  facet normal 0.4694715627858891 -0.8829475928589279 0
    outer loop
      vertex 43.75348458715631 -3.595176185196668 0
      vertex 44 -3.4641016151377544 0
      vertex 44 -3.4641016151377544 3.4000000000000004
    endloop
  endfacet
  facet normal 0.5299192642332068 -0.8480480961564248 0
    outer loop
      vertex 44 -3.4641016151377544 0
      vertex 44.236771613882986 -3.3161502902201665 0
      vertex 44.236771613882986 -3.3161502902201665 3.4000000000000004
    endloop
  endfacet
  facet normal 0.5877852522924659 -0.8090169943749527 0
    outer loop
      vertex 44.236771613882986 -3.3161502902201665 0
      vertex 44.462645901302636 -3.1520430144268876 0
      vertex 44.462645901302636 -3.1520430144268876 3.4000000000000004
    endloop
  endfacet
  facet normal 0.6427876096865379 -0.7660444431189792 0
    outer loop
      vertex 44.462645901302636 -3.1520430144268876 0
      vertex 44.67652242543544 -2.972579301909577 0
      vertex 44.67652242543544 -2.972579301909577 3.4000000000000004
    endloop
  endfacet
  facet normal 0.6946583704589981 -0.7193398003386503 0
    outer loop
      vertex 44.67652242543544 -2.972579301909577 0
      vertex 44.87735920135461 -2.778633481835989 0
      vertex 44.87735920135461 -2.778633481835989 3.4000000000000004
    endloop
  endfacet
  facet normal 0.743144825477395 -0.6691306063588572 0
    outer loop
      vertex 44.87735920135461 -2.778633481835989 0
      vertex 45.064177772475915 -2.571150438746157 0
      vertex 44.87735920135461 -2.778633481835989 3.4000000000000004
    endloop
  endfacet
  facet normal 0.7880107536067327 -0.6156614753256444 0
    outer loop
      vertex 45.064177772475915 -2.571150438746157 0
      vertex 45.236067977499786 -2.3511410091698925 0
      vertex 45.064177772475915 -2.571150438746157 3.4000000000000004
    endloop
  endfacet
  facet normal 0.8290375725550401 -0.5591929034707493 0
    outer loop
      vertex 45.236067977499786 -2.3511410091698925 0
      vertex 45.3921923846257 -2.1196770569328196 0
      vertex 45.236067977499786 -2.3511410091698925 3.4000000000000004
    endloop
  endfacet
  facet normal 0.86602540378444 -0.4999999999999976 0
    outer loop
      vertex 45.3921923846257 -2.1196770569328196 0
      vertex 45.531790371435704 -1.8778862511435632 0
      vertex 45.3921923846257 -2.1196770569328196 3.4000000000000004
    endloop
  endfacet
  facet normal 0 0 -1
    outer loop
      vertex 39.537354098697364 -3.1520430144268876 0
      vertex 39.763228386117014 3.3161502902201665 0
      vertex 39.763228386117014 -3.3161502902201665 0
    endloop
  endfacet
  facet normal 0 0 -1
    outer loop
      vertex 38.935822227524085 -2.571150438746157 0
      vertex 38.763932022500214 -2.3511410091698925 0
      vertex 38.935822227524085 2.571150438746157 0
    endloop
  endfacet
  facet normal 0 0 -1
    outer loop
      vertex 39.12264079864539 -2.778633481835989 0
      vertex 39.32347757456456 2.972579301909577 0
      vertex 39.32347757456456 -2.972579301909577 0
    endloop
  endfacet
  facet normal 0 0 -1
    outer loop
      vertex 39.537354098697364 -3.1520430144268876 0
      vertex 39.32347757456456 -2.972579301909577 0
      vertex 39.537354098697364 3.1520430144268876 0
    endloop
  endfacet
  facet normal 0 0 -1
    outer loop
      vertex 38.935822227524085 -2.571150438746157 0
      vertex 39.12264079864539 2.778633481835989 0
      vertex 39.12264079864539 -2.778633481835989 0
    endloop
  endfacet
  facet normal 0 0 -1
    outer loop
      vertex 38.6078076153743 -2.1196770569328196 0
      vertex 38.468209628564296 -1.8778862511435632 0
      vertex 38.6078076153743 2.1196770569328196 0
    endloop
  endfacet
  facet normal 0 0 -1
    outer loop
      vertex 38.6078076153743 -2.1196770569328196 0
      vertex 38.763932022500214 2.3511410091698925 0
      vertex 38.763932022500214 -2.3511410091698925 0
    endloop
  endfacet
  facet normal 0 0 -1
    outer loop
      vertex 38.468209628564296 -1.8778862511435632 0
      vertex 38.3458181694296 -1.6269465723032008 0
      vertex 38.468209628564296 1.8778862511435632 0
    endloop
  endfacet
  facet normal 0 0 -1
    outer loop
      vertex 38.154953216246724 -1.1025494232679967 0
      vertex 38.08740959706478 -0.8316467632710374 0
      vertex 38.154953216246724 1.1025494232679967 0
    endloop
  endfacet
  facet normal 0 0 -1
    outer loop
      vertex 38.08740959706478 -0.8316467632710374 0
      vertex 38.038927725033716 -0.5566924038402618 0
      vertex 38.08740959706478 0.8316467632710374 0
    endloop
  endfacet
  facet normal 0 0 -1
    outer loop
      vertex 38.038927725033716 -0.5566924038402618 0
      vertex 38.009743798960706 -0.2790258949765012 0
      vertex 38.038927725033716 0.5566924038402618 0
    endloop
  endfacet
  facet normal 0 0 -1
    outer loop
      vertex 38.3458181694296 -1.6269465723032008 0
      vertex 38.241229516856365 -1.3680805733026749 0
      vertex 38.3458181694296 1.6269465723032008 0
    endloop
  endfacet
  facet normal 0 0 -1
    outer loop
      vertex 38.241229516856365 -1.3680805733026749 0
      vertex 38.154953216246724 -1.1025494232679967 0
      vertex 38.241229516856365 1.3680805733026749 0
    endloop
  endfacet
  facet normal 0 0 -1
    outer loop
      vertex 40.763932022500214 -3.804226065180614 0
      vertex 41.03231241760133 3.881182905103986 0
      vertex 41.03231241760133 -3.881182905103986 0
    endloop
  endfacet
  facet normal 0 0 -1
    outer loop
      vertex 41.03231241760133 -3.881182905103986 0
      vertex 41.30540728933228 3.939231012048832 0
      vertex 41.30540728933228 -3.939231012048832 0
    endloop
  endfacet
  facet normal 0 0 -1
    outer loop
      vertex 40.24651541284369 -3.595176185196668 0
      vertex 40.50157362633635 3.7087354182671497 0
      vertex 40.50157362633635 -3.7087354182671497 0
    endloop
  endfacet
  facet normal 0 0 -1
    outer loop
      vertex 40.24651541284369 -3.595176185196668 0
      vertex 40 -3.4641016151377544 0
      vertex 40.24651541284369 3.595176185196668 0
    endloop
  endfacet
  facet normal 0 0 -1
    outer loop
      vertex 39.763228386117014 -3.3161502902201665 0
      vertex 40 3.4641016151377544 0
      vertex 40 -3.4641016151377544 0
    endloop
  endfacet
  facet normal 0 0 -1
    outer loop
      vertex 40.50157362633635 -3.7087354182671497 0
      vertex 40.763932022500214 3.804226065180614 0
      vertex 40.763932022500214 -3.804226065180614 0
    endloop
  endfacet
  facet normal 0 0 -1
    outer loop
      vertex 41.30540728933228 -3.939231012048832 0
      vertex 41.581886146929385 3.978087581473093 0
      vertex 41.581886146929385 -3.978087581473093 0
    endloop
  endfacet
  facet normal 0 0 -1
    outer loop
      vertex 41.581886146929385 -3.978087581473093 0
      vertex 41.86040201319 3.997563308076383 0
      vertex 41.86040201319 -3.997563308076383 0
    endloop
  endfacet
  facet normal 0 0 -1
    outer loop
      vertex 41.86040201319 -3.997563308076383 0
      vertex 42.13959798681 3.997563308076383 0
      vertex 42.13959798681 -3.997563308076383 0
    endloop
  endfacet
  facet normal 0 0 -1
    outer loop
      vertex 42.13959798681 -3.997563308076383 0
      vertex 42.418113853070615 3.978087581473093 0
      vertex 42.418113853070615 -3.978087581473093 0
    endloop
  endfacet
  facet normal 0 0 -1
    outer loop
      vertex 42.418113853070615 -3.978087581473093 0
      vertex 42.69459271066772 3.939231012048832 0
      vertex 42.69459271066772 -3.939231012048832 0
    endloop
  endfacet
  facet normal 0 0 -1
    outer loop
      vertex 42.69459271066772 -3.939231012048832 0
      vertex 42.96768758239867 3.881182905103986 0
      vertex 42.96768758239867 -3.881182905103986 0
    endloop
  endfacet
  facet normal 0 0 -1
    outer loop
      vertex 42.96768758239867 -3.881182905103986 0
      vertex 43.236067977499786 3.804226065180614 0
      vertex 43.236067977499786 -3.804226065180614 0
    endloop
  endfacet
  facet normal 0 0 -1
    outer loop
      vertex 43.236067977499786 -3.804226065180614 0
      vertex 43.49842637366365 3.7087354182671497 0
      vertex 43.49842637366365 -3.7087354182671497 0
    endloop
  endfacet
  facet normal 0 0 -1
    outer loop
      vertex 43.49842637366365 -3.7087354182671497 0
      vertex 43.75348458715631 3.595176185196668 0
      vertex 43.75348458715631 -3.595176185196668 0
    endloop
  endfacet
  facet normal 0 0 -1
    outer loop
      vertex 43.75348458715631 -3.595176185196668 0
      vertex 44 3.4641016151377544 0
      vertex 44 -3.4641016151377544 0
    endloop
  endfacet
  facet normal 0 0 -1
    outer loop
      vertex 44 -3.4641016151377544 0
      vertex 44.236771613882986 3.3161502902201665 0
      vertex 44.236771613882986 -3.3161502902201665 0
    endloop
  endfacet
  facet normal 0 0 -1
    outer loop
      vertex 44.236771613882986 -3.3161502902201665 0
      vertex 44.462645901302636 3.1520430144268876 0
      vertex 44.462645901302636 -3.1520430144268876 0
    endloop
  endfacet
  facet normal 0 0 -1
    outer loop
      vertex 44.462645901302636 -3.1520430144268876 0
      vertex 44.67652242543544 2.972579301909577 0
      vertex 44.67652242543544 -2.972579301909577 0
    endloop
  endfacet
  facet normal 0 0 -1
    outer loop
      vertex 44.67652242543544 -2.972579301909577 0
      vertex 44.87735920135461 2.778633481835989 0
      vertex 44.87735920135461 -2.778633481835989 0
    endloop
  endfacet
  facet normal 0 0 -1
    outer loop
      vertex 44.87735920135461 -2.778633481835989 0
      vertex 45.064177772475915 2.571150438746157 0
      vertex 45.064177772475915 -2.571150438746157 0
    endloop
  endfacet
  facet normal 0 0 -1
    outer loop
      vertex 45.064177772475915 -2.571150438746157 0
      vertex 45.236067977499786 2.3511410091698925 0
      vertex 45.236067977499786 -2.3511410091698925 0
    endloop
  endfacet
  facet normal 0 0 -1
    outer loop
      vertex 45.236067977499786 -2.3511410091698925 0
      vertex 45.3921923846257 2.1196770569328196 0
      vertex 45.3921923846257 -2.1196770569328196 0
    endloop
  endfacet
  facet normal 0 0 -1
    outer loop
      vertex 45.3921923846257 -2.1196770569328196 0
      vertex 45.531790371435704 1.8778862511435632 0
      vertex 45.531790371435704 -1.8778862511435632 0
    endloop
  endfacet
  facet normal 0 0 -1
    outer loop
      vertex 45.531790371435704 -1.8778862511435632 0
      vertex 45.6541818305704 1.6269465723032008 0
      vertex 45.6541818305704 -1.6269465723032008 0
    endloop
  endfacet
  facet normal 0 0 -1
    outer loop
      vertex 45.6541818305704 -1.6269465723032008 0
      vertex 45.758770483143635 1.3680805733026749 0
      vertex 45.758770483143635 -1.3680805733026749 0
    endloop
  endfacet
  facet normal 0 0 -1
    outer loop
      vertex 45.758770483143635 -1.3680805733026749 0
      vertex 45.845046783753276 1.1025494232679967 0
      vertex 45.845046783753276 -1.1025494232679967 0
    endloop
  endfacet
  facet normal 0 0 -1
    outer loop
      vertex 45.845046783753276 -1.1025494232679967 0
      vertex 45.91259040293522 0.8316467632710374 0
      vertex 45.91259040293522 -0.8316467632710374 0
    endloop
  endfacet
  facet normal 0 0 -1
    outer loop
      vertex 45.91259040293522 -0.8316467632710374 0
      vertex 45.961072274966284 0.5566924038402618 0
      vertex 45.961072274966284 -0.5566924038402618 0
    endloop
  endfacet
  facet normal 0 0 -1
    outer loop
      vertex 45.961072274966284 -0.5566924038402618 0
      vertex 45.990256201039294 0.2790258949765012 0
      vertex 45.990256201039294 -0.2790258949765012 0
    endloop
  endfacet
  facet normal -0.86602540378444 -0.4999999999999976 0
    outer loop
      vertex 38.6078076153743 -2.1196770569328196 0
      vertex 38.468209628564296 -1.8778862511435632 3.4000000000000004
      vertex 38.468209628564296 -1.8778862511435632 0
    endloop
  endfacet
  facet normal -0.8987940462991657 -0.4383711467890803 0
    outer loop
      vertex 38.468209628564296 -1.8778862511435632 0
      vertex 38.3458181694296 -1.6269465723032008 3.4000000000000004
      vertex 38.3458181694296 -1.6269465723032008 0
    endloop
  endfacet
  facet normal -0.9510565162951555 -0.3090169943749415 0
    outer loop
      vertex 38.241229516856365 -1.3680805733026749 0
      vertex 38.154953216246724 -1.1025494232679967 3.4000000000000004
      vertex 38.154953216246724 -1.1025494232679967 0
    endloop
  endfacet
  facet normal -0.9271838545667821 -0.3746065934159251 0
    outer loop
      vertex 38.3458181694296 -1.6269465723032008 0
      vertex 38.241229516856365 -1.3680805733026749 3.4000000000000004
      vertex 38.241229516856365 -1.3680805733026749 0
    endloop
  endfacet
  facet normal -0.9702957262759965 -0.2419218955996681 0
    outer loop
      vertex 38.154953216246724 -1.1025494232679967 0
      vertex 38.08740959706478 -0.8316467632710374 3.4000000000000004
      vertex 38.08740959706478 -0.8316467632710374 0
    endloop
  endfacet
  facet normal -0.9848077530122065 -0.17364817766693952 0
    outer loop
      vertex 38.08740959706478 -0.8316467632710374 0
      vertex 38.038927725033716 -0.5566924038402618 3.4000000000000004
      vertex 38.038927725033716 -0.5566924038402618 0
    endloop
  endfacet
  facet normal -0.9945218953682754 -0.10452846326763322 0
    outer loop
      vertex 38.038927725033716 -0.5566924038402618 0
      vertex 38.009743798960706 -0.2790258949765012 3.4000000000000004
      vertex 38.009743798960706 -0.2790258949765012 0
    endloop
  endfacet
  facet normal -0.9993908270190954 -0.03489949670251122 0
    outer loop
      vertex 38.009743798960706 -0.2790258949765012 0
      vertex 38 0 3.4000000000000004
      vertex 38 0 0
    endloop
  endfacet
  facet normal 0.8987940462991657 -0.4383711467890803 0
    outer loop
      vertex 45.531790371435704 -1.8778862511435632 0
      vertex 45.6541818305704 -1.6269465723032008 0
      vertex 45.531790371435704 -1.8778862511435632 3.4000000000000004
    endloop
  endfacet
  facet normal 0.9271838545667821 -0.3746065934159251 0
    outer loop
      vertex 45.6541818305704 -1.6269465723032008 0
      vertex 45.758770483143635 -1.3680805733026749 0
      vertex 45.6541818305704 -1.6269465723032008 3.4000000000000004
    endloop
  endfacet
  facet normal 0.9510565162951555 -0.3090169943749415 0
    outer loop
      vertex 45.758770483143635 -1.3680805733026749 0
      vertex 45.845046783753276 -1.1025494232679967 0
      vertex 45.758770483143635 -1.3680805733026749 3.4000000000000004
    endloop
  endfacet
  facet normal 0.9702957262759965 -0.2419218955996681 0
    outer loop
      vertex 45.845046783753276 -1.1025494232679967 0
      vertex 45.91259040293522 -0.8316467632710374 0
      vertex 45.845046783753276 -1.1025494232679967 3.4000000000000004
    endloop
  endfacet
  facet normal 0.9848077530122065 -0.17364817766693952 0
    outer loop
      vertex 45.91259040293522 -0.8316467632710374 0
      vertex 45.961072274966284 -0.5566924038402618 0
      vertex 45.91259040293522 -0.8316467632710374 3.4000000000000004
    endloop
  endfacet
  facet normal 0.9945218953682754 -0.10452846326763322 0
    outer loop
      vertex 45.961072274966284 -0.5566924038402618 0
      vertex 45.990256201039294 -0.2790258949765012 0
      vertex 45.961072274966284 -0.5566924038402618 3.4000000000000004
    endloop
  endfacet
  facet normal 0.9993908270190954 -0.03489949670251122 0
    outer loop
      vertex 45.990256201039294 -0.2790258949765012 0
      vertex 46 0 0
      vertex 45.990256201039294 -0.2790258949765012 3.4000000000000004
    endloop
  endfacet
  facet normal -0.5877852522924659 -0.8090169943749527 0
    outer loop
      vertex 39.537354098697364 -3.1520430144268876 0
      vertex 39.763228386117014 -3.3161502902201665 3.4000000000000004
      vertex 39.537354098697364 -3.1520430144268876 3.4000000000000004
    endloop
  endfacet
  facet normal -0.6427876096865379 -0.7660444431189792 0
    outer loop
      vertex 39.32347757456456 -2.972579301909577 0
      vertex 39.537354098697364 -3.1520430144268876 3.4000000000000004
      vertex 39.32347757456456 -2.972579301909577 3.4000000000000004
    endloop
  endfacet
  facet normal -0.6946583704589981 -0.7193398003386503 0
    outer loop
      vertex 39.12264079864539 -2.778633481835989 0
      vertex 39.32347757456456 -2.972579301909577 3.4000000000000004
      vertex 39.12264079864539 -2.778633481835989 3.4000000000000004
    endloop
  endfacet
  facet normal -0.743144825477395 -0.6691306063588572 0
    outer loop
      vertex 39.12264079864539 -2.778633481835989 0
      vertex 39.12264079864539 -2.778633481835989 3.4000000000000004
      vertex 38.935822227524085 -2.571150438746157 3.4000000000000004
    endloop
  endfacet
  facet normal -0.7880107536067327 -0.6156614753256444 0
    outer loop
      vertex 38.935822227524085 -2.571150438746157 0
      vertex 38.935822227524085 -2.571150438746157 3.4000000000000004
      vertex 38.763932022500214 -2.3511410091698925 3.4000000000000004
    endloop
  endfacet
  facet normal -0.8290375725550401 -0.5591929034707493 0
    outer loop
      vertex 38.763932022500214 -2.3511410091698925 0
      vertex 38.763932022500214 -2.3511410091698925 3.4000000000000004
      vertex 38.6078076153743 -2.1196770569328196 3.4000000000000004
    endloop
  endfacet
  facet normal -0.86602540378444 -0.4999999999999976 0
    outer loop
      vertex 38.6078076153743 -2.1196770569328196 0
      vertex 38.6078076153743 -2.1196770569328196 3.4000000000000004
      vertex 38.468209628564296 -1.8778862511435632 3.4000000000000004
    endloop
  endfacet
  facet normal -0.20791169081776034 -0.9781476007338055 0
    outer loop
      vertex 41.03231241760133 -3.881182905103986 0
      vertex 41.30540728933228 -3.939231012048832 3.4000000000000004
      vertex 41.03231241760133 -3.881182905103986 3.4000000000000004
    endloop
  endfacet
  facet normal -0.27563735581699994 -0.9612616959383186 0
    outer loop
      vertex 40.763932022500214 -3.804226065180614 0
      vertex 41.03231241760133 -3.881182905103986 3.4000000000000004
      vertex 40.763932022500214 -3.804226065180614 3.4000000000000004
    endloop
  endfacet
  facet normal -0.406736643075802 -0.9135454576426001 0
    outer loop
      vertex 40.24651541284369 -3.595176185196668 0
      vertex 40.50157362633635 -3.7087354182671497 3.4000000000000004
      vertex 40.24651541284369 -3.595176185196668 3.4000000000000004
    endloop
  endfacet
  facet normal -0.4694715627858891 -0.8829475928589279 0
    outer loop
      vertex 40 -3.4641016151377544 0
      vertex 40.24651541284369 -3.595176185196668 3.4000000000000004
      vertex 40 -3.4641016151377544 3.4000000000000004
    endloop
  endfacet
  facet normal -0.3420201433256643 -0.93969262078591 0
    outer loop
      vertex 40.50157362633635 -3.7087354182671497 0
      vertex 40.763932022500214 -3.804226065180614 3.4000000000000004
      vertex 40.50157362633635 -3.7087354182671497 3.4000000000000004
    endloop
  endfacet
  facet normal -0.1391731009600664 -0.9902680687415701 0
    outer loop
      vertex 41.30540728933228 -3.939231012048832 0
      vertex 41.581886146929385 -3.978087581473093 3.4000000000000004
      vertex 41.30540728933228 -3.939231012048832 3.4000000000000004
    endloop
  endfacet
  facet normal -0.06975647374412589 -0.9975640502598242 0
    outer loop
      vertex 41.581886146929385 -3.978087581473093 0
      vertex 41.86040201319 -3.997563308076383 3.4000000000000004
      vertex 41.581886146929385 -3.978087581473093 3.4000000000000004
    endloop
  endfacet
  facet normal 0 -1 0
    outer loop
      vertex 41.86040201319 -3.997563308076383 0
      vertex 42.13959798681 -3.997563308076383 3.4000000000000004
      vertex 41.86040201319 -3.997563308076383 3.4000000000000004
    endloop
  endfacet
  facet normal 0.06975647374412589 -0.9975640502598242 0
    outer loop
      vertex 42.13959798681 -3.997563308076383 0
      vertex 42.418113853070615 -3.978087581473093 3.4000000000000004
      vertex 42.13959798681 -3.997563308076383 3.4000000000000004
    endloop
  endfacet
  facet normal 0.1391731009600664 -0.9902680687415701 0
    outer loop
      vertex 42.418113853070615 -3.978087581473093 0
      vertex 42.69459271066772 -3.939231012048832 3.4000000000000004
      vertex 42.418113853070615 -3.978087581473093 3.4000000000000004
    endloop
  endfacet
  facet normal 0.20791169081776034 -0.9781476007338055 0
    outer loop
      vertex 42.69459271066772 -3.939231012048832 0
      vertex 42.96768758239867 -3.881182905103986 3.4000000000000004
      vertex 42.69459271066772 -3.939231012048832 3.4000000000000004
    endloop
  endfacet
  facet normal -0.5299192642332068 -0.8480480961564248 0
    outer loop
      vertex 39.763228386117014 -3.3161502902201665 0
      vertex 40 -3.4641016151377544 3.4000000000000004
      vertex 39.763228386117014 -3.3161502902201665 3.4000000000000004
    endloop
  endfacet
  facet normal 0.27563735581699994 -0.9612616959383186 0
    outer loop
      vertex 42.96768758239867 -3.881182905103986 0
      vertex 43.236067977499786 -3.804226065180614 3.4000000000000004
      vertex 42.96768758239867 -3.881182905103986 3.4000000000000004
    endloop
  endfacet
  facet normal 0.3420201433256643 -0.93969262078591 0
    outer loop
      vertex 43.236067977499786 -3.804226065180614 0
      vertex 43.49842637366365 -3.7087354182671497 3.4000000000000004
      vertex 43.236067977499786 -3.804226065180614 3.4000000000000004
    endloop
  endfacet
  facet normal 0.406736643075802 -0.9135454576426001 0
    outer loop
      vertex 43.49842637366365 -3.7087354182671497 0
      vertex 43.75348458715631 -3.595176185196668 3.4000000000000004
      vertex 43.49842637366365 -3.7087354182671497 3.4000000000000004
    endloop
  endfacet
  facet normal 0.4694715627858891 -0.8829475928589279 0
    outer loop
      vertex 43.75348458715631 -3.595176185196668 0
      vertex 44 -3.4641016151377544 3.4000000000000004
      vertex 43.75348458715631 -3.595176185196668 3.4000000000000004
    endloop
  endfacet
  facet normal 0.5299192642332068 -0.8480480961564248 0
    outer loop
      vertex 44 -3.4641016151377544 0
      vertex 44.236771613882986 -3.3161502902201665 3.4000000000000004
      vertex 44 -3.4641016151377544 3.4000000000000004
    endloop
  endfacet
  facet normal 0.5877852522924659 -0.8090169943749527 0
    outer loop
      vertex 44.236771613882986 -3.3161502902201665 0
      vertex 44.462645901302636 -3.1520430144268876 3.4000000000000004
      vertex 44.236771613882986 -3.3161502902201665 3.4000000000000004
    endloop
  endfacet
  facet normal 0.6427876096865379 -0.7660444431189792 0
    outer loop
      vertex 44.462645901302636 -3.1520430144268876 0
      vertex 44.67652242543544 -2.972579301909577 3.4000000000000004
      vertex 44.462645901302636 -3.1520430144268876 3.4000000000000004
    endloop
  endfacet
  facet normal 0.6946583704589981 -0.7193398003386503 0
    outer loop
      vertex 44.67652242543544 -2.972579301909577 0
      vertex 44.87735920135461 -2.778633481835989 3.4000000000000004
      vertex 44.67652242543544 -2.972579301909577 3.4000000000000004
    endloop
  endfacet
  facet normal 0.743144825477395 -0.6691306063588572 0
    outer loop
      vertex 45.064177772475915 -2.571150438746157 0
      vertex 45.064177772475915 -2.571150438746157 3.4000000000000004
      vertex 44.87735920135461 -2.778633481835989 3.4000000000000004
    endloop
  endfacet
  facet normal 0.7880107536067327 -0.6156614753256444 0
    outer loop
      vertex 45.236067977499786 -2.3511410091698925 0
      vertex 45.236067977499786 -2.3511410091698925 3.4000000000000004
      vertex 45.064177772475915 -2.571150438746157 3.4000000000000004
    endloop
  endfacet
  facet normal 0.8290375725550401 -0.5591929034707493 0
    outer loop
      vertex 45.3921923846257 -2.1196770569328196 0
      vertex 45.3921923846257 -2.1196770569328196 3.4000000000000004
      vertex 45.236067977499786 -2.3511410091698925 3.4000000000000004
    endloop
  endfacet
  facet normal -0.8987940462991657 -0.4383711467890803 0
    outer loop
      vertex 38.468209628564296 -1.8778862511435632 0
      vertex 38.468209628564296 -1.8778862511435632 3.4000000000000004
      vertex 38.3458181694296 -1.6269465723032008 3.4000000000000004
    endloop
  endfacet
  facet normal -0.9271838545667821 -0.3746065934159251 0
    outer loop
      vertex 38.3458181694296 -1.6269465723032008 0
      vertex 38.3458181694296 -1.6269465723032008 3.4000000000000004
      vertex 38.241229516856365 -1.3680805733026749 3.4000000000000004
    endloop
  endfacet
  facet normal -0.9702957262759965 -0.2419218955996681 0
    outer loop
      vertex 38.154953216246724 -1.1025494232679967 0
      vertex 38.154953216246724 -1.1025494232679967 3.4000000000000004
      vertex 38.08740959706478 -0.8316467632710374 3.4000000000000004
    endloop
  endfacet
  facet normal -0.9510565162951555 -0.3090169943749415 0
    outer loop
      vertex 38.241229516856365 -1.3680805733026749 0
      vertex 38.241229516856365 -1.3680805733026749 3.4000000000000004
      vertex 38.154953216246724 -1.1025494232679967 3.4000000000000004
    endloop
  endfacet
  facet normal -0.9848077530122065 -0.17364817766693952 0
    outer loop
      vertex 38.08740959706478 -0.8316467632710374 0
      vertex 38.08740959706478 -0.8316467632710374 3.4000000000000004
      vertex 38.038927725033716 -0.5566924038402618 3.4000000000000004
    endloop
  endfacet
  facet normal -0.9945218953682754 -0.10452846326763322 0
    outer loop
      vertex 38.038927725033716 -0.5566924038402618 0
      vertex 38.038927725033716 -0.5566924038402618 3.4000000000000004
      vertex 38.009743798960706 -0.2790258949765012 3.4000000000000004
    endloop
  endfacet
  facet normal -0.9993908270190954 -0.03489949670251122 0
    outer loop
      vertex 38.009743798960706 -0.2790258949765012 0
      vertex 38.009743798960706 -0.2790258949765012 3.4000000000000004
      vertex 38 0 3.4000000000000004
    endloop
  endfacet
  facet normal 0.86602540378444 -0.4999999999999976 0
    outer loop
      vertex 45.531790371435704 -1.8778862511435632 0
      vertex 45.531790371435704 -1.8778862511435632 3.4000000000000004
      vertex 45.3921923846257 -2.1196770569328196 3.4000000000000004
    endloop
  endfacet
  facet normal 0.8987940462991657 -0.4383711467890803 0
    outer loop
      vertex 45.6541818305704 -1.6269465723032008 0
      vertex 45.6541818305704 -1.6269465723032008 3.4000000000000004
      vertex 45.531790371435704 -1.8778862511435632 3.4000000000000004
    endloop
  endfacet
  facet normal 0.9271838545667821 -0.3746065934159251 0
    outer loop
      vertex 45.758770483143635 -1.3680805733026749 0
      vertex 45.758770483143635 -1.3680805733026749 3.4000000000000004
      vertex 45.6541818305704 -1.6269465723032008 3.4000000000000004
    endloop
  endfacet
  facet normal 0.9510565162951555 -0.3090169943749415 0
    outer loop
      vertex 45.845046783753276 -1.1025494232679967 0
      vertex 45.845046783753276 -1.1025494232679967 3.4000000000000004
      vertex 45.758770483143635 -1.3680805733026749 3.4000000000000004
    endloop
  endfacet
  facet normal 0.9702957262759965 -0.2419218955996681 0
    outer loop
      vertex 45.91259040293522 -0.8316467632710374 0
      vertex 45.91259040293522 -0.8316467632710374 3.4000000000000004
      vertex 45.845046783753276 -1.1025494232679967 3.4000000000000004
    endloop
  endfacet
  facet normal 0.9848077530122065 -0.17364817766693952 0
    outer loop
      vertex 45.961072274966284 -0.5566924038402618 0
      vertex 45.961072274966284 -0.5566924038402618 3.4000000000000004
      vertex 45.91259040293522 -0.8316467632710374 3.4000000000000004
    endloop
  endfacet
  facet normal 0.9945218953682754 -0.10452846326763322 0
    outer loop
      vertex 45.990256201039294 -0.2790258949765012 0
      vertex 45.990256201039294 -0.2790258949765012 3.4000000000000004
      vertex 45.961072274966284 -0.5566924038402618 3.4000000000000004
    endloop
  endfacet
  facet normal 0.9993908270190954 -0.03489949670251122 0
    outer loop
      vertex 45.990256201039294 -0.2790258949765012 3.4000000000000004
      vertex 46 0 0
      vertex 46 0 3.4000000000000004
    endloop
  endfacet
  facet normal 0 0 1
    outer loop
      vertex 39.537354098697364 -3.1520430144268876 3.4000000000000004
      vertex 39.763228386117014 -3.3161502902201665 3.4000000000000004
      vertex 39.537354098697364 3.1520430144268876 3.4000000000000004
    endloop
  endfacet
  facet normal 0 0 1
    outer loop
      vertex 39.537354098697364 -3.1520430144268876 3.4000000000000004
      vertex 39.32347757456456 2.972579301909577 3.4000000000000004
      vertex 39.32347757456456 -2.972579301909577 3.4000000000000004
    endloop
  endfacet
  facet normal 0 0 1
    outer loop
      vertex 38.935822227524085 -2.571150438746157 3.4000000000000004
      vertex 38.763932022500214 2.3511410091698925 3.4000000000000004
      vertex 38.763932022500214 -2.3511410091698925 3.4000000000000004
    endloop
  endfacet
  facet normal 0 0 1
    outer loop
      vertex 38.6078076153743 -2.1196770569328196 3.4000000000000004
      vertex 38.763932022500214 -2.3511410091698925 3.4000000000000004
      vertex 38.6078076153743 2.1196770569328196 3.4000000000000004
    endloop
  endfacet
  facet normal 0 0 1
    outer loop
      vertex 39.12264079864539 -2.778633481835989 3.4000000000000004
      vertex 39.32347757456456 -2.972579301909577 3.4000000000000004
      vertex 39.12264079864539 2.778633481835989 3.4000000000000004
    endloop
  endfacet
  facet normal 0 0 1
    outer loop
      vertex 38.935822227524085 -2.571150438746157 3.4000000000000004
      vertex 39.12264079864539 -2.778633481835989 3.4000000000000004
      vertex 38.935822227524085 2.571150438746157 3.4000000000000004
    endloop
  endfacet
  facet normal 0 0 1
    outer loop
      vertex 38.6078076153743 -2.1196770569328196 3.4000000000000004
      vertex 38.468209628564296 1.8778862511435632 3.4000000000000004
      vertex 38.468209628564296 -1.8778862511435632 3.4000000000000004
    endloop
  endfacet
  facet normal 0 0 1
    outer loop
      vertex 38.468209628564296 -1.8778862511435632 3.4000000000000004
      vertex 38.3458181694296 1.6269465723032008 3.4000000000000004
      vertex 38.3458181694296 -1.6269465723032008 3.4000000000000004
    endloop
  endfacet
  facet normal 0 0 1
    outer loop
      vertex 38.3458181694296 -1.6269465723032008 3.4000000000000004
      vertex 38.241229516856365 1.3680805733026749 3.4000000000000004
      vertex 38.241229516856365 -1.3680805733026749 3.4000000000000004
    endloop
  endfacet
  facet normal 0 0 1
    outer loop
      vertex 38.241229516856365 -1.3680805733026749 3.4000000000000004
      vertex 38.154953216246724 1.1025494232679967 3.4000000000000004
      vertex 38.154953216246724 -1.1025494232679967 3.4000000000000004
    endloop
  endfacet
  facet normal 0 0 1
    outer loop
      vertex 38.154953216246724 -1.1025494232679967 3.4000000000000004
      vertex 38.08740959706478 0.8316467632710374 3.4000000000000004
      vertex 38.08740959706478 -0.8316467632710374 3.4000000000000004
    endloop
  endfacet
  facet normal 0 0 1
    outer loop
      vertex 38.08740959706478 -0.8316467632710374 3.4000000000000004
      vertex 38.038927725033716 0.5566924038402618 3.4000000000000004
      vertex 38.038927725033716 -0.5566924038402618 3.4000000000000004
    endloop
  endfacet
  facet normal 0 0 1
    outer loop
      vertex 38.038927725033716 -0.5566924038402618 3.4000000000000004
      vertex 38.009743798960706 0.2790258949765012 3.4000000000000004
      vertex 38.009743798960706 -0.2790258949765012 3.4000000000000004
    endloop
  endfacet
  facet normal 0 0 1
    outer loop
      vertex 40.50157362633635 -3.7087354182671497 3.4000000000000004
      vertex 40.763932022500214 -3.804226065180614 3.4000000000000004
      vertex 40.50157362633635 3.7087354182671497 3.4000000000000004
    endloop
  endfacet
  facet normal 0 0 1
    outer loop
      vertex 40.763932022500214 -3.804226065180614 3.4000000000000004
      vertex 41.03231241760133 -3.881182905103986 3.4000000000000004
      vertex 40.763932022500214 3.804226065180614 3.4000000000000004
    endloop
  endfacet
  facet normal 0 0 1
    outer loop
      vertex 41.03231241760133 -3.881182905103986 3.4000000000000004
      vertex 41.30540728933228 -3.939231012048832 3.4000000000000004
      vertex 41.03231241760133 3.881182905103986 3.4000000000000004
    endloop
  endfacet
  facet normal 0 0 1
    outer loop
      vertex 40.24651541284369 -3.595176185196668 3.4000000000000004
      vertex 40 3.4641016151377544 3.4000000000000004
      vertex 40 -3.4641016151377544 3.4000000000000004
    endloop
  endfacet
  facet normal 0 0 1
    outer loop
      vertex 39.763228386117014 -3.3161502902201665 3.4000000000000004
      vertex 40 -3.4641016151377544 3.4000000000000004
      vertex 39.763228386117014 3.3161502902201665 3.4000000000000004
    endloop
  endfacet
  facet normal 0 0 1
    outer loop
      vertex 40.24651541284369 -3.595176185196668 3.4000000000000004
      vertex 40.50157362633635 -3.7087354182671497 3.4000000000000004
      vertex 40.24651541284369 3.595176185196668 3.4000000000000004
    endloop
  endfacet
  facet normal 0 0 1
    outer loop
      vertex 41.30540728933228 -3.939231012048832 3.4000000000000004
      vertex 41.581886146929385 -3.978087581473093 3.4000000000000004
      vertex 41.30540728933228 3.939231012048832 3.4000000000000004
    endloop
  endfacet
  facet normal 0 0 1
    outer loop
      vertex 41.581886146929385 -3.978087581473093 3.4000000000000004
      vertex 41.86040201319 -3.997563308076383 3.4000000000000004
      vertex 41.581886146929385 3.978087581473093 3.4000000000000004
    endloop
  endfacet
  facet normal 0 0 1
    outer loop
      vertex 41.86040201319 -3.997563308076383 3.4000000000000004
      vertex 42.13959798681 -3.997563308076383 3.4000000000000004
      vertex 41.86040201319 3.997563308076383 3.4000000000000004
    endloop
  endfacet
  facet normal 0 0 1
    outer loop
      vertex 42.13959798681 -3.997563308076383 3.4000000000000004
      vertex 42.418113853070615 -3.978087581473093 3.4000000000000004
      vertex 42.13959798681 3.997563308076383 3.4000000000000004
    endloop
  endfacet
  facet normal 0 0 1
    outer loop
      vertex 42.418113853070615 -3.978087581473093 3.4000000000000004
      vertex 42.69459271066772 -3.939231012048832 3.4000000000000004
      vertex 42.418113853070615 3.978087581473093 3.4000000000000004
    endloop
  endfacet
  facet normal 0 0 1
    outer loop
      vertex 42.69459271066772 -3.939231012048832 3.4000000000000004
      vertex 42.96768758239867 -3.881182905103986 3.4000000000000004
      vertex 42.69459271066772 3.939231012048832 3.4000000000000004
    endloop
  endfacet
  facet normal 0 0 1
    outer loop
      vertex 42.96768758239867 -3.881182905103986 3.4000000000000004
      vertex 43.236067977499786 -3.804226065180614 3.4000000000000004
      vertex 42.96768758239867 3.881182905103986 3.4000000000000004
    endloop
  endfacet
  facet normal 0 0 1
    outer loop
      vertex 43.236067977499786 -3.804226065180614 3.4000000000000004
      vertex 43.49842637366365 -3.7087354182671497 3.4000000000000004
      vertex 43.236067977499786 3.804226065180614 3.4000000000000004
    endloop
  endfacet
  facet normal 0 0 1
    outer loop
      vertex 43.49842637366365 -3.7087354182671497 3.4000000000000004
      vertex 43.75348458715631 -3.595176185196668 3.4000000000000004
      vertex 43.49842637366365 3.7087354182671497 3.4000000000000004
    endloop
  endfacet
  facet normal 0 0 1
    outer loop
      vertex 43.75348458715631 -3.595176185196668 3.4000000000000004
      vertex 44 -3.4641016151377544 3.4000000000000004
      vertex 43.75348458715631 3.595176185196668 3.4000000000000004
    endloop
  endfacet
  facet normal 0 0 1
    outer loop
      vertex 44 -3.4641016151377544 3.4000000000000004
      vertex 44.236771613882986 -3.3161502902201665 3.4000000000000004
      vertex 44 3.4641016151377544 3.4000000000000004
    endloop
  endfacet
  facet normal 0 0 1
    outer loop
      vertex 44.236771613882986 -3.3161502902201665 3.4000000000000004
      vertex 44.462645901302636 -3.1520430144268876 3.4000000000000004
      vertex 44.236771613882986 3.3161502902201665 3.4000000000000004
    endloop
  endfacet
  facet normal 0 0 1
    outer loop
      vertex 44.462645901302636 -3.1520430144268876 3.4000000000000004
      vertex 44.67652242543544 -2.972579301909577 3.4000000000000004
      vertex 44.462645901302636 3.1520430144268876 3.4000000000000004
    endloop
  endfacet
  facet normal 0 0 1
    outer loop
      vertex 44.67652242543544 -2.972579301909577 3.4000000000000004
      vertex 44.87735920135461 -2.778633481835989 3.4000000000000004
      vertex 44.67652242543544 2.972579301909577 3.4000000000000004
    endloop
  endfacet
  facet normal 0 0 1
    outer loop
      vertex 44.87735920135461 -2.778633481835989 3.4000000000000004
      vertex 45.064177772475915 -2.571150438746157 3.4000000000000004
      vertex 44.87735920135461 2.778633481835989 3.4000000000000004
    endloop
  endfacet
  facet normal 0 0 1
    outer loop
      vertex 45.064177772475915 -2.571150438746157 3.4000000000000004
      vertex 45.236067977499786 -2.3511410091698925 3.4000000000000004
      vertex 45.064177772475915 2.571150438746157 3.4000000000000004
    endloop
  endfacet
  facet normal 0 0 1
    outer loop
      vertex 45.236067977499786 -2.3511410091698925 3.4000000000000004
      vertex 45.3921923846257 -2.1196770569328196 3.4000000000000004
      vertex 45.236067977499786 2.3511410091698925 3.4000000000000004
    endloop
  endfacet
  facet normal 0 0 1
    outer loop
      vertex 45.3921923846257 -2.1196770569328196 3.4000000000000004
      vertex 45.531790371435704 -1.8778862511435632 3.4000000000000004
      vertex 45.3921923846257 2.1196770569328196 3.4000000000000004
    endloop
  endfacet
  facet normal 0 0 1
    outer loop
      vertex 45.531790371435704 -1.8778862511435632 3.4000000000000004
      vertex 45.6541818305704 -1.6269465723032008 3.4000000000000004
      vertex 45.531790371435704 1.8778862511435632 3.4000000000000004
    endloop
  endfacet
  facet normal 0 0 1
    outer loop
      vertex 45.6541818305704 -1.6269465723032008 3.4000000000000004
      vertex 45.758770483143635 -1.3680805733026749 3.4000000000000004
      vertex 45.6541818305704 1.6269465723032008 3.4000000000000004
    endloop
  endfacet
  facet normal 0 0 1
    outer loop
      vertex 45.758770483143635 -1.3680805733026749 3.4000000000000004
      vertex 45.845046783753276 -1.1025494232679967 3.4000000000000004
      vertex 45.758770483143635 1.3680805733026749 3.4000000000000004
    endloop
  endfacet
  facet normal 0 0 1
    outer loop
      vertex 45.845046783753276 -1.1025494232679967 3.4000000000000004
      vertex 45.91259040293522 -0.8316467632710374 3.4000000000000004
      vertex 45.845046783753276 1.1025494232679967 3.4000000000000004
    endloop
  endfacet
  facet normal 0 0 1
    outer loop
      vertex 45.91259040293522 -0.8316467632710374 3.4000000000000004
      vertex 45.961072274966284 -0.5566924038402618 3.4000000000000004
      vertex 45.91259040293522 0.8316467632710374 3.4000000000000004
    endloop
  endfacet
  facet normal 0 0 1
    outer loop
      vertex 45.961072274966284 -0.5566924038402618 3.4000000000000004
      vertex 45.990256201039294 -0.2790258949765012 3.4000000000000004
      vertex 45.961072274966284 0.5566924038402618 3.4000000000000004
    endloop
  endfacet
  facet normal 0 0 -1
    outer loop
      vertex 38.009743798960706 -0.2790258949765012 0
      vertex 38 0 0
      vertex 38.009743798960706 0.2790258949765012 0
    endloop
  endfacet
  facet normal 0 0 -1
    outer loop
      vertex 38.009743798960706 -0.2790258949765012 0
      vertex 38.009743798960706 0.2790258949765012 0
      vertex 38.038927725033716 0.5566924038402618 0
    endloop
  endfacet
  facet normal 0 0 -1
    outer loop
      vertex 38.038927725033716 -0.5566924038402618 0
      vertex 38.038927725033716 0.5566924038402618 0
      vertex 38.08740959706478 0.8316467632710374 0
    endloop
  endfacet
  facet normal 0 0 -1
    outer loop
      vertex 38.08740959706478 -0.8316467632710374 0
      vertex 38.08740959706478 0.8316467632710374 0
      vertex 38.154953216246724 1.1025494232679967 0
    endloop
  endfacet
  facet normal 0 0 -1
    outer loop
      vertex 38.154953216246724 -1.1025494232679967 0
      vertex 38.154953216246724 1.1025494232679967 0
      vertex 38.241229516856365 1.3680805733026749 0
    endloop
  endfacet
  facet normal 0 0 -1
    outer loop
      vertex 38.241229516856365 -1.3680805733026749 0
      vertex 38.241229516856365 1.3680805733026749 0
      vertex 38.3458181694296 1.6269465723032008 0
    endloop
  endfacet
  facet normal 0 0 -1
    outer loop
      vertex 38.3458181694296 -1.6269465723032008 0
      vertex 38.3458181694296 1.6269465723032008 0
      vertex 38.468209628564296 1.8778862511435632 0
    endloop
  endfacet
  facet normal 0 0 -1
    outer loop
      vertex 38.468209628564296 -1.8778862511435632 0
      vertex 38.468209628564296 1.8778862511435632 0
      vertex 38.6078076153743 2.1196770569328196 0
    endloop
  endfacet
  facet normal 0 0 -1
    outer loop
      vertex 38.6078076153743 -2.1196770569328196 0
      vertex 38.6078076153743 2.1196770569328196 0
      vertex 38.763932022500214 2.3511410091698925 0
    endloop
  endfacet
  facet normal 0 0 -1
    outer loop
      vertex 38.763932022500214 -2.3511410091698925 0
      vertex 38.763932022500214 2.3511410091698925 0
      vertex 38.935822227524085 2.571150438746157 0
    endloop
  endfacet
  facet normal 0 0 -1
    outer loop
      vertex 38.935822227524085 -2.571150438746157 0
      vertex 38.935822227524085 2.571150438746157 0
      vertex 39.12264079864539 2.778633481835989 0
    endloop
  endfacet
  facet normal 0 0 -1
    outer loop
      vertex 39.12264079864539 -2.778633481835989 0
      vertex 39.12264079864539 2.778633481835989 0
      vertex 39.32347757456456 2.972579301909577 0
    endloop
  endfacet
  facet normal 0 0 -1
    outer loop
      vertex 39.32347757456456 -2.972579301909577 0
      vertex 39.32347757456456 2.972579301909577 0
      vertex 39.537354098697364 3.1520430144268876 0
    endloop
  endfacet
  facet normal 0 0 -1
    outer loop
      vertex 39.537354098697364 -3.1520430144268876 0
      vertex 39.537354098697364 3.1520430144268876 0
      vertex 39.763228386117014 3.3161502902201665 0
    endloop
  endfacet
  facet normal 0 0 -1
    outer loop
      vertex 45.990256201039294 -0.2790258949765012 0
      vertex 45.990256201039294 0.2790258949765012 0
      vertex 46 0 0
    endloop
  endfacet
  facet normal 0 0 -1
    outer loop
      vertex 45.961072274966284 -0.5566924038402618 0
      vertex 45.961072274966284 0.5566924038402618 0
      vertex 45.990256201039294 0.2790258949765012 0
    endloop
  endfacet
  facet normal 0 0 -1
    outer loop
      vertex 45.91259040293522 -0.8316467632710374 0
      vertex 45.91259040293522 0.8316467632710374 0
      vertex 45.961072274966284 0.5566924038402618 0
    endloop
  endfacet
  facet normal 0 0 -1
    outer loop
      vertex 45.845046783753276 -1.1025494232679967 0
      vertex 45.845046783753276 1.1025494232679967 0
      vertex 45.91259040293522 0.8316467632710374 0
    endloop
  endfacet
  facet normal 0 0 -1
    outer loop
      vertex 45.758770483143635 -1.3680805733026749 0
      vertex 45.758770483143635 1.3680805733026749 0
      vertex 45.845046783753276 1.1025494232679967 0
    endloop
  endfacet
  facet normal 0 0 -1
    outer loop
      vertex 45.6541818305704 -1.6269465723032008 0
      vertex 45.6541818305704 1.6269465723032008 0
      vertex 45.758770483143635 1.3680805733026749 0
    endloop
  endfacet
  facet normal 0 0 -1
    outer loop
      vertex 45.531790371435704 -1.8778862511435632 0
      vertex 45.531790371435704 1.8778862511435632 0
      vertex 45.6541818305704 1.6269465723032008 0
    endloop
  endfacet
  facet normal 0 0 -1
    outer loop
      vertex 45.3921923846257 -2.1196770569328196 0
      vertex 45.3921923846257 2.1196770569328196 0
      vertex 45.531790371435704 1.8778862511435632 0
    endloop
  endfacet
  facet normal 0 0 -1
    outer loop
      vertex 45.236067977499786 -2.3511410091698925 0
      vertex 45.236067977499786 2.3511410091698925 0
      vertex 45.3921923846257 2.1196770569328196 0
    endloop
  endfacet
  facet normal 0 0 -1
    outer loop
      vertex 45.064177772475915 -2.571150438746157 0
      vertex 45.064177772475915 2.571150438746157 0
      vertex 45.236067977499786 2.3511410091698925 0
    endloop
  endfacet
  facet normal 0 0 -1
    outer loop
      vertex 44.87735920135461 -2.778633481835989 0
      vertex 44.87735920135461 2.778633481835989 0
      vertex 45.064177772475915 2.571150438746157 0
    endloop
  endfacet
  facet normal 0 0 -1
    outer loop
      vertex 44.67652242543544 -2.972579301909577 0
      vertex 44.67652242543544 2.972579301909577 0
      vertex 44.87735920135461 2.778633481835989 0
    endloop
  endfacet
  facet normal 0 0 -1
    outer loop
      vertex 44.462645901302636 -3.1520430144268876 0
      vertex 44.462645901302636 3.1520430144268876 0
      vertex 44.67652242543544 2.972579301909577 0
    endloop
  endfacet
  facet normal 0 0 -1
    outer loop
      vertex 39.763228386117014 -3.3161502902201665 0
      vertex 39.763228386117014 3.3161502902201665 0
      vertex 40 3.4641016151377544 0
    endloop
  endfacet
  facet normal 0 0 -1
    outer loop
      vertex 40 -3.4641016151377544 0
      vertex 40 3.4641016151377544 0
      vertex 40.24651541284369 3.595176185196668 0
    endloop
  endfacet
  facet normal 0 0 -1
    outer loop
      vertex 40.24651541284369 -3.595176185196668 0
      vertex 40.24651541284369 3.595176185196668 0
      vertex 40.50157362633635 3.7087354182671497 0
    endloop
  endfacet
  facet normal 0 0 -1
    outer loop
      vertex 40.50157362633635 -3.7087354182671497 0
      vertex 40.50157362633635 3.7087354182671497 0
      vertex 40.763932022500214 3.804226065180614 0
    endloop
  endfacet
  facet normal 0 0 -1
    outer loop
      vertex 40.763932022500214 -3.804226065180614 0
      vertex 40.763932022500214 3.804226065180614 0
      vertex 41.03231241760133 3.881182905103986 0
    endloop
  endfacet
  facet normal 0 0 -1
    outer loop
      vertex 41.03231241760133 -3.881182905103986 0
      vertex 41.03231241760133 3.881182905103986 0
      vertex 41.30540728933228 3.939231012048832 0
    endloop
  endfacet
  facet normal 0 0 -1
    outer loop
      vertex 41.30540728933228 -3.939231012048832 0
      vertex 41.30540728933228 3.939231012048832 0
      vertex 41.581886146929385 3.978087581473093 0
    endloop
  endfacet
  facet normal 0 0 -1
    outer loop
      vertex 41.581886146929385 -3.978087581473093 0
      vertex 41.581886146929385 3.978087581473093 0
      vertex 41.86040201319 3.997563308076383 0
    endloop
  endfacet
  facet normal 0 0 -1
    outer loop
      vertex 41.86040201319 -3.997563308076383 0
      vertex 41.86040201319 3.997563308076383 0
      vertex 42.13959798681 3.997563308076383 0
    endloop
  endfacet
  facet normal 0 0 -1
    outer loop
      vertex 42.13959798681 -3.997563308076383 0
      vertex 42.13959798681 3.997563308076383 0
      vertex 42.418113853070615 3.978087581473093 0
    endloop
  endfacet
  facet normal 0 0 -1
    outer loop
      vertex 42.69459271066772 -3.939231012048832 0
      vertex 42.69459271066772 3.939231012048832 0
      vertex 42.96768758239867 3.881182905103986 0
    endloop
  endfacet
  facet normal 0 0 -1
    outer loop
      vertex 42.418113853070615 -3.978087581473093 0
      vertex 42.418113853070615 3.978087581473093 0
      vertex 42.69459271066772 3.939231012048832 0
    endloop
  endfacet
  facet normal 0 0 -1
    outer loop
      vertex 43.236067977499786 -3.804226065180614 0
      vertex 43.236067977499786 3.804226065180614 0
      vertex 43.49842637366365 3.7087354182671497 0
    endloop
  endfacet
  facet normal 0 0 -1
    outer loop
      vertex 43.49842637366365 -3.7087354182671497 0
      vertex 43.49842637366365 3.7087354182671497 0
      vertex 43.75348458715631 3.595176185196668 0
    endloop
  endfacet
  facet normal 0 0 -1
    outer loop
      vertex 44.236771613882986 -3.3161502902201665 0
      vertex 44.236771613882986 3.3161502902201665 0
      vertex 44.462645901302636 3.1520430144268876 0
    endloop
  endfacet
  facet normal 0 0 -1
    outer loop
      vertex 44 -3.4641016151377544 0
      vertex 44 3.4641016151377544 0
      vertex 44.236771613882986 3.3161502902201665 0
    endloop
  endfacet
  facet normal 0 0 -1
    outer loop
      vertex 43.75348458715631 -3.595176185196668 0
      vertex 43.75348458715631 3.595176185196668 0
      vertex 44 3.4641016151377544 0
    endloop
  endfacet
  facet normal 0 0 -1
    outer loop
      vertex 42.96768758239867 -3.881182905103986 0
      vertex 42.96768758239867 3.881182905103986 0
      vertex 43.236067977499786 3.804226065180614 0
    endloop
  endfacet
  facet normal -0.9993908270190954 0.03489949670251122 0
    outer loop
      vertex 38 0 0
      vertex 38.009743798960706 0.2790258949765012 3.4000000000000004
      vertex 38.009743798960706 0.2790258949765012 0
    endloop
  endfacet
  facet normal -0.9945218953682754 0.10452846326763322 0
    outer loop
      vertex 38.009743798960706 0.2790258949765012 0
      vertex 38.038927725033716 0.5566924038402618 3.4000000000000004
      vertex 38.038927725033716 0.5566924038402618 0
    endloop
  endfacet
  facet normal -0.9848077530122065 0.17364817766693952 0
    outer loop
      vertex 38.038927725033716 0.5566924038402618 0
      vertex 38.08740959706478 0.8316467632710374 3.4000000000000004
      vertex 38.08740959706478 0.8316467632710374 0
    endloop
  endfacet
  facet normal -0.9702957262759965 0.2419218955996681 0
    outer loop
      vertex 38.08740959706478 0.8316467632710374 0
      vertex 38.154953216246724 1.1025494232679967 3.4000000000000004
      vertex 38.154953216246724 1.1025494232679967 0
    endloop
  endfacet
  facet normal -0.9510565162951555 0.3090169943749415 0
    outer loop
      vertex 38.154953216246724 1.1025494232679967 0
      vertex 38.241229516856365 1.3680805733026749 3.4000000000000004
      vertex 38.241229516856365 1.3680805733026749 0
    endloop
  endfacet
  facet normal -0.9271838545667821 0.3746065934159251 0
    outer loop
      vertex 38.241229516856365 1.3680805733026749 0
      vertex 38.3458181694296 1.6269465723032008 3.4000000000000004
      vertex 38.3458181694296 1.6269465723032008 0
    endloop
  endfacet
  facet normal -0.8987940462991657 0.4383711467890803 0
    outer loop
      vertex 38.3458181694296 1.6269465723032008 0
      vertex 38.468209628564296 1.8778862511435632 3.4000000000000004
      vertex 38.468209628564296 1.8778862511435632 0
    endloop
  endfacet
  facet normal 0.9993908270190954 0.03489949670251122 0
    outer loop
      vertex 46 0 0
      vertex 45.990256201039294 0.2790258949765012 0
      vertex 46 0 3.4000000000000004
    endloop
  endfacet
  facet normal 0.9945218953682754 0.10452846326763322 0
    outer loop
      vertex 45.990256201039294 0.2790258949765012 0
      vertex 45.961072274966284 0.5566924038402618 0
      vertex 45.990256201039294 0.2790258949765012 3.4000000000000004
    endloop
  endfacet
  facet normal 0.9848077530122065 0.17364817766693952 0
    outer loop
      vertex 45.961072274966284 0.5566924038402618 0
      vertex 45.91259040293522 0.8316467632710374 0
      vertex 45.961072274966284 0.5566924038402618 3.4000000000000004
    endloop
  endfacet
  facet normal 0.9702957262759965 0.2419218955996681 0
    outer loop
      vertex 45.91259040293522 0.8316467632710374 0
      vertex 45.845046783753276 1.1025494232679967 0
      vertex 45.91259040293522 0.8316467632710374 3.4000000000000004
    endloop
  endfacet
  facet normal 0.9510565162951555 0.3090169943749415 0
    outer loop
      vertex 45.845046783753276 1.1025494232679967 0
      vertex 45.758770483143635 1.3680805733026749 0
      vertex 45.845046783753276 1.1025494232679967 3.4000000000000004
    endloop
  endfacet
  facet normal 0.9271838545667821 0.3746065934159251 0
    outer loop
      vertex 45.758770483143635 1.3680805733026749 0
      vertex 45.6541818305704 1.6269465723032008 0
      vertex 45.758770483143635 1.3680805733026749 3.4000000000000004
    endloop
  endfacet
  facet normal 0.8987940462991657 0.4383711467890803 0
    outer loop
      vertex 45.6541818305704 1.6269465723032008 0
      vertex 45.531790371435704 1.8778862511435632 0
      vertex 45.6541818305704 1.6269465723032008 3.4000000000000004
    endloop
  endfacet
  facet normal 0.86602540378444 0.4999999999999976 0
    outer loop
      vertex 45.531790371435704 1.8778862511435632 0
      vertex 45.3921923846257 2.1196770569328196 0
      vertex 45.531790371435704 1.8778862511435632 3.4000000000000004
    endloop
  endfacet
  facet normal -0.86602540378444 0.4999999999999976 0
    outer loop
      vertex 38.468209628564296 1.8778862511435632 0
      vertex 38.6078076153743 2.1196770569328196 3.4000000000000004
      vertex 38.6078076153743 2.1196770569328196 0
    endloop
  endfacet
  facet normal -0.8290375725550401 0.5591929034707493 0
    outer loop
      vertex 38.6078076153743 2.1196770569328196 0
      vertex 38.763932022500214 2.3511410091698925 3.4000000000000004
      vertex 38.763932022500214 2.3511410091698925 0
    endloop
  endfacet
  facet normal -0.7880107536067327 0.6156614753256444 0
    outer loop
      vertex 38.763932022500214 2.3511410091698925 0
      vertex 38.935822227524085 2.571150438746157 3.4000000000000004
      vertex 38.935822227524085 2.571150438746157 0
    endloop
  endfacet
  facet normal -0.743144825477395 0.6691306063588572 0
    outer loop
      vertex 38.935822227524085 2.571150438746157 0
      vertex 39.12264079864539 2.778633481835989 3.4000000000000004
      vertex 39.12264079864539 2.778633481835989 0
    endloop
  endfacet
  facet normal -0.6946583704589981 0.7193398003386503 0
    outer loop
      vertex 39.12264079864539 2.778633481835989 0
      vertex 39.12264079864539 2.778633481835989 3.4000000000000004
      vertex 39.32347757456456 2.972579301909577 0
    endloop
  endfacet
  facet normal -0.6427876096865379 0.7660444431189792 0
    outer loop
      vertex 39.32347757456456 2.972579301909577 0
      vertex 39.32347757456456 2.972579301909577 3.4000000000000004
      vertex 39.537354098697364 3.1520430144268876 0
    endloop
  endfacet
  facet normal -0.5877852522924659 0.8090169943749527 0
    outer loop
      vertex 39.537354098697364 3.1520430144268876 0
      vertex 39.537354098697364 3.1520430144268876 3.4000000000000004
      vertex 39.763228386117014 3.3161502902201665 0
    endloop
  endfacet
  facet normal 0.8290375725550401 0.5591929034707493 0
    outer loop
      vertex 45.236067977499786 2.3511410091698925 0
      vertex 45.3921923846257 2.1196770569328196 3.4000000000000004
      vertex 45.3921923846257 2.1196770569328196 0
    endloop
  endfacet
  facet normal 0.7880107536067327 0.6156614753256444 0
    outer loop
      vertex 45.236067977499786 2.3511410091698925 0
      vertex 45.064177772475915 2.571150438746157 0
      vertex 45.236067977499786 2.3511410091698925 3.4000000000000004
    endloop
  endfacet
  facet normal 0.743144825477395 0.6691306063588572 0
    outer loop
      vertex 44.87735920135461 2.778633481835989 0
      vertex 45.064177772475915 2.571150438746157 3.4000000000000004
      vertex 45.064177772475915 2.571150438746157 0
    endloop
  endfacet
  facet normal 0.6946583704589981 0.7193398003386503 0
    outer loop
      vertex 44.67652242543544 2.972579301909577 0
      vertex 44.67652242543544 2.972579301909577 3.4000000000000004
      vertex 44.87735920135461 2.778633481835989 0
    endloop
  endfacet
  facet normal -0.5299192642332068 0.8480480961564248 0
    outer loop
      vertex 39.763228386117014 3.3161502902201665 0
      vertex 39.763228386117014 3.3161502902201665 3.4000000000000004
      vertex 40 3.4641016151377544 0
    endloop
  endfacet
  facet normal -0.4694715627858891 0.8829475928589279 0
    outer loop
      vertex 40 3.4641016151377544 0
      vertex 40 3.4641016151377544 3.4000000000000004
      vertex 40.24651541284369 3.595176185196668 0
    endloop
  endfacet
  facet normal -0.406736643075802 0.9135454576426001 0
    outer loop
      vertex 40.24651541284369 3.595176185196668 0
      vertex 40.24651541284369 3.595176185196668 3.4000000000000004
      vertex 40.50157362633635 3.7087354182671497 0
    endloop
  endfacet
  facet normal -0.3420201433256643 0.93969262078591 0
    outer loop
      vertex 40.50157362633635 3.7087354182671497 0
      vertex 40.50157362633635 3.7087354182671497 3.4000000000000004
      vertex 40.763932022500214 3.804226065180614 0
    endloop
  endfacet
  facet normal -0.27563735581699994 0.9612616959383186 0
    outer loop
      vertex 40.763932022500214 3.804226065180614 0
      vertex 40.763932022500214 3.804226065180614 3.4000000000000004
      vertex 41.03231241760133 3.881182905103986 0
    endloop
  endfacet
  facet normal -0.20791169081776034 0.9781476007338055 0
    outer loop
      vertex 41.03231241760133 3.881182905103986 0
      vertex 41.03231241760133 3.881182905103986 3.4000000000000004
      vertex 41.30540728933228 3.939231012048832 0
    endloop
  endfacet
  facet normal -0.1391731009600664 0.9902680687415701 0
    outer loop
      vertex 41.30540728933228 3.939231012048832 0
      vertex 41.30540728933228 3.939231012048832 3.4000000000000004
      vertex 41.581886146929385 3.978087581473093 0
    endloop
  endfacet
  facet normal -0.06975647374412589 0.9975640502598242 0
    outer loop
      vertex 41.581886146929385 3.978087581473093 0
      vertex 41.581886146929385 3.978087581473093 3.4000000000000004
      vertex 41.86040201319 3.997563308076383 0
    endloop
  endfacet
  facet normal 0 1 0
    outer loop
      vertex 41.86040201319 3.997563308076383 0
      vertex 41.86040201319 3.997563308076383 3.4000000000000004
      vertex 42.13959798681 3.997563308076383 0
    endloop
  endfacet
  facet normal 0.06975647374412589 0.9975640502598242 0
    outer loop
      vertex 42.13959798681 3.997563308076383 0
      vertex 42.13959798681 3.997563308076383 3.4000000000000004
      vertex 42.418113853070615 3.978087581473093 0
    endloop
  endfacet
  facet normal 0.20791169081776034 0.9781476007338055 0
    outer loop
      vertex 42.69459271066772 3.939231012048832 0
      vertex 42.69459271066772 3.939231012048832 3.4000000000000004
      vertex 42.96768758239867 3.881182905103986 0
    endloop
  endfacet
  facet normal 0.1391731009600664 0.9902680687415701 0
    outer loop
      vertex 42.418113853070615 3.978087581473093 0
      vertex 42.418113853070615 3.978087581473093 3.4000000000000004
      vertex 42.69459271066772 3.939231012048832 0
    endloop
  endfacet
  facet normal 0.5877852522924659 0.8090169943749527 0
    outer loop
      vertex 44.236771613882986 3.3161502902201665 0
      vertex 44.236771613882986 3.3161502902201665 3.4000000000000004
      vertex 44.462645901302636 3.1520430144268876 0
    endloop
  endfacet
  facet normal 0.5299192642332068 0.8480480961564248 0
    outer loop
      vertex 44 3.4641016151377544 0
      vertex 44 3.4641016151377544 3.4000000000000004
      vertex 44.236771613882986 3.3161502902201665 0
    endloop
  endfacet
  facet normal 0.6427876096865379 0.7660444431189792 0
    outer loop
      vertex 44.67652242543544 2.972579301909577 0
      vertex 44.462645901302636 3.1520430144268876 0
      vertex 44.462645901302636 3.1520430144268876 3.4000000000000004
    endloop
  endfacet
  facet normal 0.406736643075802 0.9135454576426001 0
    outer loop
      vertex 43.49842637366365 3.7087354182671497 0
      vertex 43.49842637366365 3.7087354182671497 3.4000000000000004
      vertex 43.75348458715631 3.595176185196668 0
    endloop
  endfacet
  facet normal 0.4694715627858891 0.8829475928589279 0
    outer loop
      vertex 43.75348458715631 3.595176185196668 0
      vertex 43.75348458715631 3.595176185196668 3.4000000000000004
      vertex 44 3.4641016151377544 0
    endloop
  endfacet
  facet normal 0.27563735581699994 0.9612616959383186 0
    outer loop
      vertex 42.96768758239867 3.881182905103986 0
      vertex 42.96768758239867 3.881182905103986 3.4000000000000004
      vertex 43.236067977499786 3.804226065180614 0
    endloop
  endfacet
  facet normal 0.3420201433256643 0.93969262078591 0
    outer loop
      vertex 43.236067977499786 3.804226065180614 0
      vertex 43.236067977499786 3.804226065180614 3.4000000000000004
      vertex 43.49842637366365 3.7087354182671497 0
    endloop
  endfacet
  facet normal -0.9993908270190954 0.03489949670251122 0
    outer loop
      vertex 38 0 0
      vertex 38 0 3.4000000000000004
      vertex 38.009743798960706 0.2790258949765012 3.4000000000000004
    endloop
  endfacet
  facet normal -0.9945218953682754 0.10452846326763322 0
    outer loop
      vertex 38.009743798960706 0.2790258949765012 0
      vertex 38.009743798960706 0.2790258949765012 3.4000000000000004
      vertex 38.038927725033716 0.5566924038402618 3.4000000000000004
    endloop
  endfacet
  facet normal -0.9848077530122065 0.17364817766693952 0
    outer loop
      vertex 38.038927725033716 0.5566924038402618 0
      vertex 38.038927725033716 0.5566924038402618 3.4000000000000004
      vertex 38.08740959706478 0.8316467632710374 3.4000000000000004
    endloop
  endfacet
  facet normal -0.9702957262759965 0.2419218955996681 0
    outer loop
      vertex 38.08740959706478 0.8316467632710374 0
      vertex 38.08740959706478 0.8316467632710374 3.4000000000000004
      vertex 38.154953216246724 1.1025494232679967 3.4000000000000004
    endloop
  endfacet
  facet normal -0.9510565162951555 0.3090169943749415 0
    outer loop
      vertex 38.154953216246724 1.1025494232679967 0
      vertex 38.154953216246724 1.1025494232679967 3.4000000000000004
      vertex 38.241229516856365 1.3680805733026749 3.4000000000000004
    endloop
  endfacet
  facet normal -0.9271838545667821 0.3746065934159251 0
    outer loop
      vertex 38.241229516856365 1.3680805733026749 0
      vertex 38.241229516856365 1.3680805733026749 3.4000000000000004
      vertex 38.3458181694296 1.6269465723032008 3.4000000000000004
    endloop
  endfacet
  facet normal -0.8987940462991657 0.4383711467890803 0
    outer loop
      vertex 38.3458181694296 1.6269465723032008 0
      vertex 38.3458181694296 1.6269465723032008 3.4000000000000004
      vertex 38.468209628564296 1.8778862511435632 3.4000000000000004
    endloop
  endfacet
  facet normal -0.86602540378444 0.4999999999999976 0
    outer loop
      vertex 38.468209628564296 1.8778862511435632 0
      vertex 38.468209628564296 1.8778862511435632 3.4000000000000004
      vertex 38.6078076153743 2.1196770569328196 3.4000000000000004
    endloop
  endfacet
  facet normal 0.9993908270190954 0.03489949670251122 0
    outer loop
      vertex 45.990256201039294 0.2790258949765012 0
      vertex 45.990256201039294 0.2790258949765012 3.4000000000000004
      vertex 46 0 3.4000000000000004
    endloop
  endfacet
  facet normal 0.9945218953682754 0.10452846326763322 0
    outer loop
      vertex 45.961072274966284 0.5566924038402618 0
      vertex 45.961072274966284 0.5566924038402618 3.4000000000000004
      vertex 45.990256201039294 0.2790258949765012 3.4000000000000004
    endloop
  endfacet
  facet normal 0.9848077530122065 0.17364817766693952 0
    outer loop
      vertex 45.91259040293522 0.8316467632710374 0
      vertex 45.91259040293522 0.8316467632710374 3.4000000000000004
      vertex 45.961072274966284 0.5566924038402618 3.4000000000000004
    endloop
  endfacet
  facet normal 0.9702957262759965 0.2419218955996681 0
    outer loop
      vertex 45.845046783753276 1.1025494232679967 0
      vertex 45.845046783753276 1.1025494232679967 3.4000000000000004
      vertex 45.91259040293522 0.8316467632710374 3.4000000000000004
    endloop
  endfacet
  facet normal 0.9510565162951555 0.3090169943749415 0
    outer loop
      vertex 45.758770483143635 1.3680805733026749 0
      vertex 45.758770483143635 1.3680805733026749 3.4000000000000004
      vertex 45.845046783753276 1.1025494232679967 3.4000000000000004
    endloop
  endfacet
  facet normal 0.9271838545667821 0.3746065934159251 0
    outer loop
      vertex 45.6541818305704 1.6269465723032008 0
      vertex 45.6541818305704 1.6269465723032008 3.4000000000000004
      vertex 45.758770483143635 1.3680805733026749 3.4000000000000004
    endloop
  endfacet
  facet normal 0.8987940462991657 0.4383711467890803 0
    outer loop
      vertex 45.531790371435704 1.8778862511435632 0
      vertex 45.531790371435704 1.8778862511435632 3.4000000000000004
      vertex 45.6541818305704 1.6269465723032008 3.4000000000000004
    endloop
  endfacet
  facet normal 0 0 1
    outer loop
      vertex 38.009743798960706 -0.2790258949765012 3.4000000000000004
      vertex 38.009743798960706 0.2790258949765012 3.4000000000000004
      vertex 38 0 3.4000000000000004
    endloop
  endfacet
  facet normal 0 0 1
    outer loop
      vertex 38.038927725033716 -0.5566924038402618 3.4000000000000004
      vertex 38.038927725033716 0.5566924038402618 3.4000000000000004
      vertex 38.009743798960706 0.2790258949765012 3.4000000000000004
    endloop
  endfacet
  facet normal 0 0 1
    outer loop
      vertex 38.08740959706478 -0.8316467632710374 3.4000000000000004
      vertex 38.08740959706478 0.8316467632710374 3.4000000000000004
      vertex 38.038927725033716 0.5566924038402618 3.4000000000000004
    endloop
  endfacet
  facet normal 0 0 1
    outer loop
      vertex 38.154953216246724 -1.1025494232679967 3.4000000000000004
      vertex 38.154953216246724 1.1025494232679967 3.4000000000000004
      vertex 38.08740959706478 0.8316467632710374 3.4000000000000004
    endloop
  endfacet
  facet normal 0 0 1
    outer loop
      vertex 38.241229516856365 -1.3680805733026749 3.4000000000000004
      vertex 38.241229516856365 1.3680805733026749 3.4000000000000004
      vertex 38.154953216246724 1.1025494232679967 3.4000000000000004
    endloop
  endfacet
  facet normal 0 0 1
    outer loop
      vertex 38.3458181694296 -1.6269465723032008 3.4000000000000004
      vertex 38.3458181694296 1.6269465723032008 3.4000000000000004
      vertex 38.241229516856365 1.3680805733026749 3.4000000000000004
    endloop
  endfacet
  facet normal 0 0 1
    outer loop
      vertex 38.468209628564296 -1.8778862511435632 3.4000000000000004
      vertex 38.468209628564296 1.8778862511435632 3.4000000000000004
      vertex 38.3458181694296 1.6269465723032008 3.4000000000000004
    endloop
  endfacet
  facet normal 0 0 1
    outer loop
      vertex 38.6078076153743 -2.1196770569328196 3.4000000000000004
      vertex 38.6078076153743 2.1196770569328196 3.4000000000000004
      vertex 38.468209628564296 1.8778862511435632 3.4000000000000004
    endloop
  endfacet
  facet normal 0 0 1
    outer loop
      vertex 38.763932022500214 -2.3511410091698925 3.4000000000000004
      vertex 38.763932022500214 2.3511410091698925 3.4000000000000004
      vertex 38.6078076153743 2.1196770569328196 3.4000000000000004
    endloop
  endfacet
  facet normal 0 0 1
    outer loop
      vertex 38.935822227524085 -2.571150438746157 3.4000000000000004
      vertex 38.935822227524085 2.571150438746157 3.4000000000000004
      vertex 38.763932022500214 2.3511410091698925 3.4000000000000004
    endloop
  endfacet
  facet normal 0 0 1
    outer loop
      vertex 39.12264079864539 -2.778633481835989 3.4000000000000004
      vertex 39.12264079864539 2.778633481835989 3.4000000000000004
      vertex 38.935822227524085 2.571150438746157 3.4000000000000004
    endloop
  endfacet
  facet normal 0 0 1
    outer loop
      vertex 39.32347757456456 -2.972579301909577 3.4000000000000004
      vertex 39.32347757456456 2.972579301909577 3.4000000000000004
      vertex 39.12264079864539 2.778633481835989 3.4000000000000004
    endloop
  endfacet
  facet normal 0 0 1
    outer loop
      vertex 39.537354098697364 -3.1520430144268876 3.4000000000000004
      vertex 39.537354098697364 3.1520430144268876 3.4000000000000004
      vertex 39.32347757456456 2.972579301909577 3.4000000000000004
    endloop
  endfacet
  facet normal 0 0 1
    outer loop
      vertex 39.763228386117014 -3.3161502902201665 3.4000000000000004
      vertex 39.763228386117014 3.3161502902201665 3.4000000000000004
      vertex 39.537354098697364 3.1520430144268876 3.4000000000000004
    endloop
  endfacet
  facet normal 0 0 1
    outer loop
      vertex 45.990256201039294 -0.2790258949765012 3.4000000000000004
      vertex 46 0 3.4000000000000004
      vertex 45.990256201039294 0.2790258949765012 3.4000000000000004
    endloop
  endfacet
  facet normal 0 0 1
    outer loop
      vertex 45.990256201039294 -0.2790258949765012 3.4000000000000004
      vertex 45.990256201039294 0.2790258949765012 3.4000000000000004
      vertex 45.961072274966284 0.5566924038402618 3.4000000000000004
    endloop
  endfacet
  facet normal 0 0 1
    outer loop
      vertex 45.961072274966284 -0.5566924038402618 3.4000000000000004
      vertex 45.961072274966284 0.5566924038402618 3.4000000000000004
      vertex 45.91259040293522 0.8316467632710374 3.4000000000000004
    endloop
  endfacet
  facet normal 0 0 1
    outer loop
      vertex 45.91259040293522 -0.8316467632710374 3.4000000000000004
      vertex 45.91259040293522 0.8316467632710374 3.4000000000000004
      vertex 45.845046783753276 1.1025494232679967 3.4000000000000004
    endloop
  endfacet
  facet normal 0 0 1
    outer loop
      vertex 45.845046783753276 -1.1025494232679967 3.4000000000000004
      vertex 45.845046783753276 1.1025494232679967 3.4000000000000004
      vertex 45.758770483143635 1.3680805733026749 3.4000000000000004
    endloop
  endfacet
  facet normal 0 0 1
    outer loop
      vertex 45.758770483143635 -1.3680805733026749 3.4000000000000004
      vertex 45.758770483143635 1.3680805733026749 3.4000000000000004
      vertex 45.6541818305704 1.6269465723032008 3.4000000000000004
    endloop
  endfacet
  facet normal 0 0 1
    outer loop
      vertex 45.531790371435704 -1.8778862511435632 3.4000000000000004
      vertex 45.531790371435704 1.8778862511435632 3.4000000000000004
      vertex 45.3921923846257 2.1196770569328196 3.4000000000000004
    endloop
  endfacet
  facet normal 0 0 1
    outer loop
      vertex 45.6541818305704 -1.6269465723032008 3.4000000000000004
      vertex 45.6541818305704 1.6269465723032008 3.4000000000000004
      vertex 45.531790371435704 1.8778862511435632 3.4000000000000004
    endloop
  endfacet
  facet normal 0 0 1
    outer loop
      vertex 45.236067977499786 -2.3511410091698925 3.4000000000000004
      vertex 45.236067977499786 2.3511410091698925 3.4000000000000004
      vertex 45.064177772475915 2.571150438746157 3.4000000000000004
    endloop
  endfacet
  facet normal 0 0 1
    outer loop
      vertex 44.87735920135461 -2.778633481835989 3.4000000000000004
      vertex 44.87735920135461 2.778633481835989 3.4000000000000004
      vertex 44.67652242543544 2.972579301909577 3.4000000000000004
    endloop
  endfacet
  facet normal 0 0 1
    outer loop
      vertex 45.064177772475915 -2.571150438746157 3.4000000000000004
      vertex 45.064177772475915 2.571150438746157 3.4000000000000004
      vertex 44.87735920135461 2.778633481835989 3.4000000000000004
    endloop
  endfacet
  facet normal 0 0 1
    outer loop
      vertex 45.3921923846257 -2.1196770569328196 3.4000000000000004
      vertex 45.3921923846257 2.1196770569328196 3.4000000000000004
      vertex 45.236067977499786 2.3511410091698925 3.4000000000000004
    endloop
  endfacet
  facet normal 0 0 1
    outer loop
      vertex 40 -3.4641016151377544 3.4000000000000004
      vertex 40 3.4641016151377544 3.4000000000000004
      vertex 39.763228386117014 3.3161502902201665 3.4000000000000004
    endloop
  endfacet
  facet normal 0 0 1
    outer loop
      vertex 40.24651541284369 -3.595176185196668 3.4000000000000004
      vertex 40.24651541284369 3.595176185196668 3.4000000000000004
      vertex 40 3.4641016151377544 3.4000000000000004
    endloop
  endfacet
  facet normal 0 0 1
    outer loop
      vertex 40.50157362633635 -3.7087354182671497 3.4000000000000004
      vertex 40.50157362633635 3.7087354182671497 3.4000000000000004
      vertex 40.24651541284369 3.595176185196668 3.4000000000000004
    endloop
  endfacet
  facet normal 0 0 1
    outer loop
      vertex 40.763932022500214 -3.804226065180614 3.4000000000000004
      vertex 40.763932022500214 3.804226065180614 3.4000000000000004
      vertex 40.50157362633635 3.7087354182671497 3.4000000000000004
    endloop
  endfacet
  facet normal 0 0 1
    outer loop
      vertex 41.03231241760133 -3.881182905103986 3.4000000000000004
      vertex 41.03231241760133 3.881182905103986 3.4000000000000004
      vertex 40.763932022500214 3.804226065180614 3.4000000000000004
    endloop
  endfacet
  facet normal 0 0 1
    outer loop
      vertex 41.30540728933228 -3.939231012048832 3.4000000000000004
      vertex 41.30540728933228 3.939231012048832 3.4000000000000004
      vertex 41.03231241760133 3.881182905103986 3.4000000000000004
    endloop
  endfacet
  facet normal 0 0 1
    outer loop
      vertex 41.581886146929385 -3.978087581473093 3.4000000000000004
      vertex 41.581886146929385 3.978087581473093 3.4000000000000004
      vertex 41.30540728933228 3.939231012048832 3.4000000000000004
    endloop
  endfacet
  facet normal 0 0 1
    outer loop
      vertex 41.86040201319 -3.997563308076383 3.4000000000000004
      vertex 41.86040201319 3.997563308076383 3.4000000000000004
      vertex 41.581886146929385 3.978087581473093 3.4000000000000004
    endloop
  endfacet
  facet normal 0 0 1
    outer loop
      vertex 41.86040201319 3.997563308076383 3.4000000000000004
      vertex 42.13959798681 -3.997563308076383 3.4000000000000004
      vertex 42.13959798681 3.997563308076383 3.4000000000000004
    endloop
  endfacet
  facet normal 0 0 1
    outer loop
      vertex 42.418113853070615 -3.978087581473093 3.4000000000000004
      vertex 42.418113853070615 3.978087581473093 3.4000000000000004
      vertex 42.13959798681 3.997563308076383 3.4000000000000004
    endloop
  endfacet
  facet normal 0 0 1
    outer loop
      vertex 42.69459271066772 -3.939231012048832 3.4000000000000004
      vertex 42.69459271066772 3.939231012048832 3.4000000000000004
      vertex 42.418113853070615 3.978087581473093 3.4000000000000004
    endloop
  endfacet
  facet normal 0 0 1
    outer loop
      vertex 44.462645901302636 -3.1520430144268876 3.4000000000000004
      vertex 44.462645901302636 3.1520430144268876 3.4000000000000004
      vertex 44.236771613882986 3.3161502902201665 3.4000000000000004
    endloop
  endfacet
  facet normal 0 0 1
    outer loop
      vertex 43.75348458715631 -3.595176185196668 3.4000000000000004
      vertex 43.75348458715631 3.595176185196668 3.4000000000000004
      vertex 43.49842637366365 3.7087354182671497 3.4000000000000004
    endloop
  endfacet
  facet normal 0 0 1
    outer loop
      vertex 44 -3.4641016151377544 3.4000000000000004
      vertex 44 3.4641016151377544 3.4000000000000004
      vertex 43.75348458715631 3.595176185196668 3.4000000000000004
    endloop
  endfacet
  facet normal 0 0 1
    outer loop
      vertex 44.236771613882986 -3.3161502902201665 3.4000000000000004
      vertex 44.236771613882986 3.3161502902201665 3.4000000000000004
      vertex 44 3.4641016151377544 3.4000000000000004
    endloop
  endfacet
  facet normal 0 0 1
    outer loop
      vertex 43.236067977499786 -3.804226065180614 3.4000000000000004
      vertex 43.236067977499786 3.804226065180614 3.4000000000000004
      vertex 42.96768758239867 3.881182905103986 3.4000000000000004
    endloop
  endfacet
  facet normal 0 0 1
    outer loop
      vertex 42.96768758239867 -3.881182905103986 3.4000000000000004
      vertex 42.96768758239867 3.881182905103986 3.4000000000000004
      vertex 42.69459271066772 3.939231012048832 3.4000000000000004
    endloop
  endfacet
  facet normal 0 0 1
    outer loop
      vertex 43.49842637366365 -3.7087354182671497 3.4000000000000004
      vertex 43.49842637366365 3.7087354182671497 3.4000000000000004
      vertex 43.236067977499786 3.804226065180614 3.4000000000000004
    endloop
  endfacet
  facet normal 0 0 1
    outer loop
      vertex 44.67652242543544 -2.972579301909577 3.4000000000000004
      vertex 44.67652242543544 2.972579301909577 3.4000000000000004
      vertex 44.462645901302636 3.1520430144268876 3.4000000000000004
    endloop
  endfacet
  facet normal -0.8290375725550401 0.5591929034707493 0
    outer loop
      vertex 38.6078076153743 2.1196770569328196 0
      vertex 38.6078076153743 2.1196770569328196 3.4000000000000004
      vertex 38.763932022500214 2.3511410091698925 3.4000000000000004
    endloop
  endfacet
  facet normal -0.7880107536067327 0.6156614753256444 0
    outer loop
      vertex 38.763932022500214 2.3511410091698925 0
      vertex 38.763932022500214 2.3511410091698925 3.4000000000000004
      vertex 38.935822227524085 2.571150438746157 3.4000000000000004
    endloop
  endfacet
  facet normal -0.743144825477395 0.6691306063588572 0
    outer loop
      vertex 38.935822227524085 2.571150438746157 0
      vertex 38.935822227524085 2.571150438746157 3.4000000000000004
      vertex 39.12264079864539 2.778633481835989 3.4000000000000004
    endloop
  endfacet
  facet normal -0.6946583704589981 0.7193398003386503 0
    outer loop
      vertex 39.32347757456456 2.972579301909577 0
      vertex 39.12264079864539 2.778633481835989 3.4000000000000004
      vertex 39.32347757456456 2.972579301909577 3.4000000000000004
    endloop
  endfacet
  facet normal -0.6427876096865379 0.7660444431189792 0
    outer loop
      vertex 39.537354098697364 3.1520430144268876 0
      vertex 39.32347757456456 2.972579301909577 3.4000000000000004
      vertex 39.537354098697364 3.1520430144268876 3.4000000000000004
    endloop
  endfacet
  facet normal -0.5877852522924659 0.8090169943749527 0
    outer loop
      vertex 39.763228386117014 3.3161502902201665 0
      vertex 39.537354098697364 3.1520430144268876 3.4000000000000004
      vertex 39.763228386117014 3.3161502902201665 3.4000000000000004
    endloop
  endfacet
  facet normal 0.86602540378444 0.4999999999999976 0
    outer loop
      vertex 45.3921923846257 2.1196770569328196 0
      vertex 45.3921923846257 2.1196770569328196 3.4000000000000004
      vertex 45.531790371435704 1.8778862511435632 3.4000000000000004
    endloop
  endfacet
  facet normal 0.7880107536067327 0.6156614753256444 0
    outer loop
      vertex 45.064177772475915 2.571150438746157 0
      vertex 45.064177772475915 2.571150438746157 3.4000000000000004
      vertex 45.236067977499786 2.3511410091698925 3.4000000000000004
    endloop
  endfacet
  facet normal 0.8290375725550401 0.5591929034707493 0
    outer loop
      vertex 45.236067977499786 2.3511410091698925 0
      vertex 45.236067977499786 2.3511410091698925 3.4000000000000004
      vertex 45.3921923846257 2.1196770569328196 3.4000000000000004
    endloop
  endfacet
  facet normal 0.743144825477395 0.6691306063588572 0
    outer loop
      vertex 44.87735920135461 2.778633481835989 0
      vertex 44.87735920135461 2.778633481835989 3.4000000000000004
      vertex 45.064177772475915 2.571150438746157 3.4000000000000004
    endloop
  endfacet
  facet normal 0.6946583704589981 0.7193398003386503 0
    outer loop
      vertex 44.87735920135461 2.778633481835989 0
      vertex 44.67652242543544 2.972579301909577 3.4000000000000004
      vertex 44.87735920135461 2.778633481835989 3.4000000000000004
    endloop
  endfacet
  facet normal -0.5299192642332068 0.8480480961564248 0
    outer loop
      vertex 40 3.4641016151377544 0
      vertex 39.763228386117014 3.3161502902201665 3.4000000000000004
      vertex 40 3.4641016151377544 3.4000000000000004
    endloop
  endfacet
  facet normal -0.4694715627858891 0.8829475928589279 0
    outer loop
      vertex 40.24651541284369 3.595176185196668 0
      vertex 40 3.4641016151377544 3.4000000000000004
      vertex 40.24651541284369 3.595176185196668 3.4000000000000004
    endloop
  endfacet
  facet normal -0.406736643075802 0.9135454576426001 0
    outer loop
      vertex 40.50157362633635 3.7087354182671497 0
      vertex 40.24651541284369 3.595176185196668 3.4000000000000004
      vertex 40.50157362633635 3.7087354182671497 3.4000000000000004
    endloop
  endfacet
  facet normal -0.3420201433256643 0.93969262078591 0
    outer loop
      vertex 40.763932022500214 3.804226065180614 0
      vertex 40.50157362633635 3.7087354182671497 3.4000000000000004
      vertex 40.763932022500214 3.804226065180614 3.4000000000000004
    endloop
  endfacet
  facet normal -0.27563735581699994 0.9612616959383186 0
    outer loop
      vertex 41.03231241760133 3.881182905103986 0
      vertex 40.763932022500214 3.804226065180614 3.4000000000000004
      vertex 41.03231241760133 3.881182905103986 3.4000000000000004
    endloop
  endfacet
  facet normal -0.20791169081776034 0.9781476007338055 0
    outer loop
      vertex 41.30540728933228 3.939231012048832 0
      vertex 41.03231241760133 3.881182905103986 3.4000000000000004
      vertex 41.30540728933228 3.939231012048832 3.4000000000000004
    endloop
  endfacet
  facet normal -0.1391731009600664 0.9902680687415701 0
    outer loop
      vertex 41.581886146929385 3.978087581473093 0
      vertex 41.30540728933228 3.939231012048832 3.4000000000000004
      vertex 41.581886146929385 3.978087581473093 3.4000000000000004
    endloop
  endfacet
  facet normal -0.06975647374412589 0.9975640502598242 0
    outer loop
      vertex 41.86040201319 3.997563308076383 0
      vertex 41.581886146929385 3.978087581473093 3.4000000000000004
      vertex 41.86040201319 3.997563308076383 3.4000000000000004
    endloop
  endfacet
  facet normal 0 1 0
    outer loop
      vertex 41.86040201319 3.997563308076383 3.4000000000000004
      vertex 42.13959798681 3.997563308076383 3.4000000000000004
      vertex 42.13959798681 3.997563308076383 0
    endloop
  endfacet
  facet normal 0.06975647374412589 0.9975640502598242 0
    outer loop
      vertex 42.418113853070615 3.978087581473093 0
      vertex 42.13959798681 3.997563308076383 3.4000000000000004
      vertex 42.418113853070615 3.978087581473093 3.4000000000000004
    endloop
  endfacet
  facet normal 0.1391731009600664 0.9902680687415701 0
    outer loop
      vertex 42.69459271066772 3.939231012048832 0
      vertex 42.418113853070615 3.978087581473093 3.4000000000000004
      vertex 42.69459271066772 3.939231012048832 3.4000000000000004
    endloop
  endfacet
  facet normal 0.5877852522924659 0.8090169943749527 0
    outer loop
      vertex 44.462645901302636 3.1520430144268876 0
      vertex 44.236771613882986 3.3161502902201665 3.4000000000000004
      vertex 44.462645901302636 3.1520430144268876 3.4000000000000004
    endloop
  endfacet
  facet normal 0.5299192642332068 0.8480480961564248 0
    outer loop
      vertex 44.236771613882986 3.3161502902201665 0
      vertex 44 3.4641016151377544 3.4000000000000004
      vertex 44.236771613882986 3.3161502902201665 3.4000000000000004
    endloop
  endfacet
  facet normal 0.6427876096865379 0.7660444431189792 0
    outer loop
      vertex 44.67652242543544 2.972579301909577 0
      vertex 44.462645901302636 3.1520430144268876 3.4000000000000004
      vertex 44.67652242543544 2.972579301909577 3.4000000000000004
    endloop
  endfacet
  facet normal 0.3420201433256643 0.93969262078591 0
    outer loop
      vertex 43.49842637366365 3.7087354182671497 0
      vertex 43.236067977499786 3.804226065180614 3.4000000000000004
      vertex 43.49842637366365 3.7087354182671497 3.4000000000000004
    endloop
  endfacet
  facet normal 0.4694715627858891 0.8829475928589279 0
    outer loop
      vertex 44 3.4641016151377544 0
      vertex 43.75348458715631 3.595176185196668 3.4000000000000004
      vertex 44 3.4641016151377544 3.4000000000000004
    endloop
  endfacet
  facet normal 0.406736643075802 0.9135454576426001 0
    outer loop
      vertex 43.75348458715631 3.595176185196668 0
      vertex 43.49842637366365 3.7087354182671497 3.4000000000000004
      vertex 43.75348458715631 3.595176185196668 3.4000000000000004
    endloop
  endfacet
  facet normal 0.27563735581699994 0.9612616959383186 0
    outer loop
      vertex 43.236067977499786 3.804226065180614 0
      vertex 42.96768758239867 3.881182905103986 3.4000000000000004
      vertex 43.236067977499786 3.804226065180614 3.4000000000000004
    endloop
  endfacet
  facet normal 0.20791169081776034 0.9781476007338055 0
    outer loop
      vertex 42.96768758239867 3.881182905103986 0
      vertex 42.69459271066772 3.939231012048832 3.4000000000000004
      vertex 42.96768758239867 3.881182905103986 3.4000000000000004
    endloop
  endfacet
  facet normal 0.7212024473438198 0.692724353509594 0
    outer loop
      vertex 39.85255450412024 -2.2357275867658255 0.6
      vertex 39.67961668066959 -2.0556802405464656 0.6
      vertex 39.67961668066959 -2.0556802405464656 2.8000000000000003
    endloop
  endfacet
  facet normal 0.23931566428756085 0.9709418174260511 0
    outer loop
      vertex 41.137525861859 -2.977606146057254 0.6
      vertex 41.37992034929426 -3.03735102133103 2.8000000000000003
      vertex 41.37992034929426 -3.03735102133103 0.6
    endloop
  endfacet
  facet normal 0.1604112808577573 0.9870502626379133 0
    outer loop
      vertex 41.37992034929426 -3.03735102133103 0.6
      vertex 41.6263362912085 -3.077397509703968 2.8000000000000003
      vertex 41.6263362912085 -3.077397509703968 0.6
    endloop
  endfacet
  facet normal 0.08046656871672482 0.99675730813421 0
    outer loop
      vertex 41.6263362912085 -3.077397509703968 0.6
      vertex 41.87517558566081 -3.0974858943318657 2.8000000000000003
      vertex 41.87517558566081 -3.0974858943318657 0.6
    endloop
  endfacet
  facet normal 0 1 0
    outer loop
      vertex 41.87517558566081 -3.0974858943318657 0.6
      vertex 42.12482441433919 -3.0974858943318657 2.8000000000000003
      vertex 42.12482441433919 -3.0974858943318657 0.6
    endloop
  endfacet
  facet normal -0.08046656871672482 0.99675730813421 0
    outer loop
      vertex 42.12482441433919 -3.0974858943318657 0.6
      vertex 42.3736637087915 -3.077397509703968 2.8000000000000003
      vertex 42.3736637087915 -3.077397509703968 0.6
    endloop
  endfacet
  facet normal -0.1604112808577573 0.9870502626379133 0
    outer loop
      vertex 42.3736637087915 -3.077397509703968 0.6
      vertex 42.62007965070574 -3.03735102133103 2.8000000000000003
      vertex 42.62007965070574 -3.03735102133103 0.6
    endloop
  endfacet
  facet normal 0.3166679938014714 0.9485364419471459 0
    outer loop
      vertex 40.90072485016814 -2.898550352324786 0.6
      vertex 41.137525861859 -2.977606146057254 2.8000000000000003
      vertex 41.137525861859 -2.977606146057254 0.6
    endloop
  endfacet
  facet normal 0.39196660986007625 0.9199794436588237 0
    outer loop
      vertex 40.67105305965053 -2.800696347292185 0.6
      vertex 40.90072485016814 -2.898550352324786 2.8000000000000003
      vertex 40.90072485016814 -2.898550352324786 0.6
    endloop
  endfacet
  facet normal 0.46472317204377295 0.8854560256532076 0
    outer loop
      vertex 40.67105305965053 -2.800696347292185 0.6
      vertex 40.45 -2.68467875173176 0.6
      vertex 40.67105305965053 -2.800696347292185 2.8000000000000003
    endloop
  endfacet
  facet normal 0.5344658261277959 0.8451900855437979 0
    outer loop
      vertex 40.23899928513342 -2.551249984270335 0.6
      vertex 40.45 -2.68467875173176 2.8000000000000003
      vertex 40.45 -2.68467875173176 0.6
    endloop
  endfacet
  facet normal 0.600742264237976 0.7994427634035032 0
    outer loop
      vertex 40.03941933565433 -2.4012753816657297 0.6
      vertex 40.23899928513342 -2.551249984270335 2.8000000000000003
      vertex 40.23899928513342 -2.551249984270335 0.6
    endloop
  endfacet
  facet normal -0.23931566428755746 0.9709418174260519 0
    outer loop
      vertex 42.62007965070574 -3.03735102133103 0.6
      vertex 42.862474138141 -2.977606146057255 2.8000000000000003
      vertex 42.862474138141 -2.977606146057255 0.6
    endloop
  endfacet
  facet normal 0.6631226582407972 0.7485107481710993 0
    outer loop
      vertex 40.03941933565433 -2.4012753816657297 0.6
      vertex 39.85255450412024 -2.2357275867658255 0.6
      vertex 40.03941933565433 -2.4012753816657297 2.8000000000000003
    endloop
  endfacet
  facet normal -0.3166679938014746 0.9485364419471447 0
    outer loop
      vertex 42.862474138141 -2.977606146057255 0.6
      vertex 43.09927514983186 -2.898550352324786 2.8000000000000003
      vertex 43.09927514983186 -2.898550352324786 0.6
    endloop
  endfacet
  facet normal -0.3919666098600747 0.9199794436588242 0
    outer loop
      vertex 43.09927514983186 -2.898550352324786 0.6
      vertex 43.32894694034947 -2.8006963472921855 2.8000000000000003
      vertex 43.32894694034947 -2.8006963472921855 0.6
    endloop
  endfacet
  facet normal -0.4647231720437744 0.8854560256532069 0
    outer loop
      vertex 43.32894694034947 -2.8006963472921855 0.6
      vertex 43.55 -2.68467875173176 2.8000000000000003
      vertex 43.55 -2.68467875173176 0.6
    endloop
  endfacet
  facet normal -0.5344658261277986 0.8451900855437965 0
    outer loop
      vertex 43.55 -2.68467875173176 0.6
      vertex 43.76100071486658 -2.551249984270334 2.8000000000000003
      vertex 43.76100071486658 -2.551249984270334 0.6
    endloop
  endfacet
  facet normal -0.6007422642379738 0.799442763403505 0
    outer loop
      vertex 43.76100071486658 -2.551249984270334 0.6
      vertex 43.96058066434567 -2.4012753816657297 2.8000000000000003
      vertex 43.96058066434567 -2.4012753816657297 0.6
    endloop
  endfacet
  facet normal -0.6631226582408003 0.7485107481710968 0
    outer loop
      vertex 43.96058066434567 -2.4012753816657297 0.6
      vertex 44.14744549587976 -2.235727586765824 2.8000000000000003
      vertex 44.14744549587976 -2.235727586765824 0.6
    endloop
  endfacet
  facet normal -0.7212024473438173 0.6927243535095967 0
    outer loop
      vertex 44.14744549587976 -2.235727586765824 0.6
      vertex 44.14744549587976 -2.235727586765824 2.8000000000000003
      vertex 44.32038331933041 -2.0556802405464656 0.6
    endloop
  endfacet
  facet normal 0 0 1
    outer loop
      vertex 39.52172743344914 -1.8623010191377352 0.6
      vertex 39.67961668066959 -2.0556802405464656 0.6
      vertex 39.67961668066959 2.0556802405464656 0.6
    endloop
  endfacet
  facet normal 0 0 1
    outer loop
      vertex 39.37991073481424 -1.6568440609961839 0.6
      vertex 39.52172743344914 -1.8623010191377352 0.6
      vertex 39.52172743344914 1.8623010191377352 0.6
    endloop
  endfacet
  facet normal 0 0 1
    outer loop
      vertex 39.37991073481424 -1.6568440609961839 0.6
      vertex 39.37991073481424 1.6568440609961839 0.6
      vertex 39.25508632047505 -1.4406418333356819 0.6
    endloop
  endfacet
  facet normal 0 0 1
    outer loop
      vertex 39.25508632047505 -1.4406418333356819 0.6
      vertex 39.25508632047505 1.4406418333356819 0.6
      vertex 39.148063724657646 -1.2150964905662323 0.6
    endloop
  endfacet
  facet normal 0 0 1
    outer loop
      vertex 39.148063724657646 -1.2150964905662323 0.6
      vertex 39.148063724657646 1.2150964905662323 0.6
      vertex 39.05953702996385 -0.9816707807845644 0.6
    endloop
  endfacet
  facet normal 0 0 1
    outer loop
      vertex 38.94014418582247 -0.49727497065905657 0.6
      vertex 38.94014418582247 0.49727497065905657 0.6
      vertex 38.91005234478395 -0.24944636302185014 0.6
    endloop
  endfacet
  facet normal 0 0 1
    outer loop
      vertex 39.05953702996385 -0.9816707807845644 0.6
      vertex 39.05953702996385 0.9816707807845644 0.6
      vertex 38.99008036597924 -0.7418785592914287 0.6
    endloop
  endfacet
  facet normal 0 0 1
    outer loop
      vertex 38.99008036597924 -0.7418785592914287 0.6
      vertex 38.99008036597924 0.7418785592914287 0.6
      vertex 38.94014418582247 -0.49727497065905657 0.6
    endloop
  endfacet
  facet normal 0 0 1
    outer loop
      vertex 41.37992034929426 -3.03735102133103 0.6
      vertex 41.6263362912085 -3.077397509703968 0.6
      vertex 41.626336291208496 3.0773975097039674 0.6
    endloop
  endfacet
  facet normal 0 0 1
    outer loop
      vertex 41.6263362912085 -3.077397509703968 0.6
      vertex 41.87517558566081 -3.0974858943318657 0.6
      vertex 41.87517558566081 3.0974858943318657 0.6
    endloop
  endfacet
  facet normal 0 0 1
    outer loop
      vertex 41.87517558566081 -3.0974858943318657 0.6
      vertex 42.12482441433919 -3.0974858943318657 0.6
      vertex 42.12482441433919 3.0974858943318657 0.6
    endloop
  endfacet
  facet normal 0 0 1
    outer loop
      vertex 42.12482441433919 -3.0974858943318657 0.6
      vertex 42.3736637087915 -3.077397509703968 0.6
      vertex 42.373663708791504 3.0773975097039674 0.6
    endloop
  endfacet
  facet normal 0 0 1
    outer loop
      vertex 42.3736637087915 -3.077397509703968 0.6
      vertex 42.62007965070574 -3.03735102133103 0.6
      vertex 42.62007965070574 3.03735102133103 0.6
    endloop
  endfacet
  facet normal 0 0 1
    outer loop
      vertex 42.62007965070574 -3.03735102133103 0.6
      vertex 42.862474138141 -2.977606146057255 0.6
      vertex 42.862474138141 2.977606146057254 0.6
    endloop
  endfacet
  facet normal 0 0 1
    outer loop
      vertex 40.23899928513342 -2.551249984270335 0.6
      vertex 40.45 -2.68467875173176 0.6
      vertex 40.45 2.68467875173176 0.6
    endloop
  endfacet
  facet normal 0 0 1
    outer loop
      vertex 40.03941933565433 -2.4012753816657297 0.6
      vertex 40.23899928513342 -2.551249984270335 0.6
      vertex 40.23899928513342 2.551249984270335 0.6
    endloop
  endfacet
  facet normal 0 0 1
    outer loop
      vertex 40.67105305965053 -2.800696347292185 0.6
      vertex 40.67105305965053 2.800696347292185 0.6
      vertex 40.45 -2.68467875173176 0.6
    endloop
  endfacet
  facet normal 0 0 1
    outer loop
      vertex 40.67105305965053 -2.800696347292185 0.6
      vertex 40.90072485016814 -2.898550352324786 0.6
      vertex 40.90072485016814 2.898550352324786 0.6
    endloop
  endfacet
  facet normal 0 0 1
    outer loop
      vertex 40.90072485016814 -2.898550352324786 0.6
      vertex 41.137525861859 -2.977606146057254 0.6
      vertex 41.137525861859 2.977606146057254 0.6
    endloop
  endfacet
  facet normal 0 0 1
    outer loop
      vertex 41.137525861859 -2.977606146057254 0.6
      vertex 41.37992034929426 -3.03735102133103 0.6
      vertex 41.37992034929426 3.03735102133103 0.6
    endloop
  endfacet
  facet normal 0 0 1
    outer loop
      vertex 40.03941933565433 -2.4012753816657297 0.6
      vertex 40.03941933565433 2.4012753816657297 0.6
      vertex 39.85255450412024 -2.2357275867658255 0.6
    endloop
  endfacet
  facet normal 0 0 1
    outer loop
      vertex 39.85255450412024 -2.2357275867658255 0.6
      vertex 39.85255450412024 2.2357275867658255 0.6
      vertex 39.67961668066959 -2.0556802405464656 0.6
    endloop
  endfacet
  facet normal 0 0 1
    outer loop
      vertex 42.862474138141 -2.977606146057255 0.6
      vertex 43.09927514983186 -2.898550352324786 0.6
      vertex 43.09927514983186 2.898550352324786 0.6
    endloop
  endfacet
  facet normal 0 0 1
    outer loop
      vertex 43.09927514983186 -2.898550352324786 0.6
      vertex 43.32894694034947 -2.8006963472921855 0.6
      vertex 43.32894694034947 2.800696347292185 0.6
    endloop
  endfacet
  facet normal 0 0 1
    outer loop
      vertex 43.32894694034947 -2.8006963472921855 0.6
      vertex 43.55 -2.68467875173176 0.6
      vertex 43.55 2.68467875173176 0.6
    endloop
  endfacet
  facet normal 0 0 1
    outer loop
      vertex 43.55 -2.68467875173176 0.6
      vertex 43.76100071486658 -2.551249984270334 0.6
      vertex 43.76100071486658 2.551249984270335 0.6
    endloop
  endfacet
  facet normal 0 0 1
    outer loop
      vertex 43.76100071486658 -2.551249984270334 0.6
      vertex 43.96058066434567 -2.4012753816657297 0.6
      vertex 43.96058066434567 2.4012753816657293 0.6
    endloop
  endfacet
  facet normal 0 0 1
    outer loop
      vertex 43.96058066434567 -2.4012753816657297 0.6
      vertex 44.14744549587976 -2.235727586765824 0.6
      vertex 44.14744549587976 2.235727586765825 0.6
    endloop
  endfacet
  facet normal 0 0 1
    outer loop
      vertex 44.14744549587976 -2.235727586765824 0.6
      vertex 44.32038331933041 -2.0556802405464656 0.6
      vertex 44.32038331933041 2.055680240546465 0.6
    endloop
  endfacet
  facet normal 0 0 1
    outer loop
      vertex 44.32038331933041 -2.0556802405464656 0.6
      vertex 44.47827256655086 -1.862301019137734 0.6
      vertex 44.47827256655086 1.8623010191377345 0.6
    endloop
  endfacet
  facet normal 0 0 1
    outer loop
      vertex 44.47827256655086 -1.862301019137734 0.6
      vertex 44.62008926518576 -1.6568440609961839 0.6
      vertex 44.62008926518576 1.6568440609961832 0.6
    endloop
  endfacet
  facet normal 0 0 1
    outer loop
      vertex 44.62008926518576 -1.6568440609961839 0.6
      vertex 44.74491367952495 -1.4406418333356819 0.6
      vertex 44.74491367952495 1.4406418333356825 0.6
    endloop
  endfacet
  facet normal 0 0 1
    outer loop
      vertex 44.74491367952495 -1.4406418333356819 0.6
      vertex 44.851936275342354 -1.2150964905662336 0.6
      vertex 44.851936275342354 1.2150964905662327 0.6
    endloop
  endfacet
  facet normal 0 0 1
    outer loop
      vertex 44.851936275342354 -1.2150964905662336 0.6
      vertex 44.94046297003615 -0.9816707807845644 0.6
      vertex 44.94046297003615 0.9816707807845647 0.6
    endloop
  endfacet
  facet normal 0 0 1
    outer loop
      vertex 44.94046297003615 -0.9816707807845644 0.6
      vertex 45.00991963402076 -0.7418785592914302 0.6
      vertex 45.00991963402076 0.7418785592914291 0.6
    endloop
  endfacet
  facet normal 0 0 1
    outer loop
      vertex 45.00991963402076 -0.7418785592914302 0.6
      vertex 45.05985581417753 -0.49727497065905657 0.6
      vertex 45.05985581417753 0.49727497065905674 0.6
    endloop
  endfacet
  facet normal 0 0 1
    outer loop
      vertex 45.05985581417753 -0.49727497065905657 0.6
      vertex 45.08994765521605 -0.24944636302185164 0.6
      vertex 45.08994765521605 0.24944636302185022 0.6
    endloop
  endfacet
  facet normal 0 0 1
    outer loop
      vertex 45.08994765521605 -0.24944636302185164 0.6
      vertex 45.1 0 0.6
      vertex 45.08994765521605 0.24944636302185022 0.6
    endloop
  endfacet
  facet normal 0.7746049618276434 0.6324453755953909 0
    outer loop
      vertex 39.52172743344914 -1.8623010191377352 0.6
      vertex 39.52172743344914 -1.8623010191377352 2.8000000000000003
      vertex 39.67961668066959 -2.0556802405464656 0.6
    endloop
  endfacet
  facet normal 0.822983865893666 0.5680647467311416 0
    outer loop
      vertex 39.37991073481424 -1.6568440609961839 0.6
      vertex 39.37991073481424 -1.6568440609961839 2.8000000000000003
      vertex 39.52172743344914 -1.8623010191377352 0.6
    endloop
  endfacet
  facet normal 0.8660254037844392 0.4999999999999989 0
    outer loop
      vertex 39.37991073481424 -1.6568440609961839 0.6
      vertex 39.25508632047505 -1.4406418333356819 0.6
      vertex 39.25508632047505 -1.4406418333356819 2.8000000000000003
    endloop
  endfacet
  facet normal 0.9034504346103813 0.4286925614030563 0
    outer loop
      vertex 39.25508632047505 -1.4406418333356819 0.6
      vertex 39.148063724657646 -1.2150964905662323 0.6
      vertex 39.148063724657646 -1.2150964905662323 2.8000000000000003
    endloop
  endfacet
  facet normal 0.9350162426854128 0.3546048870425405 0
    outer loop
      vertex 39.148063724657646 -1.2150964905662323 0.6
      vertex 39.05953702996385 -0.9816707807845644 0.6
      vertex 39.05953702996385 -0.9816707807845644 2.8000000000000003
    endloop
  endfacet
  facet normal 0.9605181116313724 0.2782174639164526 0
    outer loop
      vertex 39.05953702996385 -0.9816707807845644 0.6
      vertex 38.99008036597924 -0.7418785592914287 0.6
      vertex 38.99008036597924 -0.7418785592914287 2.8000000000000003
    endloop
  endfacet
  facet normal 0.9797906520422663 0.2000256937760506 0
    outer loop
      vertex 38.99008036597924 -0.7418785592914287 0.6
      vertex 38.94014418582247 -0.49727497065905657 0.6
      vertex 38.94014418582247 -0.49727497065905657 2.8000000000000003
    endloop
  endfacet
  facet normal 0.9927088740980547 0.12053668025531632 0
    outer loop
      vertex 38.94014418582247 -0.49727497065905657 0.6
      vertex 38.91005234478395 -0.24944636302185014 0.6
      vertex 38.91005234478395 -0.24944636302185014 2.8000000000000003
    endloop
  endfacet
  facet normal 0.9991889981715695 0.04026594010942168 0
    outer loop
      vertex 38.91005234478395 -0.24944636302185014 0.6
      vertex 38.9 0 0.6
      vertex 38.9 0 2.8000000000000003
    endloop
  endfacet
  facet normal -0.7746049618276452 0.6324453755953888 0
    outer loop
      vertex 44.32038331933041 -2.0556802405464656 0.6
      vertex 44.32038331933041 -2.0556802405464656 2.8000000000000003
      vertex 44.47827256655086 -1.862301019137734 0.6
    endloop
  endfacet
  facet normal -0.8229838658936648 0.5680647467311438 0
    outer loop
      vertex 44.47827256655086 -1.862301019137734 0.6
      vertex 44.47827256655086 -1.862301019137734 2.8000000000000003
      vertex 44.62008926518576 -1.6568440609961839 0.6
    endloop
  endfacet
  facet normal -0.8660254037844392 0.4999999999999989 0
    outer loop
      vertex 44.62008926518576 -1.6568440609961839 0.6
      vertex 44.62008926518576 -1.6568440609961839 2.8000000000000003
      vertex 44.74491367952495 -1.4406418333356819 0.6
    endloop
  endfacet
  facet normal -0.9034504346103803 0.4286925614030584 0
    outer loop
      vertex 44.74491367952495 -1.4406418333356819 0.6
      vertex 44.74491367952495 -1.4406418333356819 2.8000000000000003
      vertex 44.851936275342354 -1.2150964905662336 0.6
    endloop
  endfacet
  facet normal -0.9350162426854135 0.3546048870425388 0
    outer loop
      vertex 44.851936275342354 -1.2150964905662336 0.6
      vertex 44.851936275342354 -1.2150964905662336 2.8000000000000003
      vertex 44.94046297003615 -0.9816707807845644 0.6
    endloop
  endfacet
  facet normal -0.9605181116313717 0.2782174639164542 0
    outer loop
      vertex 44.94046297003615 -0.9816707807845644 0.6
      vertex 44.94046297003615 -0.9816707807845644 2.8000000000000003
      vertex 45.00991963402076 -0.7418785592914302 0.6
    endloop
  endfacet
  facet normal -0.9797906520422667 0.2000256937760494 0
    outer loop
      vertex 45.00991963402076 -0.7418785592914302 0.6
      vertex 45.00991963402076 -0.7418785592914302 2.8000000000000003
      vertex 45.05985581417753 -0.49727497065905657 0.6
    endloop
  endfacet
  facet normal -0.9927088740980546 0.12053668025531704 0
    outer loop
      vertex 45.05985581417753 -0.49727497065905657 0.6
      vertex 45.05985581417753 -0.49727497065905657 2.8000000000000003
      vertex 45.08994765521605 -0.24944636302185164 0.6
    endloop
  endfacet
  facet normal -0.9991889981715695 0.04026594010942144 0
    outer loop
      vertex 45.08994765521605 -0.24944636302185164 0.6
      vertex 45.08994765521605 -0.24944636302185164 2.8000000000000003
      vertex 45.1 0 0.6
    endloop
  endfacet
  facet normal 0.1604112808577573 0.9870502626379133 0
    outer loop
      vertex 41.37992034929426 -3.03735102133103 0.6
      vertex 41.37992034929426 -3.03735102133103 2.8000000000000003
      vertex 41.6263362912085 -3.077397509703968 2.8000000000000003
    endloop
  endfacet
  facet normal 0.08046656871672482 0.99675730813421 0
    outer loop
      vertex 41.6263362912085 -3.077397509703968 0.6
      vertex 41.6263362912085 -3.077397509703968 2.8000000000000003
      vertex 41.87517558566081 -3.0974858943318657 2.8000000000000003
    endloop
  endfacet
  facet normal 0 1 0
    outer loop
      vertex 41.87517558566081 -3.0974858943318657 0.6
      vertex 41.87517558566081 -3.0974858943318657 2.8000000000000003
      vertex 42.12482441433919 -3.0974858943318657 2.8000000000000003
    endloop
  endfacet
  facet normal -0.08046656871672482 0.99675730813421 0
    outer loop
      vertex 42.12482441433919 -3.0974858943318657 0.6
      vertex 42.12482441433919 -3.0974858943318657 2.8000000000000003
      vertex 42.3736637087915 -3.077397509703968 2.8000000000000003
    endloop
  endfacet
  facet normal -0.1604112808577573 0.9870502626379133 0
    outer loop
      vertex 42.3736637087915 -3.077397509703968 0.6
      vertex 42.3736637087915 -3.077397509703968 2.8000000000000003
      vertex 42.62007965070574 -3.03735102133103 2.8000000000000003
    endloop
  endfacet
  facet normal -0.23931566428755746 0.9709418174260519 0
    outer loop
      vertex 42.62007965070574 -3.03735102133103 0.6
      vertex 42.62007965070574 -3.03735102133103 2.8000000000000003
      vertex 42.862474138141 -2.977606146057255 2.8000000000000003
    endloop
  endfacet
  facet normal 0.23931566428756085 0.9709418174260511 0
    outer loop
      vertex 41.137525861859 -2.977606146057254 0.6
      vertex 41.137525861859 -2.977606146057254 2.8000000000000003
      vertex 41.37992034929426 -3.03735102133103 2.8000000000000003
    endloop
  endfacet
  facet normal 0.3166679938014714 0.9485364419471459 0
    outer loop
      vertex 40.90072485016814 -2.898550352324786 0.6
      vertex 40.90072485016814 -2.898550352324786 2.8000000000000003
      vertex 41.137525861859 -2.977606146057254 2.8000000000000003
    endloop
  endfacet
  facet normal 0.39196660986007625 0.9199794436588237 0
    outer loop
      vertex 40.67105305965053 -2.800696347292185 0.6
      vertex 40.67105305965053 -2.800696347292185 2.8000000000000003
      vertex 40.90072485016814 -2.898550352324786 2.8000000000000003
    endloop
  endfacet
  facet normal 0.46472317204377295 0.8854560256532076 0
    outer loop
      vertex 40.45 -2.68467875173176 0.6
      vertex 40.45 -2.68467875173176 2.8000000000000003
      vertex 40.67105305965053 -2.800696347292185 2.8000000000000003
    endloop
  endfacet
  facet normal 0.5344658261277959 0.8451900855437979 0
    outer loop
      vertex 40.23899928513342 -2.551249984270335 0.6
      vertex 40.23899928513342 -2.551249984270335 2.8000000000000003
      vertex 40.45 -2.68467875173176 2.8000000000000003
    endloop
  endfacet
  facet normal 0.600742264237976 0.7994427634035032 0
    outer loop
      vertex 40.03941933565433 -2.4012753816657297 0.6
      vertex 40.03941933565433 -2.4012753816657297 2.8000000000000003
      vertex 40.23899928513342 -2.551249984270335 2.8000000000000003
    endloop
  endfacet
  facet normal 0.6631226582407972 0.7485107481710993 0
    outer loop
      vertex 39.85255450412024 -2.2357275867658255 0.6
      vertex 39.85255450412024 -2.2357275867658255 2.8000000000000003
      vertex 40.03941933565433 -2.4012753816657297 2.8000000000000003
    endloop
  endfacet
  facet normal 0.7212024473438198 0.692724353509594 0
    outer loop
      vertex 39.85255450412024 -2.2357275867658255 0.6
      vertex 39.67961668066959 -2.0556802405464656 2.8000000000000003
      vertex 39.85255450412024 -2.2357275867658255 2.8000000000000003
    endloop
  endfacet
  facet normal -0.3166679938014746 0.9485364419471447 0
    outer loop
      vertex 42.862474138141 -2.977606146057255 0.6
      vertex 42.862474138141 -2.977606146057255 2.8000000000000003
      vertex 43.09927514983186 -2.898550352324786 2.8000000000000003
    endloop
  endfacet
  facet normal -0.3919666098600747 0.9199794436588242 0
    outer loop
      vertex 43.09927514983186 -2.898550352324786 0.6
      vertex 43.09927514983186 -2.898550352324786 2.8000000000000003
      vertex 43.32894694034947 -2.8006963472921855 2.8000000000000003
    endloop
  endfacet
  facet normal -0.4647231720437744 0.8854560256532069 0
    outer loop
      vertex 43.32894694034947 -2.8006963472921855 0.6
      vertex 43.32894694034947 -2.8006963472921855 2.8000000000000003
      vertex 43.55 -2.68467875173176 2.8000000000000003
    endloop
  endfacet
  facet normal -0.5344658261277986 0.8451900855437965 0
    outer loop
      vertex 43.55 -2.68467875173176 0.6
      vertex 43.55 -2.68467875173176 2.8000000000000003
      vertex 43.76100071486658 -2.551249984270334 2.8000000000000003
    endloop
  endfacet
  facet normal -0.6007422642379738 0.799442763403505 0
    outer loop
      vertex 43.76100071486658 -2.551249984270334 0.6
      vertex 43.76100071486658 -2.551249984270334 2.8000000000000003
      vertex 43.96058066434567 -2.4012753816657297 2.8000000000000003
    endloop
  endfacet
  facet normal -0.6631226582408003 0.7485107481710968 0
    outer loop
      vertex 43.96058066434567 -2.4012753816657297 0.6
      vertex 43.96058066434567 -2.4012753816657297 2.8000000000000003
      vertex 44.14744549587976 -2.235727586765824 2.8000000000000003
    endloop
  endfacet
  facet normal -0.7212024473438173 0.6927243535095967 0
    outer loop
      vertex 44.32038331933041 -2.0556802405464656 0.6
      vertex 44.14744549587976 -2.235727586765824 2.8000000000000003
      vertex 44.32038331933041 -2.0556802405464656 2.8000000000000003
    endloop
  endfacet
  facet normal 0.7746049618276434 0.6324453755953909 0
    outer loop
      vertex 39.67961668066959 -2.0556802405464656 0.6
      vertex 39.52172743344914 -1.8623010191377352 2.8000000000000003
      vertex 39.67961668066959 -2.0556802405464656 2.8000000000000003
    endloop
  endfacet
  facet normal 0.822983865893666 0.5680647467311416 0
    outer loop
      vertex 39.52172743344914 -1.8623010191377352 0.6
      vertex 39.37991073481424 -1.6568440609961839 2.8000000000000003
      vertex 39.52172743344914 -1.8623010191377352 2.8000000000000003
    endloop
  endfacet
  facet normal 0.8660254037844392 0.4999999999999989 0
    outer loop
      vertex 39.37991073481424 -1.6568440609961839 0.6
      vertex 39.25508632047505 -1.4406418333356819 2.8000000000000003
      vertex 39.37991073481424 -1.6568440609961839 2.8000000000000003
    endloop
  endfacet
  facet normal 0.9034504346103813 0.4286925614030563 0
    outer loop
      vertex 39.25508632047505 -1.4406418333356819 0.6
      vertex 39.148063724657646 -1.2150964905662323 2.8000000000000003
      vertex 39.25508632047505 -1.4406418333356819 2.8000000000000003
    endloop
  endfacet
  facet normal 0.9350162426854128 0.3546048870425405 0
    outer loop
      vertex 39.148063724657646 -1.2150964905662323 0.6
      vertex 39.05953702996385 -0.9816707807845644 2.8000000000000003
      vertex 39.148063724657646 -1.2150964905662323 2.8000000000000003
    endloop
  endfacet
  facet normal 0.9605181116313724 0.2782174639164526 0
    outer loop
      vertex 39.05953702996385 -0.9816707807845644 0.6
      vertex 38.99008036597924 -0.7418785592914287 2.8000000000000003
      vertex 39.05953702996385 -0.9816707807845644 2.8000000000000003
    endloop
  endfacet
  facet normal 0.9797906520422663 0.2000256937760506 0
    outer loop
      vertex 38.99008036597924 -0.7418785592914287 0.6
      vertex 38.94014418582247 -0.49727497065905657 2.8000000000000003
      vertex 38.99008036597924 -0.7418785592914287 2.8000000000000003
    endloop
  endfacet
  facet normal 0.9927088740980547 0.12053668025531632 0
    outer loop
      vertex 38.94014418582247 -0.49727497065905657 0.6
      vertex 38.91005234478395 -0.24944636302185014 2.8000000000000003
      vertex 38.94014418582247 -0.49727497065905657 2.8000000000000003
    endloop
  endfacet
  facet normal 0.9991889981715695 0.04026594010942168 0
    outer loop
      vertex 38.91005234478395 -0.24944636302185014 0.6
      vertex 38.9 0 2.8000000000000003
      vertex 38.91005234478395 -0.24944636302185014 2.8000000000000003
    endloop
  endfacet
  facet normal -0.7746049618276452 0.6324453755953888 0
    outer loop
      vertex 44.47827256655086 -1.862301019137734 0.6
      vertex 44.32038331933041 -2.0556802405464656 2.8000000000000003
      vertex 44.47827256655086 -1.862301019137734 2.8000000000000003
    endloop
  endfacet
  facet normal -0.8229838658936648 0.5680647467311438 0
    outer loop
      vertex 44.62008926518576 -1.6568440609961839 0.6
      vertex 44.47827256655086 -1.862301019137734 2.8000000000000003
      vertex 44.62008926518576 -1.6568440609961839 2.8000000000000003
    endloop
  endfacet
  facet normal -0.8660254037844392 0.4999999999999989 0
    outer loop
      vertex 44.74491367952495 -1.4406418333356819 0.6
      vertex 44.62008926518576 -1.6568440609961839 2.8000000000000003
      vertex 44.74491367952495 -1.4406418333356819 2.8000000000000003
    endloop
  endfacet
  facet normal -0.9034504346103803 0.4286925614030584 0
    outer loop
      vertex 44.851936275342354 -1.2150964905662336 0.6
      vertex 44.74491367952495 -1.4406418333356819 2.8000000000000003
      vertex 44.851936275342354 -1.2150964905662336 2.8000000000000003
    endloop
  endfacet
  facet normal -0.9350162426854135 0.3546048870425388 0
    outer loop
      vertex 44.94046297003615 -0.9816707807845644 0.6
      vertex 44.851936275342354 -1.2150964905662336 2.8000000000000003
      vertex 44.94046297003615 -0.9816707807845644 2.8000000000000003
    endloop
  endfacet
  facet normal -0.9605181116313717 0.2782174639164542 0
    outer loop
      vertex 45.00991963402076 -0.7418785592914302 0.6
      vertex 44.94046297003615 -0.9816707807845644 2.8000000000000003
      vertex 45.00991963402076 -0.7418785592914302 2.8000000000000003
    endloop
  endfacet
  facet normal -0.9797906520422667 0.2000256937760494 0
    outer loop
      vertex 45.05985581417753 -0.49727497065905657 0.6
      vertex 45.00991963402076 -0.7418785592914302 2.8000000000000003
      vertex 45.05985581417753 -0.49727497065905657 2.8000000000000003
    endloop
  endfacet
  facet normal -0.9927088740980546 0.12053668025531704 0
    outer loop
      vertex 45.08994765521605 -0.24944636302185164 0.6
      vertex 45.05985581417753 -0.49727497065905657 2.8000000000000003
      vertex 45.08994765521605 -0.24944636302185164 2.8000000000000003
    endloop
  endfacet
  facet normal -0.9991889981715695 0.04026594010942144 0
    outer loop
      vertex 45.08994765521605 -0.24944636302185164 2.8000000000000003
      vertex 45.1 0 2.8000000000000003
      vertex 45.1 0 0.6
    endloop
  endfacet
  facet normal 0 0 -1
    outer loop
      vertex 39.85255450412024 -2.2357275867658255 2.8000000000000003
      vertex 39.67961668066959 -2.0556802405464656 2.8000000000000003
      vertex 39.67961668066959 2.0556802405464656 2.8000000000000003
    endloop
  endfacet
  facet normal 0 0 -1
    outer loop
      vertex 39.52172743344914 -1.8623010191377352 2.8000000000000003
      vertex 39.52172743344914 1.8623010191377352 2.8000000000000003
      vertex 39.67961668066959 -2.0556802405464656 2.8000000000000003
    endloop
  endfacet
  facet normal 0 0 -1
    outer loop
      vertex 39.37991073481424 -1.6568440609961839 2.8000000000000003
      vertex 39.25508632047505 -1.4406418333356819 2.8000000000000003
      vertex 39.25508632047505 1.4406418333356819 2.8000000000000003
    endloop
  endfacet
  facet normal 0 0 -1
    outer loop
      vertex 39.37991073481424 -1.6568440609961839 2.8000000000000003
      vertex 39.37991073481424 1.6568440609961839 2.8000000000000003
      vertex 39.52172743344914 -1.8623010191377352 2.8000000000000003
    endloop
  endfacet
  facet normal 0 0 -1
    outer loop
      vertex 39.25508632047505 -1.4406418333356819 2.8000000000000003
      vertex 39.148063724657646 -1.2150964905662323 2.8000000000000003
      vertex 39.148063724657646 1.2150964905662323 2.8000000000000003
    endloop
  endfacet
  facet normal 0 0 -1
    outer loop
      vertex 39.148063724657646 -1.2150964905662323 2.8000000000000003
      vertex 39.05953702996385 -0.9816707807845644 2.8000000000000003
      vertex 39.05953702996385 0.9816707807845644 2.8000000000000003
    endloop
  endfacet
  facet normal 0 0 -1
    outer loop
      vertex 39.05953702996385 -0.9816707807845644 2.8000000000000003
      vertex 38.99008036597924 -0.7418785592914287 2.8000000000000003
      vertex 38.99008036597924 0.7418785592914287 2.8000000000000003
    endloop
  endfacet
  facet normal 0 0 -1
    outer loop
      vertex 38.99008036597924 -0.7418785592914287 2.8000000000000003
      vertex 38.94014418582247 -0.49727497065905657 2.8000000000000003
      vertex 38.94014418582247 0.49727497065905657 2.8000000000000003
    endloop
  endfacet
  facet normal 0 0 -1
    outer loop
      vertex 38.94014418582247 -0.49727497065905657 2.8000000000000003
      vertex 38.91005234478395 -0.24944636302185014 2.8000000000000003
      vertex 38.91005234478395 0.24944636302185014 2.8000000000000003
    endloop
  endfacet
  facet normal 0 0 -1
    outer loop
      vertex 41.137525861859 -2.977606146057254 2.8000000000000003
      vertex 41.137525861859 2.977606146057254 2.8000000000000003
      vertex 41.37992034929426 -3.03735102133103 2.8000000000000003
    endloop
  endfacet
  facet normal 0 0 -1
    outer loop
      vertex 41.37992034929426 -3.03735102133103 2.8000000000000003
      vertex 41.37992034929426 3.03735102133103 2.8000000000000003
      vertex 41.6263362912085 -3.077397509703968 2.8000000000000003
    endloop
  endfacet
  facet normal 0 0 -1
    outer loop
      vertex 41.6263362912085 -3.077397509703968 2.8000000000000003
      vertex 41.626336291208496 3.0773975097039674 2.8000000000000003
      vertex 41.87517558566081 -3.0974858943318657 2.8000000000000003
    endloop
  endfacet
  facet normal 0 0 -1
    outer loop
      vertex 41.87517558566081 -3.0974858943318657 2.8000000000000003
      vertex 41.87517558566081 3.0974858943318657 2.8000000000000003
      vertex 42.12482441433919 -3.0974858943318657 2.8000000000000003
    endloop
  endfacet
  facet normal 0 0 -1
    outer loop
      vertex 42.12482441433919 -3.0974858943318657 2.8000000000000003
      vertex 42.12482441433919 3.0974858943318657 2.8000000000000003
      vertex 42.3736637087915 -3.077397509703968 2.8000000000000003
    endloop
  endfacet
  facet normal 0 0 -1
    outer loop
      vertex 42.3736637087915 -3.077397509703968 2.8000000000000003
      vertex 42.373663708791504 3.0773975097039674 2.8000000000000003
      vertex 42.62007965070574 -3.03735102133103 2.8000000000000003
    endloop
  endfacet
  facet normal 0 0 -1
    outer loop
      vertex 40.23899928513342 -2.551249984270335 2.8000000000000003
      vertex 40.23899928513342 2.551249984270335 2.8000000000000003
      vertex 40.45 -2.68467875173176 2.8000000000000003
    endloop
  endfacet
  facet normal 0 0 -1
    outer loop
      vertex 40.67105305965053 -2.800696347292185 2.8000000000000003
      vertex 40.45 -2.68467875173176 2.8000000000000003
      vertex 40.45 2.68467875173176 2.8000000000000003
    endloop
  endfacet
  facet normal 0 0 -1
    outer loop
      vertex 40.03941933565433 -2.4012753816657297 2.8000000000000003
      vertex 40.03941933565433 2.4012753816657297 2.8000000000000003
      vertex 40.23899928513342 -2.551249984270335 2.8000000000000003
    endloop
  endfacet
  facet normal 0 0 -1
    outer loop
      vertex 40.03941933565433 -2.4012753816657297 2.8000000000000003
      vertex 39.85255450412024 -2.2357275867658255 2.8000000000000003
      vertex 39.85255450412024 2.2357275867658255 2.8000000000000003
    endloop
  endfacet
  facet normal 0 0 -1
    outer loop
      vertex 40.67105305965053 -2.800696347292185 2.8000000000000003
      vertex 40.67105305965053 2.800696347292185 2.8000000000000003
      vertex 40.90072485016814 -2.898550352324786 2.8000000000000003
    endloop
  endfacet
  facet normal 0 0 -1
    outer loop
      vertex 40.90072485016814 -2.898550352324786 2.8000000000000003
      vertex 40.90072485016814 2.898550352324786 2.8000000000000003
      vertex 41.137525861859 -2.977606146057254 2.8000000000000003
    endloop
  endfacet
  facet normal 0 0 -1
    outer loop
      vertex 42.62007965070574 -3.03735102133103 2.8000000000000003
      vertex 42.62007965070574 3.03735102133103 2.8000000000000003
      vertex 42.862474138141 -2.977606146057255 2.8000000000000003
    endloop
  endfacet
  facet normal 0 0 -1
    outer loop
      vertex 42.862474138141 -2.977606146057255 2.8000000000000003
      vertex 42.862474138141 2.977606146057254 2.8000000000000003
      vertex 43.09927514983186 -2.898550352324786 2.8000000000000003
    endloop
  endfacet
  facet normal 0 0 -1
    outer loop
      vertex 43.09927514983186 -2.898550352324786 2.8000000000000003
      vertex 43.09927514983186 2.898550352324786 2.8000000000000003
      vertex 43.32894694034947 -2.8006963472921855 2.8000000000000003
    endloop
  endfacet
  facet normal 0 0 -1
    outer loop
      vertex 43.32894694034947 -2.8006963472921855 2.8000000000000003
      vertex 43.32894694034947 2.800696347292185 2.8000000000000003
      vertex 43.55 -2.68467875173176 2.8000000000000003
    endloop
  endfacet
  facet normal 0 0 -1
    outer loop
      vertex 43.55 -2.68467875173176 2.8000000000000003
      vertex 43.55 2.68467875173176 2.8000000000000003
      vertex 43.76100071486658 -2.551249984270334 2.8000000000000003
    endloop
  endfacet
  facet normal 0 0 -1
    outer loop
      vertex 43.76100071486658 -2.551249984270334 2.8000000000000003
      vertex 43.76100071486658 2.551249984270335 2.8000000000000003
      vertex 43.96058066434567 -2.4012753816657297 2.8000000000000003
    endloop
  endfacet
  facet normal 0 0 -1
    outer loop
      vertex 43.96058066434567 -2.4012753816657297 2.8000000000000003
      vertex 43.96058066434567 2.4012753816657293 2.8000000000000003
      vertex 44.14744549587976 -2.235727586765824 2.8000000000000003
    endloop
  endfacet
  facet normal 0 0 -1
    outer loop
      vertex 44.14744549587976 -2.235727586765824 2.8000000000000003
      vertex 44.14744549587976 2.235727586765825 2.8000000000000003
      vertex 44.32038331933041 -2.0556802405464656 2.8000000000000003
    endloop
  endfacet
  facet normal 0 0 -1
    outer loop
      vertex 44.32038331933041 -2.0556802405464656 2.8000000000000003
      vertex 44.32038331933041 2.055680240546465 2.8000000000000003
      vertex 44.47827256655086 -1.862301019137734 2.8000000000000003
    endloop
  endfacet
  facet normal 0 0 -1
    outer loop
      vertex 44.47827256655086 -1.862301019137734 2.8000000000000003
      vertex 44.47827256655086 1.8623010191377345 2.8000000000000003
      vertex 44.62008926518576 -1.6568440609961839 2.8000000000000003
    endloop
  endfacet
  facet normal 0 0 -1
    outer loop
      vertex 44.62008926518576 -1.6568440609961839 2.8000000000000003
      vertex 44.62008926518576 1.6568440609961832 2.8000000000000003
      vertex 44.74491367952495 -1.4406418333356819 2.8000000000000003
    endloop
  endfacet
  facet normal 0 0 -1
    outer loop
      vertex 44.74491367952495 -1.4406418333356819 2.8000000000000003
      vertex 44.74491367952495 1.4406418333356825 2.8000000000000003
      vertex 44.851936275342354 -1.2150964905662336 2.8000000000000003
    endloop
  endfacet
  facet normal 0 0 -1
    outer loop
      vertex 44.851936275342354 -1.2150964905662336 2.8000000000000003
      vertex 44.851936275342354 1.2150964905662327 2.8000000000000003
      vertex 44.94046297003615 -0.9816707807845644 2.8000000000000003
    endloop
  endfacet
  facet normal 0 0 -1
    outer loop
      vertex 44.94046297003615 -0.9816707807845644 2.8000000000000003
      vertex 44.94046297003615 0.9816707807845647 2.8000000000000003
      vertex 45.00991963402076 -0.7418785592914302 2.8000000000000003
    endloop
  endfacet
  facet normal 0 0 -1
    outer loop
      vertex 45.00991963402076 -0.7418785592914302 2.8000000000000003
      vertex 45.00991963402076 0.7418785592914291 2.8000000000000003
      vertex 45.05985581417753 -0.49727497065905657 2.8000000000000003
    endloop
  endfacet
  facet normal 0 0 -1
    outer loop
      vertex 45.05985581417753 -0.49727497065905657 2.8000000000000003
      vertex 45.05985581417753 0.49727497065905674 2.8000000000000003
      vertex 45.08994765521605 -0.24944636302185164 2.8000000000000003
    endloop
  endfacet
  facet normal 0 0 -1
    outer loop
      vertex 45.08994765521605 -0.24944636302185164 2.8000000000000003
      vertex 45.08994765521605 0.24944636302185022 2.8000000000000003
      vertex 45.1 0 2.8000000000000003
    endloop
  endfacet
  facet normal 0 0 1
    outer loop
      vertex 38.91005234478395 -0.24944636302185014 0.6
      vertex 38.91005234478395 0.24944636302185014 0.6
      vertex 38.9 0 0.6
    endloop
  endfacet
  facet normal 0 0 1
    outer loop
      vertex 38.91005234478395 -0.24944636302185014 0.6
      vertex 38.94014418582247 0.49727497065905657 0.6
      vertex 38.91005234478395 0.24944636302185014 0.6
    endloop
  endfacet
  facet normal 0 0 1
    outer loop
      vertex 38.94014418582247 -0.49727497065905657 0.6
      vertex 38.99008036597924 0.7418785592914287 0.6
      vertex 38.94014418582247 0.49727497065905657 0.6
    endloop
  endfacet
  facet normal 0 0 1
    outer loop
      vertex 38.99008036597924 -0.7418785592914287 0.6
      vertex 39.05953702996385 0.9816707807845644 0.6
      vertex 38.99008036597924 0.7418785592914287 0.6
    endloop
  endfacet
  facet normal 0 0 1
    outer loop
      vertex 39.05953702996385 -0.9816707807845644 0.6
      vertex 39.148063724657646 1.2150964905662323 0.6
      vertex 39.05953702996385 0.9816707807845644 0.6
    endloop
  endfacet
  facet normal 0 0 1
    outer loop
      vertex 39.148063724657646 -1.2150964905662323 0.6
      vertex 39.25508632047505 1.4406418333356819 0.6
      vertex 39.148063724657646 1.2150964905662323 0.6
    endloop
  endfacet
  facet normal 0 0 1
    outer loop
      vertex 39.25508632047505 -1.4406418333356819 0.6
      vertex 39.37991073481424 1.6568440609961839 0.6
      vertex 39.25508632047505 1.4406418333356819 0.6
    endloop
  endfacet
  facet normal 0 0 1
    outer loop
      vertex 39.37991073481424 -1.6568440609961839 0.6
      vertex 39.52172743344914 1.8623010191377352 0.6
      vertex 39.37991073481424 1.6568440609961839 0.6
    endloop
  endfacet
  facet normal 0 0 1
    outer loop
      vertex 39.52172743344914 -1.8623010191377352 0.6
      vertex 39.67961668066959 2.0556802405464656 0.6
      vertex 39.52172743344914 1.8623010191377352 0.6
    endloop
  endfacet
  facet normal 0 0 1
    outer loop
      vertex 39.67961668066959 -2.0556802405464656 0.6
      vertex 39.85255450412024 2.2357275867658255 0.6
      vertex 39.67961668066959 2.0556802405464656 0.6
    endloop
  endfacet
  facet normal 0 0 1
    outer loop
      vertex 39.85255450412024 -2.2357275867658255 0.6
      vertex 40.03941933565433 2.4012753816657297 0.6
      vertex 39.85255450412024 2.2357275867658255 0.6
    endloop
  endfacet
  facet normal 0 0 1
    outer loop
      vertex 40.03941933565433 -2.4012753816657297 0.6
      vertex 40.23899928513342 2.551249984270335 0.6
      vertex 40.03941933565433 2.4012753816657297 0.6
    endloop
  endfacet
  facet normal 0 0 1
    outer loop
      vertex 40.23899928513342 -2.551249984270335 0.6
      vertex 40.45 2.68467875173176 0.6
      vertex 40.23899928513342 2.551249984270335 0.6
    endloop
  endfacet
  facet normal 0 0 1
    outer loop
      vertex 40.45 -2.68467875173176 0.6
      vertex 40.67105305965053 2.800696347292185 0.6
      vertex 40.45 2.68467875173176 0.6
    endloop
  endfacet
  facet normal 0 0 1
    outer loop
      vertex 40.67105305965053 -2.800696347292185 0.6
      vertex 40.90072485016814 2.898550352324786 0.6
      vertex 40.67105305965053 2.800696347292185 0.6
    endloop
  endfacet
  facet normal 0 0 1
    outer loop
      vertex 40.90072485016814 -2.898550352324786 0.6
      vertex 41.137525861859 2.977606146057254 0.6
      vertex 40.90072485016814 2.898550352324786 0.6
    endloop
  endfacet
  facet normal 0 0 1
    outer loop
      vertex 42.62007965070574 -3.03735102133103 0.6
      vertex 42.862474138141 2.977606146057254 0.6
      vertex 42.62007965070574 3.03735102133103 0.6
    endloop
  endfacet
  facet normal 0 0 1
    outer loop
      vertex 45.05985581417753 -0.49727497065905657 0.6
      vertex 45.08994765521605 0.24944636302185022 0.6
      vertex 45.05985581417753 0.49727497065905674 0.6
    endloop
  endfacet
  facet normal 0 0 1
    outer loop
      vertex 45.00991963402076 -0.7418785592914302 0.6
      vertex 45.05985581417753 0.49727497065905674 0.6
      vertex 45.00991963402076 0.7418785592914291 0.6
    endloop
  endfacet
  facet normal 0 0 1
    outer loop
      vertex 44.94046297003615 -0.9816707807845644 0.6
      vertex 45.00991963402076 0.7418785592914291 0.6
      vertex 44.94046297003615 0.9816707807845647 0.6
    endloop
  endfacet
  facet normal 0 0 1
    outer loop
      vertex 44.851936275342354 -1.2150964905662336 0.6
      vertex 44.94046297003615 0.9816707807845647 0.6
      vertex 44.851936275342354 1.2150964905662327 0.6
    endloop
  endfacet
  facet normal 0 0 1
    outer loop
      vertex 44.74491367952495 -1.4406418333356819 0.6
      vertex 44.851936275342354 1.2150964905662327 0.6
      vertex 44.74491367952495 1.4406418333356825 0.6
    endloop
  endfacet
  facet normal 0 0 1
    outer loop
      vertex 44.62008926518576 -1.6568440609961839 0.6
      vertex 44.74491367952495 1.4406418333356825 0.6
      vertex 44.62008926518576 1.6568440609961832 0.6
    endloop
  endfacet
  facet normal 0 0 1
    outer loop
      vertex 44.32038331933041 -2.0556802405464656 0.6
      vertex 44.47827256655086 1.8623010191377345 0.6
      vertex 44.32038331933041 2.055680240546465 0.6
    endloop
  endfacet
  facet normal 0 0 1
    outer loop
      vertex 43.96058066434567 -2.4012753816657297 0.6
      vertex 44.14744549587976 2.235727586765825 0.6
      vertex 43.96058066434567 2.4012753816657293 0.6
    endloop
  endfacet
  facet normal 0 0 1
    outer loop
      vertex 44.14744549587976 -2.235727586765824 0.6
      vertex 44.32038331933041 2.055680240546465 0.6
      vertex 44.14744549587976 2.235727586765825 0.6
    endloop
  endfacet
  facet normal 0 0 1
    outer loop
      vertex 43.55 -2.68467875173176 0.6
      vertex 43.76100071486658 2.551249984270335 0.6
      vertex 43.55 2.68467875173176 0.6
    endloop
  endfacet
  facet normal 0 0 1
    outer loop
      vertex 43.09927514983186 -2.898550352324786 0.6
      vertex 43.32894694034947 2.800696347292185 0.6
      vertex 43.09927514983186 2.898550352324786 0.6
    endloop
  endfacet
  facet normal 0 0 1
    outer loop
      vertex 42.862474138141 -2.977606146057255 0.6
      vertex 43.09927514983186 2.898550352324786 0.6
      vertex 42.862474138141 2.977606146057254 0.6
    endloop
  endfacet
  facet normal 0 0 1
    outer loop
      vertex 43.32894694034947 -2.8006963472921855 0.6
      vertex 43.55 2.68467875173176 0.6
      vertex 43.32894694034947 2.800696347292185 0.6
    endloop
  endfacet
  facet normal 0 0 1
    outer loop
      vertex 43.76100071486658 -2.551249984270334 0.6
      vertex 43.96058066434567 2.4012753816657293 0.6
      vertex 43.76100071486658 2.551249984270335 0.6
    endloop
  endfacet
  facet normal 0 0 1
    outer loop
      vertex 44.47827256655086 -1.862301019137734 0.6
      vertex 44.62008926518576 1.6568440609961832 0.6
      vertex 44.47827256655086 1.8623010191377345 0.6
    endloop
  endfacet
  facet normal 0 0 1
    outer loop
      vertex 41.137525861859 -2.977606146057254 0.6
      vertex 41.37992034929426 3.03735102133103 0.6
      vertex 41.137525861859 2.977606146057254 0.6
    endloop
  endfacet
  facet normal 0 0 1
    outer loop
      vertex 41.37992034929426 -3.03735102133103 0.6
      vertex 41.626336291208496 3.0773975097039674 0.6
      vertex 41.37992034929426 3.03735102133103 0.6
    endloop
  endfacet
  facet normal 0 0 1
    outer loop
      vertex 41.6263362912085 -3.077397509703968 0.6
      vertex 41.87517558566081 3.0974858943318657 0.6
      vertex 41.626336291208496 3.0773975097039674 0.6
    endloop
  endfacet
  facet normal 0 0 1
    outer loop
      vertex 41.87517558566081 -3.0974858943318657 0.6
      vertex 42.12482441433919 3.0974858943318657 0.6
      vertex 41.87517558566081 3.0974858943318657 0.6
    endloop
  endfacet
  facet normal 0 0 1
    outer loop
      vertex 42.12482441433919 -3.0974858943318657 0.6
      vertex 42.373663708791504 3.0773975097039674 0.6
      vertex 42.12482441433919 3.0974858943318657 0.6
    endloop
  endfacet
  facet normal 0 0 1
    outer loop
      vertex 42.3736637087915 -3.077397509703968 0.6
      vertex 42.62007965070574 3.03735102133103 0.6
      vertex 42.373663708791504 3.0773975097039674 0.6
    endloop
  endfacet
  facet normal 0.9991889981715695 -0.04026594010942168 0
    outer loop
      vertex 38.9 0 0.6
      vertex 38.91005234478395 0.24944636302185014 0.6
      vertex 38.91005234478395 0.24944636302185014 2.8000000000000003
    endloop
  endfacet
  facet normal 0.9927088740980547 -0.12053668025531632 0
    outer loop
      vertex 38.91005234478395 0.24944636302185014 0.6
      vertex 38.94014418582247 0.49727497065905657 0.6
      vertex 38.94014418582247 0.49727497065905657 2.8000000000000003
    endloop
  endfacet
  facet normal 0.9797906520422663 -0.2000256937760506 0
    outer loop
      vertex 38.94014418582247 0.49727497065905657 0.6
      vertex 38.99008036597924 0.7418785592914287 0.6
      vertex 38.99008036597924 0.7418785592914287 2.8000000000000003
    endloop
  endfacet
  facet normal 0.9605181116313724 -0.2782174639164526 0
    outer loop
      vertex 38.99008036597924 0.7418785592914287 0.6
      vertex 39.05953702996385 0.9816707807845644 0.6
      vertex 39.05953702996385 0.9816707807845644 2.8000000000000003
    endloop
  endfacet
  facet normal 0.9350162426854128 -0.3546048870425405 0
    outer loop
      vertex 39.05953702996385 0.9816707807845644 0.6
      vertex 39.148063724657646 1.2150964905662323 0.6
      vertex 39.148063724657646 1.2150964905662323 2.8000000000000003
    endloop
  endfacet
  facet normal 0.9034504346103813 -0.4286925614030563 0
    outer loop
      vertex 39.148063724657646 1.2150964905662323 0.6
      vertex 39.25508632047505 1.4406418333356819 0.6
      vertex 39.25508632047505 1.4406418333356819 2.8000000000000003
    endloop
  endfacet
  facet normal 0.8660254037844392 -0.4999999999999989 0
    outer loop
      vertex 39.25508632047505 1.4406418333356819 0.6
      vertex 39.37991073481424 1.6568440609961839 0.6
      vertex 39.37991073481424 1.6568440609961839 2.8000000000000003
    endloop
  endfacet
  facet normal 0.822983865893666 -0.5680647467311416 0
    outer loop
      vertex 39.37991073481424 1.6568440609961839 0.6
      vertex 39.52172743344914 1.8623010191377352 0.6
      vertex 39.52172743344914 1.8623010191377352 2.8000000000000003
    endloop
  endfacet
  facet normal 0.7746049618276434 -0.6324453755953909 0
    outer loop
      vertex 39.52172743344914 1.8623010191377352 0.6
      vertex 39.67961668066959 2.0556802405464656 0.6
      vertex 39.67961668066959 2.0556802405464656 2.8000000000000003
    endloop
  endfacet
  facet normal -0.9991889981715693 -0.04026594010942165 0
    outer loop
      vertex 45.1 0 0.6
      vertex 45.1 0 2.8000000000000003
      vertex 45.08994765521605 0.24944636302185022 0.6
    endloop
  endfacet
  facet normal -0.9927088740980547 -0.12053668025531626 0
    outer loop
      vertex 45.08994765521605 0.24944636302185022 0.6
      vertex 45.08994765521605 0.24944636302185022 2.8000000000000003
      vertex 45.05985581417753 0.49727497065905674 0.6
    endloop
  endfacet
  facet normal -0.9797906520422663 -0.20002569377605034 0
    outer loop
      vertex 45.05985581417753 0.49727497065905674 0.6
      vertex 45.05985581417753 0.49727497065905674 2.8000000000000003
      vertex 45.00991963402076 0.7418785592914291 0.6
    endloop
  endfacet
  facet normal -0.9605181116313724 -0.2782174639164527 0
    outer loop
      vertex 45.00991963402076 0.7418785592914291 0.6
      vertex 45.00991963402076 0.7418785592914291 2.8000000000000003
      vertex 44.94046297003615 0.9816707807845647 0.6
    endloop
  endfacet
  facet normal -0.9350162426854131 -0.35460488704254045 0
    outer loop
      vertex 44.94046297003615 0.9816707807845647 0.6
      vertex 44.94046297003615 0.9816707807845647 2.8000000000000003
      vertex 44.851936275342354 1.2150964905662327 0.6
    endloop
  endfacet
  facet normal -0.9034504346103815 -0.42869256140305595 0
    outer loop
      vertex 44.851936275342354 1.2150964905662327 0.6
      vertex 44.851936275342354 1.2150964905662327 2.8000000000000003
      vertex 44.74491367952495 1.4406418333356825 0.6
    endloop
  endfacet
  facet normal -0.7746049618276437 -0.6324453755953906 0
    outer loop
      vertex 44.32038331933041 2.055680240546465 0.6
      vertex 44.47827256655086 1.8623010191377345 0.6
      vertex 44.47827256655086 1.8623010191377345 2.8000000000000003
    endloop
  endfacet
  facet normal -0.866025403784438 -0.5000000000000013 0
    outer loop
      vertex 44.74491367952495 1.4406418333356825 0.6
      vertex 44.74491367952495 1.4406418333356825 2.8000000000000003
      vertex 44.62008926518576 1.6568440609961832 0.6
    endloop
  endfacet
  facet normal -0.822983865893666 -0.5680647467311416 0
    outer loop
      vertex 44.47827256655086 1.8623010191377345 0.6
      vertex 44.62008926518576 1.6568440609961832 0.6
      vertex 44.62008926518576 1.6568440609961832 2.8000000000000003
    endloop
  endfacet
  facet normal 0.7212024473438198 -0.692724353509594 0
    outer loop
      vertex 39.67961668066959 2.0556802405464656 0.6
      vertex 39.85255450412024 2.2357275867658255 0.6
      vertex 39.85255450412024 2.2357275867658255 2.8000000000000003
    endloop
  endfacet
  facet normal 0.6631226582407972 -0.7485107481710993 0
    outer loop
      vertex 39.85255450412024 2.2357275867658255 0.6
      vertex 40.03941933565433 2.4012753816657297 0.6
      vertex 39.85255450412024 2.2357275867658255 2.8000000000000003
    endloop
  endfacet
  facet normal 0.600742264237976 -0.7994427634035032 0
    outer loop
      vertex 40.03941933565433 2.4012753816657297 0.6
      vertex 40.23899928513342 2.551249984270335 0.6
      vertex 40.03941933565433 2.4012753816657297 2.8000000000000003
    endloop
  endfacet
  facet normal 0.5344658261277959 -0.8451900855437979 0
    outer loop
      vertex 40.23899928513342 2.551249984270335 0.6
      vertex 40.45 2.68467875173176 0.6
      vertex 40.23899928513342 2.551249984270335 2.8000000000000003
    endloop
  endfacet
  facet normal 0.46472317204377295 -0.8854560256532076 0
    outer loop
      vertex 40.45 2.68467875173176 0.6
      vertex 40.67105305965053 2.800696347292185 0.6
      vertex 40.45 2.68467875173176 2.8000000000000003
    endloop
  endfacet
  facet normal 0.39196660986007625 -0.9199794436588237 0
    outer loop
      vertex 40.67105305965053 2.800696347292185 0.6
      vertex 40.90072485016814 2.898550352324786 0.6
      vertex 40.67105305965053 2.800696347292185 2.8000000000000003
    endloop
  endfacet
  facet normal 0.3166679938014714 -0.9485364419471459 0
    outer loop
      vertex 40.90072485016814 2.898550352324786 0.6
      vertex 41.137525861859 2.977606146057254 0.6
      vertex 40.90072485016814 2.898550352324786 2.8000000000000003
    endloop
  endfacet
  facet normal 0.23931566428756085 -0.9709418174260511 0
    outer loop
      vertex 41.137525861859 2.977606146057254 0.6
      vertex 41.37992034929426 3.03735102133103 0.6
      vertex 41.137525861859 2.977606146057254 2.8000000000000003
    endloop
  endfacet
  facet normal -0.7212024473438198 -0.692724353509594 0
    outer loop
      vertex 44.32038331933041 2.055680240546465 0.6
      vertex 44.32038331933041 2.055680240546465 2.8000000000000003
      vertex 44.14744549587976 2.235727586765825 0.6
    endloop
  endfacet
  facet normal -0.6631226582407972 -0.7485107481710993 0
    outer loop
      vertex 44.14744549587976 2.235727586765825 0.6
      vertex 43.96058066434567 2.4012753816657293 2.8000000000000003
      vertex 43.96058066434567 2.4012753816657293 0.6
    endloop
  endfacet
  facet normal -0.5344658261277959 -0.8451900855437979 0
    outer loop
      vertex 43.55 2.68467875173176 0.6
      vertex 43.76100071486658 2.551249984270335 0.6
      vertex 43.55 2.68467875173176 2.8000000000000003
    endloop
  endfacet
  facet normal -0.6007422642379772 -0.7994427634035024 0
    outer loop
      vertex 43.76100071486658 2.551249984270335 0.6
      vertex 43.96058066434567 2.4012753816657293 0.6
      vertex 43.76100071486658 2.551249984270335 2.8000000000000003
    endloop
  endfacet
  facet normal -0.39196660986007625 -0.9199794436588237 0
    outer loop
      vertex 43.09927514983186 2.898550352324786 0.6
      vertex 43.32894694034947 2.800696347292185 0.6
      vertex 43.09927514983186 2.898550352324786 2.8000000000000003
    endloop
  endfacet
  facet normal -0.46472317204377295 -0.8854560256532076 0
    outer loop
      vertex 43.32894694034947 2.800696347292185 0.6
      vertex 43.55 2.68467875173176 0.6
      vertex 43.32894694034947 2.800696347292185 2.8000000000000003
    endloop
  endfacet
  facet normal -0.3166679938014714 -0.9485364419471459 0
    outer loop
      vertex 42.862474138141 2.977606146057254 0.6
      vertex 43.09927514983186 2.898550352324786 0.6
      vertex 42.862474138141 2.977606146057254 2.8000000000000003
    endloop
  endfacet
  facet normal 0.16041128085776007 -0.987050262637913 0
    outer loop
      vertex 41.37992034929426 3.03735102133103 0.6
      vertex 41.626336291208496 3.0773975097039674 0.6
      vertex 41.37992034929426 3.03735102133103 2.8000000000000003
    endloop
  endfacet
  facet normal 0.08046656871672431 -0.99675730813421 0
    outer loop
      vertex 41.626336291208496 3.0773975097039674 0.6
      vertex 41.87517558566081 3.0974858943318657 0.6
      vertex 41.626336291208496 3.0773975097039674 2.8000000000000003
    endloop
  endfacet
  facet normal 0 -1 0
    outer loop
      vertex 41.87517558566081 3.0974858943318657 0.6
      vertex 42.12482441433919 3.0974858943318657 0.6
      vertex 41.87517558566081 3.0974858943318657 2.8000000000000003
    endloop
  endfacet
  facet normal -0.08046656871672431 -0.99675730813421 0
    outer loop
      vertex 42.12482441433919 3.0974858943318657 0.6
      vertex 42.373663708791504 3.0773975097039674 0.6
      vertex 42.12482441433919 3.0974858943318657 2.8000000000000003
    endloop
  endfacet
  facet normal -0.16041128085776007 -0.987050262637913 0
    outer loop
      vertex 42.373663708791504 3.0773975097039674 0.6
      vertex 42.62007965070574 3.03735102133103 0.6
      vertex 42.373663708791504 3.0773975097039674 2.8000000000000003
    endloop
  endfacet
  facet normal -0.23931566428756085 -0.9709418174260511 0
    outer loop
      vertex 42.62007965070574 3.03735102133103 0.6
      vertex 42.862474138141 2.977606146057254 0.6
      vertex 42.62007965070574 3.03735102133103 2.8000000000000003
    endloop
  endfacet
  facet normal 0.9991889981715695 -0.04026594010942168 0
    outer loop
      vertex 38.9 0 0.6
      vertex 38.91005234478395 0.24944636302185014 2.8000000000000003
      vertex 38.9 0 2.8000000000000003
    endloop
  endfacet
  facet normal 0.9927088740980547 -0.12053668025531632 0
    outer loop
      vertex 38.91005234478395 0.24944636302185014 0.6
      vertex 38.94014418582247 0.49727497065905657 2.8000000000000003
      vertex 38.91005234478395 0.24944636302185014 2.8000000000000003
    endloop
  endfacet
  facet normal 0.9797906520422663 -0.2000256937760506 0
    outer loop
      vertex 38.94014418582247 0.49727497065905657 0.6
      vertex 38.99008036597924 0.7418785592914287 2.8000000000000003
      vertex 38.94014418582247 0.49727497065905657 2.8000000000000003
    endloop
  endfacet
  facet normal 0.9605181116313724 -0.2782174639164526 0
    outer loop
      vertex 38.99008036597924 0.7418785592914287 0.6
      vertex 39.05953702996385 0.9816707807845644 2.8000000000000003
      vertex 38.99008036597924 0.7418785592914287 2.8000000000000003
    endloop
  endfacet
  facet normal 0.9350162426854128 -0.3546048870425405 0
    outer loop
      vertex 39.05953702996385 0.9816707807845644 0.6
      vertex 39.148063724657646 1.2150964905662323 2.8000000000000003
      vertex 39.05953702996385 0.9816707807845644 2.8000000000000003
    endloop
  endfacet
  facet normal 0.9034504346103813 -0.4286925614030563 0
    outer loop
      vertex 39.148063724657646 1.2150964905662323 0.6
      vertex 39.25508632047505 1.4406418333356819 2.8000000000000003
      vertex 39.148063724657646 1.2150964905662323 2.8000000000000003
    endloop
  endfacet
  facet normal 0.8660254037844392 -0.4999999999999989 0
    outer loop
      vertex 39.25508632047505 1.4406418333356819 0.6
      vertex 39.37991073481424 1.6568440609961839 2.8000000000000003
      vertex 39.25508632047505 1.4406418333356819 2.8000000000000003
    endloop
  endfacet
  facet normal 0.822983865893666 -0.5680647467311416 0
    outer loop
      vertex 39.37991073481424 1.6568440609961839 0.6
      vertex 39.52172743344914 1.8623010191377352 2.8000000000000003
      vertex 39.37991073481424 1.6568440609961839 2.8000000000000003
    endloop
  endfacet
  facet normal 0.7746049618276434 -0.6324453755953909 0
    outer loop
      vertex 39.52172743344914 1.8623010191377352 0.6
      vertex 39.67961668066959 2.0556802405464656 2.8000000000000003
      vertex 39.52172743344914 1.8623010191377352 2.8000000000000003
    endloop
  endfacet
  facet normal -0.9991889981715693 -0.04026594010942165 0
    outer loop
      vertex 45.08994765521605 0.24944636302185022 0.6
      vertex 45.1 0 2.8000000000000003
      vertex 45.08994765521605 0.24944636302185022 2.8000000000000003
    endloop
  endfacet
  facet normal -0.9927088740980547 -0.12053668025531626 0
    outer loop
      vertex 45.05985581417753 0.49727497065905674 0.6
      vertex 45.08994765521605 0.24944636302185022 2.8000000000000003
      vertex 45.05985581417753 0.49727497065905674 2.8000000000000003
    endloop
  endfacet
  facet normal -0.9797906520422663 -0.20002569377605034 0
    outer loop
      vertex 45.00991963402076 0.7418785592914291 0.6
      vertex 45.05985581417753 0.49727497065905674 2.8000000000000003
      vertex 45.00991963402076 0.7418785592914291 2.8000000000000003
    endloop
  endfacet
  facet normal -0.9605181116313724 -0.2782174639164527 0
    outer loop
      vertex 44.94046297003615 0.9816707807845647 0.6
      vertex 45.00991963402076 0.7418785592914291 2.8000000000000003
      vertex 44.94046297003615 0.9816707807845647 2.8000000000000003
    endloop
  endfacet
  facet normal -0.9350162426854131 -0.35460488704254045 0
    outer loop
      vertex 44.851936275342354 1.2150964905662327 0.6
      vertex 44.94046297003615 0.9816707807845647 2.8000000000000003
      vertex 44.851936275342354 1.2150964905662327 2.8000000000000003
    endloop
  endfacet
  facet normal -0.9034504346103815 -0.42869256140305595 0
    outer loop
      vertex 44.74491367952495 1.4406418333356825 0.6
      vertex 44.851936275342354 1.2150964905662327 2.8000000000000003
      vertex 44.74491367952495 1.4406418333356825 2.8000000000000003
    endloop
  endfacet
  facet normal -0.7746049618276437 -0.6324453755953906 0
    outer loop
      vertex 44.32038331933041 2.055680240546465 0.6
      vertex 44.47827256655086 1.8623010191377345 2.8000000000000003
      vertex 44.32038331933041 2.055680240546465 2.8000000000000003
    endloop
  endfacet
  facet normal -0.866025403784438 -0.5000000000000013 0
    outer loop
      vertex 44.62008926518576 1.6568440609961832 0.6
      vertex 44.74491367952495 1.4406418333356825 2.8000000000000003
      vertex 44.62008926518576 1.6568440609961832 2.8000000000000003
    endloop
  endfacet
  facet normal -0.822983865893666 -0.5680647467311416 0
    outer loop
      vertex 44.47827256655086 1.8623010191377345 0.6
      vertex 44.62008926518576 1.6568440609961832 2.8000000000000003
      vertex 44.47827256655086 1.8623010191377345 2.8000000000000003
    endloop
  endfacet
  facet normal 0 0 -1
    outer loop
      vertex 38.91005234478395 -0.24944636302185014 2.8000000000000003
      vertex 38.9 0 2.8000000000000003
      vertex 38.91005234478395 0.24944636302185014 2.8000000000000003
    endloop
  endfacet
  facet normal 0 0 -1
    outer loop
      vertex 38.94014418582247 -0.49727497065905657 2.8000000000000003
      vertex 38.91005234478395 0.24944636302185014 2.8000000000000003
      vertex 38.94014418582247 0.49727497065905657 2.8000000000000003
    endloop
  endfacet
  facet normal 0 0 -1
    outer loop
      vertex 38.99008036597924 -0.7418785592914287 2.8000000000000003
      vertex 38.94014418582247 0.49727497065905657 2.8000000000000003
      vertex 38.99008036597924 0.7418785592914287 2.8000000000000003
    endloop
  endfacet
  facet normal 0 0 -1
    outer loop
      vertex 39.05953702996385 -0.9816707807845644 2.8000000000000003
      vertex 38.99008036597924 0.7418785592914287 2.8000000000000003
      vertex 39.05953702996385 0.9816707807845644 2.8000000000000003
    endloop
  endfacet
  facet normal 0 0 -1
    outer loop
      vertex 39.148063724657646 -1.2150964905662323 2.8000000000000003
      vertex 39.05953702996385 0.9816707807845644 2.8000000000000003
      vertex 39.148063724657646 1.2150964905662323 2.8000000000000003
    endloop
  endfacet
  facet normal 0 0 -1
    outer loop
      vertex 39.25508632047505 -1.4406418333356819 2.8000000000000003
      vertex 39.148063724657646 1.2150964905662323 2.8000000000000003
      vertex 39.25508632047505 1.4406418333356819 2.8000000000000003
    endloop
  endfacet
  facet normal 0 0 -1
    outer loop
      vertex 39.37991073481424 -1.6568440609961839 2.8000000000000003
      vertex 39.25508632047505 1.4406418333356819 2.8000000000000003
      vertex 39.37991073481424 1.6568440609961839 2.8000000000000003
    endloop
  endfacet
  facet normal 0 0 -1
    outer loop
      vertex 39.52172743344914 -1.8623010191377352 2.8000000000000003
      vertex 39.37991073481424 1.6568440609961839 2.8000000000000003
      vertex 39.52172743344914 1.8623010191377352 2.8000000000000003
    endloop
  endfacet
  facet normal 0 0 -1
    outer loop
      vertex 39.67961668066959 -2.0556802405464656 2.8000000000000003
      vertex 39.52172743344914 1.8623010191377352 2.8000000000000003
      vertex 39.67961668066959 2.0556802405464656 2.8000000000000003
    endloop
  endfacet
  facet normal 0 0 -1
    outer loop
      vertex 39.85255450412024 -2.2357275867658255 2.8000000000000003
      vertex 39.67961668066959 2.0556802405464656 2.8000000000000003
      vertex 39.85255450412024 2.2357275867658255 2.8000000000000003
    endloop
  endfacet
  facet normal 0 0 -1
    outer loop
      vertex 40.03941933565433 -2.4012753816657297 2.8000000000000003
      vertex 39.85255450412024 2.2357275867658255 2.8000000000000003
      vertex 40.03941933565433 2.4012753816657297 2.8000000000000003
    endloop
  endfacet
  facet normal 0 0 -1
    outer loop
      vertex 40.23899928513342 -2.551249984270335 2.8000000000000003
      vertex 40.03941933565433 2.4012753816657297 2.8000000000000003
      vertex 40.23899928513342 2.551249984270335 2.8000000000000003
    endloop
  endfacet
  facet normal 0 0 -1
    outer loop
      vertex 40.45 -2.68467875173176 2.8000000000000003
      vertex 40.23899928513342 2.551249984270335 2.8000000000000003
      vertex 40.45 2.68467875173176 2.8000000000000003
    endloop
  endfacet
  facet normal 0 0 -1
    outer loop
      vertex 40.67105305965053 -2.800696347292185 2.8000000000000003
      vertex 40.45 2.68467875173176 2.8000000000000003
      vertex 40.67105305965053 2.800696347292185 2.8000000000000003
    endloop
  endfacet
  facet normal 0 0 -1
    outer loop
      vertex 40.90072485016814 -2.898550352324786 2.8000000000000003
      vertex 40.67105305965053 2.800696347292185 2.8000000000000003
      vertex 40.90072485016814 2.898550352324786 2.8000000000000003
    endloop
  endfacet
  facet normal 0 0 -1
    outer loop
      vertex 41.137525861859 -2.977606146057254 2.8000000000000003
      vertex 40.90072485016814 2.898550352324786 2.8000000000000003
      vertex 41.137525861859 2.977606146057254 2.8000000000000003
    endloop
  endfacet
  facet normal 0 0 -1
    outer loop
      vertex 41.37992034929426 -3.03735102133103 2.8000000000000003
      vertex 41.137525861859 2.977606146057254 2.8000000000000003
      vertex 41.37992034929426 3.03735102133103 2.8000000000000003
    endloop
  endfacet
  facet normal 0 0 -1
    outer loop
      vertex 45.08994765521605 -0.24944636302185164 2.8000000000000003
      vertex 45.05985581417753 0.49727497065905674 2.8000000000000003
      vertex 45.08994765521605 0.24944636302185022 2.8000000000000003
    endloop
  endfacet
  facet normal 0 0 -1
    outer loop
      vertex 45.05985581417753 -0.49727497065905657 2.8000000000000003
      vertex 45.00991963402076 0.7418785592914291 2.8000000000000003
      vertex 45.05985581417753 0.49727497065905674 2.8000000000000003
    endloop
  endfacet
  facet normal 0 0 -1
    outer loop
      vertex 45.00991963402076 -0.7418785592914302 2.8000000000000003
      vertex 44.94046297003615 0.9816707807845647 2.8000000000000003
      vertex 45.00991963402076 0.7418785592914291 2.8000000000000003
    endloop
  endfacet
  facet normal 0 0 -1
    outer loop
      vertex 44.851936275342354 -1.2150964905662336 2.8000000000000003
      vertex 44.74491367952495 1.4406418333356825 2.8000000000000003
      vertex 44.851936275342354 1.2150964905662327 2.8000000000000003
    endloop
  endfacet
  facet normal 0 0 -1
    outer loop
      vertex 44.94046297003615 -0.9816707807845644 2.8000000000000003
      vertex 44.851936275342354 1.2150964905662327 2.8000000000000003
      vertex 44.94046297003615 0.9816707807845647 2.8000000000000003
    endloop
  endfacet
  facet normal 0 0 -1
    outer loop
      vertex 44.47827256655086 -1.862301019137734 2.8000000000000003
      vertex 44.32038331933041 2.055680240546465 2.8000000000000003
      vertex 44.47827256655086 1.8623010191377345 2.8000000000000003
    endloop
  endfacet
  facet normal 0 0 -1
    outer loop
      vertex 44.32038331933041 -2.0556802405464656 2.8000000000000003
      vertex 44.14744549587976 2.235727586765825 2.8000000000000003
      vertex 44.32038331933041 2.055680240546465 2.8000000000000003
    endloop
  endfacet
  facet normal 0 0 -1
    outer loop
      vertex 43.09927514983186 -2.898550352324786 2.8000000000000003
      vertex 42.862474138141 2.977606146057254 2.8000000000000003
      vertex 43.09927514983186 2.898550352324786 2.8000000000000003
    endloop
  endfacet
  facet normal 0 0 -1
    outer loop
      vertex 43.32894694034947 -2.8006963472921855 2.8000000000000003
      vertex 43.09927514983186 2.898550352324786 2.8000000000000003
      vertex 43.32894694034947 2.800696347292185 2.8000000000000003
    endloop
  endfacet
  facet normal 0 0 -1
    outer loop
      vertex 43.55 -2.68467875173176 2.8000000000000003
      vertex 43.32894694034947 2.800696347292185 2.8000000000000003
      vertex 43.55 2.68467875173176 2.8000000000000003
    endloop
  endfacet
  facet normal 0 0 -1
    outer loop
      vertex 43.96058066434567 -2.4012753816657297 2.8000000000000003
      vertex 43.76100071486658 2.551249984270335 2.8000000000000003
      vertex 43.96058066434567 2.4012753816657293 2.8000000000000003
    endloop
  endfacet
  facet normal 0 0 -1
    outer loop
      vertex 44.14744549587976 -2.235727586765824 2.8000000000000003
      vertex 43.96058066434567 2.4012753816657293 2.8000000000000003
      vertex 44.14744549587976 2.235727586765825 2.8000000000000003
    endloop
  endfacet
  facet normal 0 0 -1
    outer loop
      vertex 43.76100071486658 -2.551249984270334 2.8000000000000003
      vertex 43.55 2.68467875173176 2.8000000000000003
      vertex 43.76100071486658 2.551249984270335 2.8000000000000003
    endloop
  endfacet
  facet normal 0 0 -1
    outer loop
      vertex 44.74491367952495 -1.4406418333356819 2.8000000000000003
      vertex 44.62008926518576 1.6568440609961832 2.8000000000000003
      vertex 44.74491367952495 1.4406418333356825 2.8000000000000003
    endloop
  endfacet
  facet normal 0 0 -1
    outer loop
      vertex 44.62008926518576 -1.6568440609961839 2.8000000000000003
      vertex 44.47827256655086 1.8623010191377345 2.8000000000000003
      vertex 44.62008926518576 1.6568440609961832 2.8000000000000003
    endloop
  endfacet
  facet normal 0 0 -1
    outer loop
      vertex 41.6263362912085 -3.077397509703968 2.8000000000000003
      vertex 41.37992034929426 3.03735102133103 2.8000000000000003
      vertex 41.626336291208496 3.0773975097039674 2.8000000000000003
    endloop
  endfacet
  facet normal 0 0 -1
    outer loop
      vertex 41.87517558566081 -3.0974858943318657 2.8000000000000003
      vertex 41.626336291208496 3.0773975097039674 2.8000000000000003
      vertex 41.87517558566081 3.0974858943318657 2.8000000000000003
    endloop
  endfacet
  facet normal 0 0 -1
    outer loop
      vertex 41.87517558566081 3.0974858943318657 2.8000000000000003
      vertex 42.12482441433919 3.0974858943318657 2.8000000000000003
      vertex 42.12482441433919 -3.0974858943318657 2.8000000000000003
    endloop
  endfacet
  facet normal 0 0 -1
    outer loop
      vertex 42.3736637087915 -3.077397509703968 2.8000000000000003
      vertex 42.12482441433919 3.0974858943318657 2.8000000000000003
      vertex 42.373663708791504 3.0773975097039674 2.8000000000000003
    endloop
  endfacet
  facet normal 0 0 -1
    outer loop
      vertex 42.62007965070574 -3.03735102133103 2.8000000000000003
      vertex 42.373663708791504 3.0773975097039674 2.8000000000000003
      vertex 42.62007965070574 3.03735102133103 2.8000000000000003
    endloop
  endfacet
  facet normal 0 0 -1
    outer loop
      vertex 42.862474138141 -2.977606146057255 2.8000000000000003
      vertex 42.62007965070574 3.03735102133103 2.8000000000000003
      vertex 42.862474138141 2.977606146057254 2.8000000000000003
    endloop
  endfacet
  facet normal 0.7212024473438198 -0.692724353509594 0
    outer loop
      vertex 39.67961668066959 2.0556802405464656 0.6
      vertex 39.85255450412024 2.2357275867658255 2.8000000000000003
      vertex 39.67961668066959 2.0556802405464656 2.8000000000000003
    endloop
  endfacet
  facet normal 0.6631226582407972 -0.7485107481710993 0
    outer loop
      vertex 40.03941933565433 2.4012753816657297 0.6
      vertex 40.03941933565433 2.4012753816657297 2.8000000000000003
      vertex 39.85255450412024 2.2357275867658255 2.8000000000000003
    endloop
  endfacet
  facet normal 0.600742264237976 -0.7994427634035032 0
    outer loop
      vertex 40.23899928513342 2.551249984270335 0.6
      vertex 40.23899928513342 2.551249984270335 2.8000000000000003
      vertex 40.03941933565433 2.4012753816657297 2.8000000000000003
    endloop
  endfacet
  facet normal 0.5344658261277959 -0.8451900855437979 0
    outer loop
      vertex 40.45 2.68467875173176 0.6
      vertex 40.45 2.68467875173176 2.8000000000000003
      vertex 40.23899928513342 2.551249984270335 2.8000000000000003
    endloop
  endfacet
  facet normal 0.46472317204377295 -0.8854560256532076 0
    outer loop
      vertex 40.67105305965053 2.800696347292185 0.6
      vertex 40.67105305965053 2.800696347292185 2.8000000000000003
      vertex 40.45 2.68467875173176 2.8000000000000003
    endloop
  endfacet
  facet normal 0.39196660986007625 -0.9199794436588237 0
    outer loop
      vertex 40.90072485016814 2.898550352324786 0.6
      vertex 40.90072485016814 2.898550352324786 2.8000000000000003
      vertex 40.67105305965053 2.800696347292185 2.8000000000000003
    endloop
  endfacet
  facet normal 0.3166679938014714 -0.9485364419471459 0
    outer loop
      vertex 41.137525861859 2.977606146057254 0.6
      vertex 41.137525861859 2.977606146057254 2.8000000000000003
      vertex 40.90072485016814 2.898550352324786 2.8000000000000003
    endloop
  endfacet
  facet normal -0.23931566428756085 -0.9709418174260511 0
    outer loop
      vertex 42.862474138141 2.977606146057254 0.6
      vertex 42.862474138141 2.977606146057254 2.8000000000000003
      vertex 42.62007965070574 3.03735102133103 2.8000000000000003
    endloop
  endfacet
  facet normal -0.7212024473438198 -0.692724353509594 0
    outer loop
      vertex 44.14744549587976 2.235727586765825 0.6
      vertex 44.32038331933041 2.055680240546465 2.8000000000000003
      vertex 44.14744549587976 2.235727586765825 2.8000000000000003
    endloop
  endfacet
  facet normal -0.6631226582407972 -0.7485107481710993 0
    outer loop
      vertex 44.14744549587976 2.235727586765825 0.6
      vertex 44.14744549587976 2.235727586765825 2.8000000000000003
      vertex 43.96058066434567 2.4012753816657293 2.8000000000000003
    endloop
  endfacet
  facet normal -0.6007422642379772 -0.7994427634035024 0
    outer loop
      vertex 43.96058066434567 2.4012753816657293 0.6
      vertex 43.96058066434567 2.4012753816657293 2.8000000000000003
      vertex 43.76100071486658 2.551249984270335 2.8000000000000003
    endloop
  endfacet
  facet normal -0.46472317204377295 -0.8854560256532076 0
    outer loop
      vertex 43.55 2.68467875173176 0.6
      vertex 43.55 2.68467875173176 2.8000000000000003
      vertex 43.32894694034947 2.800696347292185 2.8000000000000003
    endloop
  endfacet
  facet normal -0.5344658261277959 -0.8451900855437979 0
    outer loop
      vertex 43.76100071486658 2.551249984270335 0.6
      vertex 43.76100071486658 2.551249984270335 2.8000000000000003
      vertex 43.55 2.68467875173176 2.8000000000000003
    endloop
  endfacet
  facet normal -0.39196660986007625 -0.9199794436588237 0
    outer loop
      vertex 43.32894694034947 2.800696347292185 0.6
      vertex 43.32894694034947 2.800696347292185 2.8000000000000003
      vertex 43.09927514983186 2.898550352324786 2.8000000000000003
    endloop
  endfacet
  facet normal -0.3166679938014714 -0.9485364419471459 0
    outer loop
      vertex 43.09927514983186 2.898550352324786 0.6
      vertex 43.09927514983186 2.898550352324786 2.8000000000000003
      vertex 42.862474138141 2.977606146057254 2.8000000000000003
    endloop
  endfacet
  facet normal 0.23931566428756085 -0.9709418174260511 0
    outer loop
      vertex 41.37992034929426 3.03735102133103 0.6
      vertex 41.37992034929426 3.03735102133103 2.8000000000000003
      vertex 41.137525861859 2.977606146057254 2.8000000000000003
    endloop
  endfacet
  facet normal 0.16041128085776007 -0.987050262637913 0
    outer loop
      vertex 41.626336291208496 3.0773975097039674 0.6
      vertex 41.626336291208496 3.0773975097039674 2.8000000000000003
      vertex 41.37992034929426 3.03735102133103 2.8000000000000003
    endloop
  endfacet
  facet normal 0.08046656871672431 -0.99675730813421 0
    outer loop
      vertex 41.87517558566081 3.0974858943318657 0.6
      vertex 41.87517558566081 3.0974858943318657 2.8000000000000003
      vertex 41.626336291208496 3.0773975097039674 2.8000000000000003
    endloop
  endfacet
  facet normal 0 -1 0
    outer loop
      vertex 41.87517558566081 3.0974858943318657 2.8000000000000003
      vertex 42.12482441433919 3.0974858943318657 0.6
      vertex 42.12482441433919 3.0974858943318657 2.8000000000000003
    endloop
  endfacet
  facet normal -0.08046656871672431 -0.99675730813421 0
    outer loop
      vertex 42.373663708791504 3.0773975097039674 0.6
      vertex 42.373663708791504 3.0773975097039674 2.8000000000000003
      vertex 42.12482441433919 3.0974858943318657 2.8000000000000003
    endloop
  endfacet
  facet normal -0.16041128085776007 -0.987050262637913 0
    outer loop
      vertex 42.62007965070574 3.03735102133103 0.6
      vertex 42.62007965070574 3.03735102133103 2.8000000000000003
      vertex 42.373663708791504 3.0773975097039674 2.8000000000000003
    endloop
  endfacet
endsolid OpenSCAD_Model
