solid OpenSCAD_Model
  facet normal 0 0 -1
    outer loop
      vertex -21.257787467475268 -17.44581531450025 -5
      vertex -22.088207115717736 -16.38173087354192 -5
      vertex -21.184741466617968 -7.580021701324951 -5
    endloop
  endfacet
  facet normal 0 0 -1
    outer loop
      vertex -21.257787467475268 -17.44581531450025 -5
      vertex -20.339759095277476 -9.619989602181347 -5
      vertex -20.376155947261374 -18.46787125829301 -5
    endloop
  endfacet
  facet normal 0 0 -1
    outer loop
      vertex -15.27818140803906 -22.865414338319994 -5
      vertex -13.403234351079751 -18.072169458314512 -5
      vertex -14.137825465313599 -23.58753677500748 -5
    endloop
  endfacet
  facet normal 0 0 -1
    outer loop
      vertex -19.445436482630058 -19.445436482630058 -5
      vertex -18.072169458314512 -13.403234351079751 -5
      vertex -18.46787125829301 -20.376155947261374 -5
    endloop
  endfacet
  facet normal 0 0 -1
    outer loop
      vertex -17.44581531450025 -21.257787467475268 -5
      vertex -18.46787125829301 -20.376155947261374 -5
      vertex -17.392735200661583 -14.273848893682024 -5
    endloop
  endfacet
  facet normal 0 0 -1
    outer loop
      vertex -19.445436482630058 -19.445436482630058 -5
      vertex -20.376155947261374 -18.46787125829301 -5
      vertex -19.29889372500612 -11.56731174434749 -5
    endloop
  endfacet
  facet normal 0 0 -1
    outer loop
      vertex -19.445436482630058 -19.445436482630058 -5
      vertex -19.29889372500612 -11.56731174434749 -5
      vertex -18.70806627680727 -12.500330242941049 -5
    endloop
  endfacet
  facet normal 0 0 -1
    outer loop
      vertex -18.46787125829301 -20.376155947261374 -5
      vertex -18.072169458314512 -13.403234351079751 -5
      vertex -17.392735200661583 -14.273848893682024 -5
    endloop
  endfacet
  facet normal 0 0 -1
    outer loop
      vertex -19.445436482630058 -19.445436482630058 -5
      vertex -18.70806627680727 -12.500330242941049 -5
      vertex -18.072169458314512 -13.403234351079751 -5
    endloop
  endfacet
  facet normal 0 0 -1
    outer loop
      vertex -17.44581531450025 -21.257787467475268 -5
      vertex -15.90990257669732 -15.90990257669732 -5
      vertex -16.38173087354192 -22.088207115717736 -5
    endloop
  endfacet
  facet normal 0 0 -1
    outer loop
      vertex -16.38173087354192 -22.088207115717736 -5
      vertex -15.110076484057915 -16.67140032048658 -5
      vertex -15.27818140803906 -22.865414338319994 -5
    endloop
  endfacet
  facet normal 0 0 -1
    outer loop
      vertex -17.44581531450025 -21.257787467475268 -5
      vertex -16.67140032048658 -15.110076484057915 -5
      vertex -15.90990257669732 -15.90990257669732 -5
    endloop
  endfacet
  facet normal 0 0 -1
    outer loop
      vertex -16.38173087354192 -22.088207115717736 -5
      vertex -15.90990257669732 -15.90990257669732 -5
      vertex -15.110076484057915 -16.67140032048658 -5
    endloop
  endfacet
  facet normal 0 0 -1
    outer loop
      vertex -15.27818140803906 -22.865414338319994 -5
      vertex -15.110076484057915 -16.67140032048658 -5
      vertex -14.273848893682024 -17.392735200661583 -5
    endloop
  endfacet
  facet normal 0 0 -1
    outer loop
      vertex -15.27818140803906 -22.865414338319994 -5
      vertex -14.273848893682024 -17.392735200661583 -5
      vertex -13.403234351079751 -18.072169458314512 -5
    endloop
  endfacet
  facet normal 0 0 -1
    outer loop
      vertex -17.44581531450025 -21.257787467475268 -5
      vertex -17.392735200661583 -14.273848893682024 -5
      vertex -16.67140032048658 -15.110076484057915 -5
    endloop
  endfacet
  facet normal -0.7572088465064845 -0.6531728429537766 0
    outer loop
      vertex -21.257787467475268 -17.44581531450025 -5
      vertex -20.376155947261374 -18.46787125829301 -5
      vertex -21.257787467475268 -17.44581531450025 5
    endloop
  endfacet
  facet normal -0.817584813151585 -0.5758081914178436 0
    outer loop
      vertex -22.865414338319994 -15.27818140803906 -5
      vertex -22.088207115717736 -16.38173087354192 -5
      vertex -22.865414338319994 -15.27818140803906 5
    endloop
  endfacet
  facet normal -0.8448535652497076 -0.5349976198870963 0
    outer loop
      vertex -23.58753677500748 -14.137825465313599 -5
      vertex -22.865414338319994 -15.27818140803906 -5
      vertex -23.58753677500748 -14.137825465313599 5
    endloop
  endfacet
  facet normal -0.7883464276266057 -0.6152315905806275 1.373507798026763e-19
    outer loop
      vertex -21.257787467475268 -17.44581531450025 -5
      vertex -22.088207115717736 -16.38173087354192 5
      vertex -22.088207115717736 -16.38173087354192 -5
    endloop
  endfacet
  facet normal -0.6531728429537766 -0.7572088465064845 0
    outer loop
      vertex -17.44581531450025 -21.257787467475268 -5
      vertex -17.44581531450025 -21.257787467475268 5
      vertex -18.46787125829301 -20.376155947261374 -5
    endloop
  endfacet
  facet normal -0.5758081914178436 -0.817584813151585 2.638710168244615e-18
    outer loop
      vertex -16.38173087354192 -22.088207115717736 -5
      vertex -15.27818140803906 -22.865414338319994 -5
      vertex -15.27818140803906 -22.865414338319994 5
    endloop
  endfacet
  facet normal -0.6152315905806275 -0.7883464276266057 1.373507798026763e-19
    outer loop
      vertex -17.44581531450025 -21.257787467475268 -5
      vertex -16.38173087354192 -22.088207115717736 -5
      vertex -16.38173087354192 -22.088207115717736 5
    endloop
  endfacet
  facet normal -0.5349976198870963 -0.8448535652497076 -3.721469206593378e-18
    outer loop
      vertex -15.27818140803906 -22.865414338319994 -5
      vertex -14.137825465313599 -23.58753677500748 -5
      vertex -14.137825465313599 -23.58753677500748 5
    endloop
  endfacet
  facet normal -0.7242470829514668 -0.689540544737067 3.786108852305756e-18
    outer loop
      vertex -19.445436482630058 -19.445436482630058 -5
      vertex -20.376155947261374 -18.46787125829301 5
      vertex -20.376155947261374 -18.46787125829301 -5
    endloop
  endfacet
  facet normal -0.689540544737067 -0.7242470829514668 3.786108852305756e-18
    outer loop
      vertex -19.445436482630058 -19.445436482630058 -5
      vertex -18.46787125829301 -20.376155947261374 -5
      vertex -18.46787125829301 -20.376155947261374 5
    endloop
  endfacet
  facet normal 0 0 -1
    outer loop
      vertex -22.865414338319994 -15.27818140803906 -5
      vertex -22.067668809072686 -4.3895322453628856 -5
      vertex -22.088207115717736 -16.38173087354192 -5
    endloop
  endfacet
  facet normal 0 0 -1
    outer loop
      vertex -21.257787467475268 -17.44581531450025 -5
      vertex -21.184741466617968 -7.580021701324951 -5
      vertex -20.78728948150395 -8.61037722821452 -5
    endloop
  endfacet
  facet normal 0 0 -1
    outer loop
      vertex -21.257787467475268 -17.44581531450025 -5
      vertex -20.78728948150395 -8.61037722821452 -5
      vertex -20.339759095277476 -9.619989602181347 -5
    endloop
  endfacet
  facet normal 0 0 -1
    outer loop
      vertex -22.865414338319994 -15.27818140803906 -5
      vertex -22.256471474207572 -3.3014356752456395 -5
      vertex -22.067668809072686 -4.3895322453628856 -5
    endloop
  endfacet
  facet normal 0 0 -1
    outer loop
      vertex -22.865414338319994 -15.27818140803906 -5
      vertex -22.391656350124432 -2.2053856574151136 -5
      vertex -22.256471474207572 -3.3014356752456395 -5
    endloop
  endfacet
  facet normal 0 0 -1
    outer loop
      vertex -22.088207115717736 -16.38173087354192 -5
      vertex -21.531157553974698 -6.531405238225402 -5
      vertex -21.184741466617968 -7.580021701324951 -5
    endloop
  endfacet
  facet normal 0 0 -1
    outer loop
      vertex -22.088207115717736 -16.38173087354192 -5
      vertex -21.82570319687724 -5.467054047823437 -5
      vertex -21.531157553974698 -6.531405238225402 -5
    endloop
  endfacet
  facet normal 0 0 -1
    outer loop
      vertex -22.088207115717736 -16.38173087354192 -5
      vertex -22.067668809072686 -4.3895322453628856 -5
      vertex -21.82570319687724 -5.467054047823437 -5
    endloop
  endfacet
  facet normal 0 0 -1
    outer loop
      vertex -25.406687144060385 -10.523794390039969 -5
      vertex -24.859705560894692 11.757765069332757 -5
      vertex -24.859705560894692 -11.757765069332757 -5
    endloop
  endfacet
  facet normal 0 0 -1
    outer loop
      vertex -24.252834769579763 -12.963410262714936 -5
      vertex -24.859705560894692 -11.757765069332757 -5
      vertex -24.252834769579763 12.963410262714936 -5
    endloop
  endfacet
  facet normal 0 0 -1
    outer loop
      vertex -26.67585946284996 -6.681954947339756 -5
      vertex -26.971595211088836 -5.364983855443527 -5
      vertex -26.67585946284996 6.681954947339756 -5
    endloop
  endfacet
  facet normal 0 0 -1
    outer loop
      vertex -25.892461792533073 -9.264470968286052 -5
      vertex -26.31585923263574 -7.9828286244977145 -5
      vertex -25.892461792533073 9.264470968286052 -5
    endloop
  endfacet
  facet normal 0 0 -1
    outer loop
      vertex -26.31585923263574 -7.9828286244977145 -5
      vertex -26.67585946284996 -6.681954947339756 -5
      vertex -26.31585923263574 7.9828286244977145 -5
    endloop
  endfacet
  facet normal 0 0 -1
    outer loop
      vertex -27.20235402403148 -4.035088047522448 -5
      vertex -27.367579983485417 -2.6954713590629167 -5
      vertex -27.20235402403148 4.035088047522448 -5
    endloop
  endfacet
  facet normal 0 0 -1
    outer loop
      vertex -26.971595211088836 -5.364983855443527 -5
      vertex -27.20235402403148 -4.035088047522448 -5
      vertex -26.971595211088836 5.364983855443527 -5
    endloop
  endfacet
  facet normal 0 0 -1
    outer loop
      vertex -27.367579983485417 -2.6954713590629167 -5
      vertex -27.46687504564224 -1.3493610440039954 -5
      vertex -27.367579983485417 2.6954713590629167 -5
    endloop
  endfacet
  facet normal 0 0 -1
    outer loop
      vertex -25.406687144060385 -10.523794390039969 -5
      vertex -25.892461792533073 -9.264470968286052 -5
      vertex -25.406687144060385 10.523794390039969 -5
    endloop
  endfacet
  facet normal 0 0 -1
    outer loop
      vertex -22.865414338319994 -15.27818140803906 -5
      vertex -22.47289776461638 -1.1040226723669053 -5
      vertex -22.391656350124432 -2.2053856574151136 -5
    endloop
  endfacet
  facet normal 0 0 -1
    outer loop
      vertex -22.865414338319994 -15.27818140803906 -5
      vertex -22.5 0 -5
      vertex -22.47289776461638 -1.1040226723669053 -5
    endloop
  endfacet
  facet normal 0 0 -1
    outer loop
      vertex -23.58753677500748 -14.137825465313599 -5
      vertex -24.252834769579763 -12.963410262714936 -5
      vertex -23.58753677500748 14.137825465313599 -5
    endloop
  endfacet
  facet normal 0 0 -1
    outer loop
      vertex -23.58753677500748 -14.137825465313599 -5
      vertex -22.865414338319994 15.27818140803906 -5
      vertex -22.865414338319994 -15.27818140803906 -5
    endloop
  endfacet
  facet normal 0 0 -1
    outer loop
      vertex -20.376155947261374 -18.46787125829301 -5
      vertex -19.843228447837987 -10.606426578584946 -5
      vertex -19.29889372500612 -11.56731174434749 -5
    endloop
  endfacet
  facet normal 0 0 -1
    outer loop
      vertex -20.376155947261374 -18.46787125829301 -5
      vertex -20.339759095277476 -9.619989602181347 -5
      vertex -19.843228447837987 -10.606426578584946 -5
    endloop
  endfacet
  facet normal -0.8932243011955152 -0.4496113296546068 9.134745487101515e-19
    outer loop
      vertex -24.252834769579763 -12.963410262714936 -5
      vertex -24.859705560894692 -11.757765069332757 5
      vertex -24.859705560894692 -11.757765069332757 -5
    endloop
  endfacet
  facet normal -0.9142097557035311 -0.40524131400498886 0
    outer loop
      vertex -25.406687144060385 -10.523794390039969 -5
      vertex -24.859705560894692 -11.757765069332757 -5
      vertex -25.406687144060385 -10.523794390039969 5
    endloop
  endfacet
  facet normal -0.9495281805930376 -0.31368174039888874 4.3045977561131078e-19
    outer loop
      vertex -25.892461792533073 -9.264470968286052 -5
      vertex -26.31585923263574 -7.9828286244977145 5
      vertex -26.31585923263574 -7.9828286244977145 -5
    endloop
  endfacet
  facet normal -0.9637760657954393 -0.26671275747490014 -1.2309699554767426e-18
    outer loop
      vertex -26.31585923263574 -7.9828286244977145 -5
      vertex -26.67585946284996 -6.681954947339756 5
      vertex -26.67585946284996 -6.681954947339756 -5
    endloop
  endfacet
  facet normal -0.9329927988347382 -0.3598950365349898 3.3468905625828334e-18
    outer loop
      vertex -25.406687144060385 -10.523794390039969 -5
      vertex -25.892461792533073 -9.264470968286052 5
      vertex -25.892461792533073 -9.264470968286052 -5
    endloop
  endfacet
  facet normal -0.8700869911087106 -0.4928981922297857 -1.2895435149787644e-18
    outer loop
      vertex -23.58753677500748 -14.137825465313599 -5
      vertex -24.252834769579763 -12.963410262714936 5
      vertex -24.252834769579763 -12.963410262714936 -5
    endloop
  endfacet
  facet normal -0.9757021300385289 -0.2191012401568687 -6.309979722825716e-19
    outer loop
      vertex -26.67585946284996 -6.681954947339756 -5
      vertex -26.971595211088836 -5.364983855443527 5
      vertex -26.971595211088836 -5.364983855443527 -5
    endloop
  endfacet
  facet normal -0.9852776423889409 -0.1709618887603037 -1.3840782926357089e-18
    outer loop
      vertex -26.971595211088836 -5.364983855443527 -5
      vertex -27.20235402403148 -4.035088047522448 5
      vertex -27.20235402403148 -4.035088047522448 -5
    endloop
  endfacet
  facet normal -0.99247953459871 -0.12241067519921653 -7.264109120214645e-19
    outer loop
      vertex -27.20235402403148 -4.035088047522448 -5
      vertex -27.367579983485417 -2.6954713590629167 5
      vertex -27.367579983485417 -2.6954713590629167 -5
    endloop
  endfacet
  facet normal -0.9972904566786904 -0.07356456359966516 7.473542544767714e-19
    outer loop
      vertex -27.367579983485417 -2.6954713590629167 -5
      vertex -27.46687504564224 -1.3493610440039954 5
      vertex -27.46687504564224 -1.3493610440039954 -5
    endloop
  endfacet
  facet normal -0.9996988186962042 -0.024541228522912777 -2.4216446803937727e-19
    outer loop
      vertex -27.46687504564224 -1.3493610440039954 -5
      vertex -27.5 0 5
      vertex -27.5 0 -5
    endloop
  endfacet
  facet normal 0 0 -1
    outer loop
      vertex -12.963410262714936 -24.252834769579763 -5
      vertex -11.56731174434749 -19.29889372500612 -5
      vertex -11.757765069332757 -24.859705560894692 -5
    endloop
  endfacet
  facet normal 0 0 -1
    outer loop
      vertex -14.137825465313599 -23.58753677500748 -5
      vertex -12.500330242941049 -18.70806627680727 -5
      vertex -12.963410262714936 -24.252834769579763 -5
    endloop
  endfacet
  facet normal 0 0 -1
    outer loop
      vertex -12.963410262714936 -24.252834769579763 -5
      vertex -12.500330242941049 -18.70806627680727 -5
      vertex -11.56731174434749 -19.29889372500612 -5
    endloop
  endfacet
  facet normal 0 0 -1
    outer loop
      vertex -11.757765069332757 -24.859705560894692 -5
      vertex -9.619989602181347 -20.339759095277476 -5
      vertex -10.523794390039969 -25.406687144060385 -5
    endloop
  endfacet
  facet normal 0 0 -1
    outer loop
      vertex -11.757765069332757 -24.859705560894692 -5
      vertex -11.56731174434749 -19.29889372500612 -5
      vertex -10.606426578584946 -19.843228447837987 -5
    endloop
  endfacet
  facet normal 0 0 -1
    outer loop
      vertex -11.757765069332757 -24.859705560894692 -5
      vertex -10.606426578584946 -19.843228447837987 -5
      vertex -9.619989602181347 -20.339759095277476 -5
    endloop
  endfacet
  facet normal 0 0 -1
    outer loop
      vertex -9.264470968286052 -25.892461792533073 -5
      vertex -7.580021701324951 -21.184741466617968 -5
      vertex -7.9828286244977145 -26.31585923263574 -5
    endloop
  endfacet
  facet normal 0 0 -1
    outer loop
      vertex -7.9828286244977145 -26.31585923263574 -5
      vertex -6.531405238225402 -21.531157553974698 -5
      vertex -6.681954947339756 -26.67585946284996 -5
    endloop
  endfacet
  facet normal 0 0 -1
    outer loop
      vertex -10.523794390039969 -25.406687144060385 -5
      vertex -8.61037722821452 -20.78728948150395 -5
      vertex -9.264470968286052 -25.892461792533073 -5
    endloop
  endfacet
  facet normal 0 0 -1
    outer loop
      vertex -10.523794390039969 -25.406687144060385 -5
      vertex -9.619989602181347 -20.339759095277476 -5
      vertex -8.61037722821452 -20.78728948150395 -5
    endloop
  endfacet
  facet normal 0 0 -1
    outer loop
      vertex -9.264470968286052 -25.892461792533073 -5
      vertex -8.61037722821452 -20.78728948150395 -5
      vertex -7.580021701324951 -21.184741466617968 -5
    endloop
  endfacet
  facet normal 0 0 -1
    outer loop
      vertex -7.9828286244977145 -26.31585923263574 -5
      vertex -7.580021701324951 -21.184741466617968 -5
      vertex -6.531405238225402 -21.531157553974698 -5
    endloop
  endfacet
  facet normal 0 0 -1
    outer loop
      vertex -14.137825465313599 -23.58753677500748 -5
      vertex -13.403234351079751 -18.072169458314512 -5
      vertex -12.500330242941049 -18.70806627680727 -5
    endloop
  endfacet
  facet normal 0 0 -1
    outer loop
      vertex -6.681954947339756 -26.67585946284996 -5
      vertex -4.3895322453628856 -22.067668809072686 -5
      vertex -5.364983855443527 -26.971595211088836 -5
    endloop
  endfacet
  facet normal 0 0 -1
    outer loop
      vertex -5.364983855443527 -26.971595211088836 -5
      vertex -3.3014356752456395 -22.256471474207572 -5
      vertex -4.035088047522448 -27.20235402403148 -5
    endloop
  endfacet
  facet normal 0 0 -1
    outer loop
      vertex -6.681954947339756 -26.67585946284996 -5
      vertex -6.531405238225402 -21.531157553974698 -5
      vertex -5.467054047823437 -21.82570319687724 -5
    endloop
  endfacet
  facet normal 0 0 -1
    outer loop
      vertex -6.681954947339756 -26.67585946284996 -5
      vertex -5.467054047823437 -21.82570319687724 -5
      vertex -4.3895322453628856 -22.067668809072686 -5
    endloop
  endfacet
  facet normal 0 0 -1
    outer loop
      vertex -5.364983855443527 -26.971595211088836 -5
      vertex -4.3895322453628856 -22.067668809072686 -5
      vertex -3.3014356752456395 -22.256471474207572 -5
    endloop
  endfacet
  facet normal 0 0 -1
    outer loop
      vertex -4.035088047522448 -27.20235402403148 -5
      vertex -2.2053856574151136 -22.391656350124432 -5
      vertex -2.6954713590629167 -27.367579983485417 -5
    endloop
  endfacet
  facet normal 0 0 -1
    outer loop
      vertex -2.6954713590629167 -27.367579983485417 -5
      vertex -2.2053856574151136 -22.391656350124432 -5
      vertex -1.1040226723669053 -22.47289776461638 -5
    endloop
  endfacet
  facet normal 0 0 -1
    outer loop
      vertex -1.3493610440039954 -27.46687504564224 -5
      vertex -1.1040226723669053 -22.47289776461638 -5
      vertex 0 -27.5 -5
    endloop
  endfacet
  facet normal 0 0 -1
    outer loop
      vertex -2.6954713590629167 -27.367579983485417 -5
      vertex -1.1040226723669053 -22.47289776461638 -5
      vertex -1.3493610440039954 -27.46687504564224 -5
    endloop
  endfacet
  facet normal 0 0 -1
    outer loop
      vertex 0 -27.5 -5
      vertex -1.1040226723669053 -22.47289776461638 -5
      vertex 0 -22.5 -5
    endloop
  endfacet
  facet normal 0 0 -1
    outer loop
      vertex -4.035088047522448 -27.20235402403148 -5
      vertex -3.3014356752456395 -22.256471474207572 -5
      vertex -2.2053856574151136 -22.391656350124432 -5
    endloop
  endfacet
  facet normal -0.4496113296546068 -0.8932243011955152 9.134745487101515e-19
    outer loop
      vertex -12.963410262714936 -24.252834769579763 -5
      vertex -11.757765069332757 -24.859705560894692 -5
      vertex -11.757765069332757 -24.859705560894692 5
    endloop
  endfacet
  facet normal -0.40524131400498886 -0.9142097557035311 -2.2370322550271693e-19
    outer loop
      vertex -11.757765069332757 -24.859705560894692 -5
      vertex -10.523794390039969 -25.406687144060385 -5
      vertex -10.523794390039969 -25.406687144060385 5
    endloop
  endfacet
  facet normal -0.4928981922297857 -0.8700869911087106 -1.2895435149787644e-18
    outer loop
      vertex -14.137825465313599 -23.58753677500748 -5
      vertex -12.963410262714936 -24.252834769579763 -5
      vertex -12.963410262714936 -24.252834769579763 5
    endloop
  endfacet
  facet normal -0.3598950365349898 -0.9329927988347382 3.3468905625828334e-18
    outer loop
      vertex -10.523794390039969 -25.406687144060385 -5
      vertex -9.264470968286052 -25.892461792533073 -5
      vertex -9.264470968286052 -25.892461792533073 5
    endloop
  endfacet
  facet normal -0.31368174039888874 -0.9495281805930376 4.3045977561131078e-19
    outer loop
      vertex -9.264470968286052 -25.892461792533073 -5
      vertex -7.9828286244977145 -26.31585923263574 -5
      vertex -7.9828286244977145 -26.31585923263574 5
    endloop
  endfacet
  facet normal -0.26671275747490014 -0.9637760657954393 -1.2309699554767426e-18
    outer loop
      vertex -7.9828286244977145 -26.31585923263574 -5
      vertex -6.681954947339756 -26.67585946284996 -5
      vertex -6.681954947339756 -26.67585946284996 5
    endloop
  endfacet
  facet normal -0.2191012401568687 -0.9757021300385289 -6.309979722825716e-19
    outer loop
      vertex -6.681954947339756 -26.67585946284996 -5
      vertex -5.364983855443527 -26.971595211088836 -5
      vertex -5.364983855443527 -26.971595211088836 5
    endloop
  endfacet
  facet normal -0.1709618887603037 -0.9852776423889409 -1.3840782926357089e-18
    outer loop
      vertex -5.364983855443527 -26.971595211088836 -5
      vertex -4.035088047522448 -27.20235402403148 -5
      vertex -4.035088047522448 -27.20235402403148 5
    endloop
  endfacet
  facet normal -0.12241067519921653 -0.99247953459871 -7.264109120214645e-19
    outer loop
      vertex -4.035088047522448 -27.20235402403148 -5
      vertex -2.6954713590629167 -27.367579983485417 -5
      vertex -2.6954713590629167 -27.367579983485417 5
    endloop
  endfacet
  facet normal -0.07356456359966516 -0.9972904566786904 7.473542544767714e-19
    outer loop
      vertex -2.6954713590629167 -27.367579983485417 -5
      vertex -1.3493610440039954 -27.46687504564224 -5
      vertex -1.3493610440039954 -27.46687504564224 5
    endloop
  endfacet
  facet normal -0.024541228522912777 -0.9996988186962042 -2.4216446803937727e-19
    outer loop
      vertex -1.3493610440039954 -27.46687504564224 -5
      vertex 0 -27.5 -5
      vertex 0 -27.5 5
    endloop
  endfacet
  facet normal -0.7572088465064845 -0.6531728429537766 0
    outer loop
      vertex -20.376155947261374 -18.46787125829301 -5
      vertex -20.376155947261374 -18.46787125829301 5
      vertex -21.257787467475268 -17.44581531450025 5
    endloop
  endfacet
  facet normal -0.817584813151585 -0.5758081914178436 0
    outer loop
      vertex -22.088207115717736 -16.38173087354192 -5
      vertex -22.088207115717736 -16.38173087354192 5
      vertex -22.865414338319994 -15.27818140803906 5
    endloop
  endfacet
  facet normal -0.8448535652497076 -0.5349976198870963 0
    outer loop
      vertex -22.865414338319994 -15.27818140803906 -5
      vertex -22.865414338319994 -15.27818140803906 5
      vertex -23.58753677500748 -14.137825465313599 5
    endloop
  endfacet
  facet normal -0.7883464276266057 -0.6152315905806275 0
    outer loop
      vertex -21.257787467475268 -17.44581531450025 -5
      vertex -21.257787467475268 -17.44581531450025 5
      vertex -22.088207115717736 -16.38173087354192 5
    endloop
  endfacet
  facet normal -0.6531728429537766 -0.7572088465064845 0
    outer loop
      vertex -18.46787125829301 -20.376155947261374 -5
      vertex -17.44581531450025 -21.257787467475268 5
      vertex -18.46787125829301 -20.376155947261374 5
    endloop
  endfacet
  facet normal -0.5758081914178436 -0.817584813151585 0
    outer loop
      vertex -16.38173087354192 -22.088207115717736 -5
      vertex -15.27818140803906 -22.865414338319994 5
      vertex -16.38173087354192 -22.088207115717736 5
    endloop
  endfacet
  facet normal -0.6152315905806275 -0.7883464276266057 0
    outer loop
      vertex -17.44581531450025 -21.257787467475268 -5
      vertex -16.38173087354192 -22.088207115717736 5
      vertex -17.44581531450025 -21.257787467475268 5
    endloop
  endfacet
  facet normal -0.5349976198870963 -0.8448535652497076 0
    outer loop
      vertex -15.27818140803906 -22.865414338319994 -5
      vertex -14.137825465313599 -23.58753677500748 5
      vertex -15.27818140803906 -22.865414338319994 5
    endloop
  endfacet
  facet normal -0.7242470829514668 -0.689540544737067 0
    outer loop
      vertex -19.445436482630058 -19.445436482630058 -5
      vertex -19.445436482630058 -19.445436482630058 5
      vertex -20.376155947261374 -18.46787125829301 5
    endloop
  endfacet
  facet normal -0.689540544737067 -0.7242470829514668 0
    outer loop
      vertex -19.445436482630058 -19.445436482630058 -5
      vertex -18.46787125829301 -20.376155947261374 5
      vertex -19.445436482630058 -19.445436482630058 5
    endloop
  endfacet
  facet normal 0 0 1
    outer loop
      vertex -21.257787467475268 -17.44581531450025 5
      vertex -20.376155947261374 -18.46787125829301 5
      vertex -20.78728948150395 -8.61037722821452 5
    endloop
  endfacet
  facet normal 0 0 1
    outer loop
      vertex -15.27818140803906 -22.865414338319994 5
      vertex -14.137825465313599 -23.58753677500748 5
      vertex -15.110076484057915 -16.67140032048658 5
    endloop
  endfacet
  facet normal 0 0 1
    outer loop
      vertex -19.445436482630058 -19.445436482630058 5
      vertex -18.46787125829301 -20.376155947261374 5
      vertex -18.70806627680727 -12.500330242941049 5
    endloop
  endfacet
  facet normal 0 0 1
    outer loop
      vertex -17.44581531450025 -21.257787467475268 5
      vertex -18.072169458314512 -13.403234351079751 5
      vertex -18.46787125829301 -20.376155947261374 5
    endloop
  endfacet
  facet normal 0 0 1
    outer loop
      vertex -19.445436482630058 -19.445436482630058 5
      vertex -19.843228447837987 -10.606426578584946 5
      vertex -20.376155947261374 -18.46787125829301 5
    endloop
  endfacet
  facet normal 0 0 1
    outer loop
      vertex -19.445436482630058 -19.445436482630058 5
      vertex -19.29889372500612 -11.56731174434749 5
      vertex -19.843228447837987 -10.606426578584946 5
    endloop
  endfacet
  facet normal 0 0 1
    outer loop
      vertex -19.445436482630058 -19.445436482630058 5
      vertex -18.70806627680727 -12.500330242941049 5
      vertex -19.29889372500612 -11.56731174434749 5
    endloop
  endfacet
  facet normal 0 0 1
    outer loop
      vertex -17.44581531450025 -21.257787467475268 5
      vertex -17.392735200661583 -14.273848893682024 5
      vertex -18.072169458314512 -13.403234351079751 5
    endloop
  endfacet
  facet normal 0 0 1
    outer loop
      vertex -18.46787125829301 -20.376155947261374 5
      vertex -18.072169458314512 -13.403234351079751 5
      vertex -18.70806627680727 -12.500330242941049 5
    endloop
  endfacet
  facet normal 0 0 1
    outer loop
      vertex -17.44581531450025 -21.257787467475268 5
      vertex -16.38173087354192 -22.088207115717736 5
      vertex -16.67140032048658 -15.110076484057915 5
    endloop
  endfacet
  facet normal 0 0 1
    outer loop
      vertex -16.38173087354192 -22.088207115717736 5
      vertex -15.27818140803906 -22.865414338319994 5
      vertex -15.90990257669732 -15.90990257669732 5
    endloop
  endfacet
  facet normal 0 0 1
    outer loop
      vertex -16.38173087354192 -22.088207115717736 5
      vertex -15.90990257669732 -15.90990257669732 5
      vertex -16.67140032048658 -15.110076484057915 5
    endloop
  endfacet
  facet normal 0 0 1
    outer loop
      vertex -14.137825465313599 -23.58753677500748 5
      vertex -14.273848893682024 -17.392735200661583 5
      vertex -15.110076484057915 -16.67140032048658 5
    endloop
  endfacet
  facet normal 0 0 1
    outer loop
      vertex -14.137825465313599 -23.58753677500748 5
      vertex -13.403234351079751 -18.072169458314512 5
      vertex -14.273848893682024 -17.392735200661583 5
    endloop
  endfacet
  facet normal 0 0 1
    outer loop
      vertex -15.27818140803906 -22.865414338319994 5
      vertex -15.110076484057915 -16.67140032048658 5
      vertex -15.90990257669732 -15.90990257669732 5
    endloop
  endfacet
  facet normal 0 0 1
    outer loop
      vertex -17.44581531450025 -21.257787467475268 5
      vertex -16.67140032048658 -15.110076484057915 5
      vertex -17.392735200661583 -14.273848893682024 5
    endloop
  endfacet
  facet normal -0.8932243011955152 -0.4496113296546068 0
    outer loop
      vertex -24.252834769579763 -12.963410262714936 -5
      vertex -24.252834769579763 -12.963410262714936 5
      vertex -24.859705560894692 -11.757765069332757 5
    endloop
  endfacet
  facet normal -0.9142097557035311 -0.40524131400498886 0
    outer loop
      vertex -24.859705560894692 -11.757765069332757 -5
      vertex -24.859705560894692 -11.757765069332757 5
      vertex -25.406687144060385 -10.523794390039969 5
    endloop
  endfacet
  facet normal -0.9495281805930376 -0.31368174039888874 0
    outer loop
      vertex -25.892461792533073 -9.264470968286052 -5
      vertex -25.892461792533073 -9.264470968286052 5
      vertex -26.31585923263574 -7.9828286244977145 5
    endloop
  endfacet
  facet normal -0.9637760657954393 -0.26671275747490014 0
    outer loop
      vertex -26.31585923263574 -7.9828286244977145 -5
      vertex -26.31585923263574 -7.9828286244977145 5
      vertex -26.67585946284996 -6.681954947339756 5
    endloop
  endfacet
  facet normal -0.9329927988347382 -0.3598950365349898 0
    outer loop
      vertex -25.406687144060385 -10.523794390039969 -5
      vertex -25.406687144060385 -10.523794390039969 5
      vertex -25.892461792533073 -9.264470968286052 5
    endloop
  endfacet
  facet normal -0.8700869911087106 -0.4928981922297857 0
    outer loop
      vertex -23.58753677500748 -14.137825465313599 -5
      vertex -23.58753677500748 -14.137825465313599 5
      vertex -24.252834769579763 -12.963410262714936 5
    endloop
  endfacet
  facet normal -0.9757021300385289 -0.2191012401568687 0
    outer loop
      vertex -26.67585946284996 -6.681954947339756 -5
      vertex -26.67585946284996 -6.681954947339756 5
      vertex -26.971595211088836 -5.364983855443527 5
    endloop
  endfacet
  facet normal -0.9852776423889409 -0.1709618887603037 0
    outer loop
      vertex -26.971595211088836 -5.364983855443527 -5
      vertex -26.971595211088836 -5.364983855443527 5
      vertex -27.20235402403148 -4.035088047522448 5
    endloop
  endfacet
  facet normal -0.99247953459871 -0.12241067519921653 0
    outer loop
      vertex -27.20235402403148 -4.035088047522448 -5
      vertex -27.20235402403148 -4.035088047522448 5
      vertex -27.367579983485417 -2.6954713590629167 5
    endloop
  endfacet
  facet normal -0.9972904566786904 -0.07356456359966516 0
    outer loop
      vertex -27.367579983485417 -2.6954713590629167 -5
      vertex -27.367579983485417 -2.6954713590629167 5
      vertex -27.46687504564224 -1.3493610440039954 5
    endloop
  endfacet
  facet normal -0.9996988186962042 -0.024541228522912777 0
    outer loop
      vertex -27.46687504564224 -1.3493610440039954 -5
      vertex -27.46687504564224 -1.3493610440039954 5
      vertex -27.5 0 5
    endloop
  endfacet
  facet normal 0 0 1
    outer loop
      vertex -22.865414338319994 -15.27818140803906 5
      vertex -22.088207115717736 -16.38173087354192 5
      vertex -22.47289776461638 -1.1040226723669053 5
    endloop
  endfacet
  facet normal 0 0 1
    outer loop
      vertex -21.257787467475268 -17.44581531450025 5
      vertex -21.531157553974698 -6.531405238225402 5
      vertex -22.088207115717736 -16.38173087354192 5
    endloop
  endfacet
  facet normal 0 0 1
    outer loop
      vertex -21.257787467475268 -17.44581531450025 5
      vertex -20.78728948150395 -8.61037722821452 5
      vertex -21.184741466617968 -7.580021701324951 5
    endloop
  endfacet
  facet normal 0 0 1
    outer loop
      vertex -21.257787467475268 -17.44581531450025 5
      vertex -21.184741466617968 -7.580021701324951 5
      vertex -21.531157553974698 -6.531405238225402 5
    endloop
  endfacet
  facet normal 0 0 1
    outer loop
      vertex -22.088207115717736 -16.38173087354192 5
      vertex -21.531157553974698 -6.531405238225402 5
      vertex -21.82570319687724 -5.467054047823437 5
    endloop
  endfacet
  facet normal 0 0 1
    outer loop
      vertex -22.088207115717736 -16.38173087354192 5
      vertex -21.82570319687724 -5.467054047823437 5
      vertex -22.067668809072686 -4.3895322453628856 5
    endloop
  endfacet
  facet normal 0 0 1
    outer loop
      vertex -22.088207115717736 -16.38173087354192 5
      vertex -22.067668809072686 -4.3895322453628856 5
      vertex -22.256471474207572 -3.3014356752456395 5
    endloop
  endfacet
  facet normal 0 0 1
    outer loop
      vertex -22.088207115717736 -16.38173087354192 5
      vertex -22.256471474207572 -3.3014356752456395 5
      vertex -22.391656350124432 -2.2053856574151136 5
    endloop
  endfacet
  facet normal 0 0 1
    outer loop
      vertex -25.406687144060385 -10.523794390039969 5
      vertex -25.892461792533073 9.264470968286052 5
      vertex -25.892461792533073 -9.264470968286052 5
    endloop
  endfacet
  facet normal 0 0 1
    outer loop
      vertex -25.406687144060385 -10.523794390039969 5
      vertex -24.859705560894692 -11.757765069332757 5
      vertex -25.406687144060385 10.523794390039969 5
    endloop
  endfacet
  facet normal 0 0 1
    outer loop
      vertex -24.252834769579763 -12.963410262714936 5
      vertex -24.859705560894692 11.757765069332757 5
      vertex -24.859705560894692 -11.757765069332757 5
    endloop
  endfacet
  facet normal 0 0 1
    outer loop
      vertex -26.971595211088836 -5.364983855443527 5
      vertex -27.20235402403148 4.035088047522448 5
      vertex -27.20235402403148 -4.035088047522448 5
    endloop
  endfacet
  facet normal 0 0 1
    outer loop
      vertex -26.67585946284996 -6.681954947339756 5
      vertex -26.971595211088836 5.364983855443527 5
      vertex -26.971595211088836 -5.364983855443527 5
    endloop
  endfacet
  facet normal 0 0 1
    outer loop
      vertex -26.31585923263574 -7.9828286244977145 5
      vertex -26.67585946284996 6.681954947339756 5
      vertex -26.67585946284996 -6.681954947339756 5
    endloop
  endfacet
  facet normal 0 0 1
    outer loop
      vertex -25.892461792533073 -9.264470968286052 5
      vertex -26.31585923263574 7.9828286244977145 5
      vertex -26.31585923263574 -7.9828286244977145 5
    endloop
  endfacet
  facet normal 0 0 1
    outer loop
      vertex -27.20235402403148 -4.035088047522448 5
      vertex -27.367579983485417 2.6954713590629167 5
      vertex -27.367579983485417 -2.6954713590629167 5
    endloop
  endfacet
  facet normal 0 0 1
    outer loop
      vertex -27.367579983485417 -2.6954713590629167 5
      vertex -27.46687504564224 1.3493610440039954 5
      vertex -27.46687504564224 -1.3493610440039954 5
    endloop
  endfacet
  facet normal 0 0 1
    outer loop
      vertex -22.865414338319994 -15.27818140803906 5
      vertex -22.47289776461638 -1.1040226723669053 5
      vertex -22.5 0 5
    endloop
  endfacet
  facet normal 0 0 1
    outer loop
      vertex -23.58753677500748 -14.137825465313599 5
      vertex -24.252834769579763 12.963410262714936 5
      vertex -24.252834769579763 -12.963410262714936 5
    endloop
  endfacet
  facet normal 0 0 1
    outer loop
      vertex -23.58753677500748 -14.137825465313599 5
      vertex -22.865414338319994 -15.27818140803906 5
      vertex -23.58753677500748 14.137825465313599 5
    endloop
  endfacet
  facet normal 0 0 1
    outer loop
      vertex -22.088207115717736 -16.38173087354192 5
      vertex -22.391656350124432 -2.2053856574151136 5
      vertex -22.47289776461638 -1.1040226723669053 5
    endloop
  endfacet
  facet normal 0 0 1
    outer loop
      vertex -20.376155947261374 -18.46787125829301 5
      vertex -19.843228447837987 -10.606426578584946 5
      vertex -20.339759095277476 -9.619989602181347 5
    endloop
  endfacet
  facet normal 0 0 1
    outer loop
      vertex -20.376155947261374 -18.46787125829301 5
      vertex -20.339759095277476 -9.619989602181347 5
      vertex -20.78728948150395 -8.61037722821452 5
    endloop
  endfacet
  facet normal -0.4496113296546068 -0.8932243011955152 0
    outer loop
      vertex -12.963410262714936 -24.252834769579763 -5
      vertex -11.757765069332757 -24.859705560894692 5
      vertex -12.963410262714936 -24.252834769579763 5
    endloop
  endfacet
  facet normal -0.40524131400498886 -0.9142097557035311 0
    outer loop
      vertex -11.757765069332757 -24.859705560894692 -5
      vertex -10.523794390039969 -25.406687144060385 5
      vertex -11.757765069332757 -24.859705560894692 5
    endloop
  endfacet
  facet normal -0.4928981922297857 -0.8700869911087106 0
    outer loop
      vertex -14.137825465313599 -23.58753677500748 -5
      vertex -12.963410262714936 -24.252834769579763 5
      vertex -14.137825465313599 -23.58753677500748 5
    endloop
  endfacet
  facet normal -0.31368174039888874 -0.9495281805930376 0
    outer loop
      vertex -9.264470968286052 -25.892461792533073 -5
      vertex -7.9828286244977145 -26.31585923263574 5
      vertex -9.264470968286052 -25.892461792533073 5
    endloop
  endfacet
  facet normal -0.3598950365349898 -0.9329927988347382 0
    outer loop
      vertex -10.523794390039969 -25.406687144060385 -5
      vertex -9.264470968286052 -25.892461792533073 5
      vertex -10.523794390039969 -25.406687144060385 5
    endloop
  endfacet
  facet normal -0.26671275747490014 -0.9637760657954393 0
    outer loop
      vertex -7.9828286244977145 -26.31585923263574 -5
      vertex -6.681954947339756 -26.67585946284996 5
      vertex -7.9828286244977145 -26.31585923263574 5
    endloop
  endfacet
  facet normal -0.2191012401568687 -0.9757021300385289 0
    outer loop
      vertex -6.681954947339756 -26.67585946284996 -5
      vertex -5.364983855443527 -26.971595211088836 5
      vertex -6.681954947339756 -26.67585946284996 5
    endloop
  endfacet
  facet normal -0.1709618887603037 -0.9852776423889409 0
    outer loop
      vertex -5.364983855443527 -26.971595211088836 -5
      vertex -4.035088047522448 -27.20235402403148 5
      vertex -5.364983855443527 -26.971595211088836 5
    endloop
  endfacet
  facet normal -0.12241067519921653 -0.99247953459871 0
    outer loop
      vertex -4.035088047522448 -27.20235402403148 -5
      vertex -2.6954713590629167 -27.367579983485417 5
      vertex -4.035088047522448 -27.20235402403148 5
    endloop
  endfacet
  facet normal -0.07356456359966516 -0.9972904566786904 0
    outer loop
      vertex -2.6954713590629167 -27.367579983485417 -5
      vertex -1.3493610440039954 -27.46687504564224 5
      vertex -2.6954713590629167 -27.367579983485417 5
    endloop
  endfacet
  facet normal -0.024541228522912777 -0.9996988186962042 0
    outer loop
      vertex -1.3493610440039954 -27.46687504564224 -5
      vertex 0 -27.5 5
      vertex -1.3493610440039954 -27.46687504564224 5
    endloop
  endfacet
  facet normal 0 0 1
    outer loop
      vertex -12.963410262714936 -24.252834769579763 5
      vertex -11.757765069332757 -24.859705560894692 5
      vertex -12.500330242941049 -18.70806627680727 5
    endloop
  endfacet
  facet normal 0 0 1
    outer loop
      vertex -14.137825465313599 -23.58753677500748 5
      vertex -12.963410262714936 -24.252834769579763 5
      vertex -13.403234351079751 -18.072169458314512 5
    endloop
  endfacet
  facet normal 0 0 1
    outer loop
      vertex -11.757765069332757 -24.859705560894692 5
      vertex -10.523794390039969 -25.406687144060385 5
      vertex -11.56731174434749 -19.29889372500612 5
    endloop
  endfacet
  facet normal 0 0 1
    outer loop
      vertex -11.757765069332757 -24.859705560894692 5
      vertex -11.56731174434749 -19.29889372500612 5
      vertex -12.500330242941049 -18.70806627680727 5
    endloop
  endfacet
  facet normal 0 0 1
    outer loop
      vertex -10.523794390039969 -25.406687144060385 5
      vertex -10.606426578584946 -19.843228447837987 5
      vertex -11.56731174434749 -19.29889372500612 5
    endloop
  endfacet
  facet normal 0 0 1
    outer loop
      vertex -9.264470968286052 -25.892461792533073 5
      vertex -7.9828286244977145 -26.31585923263574 5
      vertex -8.61037722821452 -20.78728948150395 5
    endloop
  endfacet
  facet normal 0 0 1
    outer loop
      vertex -7.9828286244977145 -26.31585923263574 5
      vertex -6.681954947339756 -26.67585946284996 5
      vertex -7.580021701324951 -21.184741466617968 5
    endloop
  endfacet
  facet normal 0 0 1
    outer loop
      vertex -10.523794390039969 -25.406687144060385 5
      vertex -9.264470968286052 -25.892461792533073 5
      vertex -9.619989602181347 -20.339759095277476 5
    endloop
  endfacet
  facet normal 0 0 1
    outer loop
      vertex -10.523794390039969 -25.406687144060385 5
      vertex -9.619989602181347 -20.339759095277476 5
      vertex -10.606426578584946 -19.843228447837987 5
    endloop
  endfacet
  facet normal 0 0 1
    outer loop
      vertex -9.264470968286052 -25.892461792533073 5
      vertex -8.61037722821452 -20.78728948150395 5
      vertex -9.619989602181347 -20.339759095277476 5
    endloop
  endfacet
  facet normal 0 0 1
    outer loop
      vertex -7.9828286244977145 -26.31585923263574 5
      vertex -7.580021701324951 -21.184741466617968 5
      vertex -8.61037722821452 -20.78728948150395 5
    endloop
  endfacet
  facet normal 0 0 1
    outer loop
      vertex -6.681954947339756 -26.67585946284996 5
      vertex -6.531405238225402 -21.531157553974698 5
      vertex -7.580021701324951 -21.184741466617968 5
    endloop
  endfacet
  facet normal 0 0 1
    outer loop
      vertex -12.963410262714936 -24.252834769579763 5
      vertex -12.500330242941049 -18.70806627680727 5
      vertex -13.403234351079751 -18.072169458314512 5
    endloop
  endfacet
  facet normal 0 0 1
    outer loop
      vertex -6.681954947339756 -26.67585946284996 5
      vertex -5.364983855443527 -26.971595211088836 5
      vertex -6.531405238225402 -21.531157553974698 5
    endloop
  endfacet
  facet normal 0 0 1
    outer loop
      vertex -5.364983855443527 -26.971595211088836 5
      vertex -4.035088047522448 -27.20235402403148 5
      vertex -4.3895322453628856 -22.067668809072686 5
    endloop
  endfacet
  facet normal 0 0 1
    outer loop
      vertex -5.364983855443527 -26.971595211088836 5
      vertex -5.467054047823437 -21.82570319687724 5
      vertex -6.531405238225402 -21.531157553974698 5
    endloop
  endfacet
  facet normal 0 0 1
    outer loop
      vertex -5.364983855443527 -26.971595211088836 5
      vertex -4.3895322453628856 -22.067668809072686 5
      vertex -5.467054047823437 -21.82570319687724 5
    endloop
  endfacet
  facet normal 0 0 1
    outer loop
      vertex -4.035088047522448 -27.20235402403148 5
      vertex -3.3014356752456395 -22.256471474207572 5
      vertex -4.3895322453628856 -22.067668809072686 5
    endloop
  endfacet
  facet normal 0 0 1
    outer loop
      vertex -4.035088047522448 -27.20235402403148 5
      vertex -2.6954713590629167 -27.367579983485417 5
      vertex -3.3014356752456395 -22.256471474207572 5
    endloop
  endfacet
  facet normal 0 0 1
    outer loop
      vertex -2.6954713590629167 -27.367579983485417 5
      vertex -1.3493610440039954 -27.46687504564224 5
      vertex -2.2053856574151136 -22.391656350124432 5
    endloop
  endfacet
  facet normal 0 0 1
    outer loop
      vertex -1.3493610440039954 -27.46687504564224 5
      vertex 0 -27.5 5
      vertex -1.1040226723669053 -22.47289776461638 5
    endloop
  endfacet
  facet normal 0 0 1
    outer loop
      vertex -1.3493610440039954 -27.46687504564224 5
      vertex -1.1040226723669053 -22.47289776461638 5
      vertex -2.2053856574151136 -22.391656350124432 5
    endloop
  endfacet
  facet normal 0 0 1
    outer loop
      vertex 0 -27.5 5
      vertex 0 -22.5 5
      vertex -1.1040226723669053 -22.47289776461638 5
    endloop
  endfacet
  facet normal 0 0 1
    outer loop
      vertex -2.6954713590629167 -27.367579983485417 5
      vertex -2.2053856574151136 -22.391656350124432 5
      vertex -3.3014356752456395 -22.256471474207572 5
    endloop
  endfacet
  facet normal 0 0 -1
    outer loop
      vertex -27.46687504564224 -1.3493610440039954 -5
      vertex -27.5 0 -5
      vertex -27.46687504564224 1.3493610440039954 -5
    endloop
  endfacet
  facet normal 0 0 -1
    outer loop
      vertex -27.46687504564224 -1.3493610440039954 -5
      vertex -27.46687504564224 1.3493610440039954 -5
      vertex -27.367579983485417 2.6954713590629167 -5
    endloop
  endfacet
  facet normal 0 0 -1
    outer loop
      vertex -27.367579983485417 -2.6954713590629167 -5
      vertex -27.367579983485417 2.6954713590629167 -5
      vertex -27.20235402403148 4.035088047522448 -5
    endloop
  endfacet
  facet normal 0 0 -1
    outer loop
      vertex -27.20235402403148 -4.035088047522448 -5
      vertex -27.20235402403148 4.035088047522448 -5
      vertex -26.971595211088836 5.364983855443527 -5
    endloop
  endfacet
  facet normal 0 0 -1
    outer loop
      vertex -26.971595211088836 -5.364983855443527 -5
      vertex -26.971595211088836 5.364983855443527 -5
      vertex -26.67585946284996 6.681954947339756 -5
    endloop
  endfacet
  facet normal 0 0 -1
    outer loop
      vertex -26.67585946284996 -6.681954947339756 -5
      vertex -26.67585946284996 6.681954947339756 -5
      vertex -26.31585923263574 7.9828286244977145 -5
    endloop
  endfacet
  facet normal 0 0 -1
    outer loop
      vertex -26.31585923263574 -7.9828286244977145 -5
      vertex -26.31585923263574 7.9828286244977145 -5
      vertex -25.892461792533073 9.264470968286052 -5
    endloop
  endfacet
  facet normal 0 0 -1
    outer loop
      vertex -25.892461792533073 -9.264470968286052 -5
      vertex -25.892461792533073 9.264470968286052 -5
      vertex -25.406687144060385 10.523794390039969 -5
    endloop
  endfacet
  facet normal 0 0 -1
    outer loop
      vertex -25.406687144060385 -10.523794390039969 -5
      vertex -25.406687144060385 10.523794390039969 -5
      vertex -24.859705560894692 11.757765069332757 -5
    endloop
  endfacet
  facet normal 0 0 -1
    outer loop
      vertex -24.859705560894692 -11.757765069332757 -5
      vertex -24.859705560894692 11.757765069332757 -5
      vertex -24.252834769579763 12.963410262714936 -5
    endloop
  endfacet
  facet normal 0 0 -1
    outer loop
      vertex -22.865414338319994 -15.27818140803906 -5
      vertex -22.865414338319994 15.27818140803906 -5
      vertex -22.5 0 -5
    endloop
  endfacet
  facet normal 0 0 -1
    outer loop
      vertex -24.252834769579763 -12.963410262714936 -5
      vertex -24.252834769579763 12.963410262714936 -5
      vertex -23.58753677500748 14.137825465313599 -5
    endloop
  endfacet
  facet normal 0 0 -1
    outer loop
      vertex -23.58753677500748 -14.137825465313599 -5
      vertex -23.58753677500748 14.137825465313599 -5
      vertex -22.865414338319994 15.27818140803906 -5
    endloop
  endfacet
  facet normal 0 0 -1
    outer loop
      vertex -22.865414338319994 15.27818140803906 -5
      vertex -22.47289776461638 1.1040226723669053 -5
      vertex -22.5 0 -5
    endloop
  endfacet
  facet normal 0 0 -1
    outer loop
      vertex -22.088207115717736 16.38173087354192 -5
      vertex -22.391656350124432 2.2053856574151136 -5
      vertex -22.47289776461638 1.1040226723669053 -5
    endloop
  endfacet
  facet normal 0 0 -1
    outer loop
      vertex -22.088207115717736 16.38173087354192 -5
      vertex -22.256471474207572 3.3014356752456395 -5
      vertex -22.391656350124432 2.2053856574151136 -5
    endloop
  endfacet
  facet normal 0 0 -1
    outer loop
      vertex -22.088207115717736 16.38173087354192 -5
      vertex -22.067668809072686 4.3895322453628856 -5
      vertex -22.256471474207572 3.3014356752456395 -5
    endloop
  endfacet
  facet normal 0 0 -1
    outer loop
      vertex -22.088207115717736 16.38173087354192 -5
      vertex -21.82570319687724 5.467054047823437 -5
      vertex -22.067668809072686 4.3895322453628856 -5
    endloop
  endfacet
  facet normal 0 0 -1
    outer loop
      vertex -22.088207115717736 16.38173087354192 -5
      vertex -21.531157553974698 6.531405238225402 -5
      vertex -21.82570319687724 5.467054047823437 -5
    endloop
  endfacet
  facet normal 0 0 -1
    outer loop
      vertex -22.865414338319994 15.27818140803906 -5
      vertex -22.088207115717736 16.38173087354192 -5
      vertex -22.47289776461638 1.1040226723669053 -5
    endloop
  endfacet
  facet normal 0 0 -1
    outer loop
      vertex -21.257787467475268 17.44581531450025 -5
      vertex -21.184741466617968 7.580021701324951 -5
      vertex -21.531157553974698 6.531405238225402 -5
    endloop
  endfacet
  facet normal 0 0 -1
    outer loop
      vertex -21.257787467475268 17.44581531450025 -5
      vertex -20.78728948150395 8.61037722821452 -5
      vertex -21.184741466617968 7.580021701324951 -5
    endloop
  endfacet
  facet normal 0 0 -1
    outer loop
      vertex -22.088207115717736 16.38173087354192 -5
      vertex -21.257787467475268 17.44581531450025 -5
      vertex -21.531157553974698 6.531405238225402 -5
    endloop
  endfacet
  facet normal 0 0 -1
    outer loop
      vertex -20.376155947261374 18.46787125829301 -5
      vertex -20.339759095277476 9.619989602181347 -5
      vertex -20.78728948150395 8.61037722821452 -5
    endloop
  endfacet
  facet normal 0 0 -1
    outer loop
      vertex -20.376155947261374 18.46787125829301 -5
      vertex -19.843228447837987 10.606426578584946 -5
      vertex -20.339759095277476 9.619989602181347 -5
    endloop
  endfacet
  facet normal -0.9996988186962042 0.024541228522912777 2.4216446803937727e-19
    outer loop
      vertex -27.5 0 -5
      vertex -27.46687504564224 1.3493610440039954 5
      vertex -27.46687504564224 1.3493610440039954 -5
    endloop
  endfacet
  facet normal -0.9972904566786904 0.07356456359966516 -7.473542544767714e-19
    outer loop
      vertex -27.46687504564224 1.3493610440039954 -5
      vertex -27.367579983485417 2.6954713590629167 5
      vertex -27.367579983485417 2.6954713590629167 -5
    endloop
  endfacet
  facet normal -0.99247953459871 0.12241067519921653 7.264109120214645e-19
    outer loop
      vertex -27.367579983485417 2.6954713590629167 -5
      vertex -27.20235402403148 4.035088047522448 5
      vertex -27.20235402403148 4.035088047522448 -5
    endloop
  endfacet
  facet normal -0.9852776423889409 0.1709618887603037 1.3840782926357089e-18
    outer loop
      vertex -27.20235402403148 4.035088047522448 -5
      vertex -26.971595211088836 5.364983855443527 5
      vertex -26.971595211088836 5.364983855443527 -5
    endloop
  endfacet
  facet normal -0.9757021300385289 0.2191012401568687 6.309979722825716e-19
    outer loop
      vertex -26.971595211088836 5.364983855443527 -5
      vertex -26.67585946284996 6.681954947339756 5
      vertex -26.67585946284996 6.681954947339756 -5
    endloop
  endfacet
  facet normal -0.9637760657954393 0.26671275747490014 1.2309699554767426e-18
    outer loop
      vertex -26.67585946284996 6.681954947339756 -5
      vertex -26.31585923263574 7.9828286244977145 5
      vertex -26.31585923263574 7.9828286244977145 -5
    endloop
  endfacet
  facet normal -0.9495281805930376 0.31368174039888874 -4.3045977561131078e-19
    outer loop
      vertex -26.31585923263574 7.9828286244977145 -5
      vertex -25.892461792533073 9.264470968286052 5
      vertex -25.892461792533073 9.264470968286052 -5
    endloop
  endfacet
  facet normal -0.9329927988347382 0.3598950365349898 -3.3468905625828334e-18
    outer loop
      vertex -25.892461792533073 9.264470968286052 -5
      vertex -25.406687144060385 10.523794390039969 5
      vertex -25.406687144060385 10.523794390039969 -5
    endloop
  endfacet
  facet normal -0.9142097557035311 0.40524131400498886 2.2370322550271693e-19
    outer loop
      vertex -25.406687144060385 10.523794390039969 -5
      vertex -24.859705560894692 11.757765069332757 5
      vertex -24.859705560894692 11.757765069332757 -5
    endloop
  endfacet
  facet normal -0.8932243011955152 0.4496113296546068 -9.134745487101515e-19
    outer loop
      vertex -24.859705560894692 11.757765069332757 -5
      vertex -24.252834769579763 12.963410262714936 5
      vertex -24.252834769579763 12.963410262714936 -5
    endloop
  endfacet
  facet normal -0.8700869911087106 0.4928981922297857 1.2895435149787644e-18
    outer loop
      vertex -24.252834769579763 12.963410262714936 -5
      vertex -23.58753677500748 14.137825465313599 5
      vertex -23.58753677500748 14.137825465313599 -5
    endloop
  endfacet
  facet normal 0 0 -1
    outer loop
      vertex -21.257787467475268 17.44581531450025 -5
      vertex -20.376155947261374 18.46787125829301 -5
      vertex -20.78728948150395 8.61037722821452 -5
    endloop
  endfacet
  facet normal 0 0 -1
    outer loop
      vertex -19.445436482630058 19.445436482630058 -5
      vertex -19.29889372500612 11.56731174434749 -5
      vertex -19.843228447837987 10.606426578584946 -5
    endloop
  endfacet
  facet normal 0 0 -1
    outer loop
      vertex -19.445436482630058 19.445436482630058 -5
      vertex -18.70806627680727 12.500330242941049 -5
      vertex -19.29889372500612 11.56731174434749 -5
    endloop
  endfacet
  facet normal 0 0 -1
    outer loop
      vertex -20.376155947261374 18.46787125829301 -5
      vertex -19.445436482630058 19.445436482630058 -5
      vertex -19.843228447837987 10.606426578584946 -5
    endloop
  endfacet
  facet normal 0 0 -1
    outer loop
      vertex -18.46787125829301 20.376155947261374 -5
      vertex -18.072169458314512 13.403234351079751 -5
      vertex -18.70806627680727 12.500330242941049 -5
    endloop
  endfacet
  facet normal 0 0 -1
    outer loop
      vertex -17.44581531450025 21.257787467475268 -5
      vertex -17.392735200661583 14.273848893682024 -5
      vertex -18.072169458314512 13.403234351079751 -5
    endloop
  endfacet
  facet normal 0 0 -1
    outer loop
      vertex -19.445436482630058 19.445436482630058 -5
      vertex -18.46787125829301 20.376155947261374 -5
      vertex -18.70806627680727 12.500330242941049 -5
    endloop
  endfacet
  facet normal 0 0 -1
    outer loop
      vertex -18.46787125829301 20.376155947261374 -5
      vertex -17.44581531450025 21.257787467475268 -5
      vertex -18.072169458314512 13.403234351079751 -5
    endloop
  endfacet
  facet normal 0 0 -1
    outer loop
      vertex -17.44581531450025 21.257787467475268 -5
      vertex -16.67140032048658 15.110076484057915 -5
      vertex -17.392735200661583 14.273848893682024 -5
    endloop
  endfacet
  facet normal 0 0 -1
    outer loop
      vertex -16.38173087354192 22.088207115717736 -5
      vertex -15.90990257669732 15.90990257669732 -5
      vertex -16.67140032048658 15.110076484057915 -5
    endloop
  endfacet
  facet normal 0 0 -1
    outer loop
      vertex -17.44581531450025 21.257787467475268 -5
      vertex -16.38173087354192 22.088207115717736 -5
      vertex -16.67140032048658 15.110076484057915 -5
    endloop
  endfacet
  facet normal 0 0 -1
    outer loop
      vertex -16.38173087354192 22.088207115717736 -5
      vertex -15.27818140803906 22.865414338319994 -5
      vertex -15.90990257669732 15.90990257669732 -5
    endloop
  endfacet
  facet normal 0 0 -1
    outer loop
      vertex -15.27818140803906 22.865414338319994 -5
      vertex -15.110076484057915 16.67140032048658 -5
      vertex -15.90990257669732 15.90990257669732 -5
    endloop
  endfacet
  facet normal 0 0 -1
    outer loop
      vertex -14.137825465313599 23.58753677500748 -5
      vertex -14.273848893682024 17.392735200661583 -5
      vertex -15.110076484057915 16.67140032048658 -5
    endloop
  endfacet
  facet normal 0 0 -1
    outer loop
      vertex -14.137825465313599 23.58753677500748 -5
      vertex -13.403234351079751 18.072169458314512 -5
      vertex -14.273848893682024 17.392735200661583 -5
    endloop
  endfacet
  facet normal 0 0 -1
    outer loop
      vertex -15.27818140803906 22.865414338319994 -5
      vertex -14.137825465313599 23.58753677500748 -5
      vertex -15.110076484057915 16.67140032048658 -5
    endloop
  endfacet
  facet normal -0.8448535652497076 0.5349976198870963 3.721469206593378e-18
    outer loop
      vertex -23.58753677500748 14.137825465313599 -5
      vertex -22.865414338319994 15.27818140803906 5
      vertex -22.865414338319994 15.27818140803906 -5
    endloop
  endfacet
  facet normal -0.817584813151585 0.5758081914178436 -2.638710168244615e-18
    outer loop
      vertex -22.865414338319994 15.27818140803906 -5
      vertex -22.088207115717736 16.38173087354192 5
      vertex -22.088207115717736 16.38173087354192 -5
    endloop
  endfacet
  facet normal -0.7883464276266057 0.6152315905806275 -1.373507798026763e-19
    outer loop
      vertex -22.088207115717736 16.38173087354192 -5
      vertex -21.257787467475268 17.44581531450025 5
      vertex -21.257787467475268 17.44581531450025 -5
    endloop
  endfacet
  facet normal -0.7572088465064845 0.6531728429537766 -1.5017423517985432e-18
    outer loop
      vertex -21.257787467475268 17.44581531450025 -5
      vertex -20.376155947261374 18.46787125829301 5
      vertex -20.376155947261374 18.46787125829301 -5
    endloop
  endfacet
  facet normal -0.7242470829514668 0.689540544737067 -3.786108852305756e-18
    outer loop
      vertex -20.376155947261374 18.46787125829301 -5
      vertex -19.445436482630058 19.445436482630058 5
      vertex -19.445436482630058 19.445436482630058 -5
    endloop
  endfacet
  facet normal -0.689540544737067 0.7242470829514668 0
    outer loop
      vertex -19.445436482630058 19.445436482630058 -5
      vertex -19.445436482630058 19.445436482630058 5
      vertex -18.46787125829301 20.376155947261374 -5
    endloop
  endfacet
  facet normal -0.6531728429537766 0.7572088465064845 0
    outer loop
      vertex -18.46787125829301 20.376155947261374 -5
      vertex -18.46787125829301 20.376155947261374 5
      vertex -17.44581531450025 21.257787467475268 -5
    endloop
  endfacet
  facet normal -0.6152315905806275 0.7883464276266057 0
    outer loop
      vertex -17.44581531450025 21.257787467475268 -5
      vertex -17.44581531450025 21.257787467475268 5
      vertex -16.38173087354192 22.088207115717736 -5
    endloop
  endfacet
  facet normal -0.5758081914178436 0.817584813151585 0
    outer loop
      vertex -16.38173087354192 22.088207115717736 -5
      vertex -16.38173087354192 22.088207115717736 5
      vertex -15.27818140803906 22.865414338319994 -5
    endloop
  endfacet
  facet normal -0.5349976198870963 0.8448535652497076 0
    outer loop
      vertex -15.27818140803906 22.865414338319994 -5
      vertex -15.27818140803906 22.865414338319994 5
      vertex -14.137825465313599 23.58753677500748 -5
    endloop
  endfacet
  facet normal 0 0 -1
    outer loop
      vertex -12.963410262714936 24.252834769579763 -5
      vertex -12.500330242941049 18.70806627680727 -5
      vertex -13.403234351079751 18.072169458314512 -5
    endloop
  endfacet
  facet normal 0 0 -1
    outer loop
      vertex -14.137825465313599 23.58753677500748 -5
      vertex -12.963410262714936 24.252834769579763 -5
      vertex -13.403234351079751 18.072169458314512 -5
    endloop
  endfacet
  facet normal 0 0 -1
    outer loop
      vertex -12.963410262714936 24.252834769579763 -5
      vertex -11.757765069332757 24.859705560894692 -5
      vertex -12.500330242941049 18.70806627680727 -5
    endloop
  endfacet
  facet normal 0 0 -1
    outer loop
      vertex -11.757765069332757 24.859705560894692 -5
      vertex -11.56731174434749 19.29889372500612 -5
      vertex -12.500330242941049 18.70806627680727 -5
    endloop
  endfacet
  facet normal 0 0 -1
    outer loop
      vertex -10.523794390039969 25.406687144060385 -5
      vertex -10.606426578584946 19.843228447837987 -5
      vertex -11.56731174434749 19.29889372500612 -5
    endloop
  endfacet
  facet normal 0 0 -1
    outer loop
      vertex -11.757765069332757 24.859705560894692 -5
      vertex -10.523794390039969 25.406687144060385 -5
      vertex -11.56731174434749 19.29889372500612 -5
    endloop
  endfacet
  facet normal 0 0 -1
    outer loop
      vertex -10.523794390039969 25.406687144060385 -5
      vertex -9.619989602181347 20.339759095277476 -5
      vertex -10.606426578584946 19.843228447837987 -5
    endloop
  endfacet
  facet normal 0 0 -1
    outer loop
      vertex -9.264470968286052 25.892461792533073 -5
      vertex -8.61037722821452 20.78728948150395 -5
      vertex -9.619989602181347 20.339759095277476 -5
    endloop
  endfacet
  facet normal 0 0 -1
    outer loop
      vertex -10.523794390039969 25.406687144060385 -5
      vertex -9.264470968286052 25.892461792533073 -5
      vertex -9.619989602181347 20.339759095277476 -5
    endloop
  endfacet
  facet normal 0 0 -1
    outer loop
      vertex -7.9828286244977145 26.31585923263574 -5
      vertex -7.580021701324951 21.184741466617968 -5
      vertex -8.61037722821452 20.78728948150395 -5
    endloop
  endfacet
  facet normal 0 0 -1
    outer loop
      vertex -6.681954947339756 26.67585946284996 -5
      vertex -6.531405238225402 21.531157553974698 -5
      vertex -7.580021701324951 21.184741466617968 -5
    endloop
  endfacet
  facet normal 0 0 -1
    outer loop
      vertex -9.264470968286052 25.892461792533073 -5
      vertex -7.9828286244977145 26.31585923263574 -5
      vertex -8.61037722821452 20.78728948150395 -5
    endloop
  endfacet
  facet normal 0 0 -1
    outer loop
      vertex -7.9828286244977145 26.31585923263574 -5
      vertex -6.681954947339756 26.67585946284996 -5
      vertex -7.580021701324951 21.184741466617968 -5
    endloop
  endfacet
  facet normal 0 0 -1
    outer loop
      vertex -5.364983855443527 26.971595211088836 -5
      vertex -5.467054047823437 21.82570319687724 -5
      vertex -6.531405238225402 21.531157553974698 -5
    endloop
  endfacet
  facet normal 0 0 -1
    outer loop
      vertex -5.364983855443527 26.971595211088836 -5
      vertex -4.3895322453628856 22.067668809072686 -5
      vertex -5.467054047823437 21.82570319687724 -5
    endloop
  endfacet
  facet normal 0 0 -1
    outer loop
      vertex -4.035088047522448 27.20235402403148 -5
      vertex -3.3014356752456395 22.256471474207572 -5
      vertex -4.3895322453628856 22.067668809072686 -5
    endloop
  endfacet
  facet normal 0 0 -1
    outer loop
      vertex -6.681954947339756 26.67585946284996 -5
      vertex -5.364983855443527 26.971595211088836 -5
      vertex -6.531405238225402 21.531157553974698 -5
    endloop
  endfacet
  facet normal 0 0 -1
    outer loop
      vertex -5.364983855443527 26.971595211088836 -5
      vertex -4.035088047522448 27.20235402403148 -5
      vertex -4.3895322453628856 22.067668809072686 -5
    endloop
  endfacet
  facet normal 0 0 -1
    outer loop
      vertex -2.6954713590629167 27.367579983485417 -5
      vertex -2.2053856574151136 22.391656350124432 -5
      vertex -3.3014356752456395 22.256471474207572 -5
    endloop
  endfacet
  facet normal 0 0 -1
    outer loop
      vertex -4.035088047522448 27.20235402403148 -5
      vertex -2.6954713590629167 27.367579983485417 -5
      vertex -3.3014356752456395 22.256471474207572 -5
    endloop
  endfacet
  facet normal 0 0 -1
    outer loop
      vertex -2.6954713590629167 27.367579983485417 -5
      vertex -1.3493610440039954 27.46687504564224 -5
      vertex -2.2053856574151136 22.391656350124432 -5
    endloop
  endfacet
  facet normal 0 0 -1
    outer loop
      vertex -1.3493610440039954 27.46687504564224 -5
      vertex -1.1040226723669053 22.47289776461638 -5
      vertex -2.2053856574151136 22.391656350124432 -5
    endloop
  endfacet
  facet normal 0 0 -1
    outer loop
      vertex 0 27.5 -5
      vertex 0 22.5 -5
      vertex -1.1040226723669053 22.47289776461638 -5
    endloop
  endfacet
  facet normal 0 0 -1
    outer loop
      vertex -1.3493610440039954 27.46687504564224 -5
      vertex 0 27.5 -5
      vertex -1.1040226723669053 22.47289776461638 -5
    endloop
  endfacet
  facet normal -0.4928981922297857 0.8700869911087106 0
    outer loop
      vertex -14.137825465313599 23.58753677500748 -5
      vertex -14.137825465313599 23.58753677500748 5
      vertex -12.963410262714936 24.252834769579763 -5
    endloop
  endfacet
  facet normal -0.4496113296546068 0.8932243011955152 0
    outer loop
      vertex -12.963410262714936 24.252834769579763 -5
      vertex -12.963410262714936 24.252834769579763 5
      vertex -11.757765069332757 24.859705560894692 -5
    endloop
  endfacet
  facet normal -0.40524131400498886 0.9142097557035311 0
    outer loop
      vertex -11.757765069332757 24.859705560894692 -5
      vertex -11.757765069332757 24.859705560894692 5
      vertex -10.523794390039969 25.406687144060385 -5
    endloop
  endfacet
  facet normal -0.3598950365349898 0.9329927988347382 0
    outer loop
      vertex -10.523794390039969 25.406687144060385 -5
      vertex -10.523794390039969 25.406687144060385 5
      vertex -9.264470968286052 25.892461792533073 -5
    endloop
  endfacet
  facet normal -0.31368174039888874 0.9495281805930376 0
    outer loop
      vertex -9.264470968286052 25.892461792533073 -5
      vertex -9.264470968286052 25.892461792533073 5
      vertex -7.9828286244977145 26.31585923263574 -5
    endloop
  endfacet
  facet normal -0.26671275747490014 0.9637760657954393 0
    outer loop
      vertex -7.9828286244977145 26.31585923263574 -5
      vertex -7.9828286244977145 26.31585923263574 5
      vertex -6.681954947339756 26.67585946284996 -5
    endloop
  endfacet
  facet normal -0.2191012401568687 0.9757021300385289 0
    outer loop
      vertex -6.681954947339756 26.67585946284996 -5
      vertex -6.681954947339756 26.67585946284996 5
      vertex -5.364983855443527 26.971595211088836 -5
    endloop
  endfacet
  facet normal -0.1709618887603037 0.9852776423889409 0
    outer loop
      vertex -5.364983855443527 26.971595211088836 -5
      vertex -5.364983855443527 26.971595211088836 5
      vertex -4.035088047522448 27.20235402403148 -5
    endloop
  endfacet
  facet normal -0.12241067519921653 0.99247953459871 0
    outer loop
      vertex -4.035088047522448 27.20235402403148 -5
      vertex -4.035088047522448 27.20235402403148 5
      vertex -2.6954713590629167 27.367579983485417 -5
    endloop
  endfacet
  facet normal -0.07356456359966516 0.9972904566786904 0
    outer loop
      vertex -2.6954713590629167 27.367579983485417 -5
      vertex -2.6954713590629167 27.367579983485417 5
      vertex -1.3493610440039954 27.46687504564224 -5
    endloop
  endfacet
  facet normal -0.024541228522912777 0.9996988186962042 0
    outer loop
      vertex -1.3493610440039954 27.46687504564224 -5
      vertex -1.3493610440039954 27.46687504564224 5
      vertex 0 27.5 -5
    endloop
  endfacet
  facet normal -0.9996988186962042 0.024541228522912777 0
    outer loop
      vertex -27.5 0 -5
      vertex -27.5 0 5
      vertex -27.46687504564224 1.3493610440039954 5
    endloop
  endfacet
  facet normal -0.9972904566786904 0.07356456359966516 0
    outer loop
      vertex -27.46687504564224 1.3493610440039954 -5
      vertex -27.46687504564224 1.3493610440039954 5
      vertex -27.367579983485417 2.6954713590629167 5
    endloop
  endfacet
  facet normal -0.99247953459871 0.12241067519921653 0
    outer loop
      vertex -27.367579983485417 2.6954713590629167 -5
      vertex -27.367579983485417 2.6954713590629167 5
      vertex -27.20235402403148 4.035088047522448 5
    endloop
  endfacet
  facet normal -0.9852776423889409 0.1709618887603037 0
    outer loop
      vertex -27.20235402403148 4.035088047522448 -5
      vertex -27.20235402403148 4.035088047522448 5
      vertex -26.971595211088836 5.364983855443527 5
    endloop
  endfacet
  facet normal -0.9757021300385289 0.2191012401568687 0
    outer loop
      vertex -26.971595211088836 5.364983855443527 -5
      vertex -26.971595211088836 5.364983855443527 5
      vertex -26.67585946284996 6.681954947339756 5
    endloop
  endfacet
  facet normal -0.9637760657954393 0.26671275747490014 0
    outer loop
      vertex -26.67585946284996 6.681954947339756 -5
      vertex -26.67585946284996 6.681954947339756 5
      vertex -26.31585923263574 7.9828286244977145 5
    endloop
  endfacet
  facet normal -0.9495281805930376 0.31368174039888874 0
    outer loop
      vertex -26.31585923263574 7.9828286244977145 -5
      vertex -26.31585923263574 7.9828286244977145 5
      vertex -25.892461792533073 9.264470968286052 5
    endloop
  endfacet
  facet normal -0.9329927988347382 0.3598950365349898 0
    outer loop
      vertex -25.892461792533073 9.264470968286052 -5
      vertex -25.892461792533073 9.264470968286052 5
      vertex -25.406687144060385 10.523794390039969 5
    endloop
  endfacet
  facet normal -0.9142097557035311 0.40524131400498886 0
    outer loop
      vertex -25.406687144060385 10.523794390039969 -5
      vertex -25.406687144060385 10.523794390039969 5
      vertex -24.859705560894692 11.757765069332757 5
    endloop
  endfacet
  facet normal -0.8932243011955152 0.4496113296546068 0
    outer loop
      vertex -24.859705560894692 11.757765069332757 -5
      vertex -24.859705560894692 11.757765069332757 5
      vertex -24.252834769579763 12.963410262714936 5
    endloop
  endfacet
  facet normal -0.8700869911087106 0.4928981922297857 0
    outer loop
      vertex -24.252834769579763 12.963410262714936 -5
      vertex -24.252834769579763 12.963410262714936 5
      vertex -23.58753677500748 14.137825465313599 5
    endloop
  endfacet
  facet normal 0 0 1
    outer loop
      vertex -27.46687504564224 -1.3493610440039954 5
      vertex -27.46687504564224 1.3493610440039954 5
      vertex -27.5 0 5
    endloop
  endfacet
  facet normal 0 0 1
    outer loop
      vertex -27.367579983485417 -2.6954713590629167 5
      vertex -27.367579983485417 2.6954713590629167 5
      vertex -27.46687504564224 1.3493610440039954 5
    endloop
  endfacet
  facet normal 0 0 1
    outer loop
      vertex -27.20235402403148 -4.035088047522448 5
      vertex -27.20235402403148 4.035088047522448 5
      vertex -27.367579983485417 2.6954713590629167 5
    endloop
  endfacet
  facet normal 0 0 1
    outer loop
      vertex -26.971595211088836 -5.364983855443527 5
      vertex -26.971595211088836 5.364983855443527 5
      vertex -27.20235402403148 4.035088047522448 5
    endloop
  endfacet
  facet normal 0 0 1
    outer loop
      vertex -26.67585946284996 -6.681954947339756 5
      vertex -26.67585946284996 6.681954947339756 5
      vertex -26.971595211088836 5.364983855443527 5
    endloop
  endfacet
  facet normal 0 0 1
    outer loop
      vertex -26.31585923263574 -7.9828286244977145 5
      vertex -26.31585923263574 7.9828286244977145 5
      vertex -26.67585946284996 6.681954947339756 5
    endloop
  endfacet
  facet normal 0 0 1
    outer loop
      vertex -25.892461792533073 -9.264470968286052 5
      vertex -25.892461792533073 9.264470968286052 5
      vertex -26.31585923263574 7.9828286244977145 5
    endloop
  endfacet
  facet normal 0 0 1
    outer loop
      vertex -25.406687144060385 -10.523794390039969 5
      vertex -25.406687144060385 10.523794390039969 5
      vertex -25.892461792533073 9.264470968286052 5
    endloop
  endfacet
  facet normal 0 0 1
    outer loop
      vertex -24.859705560894692 -11.757765069332757 5
      vertex -24.859705560894692 11.757765069332757 5
      vertex -25.406687144060385 10.523794390039969 5
    endloop
  endfacet
  facet normal 0 0 1
    outer loop
      vertex -24.252834769579763 -12.963410262714936 5
      vertex -24.252834769579763 12.963410262714936 5
      vertex -24.859705560894692 11.757765069332757 5
    endloop
  endfacet
  facet normal 0 0 1
    outer loop
      vertex -22.865414338319994 -15.27818140803906 5
      vertex -22.5 0 5
      vertex -22.865414338319994 15.27818140803906 5
    endloop
  endfacet
  facet normal 0 0 1
    outer loop
      vertex -23.58753677500748 -14.137825465313599 5
      vertex -23.58753677500748 14.137825465313599 5
      vertex -24.252834769579763 12.963410262714936 5
    endloop
  endfacet
  facet normal 0 0 1
    outer loop
      vertex -22.865414338319994 -15.27818140803906 5
      vertex -22.865414338319994 15.27818140803906 5
      vertex -23.58753677500748 14.137825465313599 5
    endloop
  endfacet
  facet normal 0 0 1
    outer loop
      vertex -22.865414338319994 15.27818140803906 5
      vertex -22.5 0 5
      vertex -22.47289776461638 1.1040226723669053 5
    endloop
  endfacet
  facet normal 0 0 1
    outer loop
      vertex -22.865414338319994 15.27818140803906 5
      vertex -22.47289776461638 1.1040226723669053 5
      vertex -22.391656350124432 2.2053856574151136 5
    endloop
  endfacet
  facet normal 0 0 1
    outer loop
      vertex -22.865414338319994 15.27818140803906 5
      vertex -22.391656350124432 2.2053856574151136 5
      vertex -22.256471474207572 3.3014356752456395 5
    endloop
  endfacet
  facet normal 0 0 1
    outer loop
      vertex -22.865414338319994 15.27818140803906 5
      vertex -22.256471474207572 3.3014356752456395 5
      vertex -22.067668809072686 4.3895322453628856 5
    endloop
  endfacet
  facet normal 0 0 1
    outer loop
      vertex -22.088207115717736 16.38173087354192 5
      vertex -22.067668809072686 4.3895322453628856 5
      vertex -21.82570319687724 5.467054047823437 5
    endloop
  endfacet
  facet normal 0 0 1
    outer loop
      vertex -22.088207115717736 16.38173087354192 5
      vertex -21.82570319687724 5.467054047823437 5
      vertex -21.531157553974698 6.531405238225402 5
    endloop
  endfacet
  facet normal 0 0 1
    outer loop
      vertex -22.088207115717736 16.38173087354192 5
      vertex -21.531157553974698 6.531405238225402 5
      vertex -21.184741466617968 7.580021701324951 5
    endloop
  endfacet
  facet normal 0 0 1
    outer loop
      vertex -22.865414338319994 15.27818140803906 5
      vertex -22.067668809072686 4.3895322453628856 5
      vertex -22.088207115717736 16.38173087354192 5
    endloop
  endfacet
  facet normal 0 0 1
    outer loop
      vertex -21.257787467475268 17.44581531450025 5
      vertex -21.184741466617968 7.580021701324951 5
      vertex -20.78728948150395 8.61037722821452 5
    endloop
  endfacet
  facet normal 0 0 1
    outer loop
      vertex -21.257787467475268 17.44581531450025 5
      vertex -20.78728948150395 8.61037722821452 5
      vertex -20.339759095277476 9.619989602181347 5
    endloop
  endfacet
  facet normal 0 0 1
    outer loop
      vertex -20.376155947261374 18.46787125829301 5
      vertex -20.339759095277476 9.619989602181347 5
      vertex -19.843228447837987 10.606426578584946 5
    endloop
  endfacet
  facet normal 0 0 1
    outer loop
      vertex -20.376155947261374 18.46787125829301 5
      vertex -19.843228447837987 10.606426578584946 5
      vertex -19.29889372500612 11.56731174434749 5
    endloop
  endfacet
  facet normal -0.8448535652497076 0.5349976198870963 0
    outer loop
      vertex -23.58753677500748 14.137825465313599 -5
      vertex -23.58753677500748 14.137825465313599 5
      vertex -22.865414338319994 15.27818140803906 5
    endloop
  endfacet
  facet normal -0.817584813151585 0.5758081914178436 0
    outer loop
      vertex -22.865414338319994 15.27818140803906 -5
      vertex -22.865414338319994 15.27818140803906 5
      vertex -22.088207115717736 16.38173087354192 5
    endloop
  endfacet
  facet normal -0.7883464276266057 0.6152315905806275 0
    outer loop
      vertex -22.088207115717736 16.38173087354192 -5
      vertex -22.088207115717736 16.38173087354192 5
      vertex -21.257787467475268 17.44581531450025 5
    endloop
  endfacet
  facet normal -0.7572088465064845 0.6531728429537766 0
    outer loop
      vertex -21.257787467475268 17.44581531450025 -5
      vertex -21.257787467475268 17.44581531450025 5
      vertex -20.376155947261374 18.46787125829301 5
    endloop
  endfacet
  facet normal -0.7242470829514668 0.689540544737067 0
    outer loop
      vertex -20.376155947261374 18.46787125829301 -5
      vertex -20.376155947261374 18.46787125829301 5
      vertex -19.445436482630058 19.445436482630058 5
    endloop
  endfacet
  facet normal -0.689540544737067 0.7242470829514668 0
    outer loop
      vertex -18.46787125829301 20.376155947261374 -5
      vertex -19.445436482630058 19.445436482630058 5
      vertex -18.46787125829301 20.376155947261374 5
    endloop
  endfacet
  facet normal -0.6531728429537766 0.7572088465064845 0
    outer loop
      vertex -17.44581531450025 21.257787467475268 -5
      vertex -18.46787125829301 20.376155947261374 5
      vertex -17.44581531450025 21.257787467475268 5
    endloop
  endfacet
  facet normal -0.6152315905806275 0.7883464276266057 0
    outer loop
      vertex -16.38173087354192 22.088207115717736 -5
      vertex -17.44581531450025 21.257787467475268 5
      vertex -16.38173087354192 22.088207115717736 5
    endloop
  endfacet
  facet normal -0.5758081914178436 0.817584813151585 0
    outer loop
      vertex -15.27818140803906 22.865414338319994 -5
      vertex -16.38173087354192 22.088207115717736 5
      vertex -15.27818140803906 22.865414338319994 5
    endloop
  endfacet
  facet normal -0.5349976198870963 0.8448535652497076 0
    outer loop
      vertex -14.137825465313599 23.58753677500748 -5
      vertex -15.27818140803906 22.865414338319994 5
      vertex -14.137825465313599 23.58753677500748 5
    endloop
  endfacet
  facet normal 0 0 1
    outer loop
      vertex -22.088207115717736 16.38173087354192 5
      vertex -21.184741466617968 7.580021701324951 5
      vertex -21.257787467475268 17.44581531450025 5
    endloop
  endfacet
  facet normal 0 0 1
    outer loop
      vertex -21.257787467475268 17.44581531450025 5
      vertex -20.339759095277476 9.619989602181347 5
      vertex -20.376155947261374 18.46787125829301 5
    endloop
  endfacet
  facet normal 0 0 1
    outer loop
      vertex -19.445436482630058 19.445436482630058 5
      vertex -19.29889372500612 11.56731174434749 5
      vertex -18.70806627680727 12.500330242941049 5
    endloop
  endfacet
  facet normal 0 0 1
    outer loop
      vertex -20.376155947261374 18.46787125829301 5
      vertex -19.29889372500612 11.56731174434749 5
      vertex -19.445436482630058 19.445436482630058 5
    endloop
  endfacet
  facet normal 0 0 1
    outer loop
      vertex -19.445436482630058 19.445436482630058 5
      vertex -18.70806627680727 12.500330242941049 5
      vertex -18.072169458314512 13.403234351079751 5
    endloop
  endfacet
  facet normal 0 0 1
    outer loop
      vertex -18.46787125829301 20.376155947261374 5
      vertex -18.072169458314512 13.403234351079751 5
      vertex -17.392735200661583 14.273848893682024 5
    endloop
  endfacet
  facet normal 0 0 1
    outer loop
      vertex -19.445436482630058 19.445436482630058 5
      vertex -18.072169458314512 13.403234351079751 5
      vertex -18.46787125829301 20.376155947261374 5
    endloop
  endfacet
  facet normal 0 0 1
    outer loop
      vertex -18.46787125829301 20.376155947261374 5
      vertex -17.392735200661583 14.273848893682024 5
      vertex -17.44581531450025 21.257787467475268 5
    endloop
  endfacet
  facet normal 0 0 1
    outer loop
      vertex -17.44581531450025 21.257787467475268 5
      vertex -17.392735200661583 14.273848893682024 5
      vertex -16.67140032048658 15.110076484057915 5
    endloop
  endfacet
  facet normal 0 0 1
    outer loop
      vertex -17.44581531450025 21.257787467475268 5
      vertex -16.67140032048658 15.110076484057915 5
      vertex -15.90990257669732 15.90990257669732 5
    endloop
  endfacet
  facet normal 0 0 1
    outer loop
      vertex -16.38173087354192 22.088207115717736 5
      vertex -15.90990257669732 15.90990257669732 5
      vertex -15.110076484057915 16.67140032048658 5
    endloop
  endfacet
  facet normal 0 0 1
    outer loop
      vertex -17.44581531450025 21.257787467475268 5
      vertex -15.90990257669732 15.90990257669732 5
      vertex -16.38173087354192 22.088207115717736 5
    endloop
  endfacet
  facet normal 0 0 1
    outer loop
      vertex -16.38173087354192 22.088207115717736 5
      vertex -15.110076484057915 16.67140032048658 5
      vertex -15.27818140803906 22.865414338319994 5
    endloop
  endfacet
  facet normal 0 0 1
    outer loop
      vertex -15.27818140803906 22.865414338319994 5
      vertex -15.110076484057915 16.67140032048658 5
      vertex -14.273848893682024 17.392735200661583 5
    endloop
  endfacet
  facet normal 0 0 1
    outer loop
      vertex -15.27818140803906 22.865414338319994 5
      vertex -14.273848893682024 17.392735200661583 5
      vertex -13.403234351079751 18.072169458314512 5
    endloop
  endfacet
  facet normal 0 0 1
    outer loop
      vertex -15.27818140803906 22.865414338319994 5
      vertex -13.403234351079751 18.072169458314512 5
      vertex -14.137825465313599 23.58753677500748 5
    endloop
  endfacet
  facet normal -0.4928981922297857 0.8700869911087106 0
    outer loop
      vertex -12.963410262714936 24.252834769579763 -5
      vertex -14.137825465313599 23.58753677500748 5
      vertex -12.963410262714936 24.252834769579763 5
    endloop
  endfacet
  facet normal -0.4496113296546068 0.8932243011955152 0
    outer loop
      vertex -11.757765069332757 24.859705560894692 -5
      vertex -12.963410262714936 24.252834769579763 5
      vertex -11.757765069332757 24.859705560894692 5
    endloop
  endfacet
  facet normal -0.40524131400498886 0.9142097557035311 0
    outer loop
      vertex -10.523794390039969 25.406687144060385 -5
      vertex -11.757765069332757 24.859705560894692 5
      vertex -10.523794390039969 25.406687144060385 5
    endloop
  endfacet
  facet normal -0.3598950365349898 0.9329927988347382 0
    outer loop
      vertex -9.264470968286052 25.892461792533073 -5
      vertex -10.523794390039969 25.406687144060385 5
      vertex -9.264470968286052 25.892461792533073 5
    endloop
  endfacet
  facet normal -0.31368174039888874 0.9495281805930376 0
    outer loop
      vertex -7.9828286244977145 26.31585923263574 -5
      vertex -9.264470968286052 25.892461792533073 5
      vertex -7.9828286244977145 26.31585923263574 5
    endloop
  endfacet
  facet normal -0.26671275747490014 0.9637760657954393 0
    outer loop
      vertex -6.681954947339756 26.67585946284996 -5
      vertex -7.9828286244977145 26.31585923263574 5
      vertex -6.681954947339756 26.67585946284996 5
    endloop
  endfacet
  facet normal -0.2191012401568687 0.9757021300385289 0
    outer loop
      vertex -5.364983855443527 26.971595211088836 -5
      vertex -6.681954947339756 26.67585946284996 5
      vertex -5.364983855443527 26.971595211088836 5
    endloop
  endfacet
  facet normal -0.1709618887603037 0.9852776423889409 0
    outer loop
      vertex -4.035088047522448 27.20235402403148 -5
      vertex -5.364983855443527 26.971595211088836 5
      vertex -4.035088047522448 27.20235402403148 5
    endloop
  endfacet
  facet normal -0.12241067519921653 0.99247953459871 0
    outer loop
      vertex -2.6954713590629167 27.367579983485417 -5
      vertex -4.035088047522448 27.20235402403148 5
      vertex -2.6954713590629167 27.367579983485417 5
    endloop
  endfacet
  facet normal -0.07356456359966516 0.9972904566786904 0
    outer loop
      vertex -1.3493610440039954 27.46687504564224 -5
      vertex -2.6954713590629167 27.367579983485417 5
      vertex -1.3493610440039954 27.46687504564224 5
    endloop
  endfacet
  facet normal -0.024541228522912777 0.9996988186962042 2.4216446803937727e-19
    outer loop
      vertex -1.3493610440039954 27.46687504564224 5
      vertex 0 27.5 5
      vertex 0 27.5 -5
    endloop
  endfacet
  facet normal 0 0 1
    outer loop
      vertex -14.137825465313599 23.58753677500748 5
      vertex -13.403234351079751 18.072169458314512 5
      vertex -12.500330242941049 18.70806627680727 5
    endloop
  endfacet
  facet normal 0 0 1
    outer loop
      vertex -14.137825465313599 23.58753677500748 5
      vertex -12.500330242941049 18.70806627680727 5
      vertex -12.963410262714936 24.252834769579763 5
    endloop
  endfacet
  facet normal 0 0 1
    outer loop
      vertex -12.963410262714936 24.252834769579763 5
      vertex -12.500330242941049 18.70806627680727 5
      vertex -11.56731174434749 19.29889372500612 5
    endloop
  endfacet
  facet normal 0 0 1
    outer loop
      vertex -12.963410262714936 24.252834769579763 5
      vertex -11.56731174434749 19.29889372500612 5
      vertex -11.757765069332757 24.859705560894692 5
    endloop
  endfacet
  facet normal 0 0 1
    outer loop
      vertex -11.757765069332757 24.859705560894692 5
      vertex -11.56731174434749 19.29889372500612 5
      vertex -10.606426578584946 19.843228447837987 5
    endloop
  endfacet
  facet normal 0 0 1
    outer loop
      vertex -11.757765069332757 24.859705560894692 5
      vertex -10.606426578584946 19.843228447837987 5
      vertex -9.619989602181347 20.339759095277476 5
    endloop
  endfacet
  facet normal 0 0 1
    outer loop
      vertex -11.757765069332757 24.859705560894692 5
      vertex -9.619989602181347 20.339759095277476 5
      vertex -10.523794390039969 25.406687144060385 5
    endloop
  endfacet
  facet normal 0 0 1
    outer loop
      vertex -10.523794390039969 25.406687144060385 5
      vertex -9.619989602181347 20.339759095277476 5
      vertex -8.61037722821452 20.78728948150395 5
    endloop
  endfacet
  facet normal 0 0 1
    outer loop
      vertex -10.523794390039969 25.406687144060385 5
      vertex -8.61037722821452 20.78728948150395 5
      vertex -9.264470968286052 25.892461792533073 5
    endloop
  endfacet
  facet normal 0 0 1
    outer loop
      vertex -9.264470968286052 25.892461792533073 5
      vertex -8.61037722821452 20.78728948150395 5
      vertex -7.580021701324951 21.184741466617968 5
    endloop
  endfacet
  facet normal 0 0 1
    outer loop
      vertex -7.9828286244977145 26.31585923263574 5
      vertex -7.580021701324951 21.184741466617968 5
      vertex -6.531405238225402 21.531157553974698 5
    endloop
  endfacet
  facet normal 0 0 1
    outer loop
      vertex -9.264470968286052 25.892461792533073 5
      vertex -7.580021701324951 21.184741466617968 5
      vertex -7.9828286244977145 26.31585923263574 5
    endloop
  endfacet
  facet normal 0 0 1
    outer loop
      vertex -7.9828286244977145 26.31585923263574 5
      vertex -6.531405238225402 21.531157553974698 5
      vertex -6.681954947339756 26.67585946284996 5
    endloop
  endfacet
  facet normal 0 0 1
    outer loop
      vertex -6.681954947339756 26.67585946284996 5
      vertex -6.531405238225402 21.531157553974698 5
      vertex -5.467054047823437 21.82570319687724 5
    endloop
  endfacet
  facet normal 0 0 1
    outer loop
      vertex -6.681954947339756 26.67585946284996 5
      vertex -5.467054047823437 21.82570319687724 5
      vertex -4.3895322453628856 22.067668809072686 5
    endloop
  endfacet
  facet normal 0 0 1
    outer loop
      vertex -5.364983855443527 26.971595211088836 5
      vertex -4.3895322453628856 22.067668809072686 5
      vertex -3.3014356752456395 22.256471474207572 5
    endloop
  endfacet
  facet normal 0 0 1
    outer loop
      vertex -6.681954947339756 26.67585946284996 5
      vertex -4.3895322453628856 22.067668809072686 5
      vertex -5.364983855443527 26.971595211088836 5
    endloop
  endfacet
  facet normal 0 0 1
    outer loop
      vertex -5.364983855443527 26.971595211088836 5
      vertex -3.3014356752456395 22.256471474207572 5
      vertex -4.035088047522448 27.20235402403148 5
    endloop
  endfacet
  facet normal 0 0 1
    outer loop
      vertex -4.035088047522448 27.20235402403148 5
      vertex -3.3014356752456395 22.256471474207572 5
      vertex -2.2053856574151136 22.391656350124432 5
    endloop
  endfacet
  facet normal 0 0 1
    outer loop
      vertex -4.035088047522448 27.20235402403148 5
      vertex -2.2053856574151136 22.391656350124432 5
      vertex -2.6954713590629167 27.367579983485417 5
    endloop
  endfacet
  facet normal 0 0 1
    outer loop
      vertex -2.6954713590629167 27.367579983485417 5
      vertex -2.2053856574151136 22.391656350124432 5
      vertex -1.1040226723669053 22.47289776461638 5
    endloop
  endfacet
  facet normal 0 0 1
    outer loop
      vertex -2.6954713590629167 27.367579983485417 5
      vertex -1.1040226723669053 22.47289776461638 5
      vertex -1.3493610440039954 27.46687504564224 5
    endloop
  endfacet
  facet normal 0 0 1
    outer loop
      vertex 0 27.5 5
      vertex -1.1040226723669053 22.47289776461638 5
      vertex 0 22.5 5
    endloop
  endfacet
  facet normal 0 0 1
    outer loop
      vertex -1.3493610440039954 27.46687504564224 5
      vertex -1.1040226723669053 22.47289776461638 5
      vertex 0 27.5 5
    endloop
  endfacet
  facet normal 0 0 -1
    outer loop
      vertex 0 -27.5 -5
      vertex 1.1040226723669053 -22.47289776461638 -5
      vertex 1.3493610440039954 -27.46687504564224 -5
    endloop
  endfacet
  facet normal 0 0 -1
    outer loop
      vertex 0 -27.5 -5
      vertex 0 -22.5 -5
      vertex 1.1040226723669053 -22.47289776461638 -5
    endloop
  endfacet
  facet normal 0 0 -1
    outer loop
      vertex 1.3493610440039954 -27.46687504564224 -5
      vertex 1.1040226723669053 -22.47289776461638 -5
      vertex 2.2053856574151136 -22.391656350124432 -5
    endloop
  endfacet
  facet normal 0 0 -1
    outer loop
      vertex 1.3493610440039954 -27.46687504564224 -5
      vertex 2.2053856574151136 -22.391656350124432 -5
      vertex 2.6954713590629167 -27.367579983485417 -5
    endloop
  endfacet
  facet normal 0 0 -1
    outer loop
      vertex 2.6954713590629167 -27.367579983485417 -5
      vertex 3.3014356752456395 -22.256471474207572 -5
      vertex 4.035088047522448 -27.20235402403148 -5
    endloop
  endfacet
  facet normal 0 0 -1
    outer loop
      vertex 2.6954713590629167 -27.367579983485417 -5
      vertex 2.2053856574151136 -22.391656350124432 -5
      vertex 3.3014356752456395 -22.256471474207572 -5
    endloop
  endfacet
  facet normal 0 0 -1
    outer loop
      vertex 4.035088047522448 -27.20235402403148 -5
      vertex 4.3895322453628856 -22.067668809072686 -5
      vertex 5.364983855443527 -26.971595211088836 -5
    endloop
  endfacet
  facet normal 0 0 -1
    outer loop
      vertex 5.364983855443527 -26.971595211088836 -5
      vertex 6.531405238225402 -21.531157553974698 -5
      vertex 6.681954947339756 -26.67585946284996 -5
    endloop
  endfacet
  facet normal 0 0 -1
    outer loop
      vertex 4.035088047522448 -27.20235402403148 -5
      vertex 3.3014356752456395 -22.256471474207572 -5
      vertex 4.3895322453628856 -22.067668809072686 -5
    endloop
  endfacet
  facet normal 0 0 -1
    outer loop
      vertex 5.364983855443527 -26.971595211088836 -5
      vertex 4.3895322453628856 -22.067668809072686 -5
      vertex 5.467054047823437 -21.82570319687724 -5
    endloop
  endfacet
  facet normal 0 0 -1
    outer loop
      vertex 5.364983855443527 -26.971595211088836 -5
      vertex 5.467054047823437 -21.82570319687724 -5
      vertex 6.531405238225402 -21.531157553974698 -5
    endloop
  endfacet
  facet normal 0 0 -1
    outer loop
      vertex 6.681954947339756 -26.67585946284996 -5
      vertex 7.580021701324951 -21.184741466617968 -5
      vertex 7.9828286244977145 -26.31585923263574 -5
    endloop
  endfacet
  facet normal 0 0 -1
    outer loop
      vertex 7.9828286244977145 -26.31585923263574 -5
      vertex 8.61037722821452 -20.78728948150395 -5
      vertex 9.264470968286052 -25.892461792533073 -5
    endloop
  endfacet
  facet normal 0 0 -1
    outer loop
      vertex 6.681954947339756 -26.67585946284996 -5
      vertex 6.531405238225402 -21.531157553974698 -5
      vertex 7.580021701324951 -21.184741466617968 -5
    endloop
  endfacet
  facet normal 0 0 -1
    outer loop
      vertex 7.9828286244977145 -26.31585923263574 -5
      vertex 7.580021701324951 -21.184741466617968 -5
      vertex 8.61037722821452 -20.78728948150395 -5
    endloop
  endfacet
  facet normal 0 0 -1
    outer loop
      vertex 9.264470968286052 -25.892461792533073 -5
      vertex 9.619989602181347 -20.339759095277476 -5
      vertex 10.523794390039969 -25.406687144060385 -5
    endloop
  endfacet
  facet normal 0 0 -1
    outer loop
      vertex 9.264470968286052 -25.892461792533073 -5
      vertex 8.61037722821452 -20.78728948150395 -5
      vertex 9.619989602181347 -20.339759095277476 -5
    endloop
  endfacet
  facet normal 0 0 -1
    outer loop
      vertex 10.523794390039969 -25.406687144060385 -5
      vertex 9.619989602181347 -20.339759095277476 -5
      vertex 10.606426578584946 -19.843228447837987 -5
    endloop
  endfacet
  facet normal 0 0 -1
    outer loop
      vertex 10.523794390039969 -25.406687144060385 -5
      vertex 11.56731174434749 -19.29889372500612 -5
      vertex 11.757765069332757 -24.859705560894692 -5
    endloop
  endfacet
  facet normal 0 0 -1
    outer loop
      vertex 10.523794390039969 -25.406687144060385 -5
      vertex 10.606426578584946 -19.843228447837987 -5
      vertex 11.56731174434749 -19.29889372500612 -5
    endloop
  endfacet
  facet normal 0 0 -1
    outer loop
      vertex 11.757765069332757 -24.859705560894692 -5
      vertex 11.56731174434749 -19.29889372500612 -5
      vertex 12.500330242941049 -18.70806627680727 -5
    endloop
  endfacet
  facet normal 0 0 -1
    outer loop
      vertex 11.757765069332757 -24.859705560894692 -5
      vertex 12.500330242941049 -18.70806627680727 -5
      vertex 12.963410262714936 -24.252834769579763 -5
    endloop
  endfacet
  facet normal 0 0 -1
    outer loop
      vertex 12.963410262714936 -24.252834769579763 -5
      vertex 13.403234351079751 -18.072169458314512 -5
      vertex 14.137825465313599 -23.58753677500748 -5
    endloop
  endfacet
  facet normal 0 0 -1
    outer loop
      vertex 12.963410262714936 -24.252834769579763 -5
      vertex 12.500330242941049 -18.70806627680727 -5
      vertex 13.403234351079751 -18.072169458314512 -5
    endloop
  endfacet
  facet normal 0.024541228522912777 -0.9996988186962042 2.4216446803937727e-19
    outer loop
      vertex 0 -27.5 -5
      vertex 1.3493610440039954 -27.46687504564224 -5
      vertex 1.3493610440039954 -27.46687504564224 5
    endloop
  endfacet
  facet normal 0.07356456359966516 -0.9972904566786904 -7.473542544767714e-19
    outer loop
      vertex 1.3493610440039954 -27.46687504564224 -5
      vertex 2.6954713590629167 -27.367579983485417 -5
      vertex 2.6954713590629167 -27.367579983485417 5
    endloop
  endfacet
  facet normal 0.12241067519921653 -0.99247953459871 7.264109120214645e-19
    outer loop
      vertex 2.6954713590629167 -27.367579983485417 -5
      vertex 4.035088047522448 -27.20235402403148 -5
      vertex 4.035088047522448 -27.20235402403148 5
    endloop
  endfacet
  facet normal 0.1709618887603037 -0.9852776423889409 1.3840782926357089e-18
    outer loop
      vertex 4.035088047522448 -27.20235402403148 -5
      vertex 5.364983855443527 -26.971595211088836 -5
      vertex 5.364983855443527 -26.971595211088836 5
    endloop
  endfacet
  facet normal 0.2191012401568687 -0.9757021300385289 6.309979722825716e-19
    outer loop
      vertex 5.364983855443527 -26.971595211088836 -5
      vertex 6.681954947339756 -26.67585946284996 -5
      vertex 6.681954947339756 -26.67585946284996 5
    endloop
  endfacet
  facet normal 0.26671275747490014 -0.9637760657954393 1.2309699554767426e-18
    outer loop
      vertex 6.681954947339756 -26.67585946284996 -5
      vertex 7.9828286244977145 -26.31585923263574 -5
      vertex 7.9828286244977145 -26.31585923263574 5
    endloop
  endfacet
  facet normal 0.31368174039888874 -0.9495281805930376 -4.3045977561131078e-19
    outer loop
      vertex 7.9828286244977145 -26.31585923263574 -5
      vertex 9.264470968286052 -25.892461792533073 -5
      vertex 9.264470968286052 -25.892461792533073 5
    endloop
  endfacet
  facet normal 0.3598950365349898 -0.9329927988347382 -3.3468905625828334e-18
    outer loop
      vertex 9.264470968286052 -25.892461792533073 -5
      vertex 10.523794390039969 -25.406687144060385 -5
      vertex 10.523794390039969 -25.406687144060385 5
    endloop
  endfacet
  facet normal 0.40524131400498886 -0.9142097557035311 2.2370322550271693e-19
    outer loop
      vertex 10.523794390039969 -25.406687144060385 -5
      vertex 11.757765069332757 -24.859705560894692 -5
      vertex 11.757765069332757 -24.859705560894692 5
    endloop
  endfacet
  facet normal 0.4496113296546068 -0.8932243011955152 -9.134745487101515e-19
    outer loop
      vertex 11.757765069332757 -24.859705560894692 -5
      vertex 12.963410262714936 -24.252834769579763 -5
      vertex 12.963410262714936 -24.252834769579763 5
    endloop
  endfacet
  facet normal 0.4928981922297857 -0.8700869911087106 1.2895435149787644e-18
    outer loop
      vertex 12.963410262714936 -24.252834769579763 -5
      vertex 14.137825465313599 -23.58753677500748 -5
      vertex 14.137825465313599 -23.58753677500748 5
    endloop
  endfacet
  facet normal 0 0 -1
    outer loop
      vertex 14.137825465313599 -23.58753677500748 -5
      vertex 15.110076484057915 -16.67140032048658 -5
      vertex 15.27818140803906 -22.865414338319994 -5
    endloop
  endfacet
  facet normal 0 0 -1
    outer loop
      vertex 14.137825465313599 -23.58753677500748 -5
      vertex 13.403234351079751 -18.072169458314512 -5
      vertex 14.273848893682024 -17.392735200661583 -5
    endloop
  endfacet
  facet normal 0 0 -1
    outer loop
      vertex 14.137825465313599 -23.58753677500748 -5
      vertex 14.273848893682024 -17.392735200661583 -5
      vertex 15.110076484057915 -16.67140032048658 -5
    endloop
  endfacet
  facet normal 0 0 -1
    outer loop
      vertex 15.27818140803906 -22.865414338319994 -5
      vertex 15.110076484057915 -16.67140032048658 -5
      vertex 15.90990257669732 -15.90990257669732 -5
    endloop
  endfacet
  facet normal 0 0 -1
    outer loop
      vertex 15.27818140803906 -22.865414338319994 -5
      vertex 15.90990257669732 -15.90990257669732 -5
      vertex 16.38173087354192 -22.088207115717736 -5
    endloop
  endfacet
  facet normal 0 0 -1
    outer loop
      vertex 16.38173087354192 -22.088207115717736 -5
      vertex 16.67140032048658 -15.110076484057915 -5
      vertex 17.44581531450025 -21.257787467475268 -5
    endloop
  endfacet
  facet normal 0 0 -1
    outer loop
      vertex 16.38173087354192 -22.088207115717736 -5
      vertex 15.90990257669732 -15.90990257669732 -5
      vertex 16.67140032048658 -15.110076484057915 -5
    endloop
  endfacet
  facet normal 0 0 -1
    outer loop
      vertex 17.44581531450025 -21.257787467475268 -5
      vertex 16.67140032048658 -15.110076484057915 -5
      vertex 17.392735200661583 -14.273848893682024 -5
    endloop
  endfacet
  facet normal 0 0 -1
    outer loop
      vertex 17.44581531450025 -21.257787467475268 -5
      vertex 18.072169458314512 -13.403234351079751 -5
      vertex 18.46787125829301 -20.376155947261374 -5
    endloop
  endfacet
  facet normal 0 0 -1
    outer loop
      vertex 18.46787125829301 -20.376155947261374 -5
      vertex 18.70806627680727 -12.500330242941049 -5
      vertex 19.445436482630058 -19.445436482630058 -5
    endloop
  endfacet
  facet normal 0 0 -1
    outer loop
      vertex 17.44581531450025 -21.257787467475268 -5
      vertex 17.392735200661583 -14.273848893682024 -5
      vertex 18.072169458314512 -13.403234351079751 -5
    endloop
  endfacet
  facet normal 0 0 -1
    outer loop
      vertex 18.46787125829301 -20.376155947261374 -5
      vertex 18.072169458314512 -13.403234351079751 -5
      vertex 18.70806627680727 -12.500330242941049 -5
    endloop
  endfacet
  facet normal 0 0 -1
    outer loop
      vertex 19.445436482630058 -19.445436482630058 -5
      vertex 19.843228447837987 -10.606426578584946 -5
      vertex 20.376155947261374 -18.46787125829301 -5
    endloop
  endfacet
  facet normal 0 0 -1
    outer loop
      vertex 19.445436482630058 -19.445436482630058 -5
      vertex 18.70806627680727 -12.500330242941049 -5
      vertex 19.29889372500612 -11.56731174434749 -5
    endloop
  endfacet
  facet normal 0 0 -1
    outer loop
      vertex 19.445436482630058 -19.445436482630058 -5
      vertex 19.29889372500612 -11.56731174434749 -5
      vertex 19.843228447837987 -10.606426578584946 -5
    endloop
  endfacet
  facet normal 0 0 -1
    outer loop
      vertex 20.376155947261374 -18.46787125829301 -5
      vertex 20.78728948150395 -8.61037722821452 -5
      vertex 21.257787467475268 -17.44581531450025 -5
    endloop
  endfacet
  facet normal 0.5349976198870963 -0.8448535652497076 3.721469206593378e-18
    outer loop
      vertex 14.137825465313599 -23.58753677500748 -5
      vertex 15.27818140803906 -22.865414338319994 -5
      vertex 15.27818140803906 -22.865414338319994 5
    endloop
  endfacet
  facet normal 0.5758081914178436 -0.817584813151585 -2.638710168244615e-18
    outer loop
      vertex 15.27818140803906 -22.865414338319994 -5
      vertex 16.38173087354192 -22.088207115717736 -5
      vertex 16.38173087354192 -22.088207115717736 5
    endloop
  endfacet
  facet normal 0.6152315905806275 -0.7883464276266057 -1.373507798026763e-19
    outer loop
      vertex 16.38173087354192 -22.088207115717736 -5
      vertex 17.44581531450025 -21.257787467475268 -5
      vertex 17.44581531450025 -21.257787467475268 5
    endloop
  endfacet
  facet normal 0.6531728429537766 -0.7572088465064845 -1.5017423517985432e-18
    outer loop
      vertex 17.44581531450025 -21.257787467475268 -5
      vertex 18.46787125829301 -20.376155947261374 -5
      vertex 18.46787125829301 -20.376155947261374 5
    endloop
  endfacet
  facet normal 0.689540544737067 -0.7242470829514668 -3.786108852305756e-18
    outer loop
      vertex 18.46787125829301 -20.376155947261374 -5
      vertex 19.445436482630058 -19.445436482630058 -5
      vertex 19.445436482630058 -19.445436482630058 5
    endloop
  endfacet
  facet normal 0.7242470829514668 -0.689540544737067 0
    outer loop
      vertex 19.445436482630058 -19.445436482630058 -5
      vertex 20.376155947261374 -18.46787125829301 -5
      vertex 19.445436482630058 -19.445436482630058 5
    endloop
  endfacet
  facet normal 0.7572088465064845 -0.6531728429537766 0
    outer loop
      vertex 20.376155947261374 -18.46787125829301 -5
      vertex 21.257787467475268 -17.44581531450025 -5
      vertex 20.376155947261374 -18.46787125829301 5
    endloop
  endfacet
  facet normal 0.7883464276266057 -0.6152315905806275 0
    outer loop
      vertex 21.257787467475268 -17.44581531450025 -5
      vertex 22.088207115717736 -16.38173087354192 -5
      vertex 21.257787467475268 -17.44581531450025 5
    endloop
  endfacet
  facet normal 0.817584813151585 -0.5758081914178436 0
    outer loop
      vertex 22.088207115717736 -16.38173087354192 -5
      vertex 22.865414338319994 -15.27818140803906 -5
      vertex 22.088207115717736 -16.38173087354192 5
    endloop
  endfacet
  facet normal 0.8448535652497076 -0.5349976198870963 0
    outer loop
      vertex 22.865414338319994 -15.27818140803906 -5
      vertex 23.58753677500748 -14.137825465313599 -5
      vertex 22.865414338319994 -15.27818140803906 5
    endloop
  endfacet
  facet normal 0 0 -1
    outer loop
      vertex 20.376155947261374 -18.46787125829301 -5
      vertex 19.843228447837987 -10.606426578584946 -5
      vertex 20.339759095277476 -9.619989602181347 -5
    endloop
  endfacet
  facet normal 0 0 -1
    outer loop
      vertex 20.376155947261374 -18.46787125829301 -5
      vertex 20.339759095277476 -9.619989602181347 -5
      vertex 20.78728948150395 -8.61037722821452 -5
    endloop
  endfacet
  facet normal 0 0 -1
    outer loop
      vertex 21.257787467475268 -17.44581531450025 -5
      vertex 21.531157553974698 -6.531405238225402 -5
      vertex 22.088207115717736 -16.38173087354192 -5
    endloop
  endfacet
  facet normal 0 0 -1
    outer loop
      vertex 21.257787467475268 -17.44581531450025 -5
      vertex 20.78728948150395 -8.61037722821452 -5
      vertex 21.184741466617968 -7.580021701324951 -5
    endloop
  endfacet
  facet normal 0 0 -1
    outer loop
      vertex 21.257787467475268 -17.44581531450025 -5
      vertex 21.184741466617968 -7.580021701324951 -5
      vertex 21.531157553974698 -6.531405238225402 -5
    endloop
  endfacet
  facet normal 0 0 -1
    outer loop
      vertex 22.088207115717736 -16.38173087354192 -5
      vertex 22.47289776461638 -1.1040226723669053 -5
      vertex 22.865414338319994 -15.27818140803906 -5
    endloop
  endfacet
  facet normal 0 0 -1
    outer loop
      vertex 22.088207115717736 -16.38173087354192 -5
      vertex 21.531157553974698 -6.531405238225402 -5
      vertex 21.82570319687724 -5.467054047823437 -5
    endloop
  endfacet
  facet normal 0 0 -1
    outer loop
      vertex 22.088207115717736 -16.38173087354192 -5
      vertex 21.82570319687724 -5.467054047823437 -5
      vertex 22.067668809072686 -4.3895322453628856 -5
    endloop
  endfacet
  facet normal 0 0 -1
    outer loop
      vertex 22.088207115717736 -16.38173087354192 -5
      vertex 22.067668809072686 -4.3895322453628856 -5
      vertex 22.256471474207572 -3.3014356752456395 -5
    endloop
  endfacet
  facet normal 0 0 -1
    outer loop
      vertex 22.088207115717736 -16.38173087354192 -5
      vertex 22.256471474207572 -3.3014356752456395 -5
      vertex 22.391656350124432 -2.2053856574151136 -5
    endloop
  endfacet
  facet normal 0 0 -1
    outer loop
      vertex 22.088207115717736 -16.38173087354192 -5
      vertex 22.391656350124432 -2.2053856574151136 -5
      vertex 22.47289776461638 -1.1040226723669053 -5
    endloop
  endfacet
  facet normal 0 0 -1
    outer loop
      vertex 22.865414338319994 -15.27818140803906 -5
      vertex 22.47289776461638 -1.1040226723669053 -5
      vertex 22.5 0 -5
    endloop
  endfacet
  facet normal 0 0 -1
    outer loop
      vertex 22.865414338319994 -15.27818140803906 -5
      vertex 23.58753677500748 14.137825465313599 -5
      vertex 23.58753677500748 -14.137825465313599 -5
    endloop
  endfacet
  facet normal 0 0 -1
    outer loop
      vertex 23.58753677500748 -14.137825465313599 -5
      vertex 24.252834769579763 12.963410262714936 -5
      vertex 24.252834769579763 -12.963410262714936 -5
    endloop
  endfacet
  facet normal 0 0 -1
    outer loop
      vertex 24.252834769579763 -12.963410262714936 -5
      vertex 24.859705560894692 11.757765069332757 -5
      vertex 24.859705560894692 -11.757765069332757 -5
    endloop
  endfacet
  facet normal 0 0 -1
    outer loop
      vertex 24.859705560894692 -11.757765069332757 -5
      vertex 25.406687144060385 10.523794390039969 -5
      vertex 25.406687144060385 -10.523794390039969 -5
    endloop
  endfacet
  facet normal 0 0 -1
    outer loop
      vertex 25.406687144060385 -10.523794390039969 -5
      vertex 25.892461792533073 9.264470968286052 -5
      vertex 25.892461792533073 -9.264470968286052 -5
    endloop
  endfacet
  facet normal 0 0 -1
    outer loop
      vertex 25.892461792533073 -9.264470968286052 -5
      vertex 26.31585923263574 7.9828286244977145 -5
      vertex 26.31585923263574 -7.9828286244977145 -5
    endloop
  endfacet
  facet normal 0 0 -1
    outer loop
      vertex 26.31585923263574 -7.9828286244977145 -5
      vertex 26.67585946284996 6.681954947339756 -5
      vertex 26.67585946284996 -6.681954947339756 -5
    endloop
  endfacet
  facet normal 0 0 -1
    outer loop
      vertex 26.67585946284996 -6.681954947339756 -5
      vertex 26.971595211088836 5.364983855443527 -5
      vertex 26.971595211088836 -5.364983855443527 -5
    endloop
  endfacet
  facet normal 0 0 -1
    outer loop
      vertex 26.971595211088836 -5.364983855443527 -5
      vertex 27.20235402403148 4.035088047522448 -5
      vertex 27.20235402403148 -4.035088047522448 -5
    endloop
  endfacet
  facet normal 0 0 -1
    outer loop
      vertex 27.20235402403148 -4.035088047522448 -5
      vertex 27.367579983485417 2.6954713590629167 -5
      vertex 27.367579983485417 -2.6954713590629167 -5
    endloop
  endfacet
  facet normal 0 0 -1
    outer loop
      vertex 27.367579983485417 -2.6954713590629167 -5
      vertex 27.46687504564224 1.3493610440039954 -5
      vertex 27.46687504564224 -1.3493610440039954 -5
    endloop
  endfacet
  facet normal 0.8700869911087106 -0.4928981922297857 0
    outer loop
      vertex 23.58753677500748 -14.137825465313599 -5
      vertex 24.252834769579763 -12.963410262714936 -5
      vertex 23.58753677500748 -14.137825465313599 5
    endloop
  endfacet
  facet normal 0.8932243011955152 -0.4496113296546068 0
    outer loop
      vertex 24.252834769579763 -12.963410262714936 -5
      vertex 24.859705560894692 -11.757765069332757 -5
      vertex 24.252834769579763 -12.963410262714936 5
    endloop
  endfacet
  facet normal 0.9142097557035311 -0.40524131400498886 0
    outer loop
      vertex 24.859705560894692 -11.757765069332757 -5
      vertex 25.406687144060385 -10.523794390039969 -5
      vertex 24.859705560894692 -11.757765069332757 5
    endloop
  endfacet
  facet normal 0.9329927988347382 -0.3598950365349898 0
    outer loop
      vertex 25.406687144060385 -10.523794390039969 -5
      vertex 25.892461792533073 -9.264470968286052 -5
      vertex 25.406687144060385 -10.523794390039969 5
    endloop
  endfacet
  facet normal 0.9495281805930376 -0.31368174039888874 0
    outer loop
      vertex 25.892461792533073 -9.264470968286052 -5
      vertex 26.31585923263574 -7.9828286244977145 -5
      vertex 25.892461792533073 -9.264470968286052 5
    endloop
  endfacet
  facet normal 0.9637760657954393 -0.26671275747490014 0
    outer loop
      vertex 26.31585923263574 -7.9828286244977145 -5
      vertex 26.67585946284996 -6.681954947339756 -5
      vertex 26.31585923263574 -7.9828286244977145 5
    endloop
  endfacet
  facet normal 0.9757021300385289 -0.2191012401568687 0
    outer loop
      vertex 26.67585946284996 -6.681954947339756 -5
      vertex 26.971595211088836 -5.364983855443527 -5
      vertex 26.67585946284996 -6.681954947339756 5
    endloop
  endfacet
  facet normal 0.9852776423889409 -0.1709618887603037 0
    outer loop
      vertex 26.971595211088836 -5.364983855443527 -5
      vertex 27.20235402403148 -4.035088047522448 -5
      vertex 26.971595211088836 -5.364983855443527 5
    endloop
  endfacet
  facet normal 0.99247953459871 -0.12241067519921653 0
    outer loop
      vertex 27.20235402403148 -4.035088047522448 -5
      vertex 27.367579983485417 -2.6954713590629167 -5
      vertex 27.20235402403148 -4.035088047522448 5
    endloop
  endfacet
  facet normal 0.9972904566786904 -0.07356456359966516 0
    outer loop
      vertex 27.367579983485417 -2.6954713590629167 -5
      vertex 27.46687504564224 -1.3493610440039954 -5
      vertex 27.367579983485417 -2.6954713590629167 5
    endloop
  endfacet
  facet normal 0.9996988186962042 -0.024541228522912777 0
    outer loop
      vertex 27.46687504564224 -1.3493610440039954 -5
      vertex 27.5 0 -5
      vertex 27.46687504564224 -1.3493610440039954 5
    endloop
  endfacet
  facet normal 0.024541228522912777 -0.9996988186962042 0
    outer loop
      vertex 0 -27.5 -5
      vertex 1.3493610440039954 -27.46687504564224 5
      vertex 0 -27.5 5
    endloop
  endfacet
  facet normal 0.07356456359966516 -0.9972904566786904 0
    outer loop
      vertex 1.3493610440039954 -27.46687504564224 -5
      vertex 2.6954713590629167 -27.367579983485417 5
      vertex 1.3493610440039954 -27.46687504564224 5
    endloop
  endfacet
  facet normal 0.12241067519921653 -0.99247953459871 0
    outer loop
      vertex 2.6954713590629167 -27.367579983485417 -5
      vertex 4.035088047522448 -27.20235402403148 5
      vertex 2.6954713590629167 -27.367579983485417 5
    endloop
  endfacet
  facet normal 0.1709618887603037 -0.9852776423889409 0
    outer loop
      vertex 4.035088047522448 -27.20235402403148 -5
      vertex 5.364983855443527 -26.971595211088836 5
      vertex 4.035088047522448 -27.20235402403148 5
    endloop
  endfacet
  facet normal 0.2191012401568687 -0.9757021300385289 0
    outer loop
      vertex 5.364983855443527 -26.971595211088836 -5
      vertex 6.681954947339756 -26.67585946284996 5
      vertex 5.364983855443527 -26.971595211088836 5
    endloop
  endfacet
  facet normal 0.26671275747490014 -0.9637760657954393 0
    outer loop
      vertex 6.681954947339756 -26.67585946284996 -5
      vertex 7.9828286244977145 -26.31585923263574 5
      vertex 6.681954947339756 -26.67585946284996 5
    endloop
  endfacet
  facet normal 0.31368174039888874 -0.9495281805930376 0
    outer loop
      vertex 7.9828286244977145 -26.31585923263574 -5
      vertex 9.264470968286052 -25.892461792533073 5
      vertex 7.9828286244977145 -26.31585923263574 5
    endloop
  endfacet
  facet normal 0.3598950365349898 -0.9329927988347382 0
    outer loop
      vertex 9.264470968286052 -25.892461792533073 -5
      vertex 10.523794390039969 -25.406687144060385 5
      vertex 9.264470968286052 -25.892461792533073 5
    endloop
  endfacet
  facet normal 0.40524131400498886 -0.9142097557035311 0
    outer loop
      vertex 10.523794390039969 -25.406687144060385 -5
      vertex 11.757765069332757 -24.859705560894692 5
      vertex 10.523794390039969 -25.406687144060385 5
    endloop
  endfacet
  facet normal 0.4496113296546068 -0.8932243011955152 0
    outer loop
      vertex 11.757765069332757 -24.859705560894692 -5
      vertex 12.963410262714936 -24.252834769579763 5
      vertex 11.757765069332757 -24.859705560894692 5
    endloop
  endfacet
  facet normal 0.4928981922297857 -0.8700869911087106 0
    outer loop
      vertex 12.963410262714936 -24.252834769579763 -5
      vertex 14.137825465313599 -23.58753677500748 5
      vertex 12.963410262714936 -24.252834769579763 5
    endloop
  endfacet
  facet normal 0 0 1
    outer loop
      vertex 0 -27.5 5
      vertex 1.3493610440039954 -27.46687504564224 5
      vertex 1.1040226723669053 -22.47289776461638 5
    endloop
  endfacet
  facet normal 0 0 1
    outer loop
      vertex 0 -27.5 5
      vertex 1.1040226723669053 -22.47289776461638 5
      vertex 0 -22.5 5
    endloop
  endfacet
  facet normal 0 0 1
    outer loop
      vertex 1.3493610440039954 -27.46687504564224 5
      vertex 2.6954713590629167 -27.367579983485417 5
      vertex 1.1040226723669053 -22.47289776461638 5
    endloop
  endfacet
  facet normal 0 0 1
    outer loop
      vertex 2.6954713590629167 -27.367579983485417 5
      vertex 2.2053856574151136 -22.391656350124432 5
      vertex 1.1040226723669053 -22.47289776461638 5
    endloop
  endfacet
  facet normal 0 0 1
    outer loop
      vertex 2.6954713590629167 -27.367579983485417 5
      vertex 4.035088047522448 -27.20235402403148 5
      vertex 2.2053856574151136 -22.391656350124432 5
    endloop
  endfacet
  facet normal 0 0 1
    outer loop
      vertex 4.035088047522448 -27.20235402403148 5
      vertex 3.3014356752456395 -22.256471474207572 5
      vertex 2.2053856574151136 -22.391656350124432 5
    endloop
  endfacet
  facet normal 0 0 1
    outer loop
      vertex 4.035088047522448 -27.20235402403148 5
      vertex 5.364983855443527 -26.971595211088836 5
      vertex 3.3014356752456395 -22.256471474207572 5
    endloop
  endfacet
  facet normal 0 0 1
    outer loop
      vertex 5.364983855443527 -26.971595211088836 5
      vertex 6.681954947339756 -26.67585946284996 5
      vertex 4.3895322453628856 -22.067668809072686 5
    endloop
  endfacet
  facet normal 0 0 1
    outer loop
      vertex 5.364983855443527 -26.971595211088836 5
      vertex 4.3895322453628856 -22.067668809072686 5
      vertex 3.3014356752456395 -22.256471474207572 5
    endloop
  endfacet
  facet normal 0 0 1
    outer loop
      vertex 6.681954947339756 -26.67585946284996 5
      vertex 5.467054047823437 -21.82570319687724 5
      vertex 4.3895322453628856 -22.067668809072686 5
    endloop
  endfacet
  facet normal 0 0 1
    outer loop
      vertex 6.681954947339756 -26.67585946284996 5
      vertex 6.531405238225402 -21.531157553974698 5
      vertex 5.467054047823437 -21.82570319687724 5
    endloop
  endfacet
  facet normal 0 0 1
    outer loop
      vertex 6.681954947339756 -26.67585946284996 5
      vertex 7.9828286244977145 -26.31585923263574 5
      vertex 6.531405238225402 -21.531157553974698 5
    endloop
  endfacet
  facet normal 0 0 1
    outer loop
      vertex 7.9828286244977145 -26.31585923263574 5
      vertex 9.264470968286052 -25.892461792533073 5
      vertex 7.580021701324951 -21.184741466617968 5
    endloop
  endfacet
  facet normal 0 0 1
    outer loop
      vertex 7.9828286244977145 -26.31585923263574 5
      vertex 7.580021701324951 -21.184741466617968 5
      vertex 6.531405238225402 -21.531157553974698 5
    endloop
  endfacet
  facet normal 0 0 1
    outer loop
      vertex 9.264470968286052 -25.892461792533073 5
      vertex 8.61037722821452 -20.78728948150395 5
      vertex 7.580021701324951 -21.184741466617968 5
    endloop
  endfacet
  facet normal 0 0 1
    outer loop
      vertex 9.264470968286052 -25.892461792533073 5
      vertex 10.523794390039969 -25.406687144060385 5
      vertex 8.61037722821452 -20.78728948150395 5
    endloop
  endfacet
  facet normal 0 0 1
    outer loop
      vertex 10.523794390039969 -25.406687144060385 5
      vertex 9.619989602181347 -20.339759095277476 5
      vertex 8.61037722821452 -20.78728948150395 5
    endloop
  endfacet
  facet normal 0 0 1
    outer loop
      vertex 10.523794390039969 -25.406687144060385 5
      vertex 11.757765069332757 -24.859705560894692 5
      vertex 9.619989602181347 -20.339759095277476 5
    endloop
  endfacet
  facet normal 0 0 1
    outer loop
      vertex 11.757765069332757 -24.859705560894692 5
      vertex 10.606426578584946 -19.843228447837987 5
      vertex 9.619989602181347 -20.339759095277476 5
    endloop
  endfacet
  facet normal 0 0 1
    outer loop
      vertex 11.757765069332757 -24.859705560894692 5
      vertex 11.56731174434749 -19.29889372500612 5
      vertex 10.606426578584946 -19.843228447837987 5
    endloop
  endfacet
  facet normal 0 0 1
    outer loop
      vertex 11.757765069332757 -24.859705560894692 5
      vertex 12.963410262714936 -24.252834769579763 5
      vertex 11.56731174434749 -19.29889372500612 5
    endloop
  endfacet
  facet normal 0 0 1
    outer loop
      vertex 12.963410262714936 -24.252834769579763 5
      vertex 12.500330242941049 -18.70806627680727 5
      vertex 11.56731174434749 -19.29889372500612 5
    endloop
  endfacet
  facet normal 0 0 1
    outer loop
      vertex 12.963410262714936 -24.252834769579763 5
      vertex 14.137825465313599 -23.58753677500748 5
      vertex 12.500330242941049 -18.70806627680727 5
    endloop
  endfacet
  facet normal 0 0 1
    outer loop
      vertex 14.137825465313599 -23.58753677500748 5
      vertex 13.403234351079751 -18.072169458314512 5
      vertex 12.500330242941049 -18.70806627680727 5
    endloop
  endfacet
  facet normal 0.5349976198870963 -0.8448535652497076 0
    outer loop
      vertex 14.137825465313599 -23.58753677500748 -5
      vertex 15.27818140803906 -22.865414338319994 5
      vertex 14.137825465313599 -23.58753677500748 5
    endloop
  endfacet
  facet normal 0.5758081914178436 -0.817584813151585 0
    outer loop
      vertex 15.27818140803906 -22.865414338319994 -5
      vertex 16.38173087354192 -22.088207115717736 5
      vertex 15.27818140803906 -22.865414338319994 5
    endloop
  endfacet
  facet normal 0.6152315905806275 -0.7883464276266057 0
    outer loop
      vertex 16.38173087354192 -22.088207115717736 -5
      vertex 17.44581531450025 -21.257787467475268 5
      vertex 16.38173087354192 -22.088207115717736 5
    endloop
  endfacet
  facet normal 0.6531728429537766 -0.7572088465064845 0
    outer loop
      vertex 17.44581531450025 -21.257787467475268 -5
      vertex 18.46787125829301 -20.376155947261374 5
      vertex 17.44581531450025 -21.257787467475268 5
    endloop
  endfacet
  facet normal 0.689540544737067 -0.7242470829514668 0
    outer loop
      vertex 18.46787125829301 -20.376155947261374 -5
      vertex 19.445436482630058 -19.445436482630058 5
      vertex 18.46787125829301 -20.376155947261374 5
    endloop
  endfacet
  facet normal 0.7242470829514668 -0.689540544737067 0
    outer loop
      vertex 20.376155947261374 -18.46787125829301 -5
      vertex 20.376155947261374 -18.46787125829301 5
      vertex 19.445436482630058 -19.445436482630058 5
    endloop
  endfacet
  facet normal 0.7572088465064845 -0.6531728429537766 0
    outer loop
      vertex 21.257787467475268 -17.44581531450025 -5
      vertex 21.257787467475268 -17.44581531450025 5
      vertex 20.376155947261374 -18.46787125829301 5
    endloop
  endfacet
  facet normal 0.7883464276266057 -0.6152315905806275 0
    outer loop
      vertex 22.088207115717736 -16.38173087354192 -5
      vertex 22.088207115717736 -16.38173087354192 5
      vertex 21.257787467475268 -17.44581531450025 5
    endloop
  endfacet
  facet normal 0.817584813151585 -0.5758081914178436 0
    outer loop
      vertex 22.865414338319994 -15.27818140803906 -5
      vertex 22.865414338319994 -15.27818140803906 5
      vertex 22.088207115717736 -16.38173087354192 5
    endloop
  endfacet
  facet normal 0.8448535652497076 -0.5349976198870963 0
    outer loop
      vertex 23.58753677500748 -14.137825465313599 -5
      vertex 23.58753677500748 -14.137825465313599 5
      vertex 22.865414338319994 -15.27818140803906 5
    endloop
  endfacet
  facet normal 0 0 1
    outer loop
      vertex 14.137825465313599 -23.58753677500748 5
      vertex 15.27818140803906 -22.865414338319994 5
      vertex 13.403234351079751 -18.072169458314512 5
    endloop
  endfacet
  facet normal 0 0 1
    outer loop
      vertex 15.27818140803906 -22.865414338319994 5
      vertex 14.273848893682024 -17.392735200661583 5
      vertex 13.403234351079751 -18.072169458314512 5
    endloop
  endfacet
  facet normal 0 0 1
    outer loop
      vertex 15.27818140803906 -22.865414338319994 5
      vertex 15.110076484057915 -16.67140032048658 5
      vertex 14.273848893682024 -17.392735200661583 5
    endloop
  endfacet
  facet normal 0 0 1
    outer loop
      vertex 15.27818140803906 -22.865414338319994 5
      vertex 16.38173087354192 -22.088207115717736 5
      vertex 15.110076484057915 -16.67140032048658 5
    endloop
  endfacet
  facet normal 0 0 1
    outer loop
      vertex 16.38173087354192 -22.088207115717736 5
      vertex 17.44581531450025 -21.257787467475268 5
      vertex 15.90990257669732 -15.90990257669732 5
    endloop
  endfacet
  facet normal 0 0 1
    outer loop
      vertex 16.38173087354192 -22.088207115717736 5
      vertex 15.90990257669732 -15.90990257669732 5
      vertex 15.110076484057915 -16.67140032048658 5
    endloop
  endfacet
  facet normal 0 0 1
    outer loop
      vertex 17.44581531450025 -21.257787467475268 5
      vertex 16.67140032048658 -15.110076484057915 5
      vertex 15.90990257669732 -15.90990257669732 5
    endloop
  endfacet
  facet normal 0 0 1
    outer loop
      vertex 17.44581531450025 -21.257787467475268 5
      vertex 17.392735200661583 -14.273848893682024 5
      vertex 16.67140032048658 -15.110076484057915 5
    endloop
  endfacet
  facet normal 0 0 1
    outer loop
      vertex 17.44581531450025 -21.257787467475268 5
      vertex 18.46787125829301 -20.376155947261374 5
      vertex 17.392735200661583 -14.273848893682024 5
    endloop
  endfacet
  facet normal 0 0 1
    outer loop
      vertex 18.46787125829301 -20.376155947261374 5
      vertex 19.445436482630058 -19.445436482630058 5
      vertex 18.072169458314512 -13.403234351079751 5
    endloop
  endfacet
  facet normal 0 0 1
    outer loop
      vertex 18.46787125829301 -20.376155947261374 5
      vertex 18.072169458314512 -13.403234351079751 5
      vertex 17.392735200661583 -14.273848893682024 5
    endloop
  endfacet
  facet normal 0 0 1
    outer loop
      vertex 19.445436482630058 -19.445436482630058 5
      vertex 18.70806627680727 -12.500330242941049 5
      vertex 18.072169458314512 -13.403234351079751 5
    endloop
  endfacet
  facet normal 0 0 1
    outer loop
      vertex 19.445436482630058 -19.445436482630058 5
      vertex 20.376155947261374 -18.46787125829301 5
      vertex 19.29889372500612 -11.56731174434749 5
    endloop
  endfacet
  facet normal 0 0 1
    outer loop
      vertex 19.445436482630058 -19.445436482630058 5
      vertex 19.29889372500612 -11.56731174434749 5
      vertex 18.70806627680727 -12.500330242941049 5
    endloop
  endfacet
  facet normal 0 0 1
    outer loop
      vertex 20.376155947261374 -18.46787125829301 5
      vertex 21.257787467475268 -17.44581531450025 5
      vertex 20.339759095277476 -9.619989602181347 5
    endloop
  endfacet
  facet normal 0 0 1
    outer loop
      vertex 21.257787467475268 -17.44581531450025 5
      vertex 22.088207115717736 -16.38173087354192 5
      vertex 21.184741466617968 -7.580021701324951 5
    endloop
  endfacet
  facet normal 0.8700869911087106 -0.4928981922297857 0
    outer loop
      vertex 24.252834769579763 -12.963410262714936 -5
      vertex 24.252834769579763 -12.963410262714936 5
      vertex 23.58753677500748 -14.137825465313599 5
    endloop
  endfacet
  facet normal 0.8932243011955152 -0.4496113296546068 0
    outer loop
      vertex 24.859705560894692 -11.757765069332757 -5
      vertex 24.859705560894692 -11.757765069332757 5
      vertex 24.252834769579763 -12.963410262714936 5
    endloop
  endfacet
  facet normal 0.9142097557035311 -0.40524131400498886 0
    outer loop
      vertex 25.406687144060385 -10.523794390039969 -5
      vertex 25.406687144060385 -10.523794390039969 5
      vertex 24.859705560894692 -11.757765069332757 5
    endloop
  endfacet
  facet normal 0.9329927988347382 -0.3598950365349898 0
    outer loop
      vertex 25.892461792533073 -9.264470968286052 -5
      vertex 25.892461792533073 -9.264470968286052 5
      vertex 25.406687144060385 -10.523794390039969 5
    endloop
  endfacet
  facet normal 0.9495281805930376 -0.31368174039888874 0
    outer loop
      vertex 26.31585923263574 -7.9828286244977145 -5
      vertex 26.31585923263574 -7.9828286244977145 5
      vertex 25.892461792533073 -9.264470968286052 5
    endloop
  endfacet
  facet normal 0.9637760657954393 -0.26671275747490014 0
    outer loop
      vertex 26.67585946284996 -6.681954947339756 -5
      vertex 26.67585946284996 -6.681954947339756 5
      vertex 26.31585923263574 -7.9828286244977145 5
    endloop
  endfacet
  facet normal 0.9757021300385289 -0.2191012401568687 0
    outer loop
      vertex 26.971595211088836 -5.364983855443527 -5
      vertex 26.971595211088836 -5.364983855443527 5
      vertex 26.67585946284996 -6.681954947339756 5
    endloop
  endfacet
  facet normal 0.9852776423889409 -0.1709618887603037 0
    outer loop
      vertex 27.20235402403148 -4.035088047522448 -5
      vertex 27.20235402403148 -4.035088047522448 5
      vertex 26.971595211088836 -5.364983855443527 5
    endloop
  endfacet
  facet normal 0.99247953459871 -0.12241067519921653 0
    outer loop
      vertex 27.367579983485417 -2.6954713590629167 -5
      vertex 27.367579983485417 -2.6954713590629167 5
      vertex 27.20235402403148 -4.035088047522448 5
    endloop
  endfacet
  facet normal 0.9972904566786904 -0.07356456359966516 0
    outer loop
      vertex 27.46687504564224 -1.3493610440039954 -5
      vertex 27.46687504564224 -1.3493610440039954 5
      vertex 27.367579983485417 -2.6954713590629167 5
    endloop
  endfacet
  facet normal 0.9996988186962042 -0.024541228522912777 2.4216446803937727e-19
    outer loop
      vertex 27.46687504564224 -1.3493610440039954 5
      vertex 27.5 0 -5
      vertex 27.5 0 5
    endloop
  endfacet
  facet normal 0 0 1
    outer loop
      vertex 20.376155947261374 -18.46787125829301 5
      vertex 19.843228447837987 -10.606426578584946 5
      vertex 19.29889372500612 -11.56731174434749 5
    endloop
  endfacet
  facet normal 0 0 1
    outer loop
      vertex 20.376155947261374 -18.46787125829301 5
      vertex 20.339759095277476 -9.619989602181347 5
      vertex 19.843228447837987 -10.606426578584946 5
    endloop
  endfacet
  facet normal 0 0 1
    outer loop
      vertex 21.257787467475268 -17.44581531450025 5
      vertex 20.78728948150395 -8.61037722821452 5
      vertex 20.339759095277476 -9.619989602181347 5
    endloop
  endfacet
  facet normal 0 0 1
    outer loop
      vertex 21.257787467475268 -17.44581531450025 5
      vertex 21.184741466617968 -7.580021701324951 5
      vertex 20.78728948150395 -8.61037722821452 5
    endloop
  endfacet
  facet normal 0 0 1
    outer loop
      vertex 22.088207115717736 -16.38173087354192 5
      vertex 22.865414338319994 -15.27818140803906 5
      vertex 22.067668809072686 -4.3895322453628856 5
    endloop
  endfacet
  facet normal 0 0 1
    outer loop
      vertex 22.088207115717736 -16.38173087354192 5
      vertex 21.531157553974698 -6.531405238225402 5
      vertex 21.184741466617968 -7.580021701324951 5
    endloop
  endfacet
  facet normal 0 0 1
    outer loop
      vertex 22.088207115717736 -16.38173087354192 5
      vertex 21.82570319687724 -5.467054047823437 5
      vertex 21.531157553974698 -6.531405238225402 5
    endloop
  endfacet
  facet normal 0 0 1
    outer loop
      vertex 22.088207115717736 -16.38173087354192 5
      vertex 22.067668809072686 -4.3895322453628856 5
      vertex 21.82570319687724 -5.467054047823437 5
    endloop
  endfacet
  facet normal 0 0 1
    outer loop
      vertex 22.865414338319994 -15.27818140803906 5
      vertex 22.256471474207572 -3.3014356752456395 5
      vertex 22.067668809072686 -4.3895322453628856 5
    endloop
  endfacet
  facet normal 0 0 1
    outer loop
      vertex 22.865414338319994 -15.27818140803906 5
      vertex 22.391656350124432 -2.2053856574151136 5
      vertex 22.256471474207572 -3.3014356752456395 5
    endloop
  endfacet
  facet normal 0 0 1
    outer loop
      vertex 22.865414338319994 -15.27818140803906 5
      vertex 22.47289776461638 -1.1040226723669053 5
      vertex 22.391656350124432 -2.2053856574151136 5
    endloop
  endfacet
  facet normal 0 0 1
    outer loop
      vertex 22.865414338319994 -15.27818140803906 5
      vertex 22.5 0 5
      vertex 22.47289776461638 -1.1040226723669053 5
    endloop
  endfacet
  facet normal 0 0 1
    outer loop
      vertex 22.865414338319994 -15.27818140803906 5
      vertex 23.58753677500748 -14.137825465313599 5
      vertex 22.865414338319994 15.27818140803906 5
    endloop
  endfacet
  facet normal 0 0 1
    outer loop
      vertex 23.58753677500748 -14.137825465313599 5
      vertex 24.252834769579763 -12.963410262714936 5
      vertex 23.58753677500748 14.137825465313599 5
    endloop
  endfacet
  facet normal 0 0 1
    outer loop
      vertex 24.252834769579763 -12.963410262714936 5
      vertex 24.859705560894692 -11.757765069332757 5
      vertex 24.252834769579763 12.963410262714936 5
    endloop
  endfacet
  facet normal 0 0 1
    outer loop
      vertex 24.859705560894692 -11.757765069332757 5
      vertex 25.406687144060385 -10.523794390039969 5
      vertex 24.859705560894692 11.757765069332757 5
    endloop
  endfacet
  facet normal 0 0 1
    outer loop
      vertex 25.406687144060385 -10.523794390039969 5
      vertex 25.892461792533073 -9.264470968286052 5
      vertex 25.406687144060385 10.523794390039969 5
    endloop
  endfacet
  facet normal 0 0 1
    outer loop
      vertex 25.892461792533073 -9.264470968286052 5
      vertex 26.31585923263574 -7.9828286244977145 5
      vertex 25.892461792533073 9.264470968286052 5
    endloop
  endfacet
  facet normal 0 0 1
    outer loop
      vertex 26.31585923263574 -7.9828286244977145 5
      vertex 26.67585946284996 -6.681954947339756 5
      vertex 26.31585923263574 7.9828286244977145 5
    endloop
  endfacet
  facet normal 0 0 1
    outer loop
      vertex 26.67585946284996 -6.681954947339756 5
      vertex 26.971595211088836 -5.364983855443527 5
      vertex 26.67585946284996 6.681954947339756 5
    endloop
  endfacet
  facet normal 0 0 1
    outer loop
      vertex 26.971595211088836 -5.364983855443527 5
      vertex 27.20235402403148 -4.035088047522448 5
      vertex 26.971595211088836 5.364983855443527 5
    endloop
  endfacet
  facet normal 0 0 1
    outer loop
      vertex 27.20235402403148 -4.035088047522448 5
      vertex 27.367579983485417 -2.6954713590629167 5
      vertex 27.20235402403148 4.035088047522448 5
    endloop
  endfacet
  facet normal 0 0 1
    outer loop
      vertex 27.367579983485417 -2.6954713590629167 5
      vertex 27.46687504564224 -1.3493610440039954 5
      vertex 27.367579983485417 2.6954713590629167 5
    endloop
  endfacet
  facet normal 0 0 -1
    outer loop
      vertex 4.035088047522448 27.20235402403148 -5
      vertex 3.3014356752456395 22.256471474207572 -5
      vertex 2.2053856574151136 22.391656350124432 -5
    endloop
  endfacet
  facet normal 0 0 -1
    outer loop
      vertex 0 27.5 -5
      vertex 1.1040226723669053 22.47289776461638 -5
      vertex 0 22.5 -5
    endloop
  endfacet
  facet normal 0 0 -1
    outer loop
      vertex 1.3493610440039954 27.46687504564224 -5
      vertex 2.6954713590629167 27.367579983485417 -5
      vertex 1.1040226723669053 22.47289776461638 -5
    endloop
  endfacet
  facet normal 0 0 -1
    outer loop
      vertex 0 27.5 -5
      vertex 1.3493610440039954 27.46687504564224 -5
      vertex 1.1040226723669053 22.47289776461638 -5
    endloop
  endfacet
  facet normal 0 0 -1
    outer loop
      vertex 2.6954713590629167 27.367579983485417 -5
      vertex 2.2053856574151136 22.391656350124432 -5
      vertex 1.1040226723669053 22.47289776461638 -5
    endloop
  endfacet
  facet normal 0 0 -1
    outer loop
      vertex 2.6954713590629167 27.367579983485417 -5
      vertex 4.035088047522448 27.20235402403148 -5
      vertex 2.2053856574151136 22.391656350124432 -5
    endloop
  endfacet
  facet normal 0 0 -1
    outer loop
      vertex 5.364983855443527 26.971595211088836 -5
      vertex 4.3895322453628856 22.067668809072686 -5
      vertex 3.3014356752456395 22.256471474207572 -5
    endloop
  endfacet
  facet normal 0 0 -1
    outer loop
      vertex 6.681954947339756 26.67585946284996 -5
      vertex 5.467054047823437 21.82570319687724 -5
      vertex 4.3895322453628856 22.067668809072686 -5
    endloop
  endfacet
  facet normal 0 0 -1
    outer loop
      vertex 6.681954947339756 26.67585946284996 -5
      vertex 6.531405238225402 21.531157553974698 -5
      vertex 5.467054047823437 21.82570319687724 -5
    endloop
  endfacet
  facet normal 0 0 -1
    outer loop
      vertex 4.035088047522448 27.20235402403148 -5
      vertex 5.364983855443527 26.971595211088836 -5
      vertex 3.3014356752456395 22.256471474207572 -5
    endloop
  endfacet
  facet normal 0 0 -1
    outer loop
      vertex 5.364983855443527 26.971595211088836 -5
      vertex 6.681954947339756 26.67585946284996 -5
      vertex 4.3895322453628856 22.067668809072686 -5
    endloop
  endfacet
  facet normal 0 0 -1
    outer loop
      vertex 14.137825465313599 23.58753677500748 -5
      vertex 13.403234351079751 18.072169458314512 -5
      vertex 12.500330242941049 18.70806627680727 -5
    endloop
  endfacet
  facet normal 0 0 -1
    outer loop
      vertex 7.9828286244977145 26.31585923263574 -5
      vertex 7.580021701324951 21.184741466617968 -5
      vertex 6.531405238225402 21.531157553974698 -5
    endloop
  endfacet
  facet normal 0 0 -1
    outer loop
      vertex 9.264470968286052 25.892461792533073 -5
      vertex 8.61037722821452 20.78728948150395 -5
      vertex 7.580021701324951 21.184741466617968 -5
    endloop
  endfacet
  facet normal 0 0 -1
    outer loop
      vertex 10.523794390039969 25.406687144060385 -5
      vertex 9.619989602181347 20.339759095277476 -5
      vertex 8.61037722821452 20.78728948150395 -5
    endloop
  endfacet
  facet normal 0 0 -1
    outer loop
      vertex 9.264470968286052 25.892461792533073 -5
      vertex 10.523794390039969 25.406687144060385 -5
      vertex 8.61037722821452 20.78728948150395 -5
    endloop
  endfacet
  facet normal 0 0 -1
    outer loop
      vertex 6.681954947339756 26.67585946284996 -5
      vertex 7.9828286244977145 26.31585923263574 -5
      vertex 6.531405238225402 21.531157553974698 -5
    endloop
  endfacet
  facet normal 0 0 -1
    outer loop
      vertex 7.9828286244977145 26.31585923263574 -5
      vertex 9.264470968286052 25.892461792533073 -5
      vertex 7.580021701324951 21.184741466617968 -5
    endloop
  endfacet
  facet normal 0 0 -1
    outer loop
      vertex 11.757765069332757 24.859705560894692 -5
      vertex 10.606426578584946 19.843228447837987 -5
      vertex 9.619989602181347 20.339759095277476 -5
    endloop
  endfacet
  facet normal 0 0 -1
    outer loop
      vertex 11.757765069332757 24.859705560894692 -5
      vertex 11.56731174434749 19.29889372500612 -5
      vertex 10.606426578584946 19.843228447837987 -5
    endloop
  endfacet
  facet normal 0 0 -1
    outer loop
      vertex 10.523794390039969 25.406687144060385 -5
      vertex 11.757765069332757 24.859705560894692 -5
      vertex 9.619989602181347 20.339759095277476 -5
    endloop
  endfacet
  facet normal 0 0 -1
    outer loop
      vertex 12.963410262714936 24.252834769579763 -5
      vertex 12.500330242941049 18.70806627680727 -5
      vertex 11.56731174434749 19.29889372500612 -5
    endloop
  endfacet
  facet normal 0 0 -1
    outer loop
      vertex 12.963410262714936 24.252834769579763 -5
      vertex 14.137825465313599 23.58753677500748 -5
      vertex 12.500330242941049 18.70806627680727 -5
    endloop
  endfacet
  facet normal 0 0 -1
    outer loop
      vertex 11.757765069332757 24.859705560894692 -5
      vertex 12.963410262714936 24.252834769579763 -5
      vertex 11.56731174434749 19.29889372500612 -5
    endloop
  endfacet
  facet normal 0.024541228522912777 0.9996988186962042 0
    outer loop
      vertex 0 27.5 -5
      vertex 0 27.5 5
      vertex 1.3493610440039954 27.46687504564224 -5
    endloop
  endfacet
  facet normal 0.07356456359966516 0.9972904566786904 0
    outer loop
      vertex 1.3493610440039954 27.46687504564224 -5
      vertex 1.3493610440039954 27.46687504564224 5
      vertex 2.6954713590629167 27.367579983485417 -5
    endloop
  endfacet
  facet normal 0.12241067519921653 0.99247953459871 0
    outer loop
      vertex 2.6954713590629167 27.367579983485417 -5
      vertex 2.6954713590629167 27.367579983485417 5
      vertex 4.035088047522448 27.20235402403148 -5
    endloop
  endfacet
  facet normal 0.1709618887603037 0.9852776423889409 0
    outer loop
      vertex 4.035088047522448 27.20235402403148 -5
      vertex 4.035088047522448 27.20235402403148 5
      vertex 5.364983855443527 26.971595211088836 -5
    endloop
  endfacet
  facet normal 0.2191012401568687 0.9757021300385289 0
    outer loop
      vertex 5.364983855443527 26.971595211088836 -5
      vertex 5.364983855443527 26.971595211088836 5
      vertex 6.681954947339756 26.67585946284996 -5
    endloop
  endfacet
  facet normal 0.26671275747490014 0.9637760657954393 0
    outer loop
      vertex 6.681954947339756 26.67585946284996 -5
      vertex 6.681954947339756 26.67585946284996 5
      vertex 7.9828286244977145 26.31585923263574 -5
    endloop
  endfacet
  facet normal 0.31368174039888874 0.9495281805930376 0
    outer loop
      vertex 7.9828286244977145 26.31585923263574 -5
      vertex 7.9828286244977145 26.31585923263574 5
      vertex 9.264470968286052 25.892461792533073 -5
    endloop
  endfacet
  facet normal 0.3598950365349898 0.9329927988347382 0
    outer loop
      vertex 9.264470968286052 25.892461792533073 -5
      vertex 9.264470968286052 25.892461792533073 5
      vertex 10.523794390039969 25.406687144060385 -5
    endloop
  endfacet
  facet normal 0.4928981922297857 0.8700869911087106 0
    outer loop
      vertex 12.963410262714936 24.252834769579763 -5
      vertex 12.963410262714936 24.252834769579763 5
      vertex 14.137825465313599 23.58753677500748 -5
    endloop
  endfacet
  facet normal 0.40524131400498886 0.9142097557035311 0
    outer loop
      vertex 10.523794390039969 25.406687144060385 -5
      vertex 10.523794390039969 25.406687144060385 5
      vertex 11.757765069332757 24.859705560894692 -5
    endloop
  endfacet
  facet normal 0.4496113296546068 0.8932243011955152 0
    outer loop
      vertex 11.757765069332757 24.859705560894692 -5
      vertex 11.757765069332757 24.859705560894692 5
      vertex 12.963410262714936 24.252834769579763 -5
    endloop
  endfacet
  facet normal 0 0 -1
    outer loop
      vertex 20.376155947261374 18.46787125829301 -5
      vertex 20.339759095277476 9.619989602181347 -5
      vertex 19.843228447837987 10.606426578584946 -5
    endloop
  endfacet
  facet normal 0 0 -1
    outer loop
      vertex 20.376155947261374 18.46787125829301 -5
      vertex 19.843228447837987 10.606426578584946 -5
      vertex 19.29889372500612 11.56731174434749 -5
    endloop
  endfacet
  facet normal 0 0 -1
    outer loop
      vertex 22.865414338319994 -15.27818140803906 -5
      vertex 22.5 0 -5
      vertex 22.865414338319994 15.27818140803906 -5
    endloop
  endfacet
  facet normal 0 0 -1
    outer loop
      vertex 22.865414338319994 -15.27818140803906 -5
      vertex 22.865414338319994 15.27818140803906 -5
      vertex 23.58753677500748 14.137825465313599 -5
    endloop
  endfacet
  facet normal 0 0 -1
    outer loop
      vertex 23.58753677500748 -14.137825465313599 -5
      vertex 23.58753677500748 14.137825465313599 -5
      vertex 24.252834769579763 12.963410262714936 -5
    endloop
  endfacet
  facet normal 0 0 -1
    outer loop
      vertex 22.865414338319994 15.27818140803906 -5
      vertex 22.5 0 -5
      vertex 22.47289776461638 1.1040226723669053 -5
    endloop
  endfacet
  facet normal 0 0 -1
    outer loop
      vertex 22.865414338319994 15.27818140803906 -5
      vertex 22.47289776461638 1.1040226723669053 -5
      vertex 22.391656350124432 2.2053856574151136 -5
    endloop
  endfacet
  facet normal 0 0 -1
    outer loop
      vertex 25.406687144060385 -10.523794390039969 -5
      vertex 25.406687144060385 10.523794390039969 -5
      vertex 25.892461792533073 9.264470968286052 -5
    endloop
  endfacet
  facet normal 0 0 -1
    outer loop
      vertex 27.46687504564224 -1.3493610440039954 -5
      vertex 27.46687504564224 1.3493610440039954 -5
      vertex 27.5 0 -5
    endloop
  endfacet
  facet normal 0 0 -1
    outer loop
      vertex 27.367579983485417 -2.6954713590629167 -5
      vertex 27.367579983485417 2.6954713590629167 -5
      vertex 27.46687504564224 1.3493610440039954 -5
    endloop
  endfacet
  facet normal 0 0 -1
    outer loop
      vertex 26.971595211088836 -5.364983855443527 -5
      vertex 26.971595211088836 5.364983855443527 -5
      vertex 27.20235402403148 4.035088047522448 -5
    endloop
  endfacet
  facet normal 0 0 -1
    outer loop
      vertex 27.20235402403148 -4.035088047522448 -5
      vertex 27.20235402403148 4.035088047522448 -5
      vertex 27.367579983485417 2.6954713590629167 -5
    endloop
  endfacet
  facet normal 0 0 -1
    outer loop
      vertex 26.31585923263574 -7.9828286244977145 -5
      vertex 26.31585923263574 7.9828286244977145 -5
      vertex 26.67585946284996 6.681954947339756 -5
    endloop
  endfacet
  facet normal 0 0 -1
    outer loop
      vertex 25.892461792533073 -9.264470968286052 -5
      vertex 25.892461792533073 9.264470968286052 -5
      vertex 26.31585923263574 7.9828286244977145 -5
    endloop
  endfacet
  facet normal 0 0 -1
    outer loop
      vertex 26.67585946284996 -6.681954947339756 -5
      vertex 26.67585946284996 6.681954947339756 -5
      vertex 26.971595211088836 5.364983855443527 -5
    endloop
  endfacet
  facet normal 0 0 -1
    outer loop
      vertex 24.252834769579763 -12.963410262714936 -5
      vertex 24.252834769579763 12.963410262714936 -5
      vertex 24.859705560894692 11.757765069332757 -5
    endloop
  endfacet
  facet normal 0 0 -1
    outer loop
      vertex 24.859705560894692 -11.757765069332757 -5
      vertex 24.859705560894692 11.757765069332757 -5
      vertex 25.406687144060385 10.523794390039969 -5
    endloop
  endfacet
  facet normal 0 0 -1
    outer loop
      vertex 22.088207115717736 16.38173087354192 -5
      vertex 22.067668809072686 4.3895322453628856 -5
      vertex 21.82570319687724 5.467054047823437 -5
    endloop
  endfacet
  facet normal 0 0 -1
    outer loop
      vertex 22.088207115717736 16.38173087354192 -5
      vertex 21.82570319687724 5.467054047823437 -5
      vertex 21.531157553974698 6.531405238225402 -5
    endloop
  endfacet
  facet normal 0 0 -1
    outer loop
      vertex 22.088207115717736 16.38173087354192 -5
      vertex 21.531157553974698 6.531405238225402 -5
      vertex 21.184741466617968 7.580021701324951 -5
    endloop
  endfacet
  facet normal 0 0 -1
    outer loop
      vertex 22.865414338319994 15.27818140803906 -5
      vertex 22.391656350124432 2.2053856574151136 -5
      vertex 22.256471474207572 3.3014356752456395 -5
    endloop
  endfacet
  facet normal 0 0 -1
    outer loop
      vertex 22.865414338319994 15.27818140803906 -5
      vertex 22.256471474207572 3.3014356752456395 -5
      vertex 22.067668809072686 4.3895322453628856 -5
    endloop
  endfacet
  facet normal 0 0 -1
    outer loop
      vertex 21.257787467475268 17.44581531450025 -5
      vertex 20.78728948150395 8.61037722821452 -5
      vertex 20.339759095277476 9.619989602181347 -5
    endloop
  endfacet
  facet normal 0 0 -1
    outer loop
      vertex 21.257787467475268 17.44581531450025 -5
      vertex 21.184741466617968 7.580021701324951 -5
      vertex 20.78728948150395 8.61037722821452 -5
    endloop
  endfacet
  facet normal 0 0 -1
    outer loop
      vertex 22.088207115717736 16.38173087354192 -5
      vertex 22.865414338319994 15.27818140803906 -5
      vertex 22.067668809072686 4.3895322453628856 -5
    endloop
  endfacet
  facet normal 0.9996988186962042 0.024541228522912777 0
    outer loop
      vertex 27.5 0 -5
      vertex 27.46687504564224 1.3493610440039954 -5
      vertex 27.5 0 5
    endloop
  endfacet
  facet normal 0.9972904566786904 0.07356456359966516 0
    outer loop
      vertex 27.46687504564224 1.3493610440039954 -5
      vertex 27.367579983485417 2.6954713590629167 -5
      vertex 27.46687504564224 1.3493610440039954 5
    endloop
  endfacet
  facet normal 0.99247953459871 0.12241067519921653 0
    outer loop
      vertex 27.367579983485417 2.6954713590629167 -5
      vertex 27.20235402403148 4.035088047522448 -5
      vertex 27.367579983485417 2.6954713590629167 5
    endloop
  endfacet
  facet normal 0.9852776423889409 0.1709618887603037 0
    outer loop
      vertex 27.20235402403148 4.035088047522448 -5
      vertex 26.971595211088836 5.364983855443527 -5
      vertex 27.20235402403148 4.035088047522448 5
    endloop
  endfacet
  facet normal 0.9757021300385289 0.2191012401568687 0
    outer loop
      vertex 26.971595211088836 5.364983855443527 -5
      vertex 26.67585946284996 6.681954947339756 -5
      vertex 26.971595211088836 5.364983855443527 5
    endloop
  endfacet
  facet normal 0.8700869911087106 0.4928981922297857 0
    outer loop
      vertex 24.252834769579763 12.963410262714936 -5
      vertex 23.58753677500748 14.137825465313599 -5
      vertex 24.252834769579763 12.963410262714936 5
    endloop
  endfacet
  facet normal 0.9329927988347382 0.3598950365349898 0
    outer loop
      vertex 25.892461792533073 9.264470968286052 -5
      vertex 25.406687144060385 10.523794390039969 -5
      vertex 25.892461792533073 9.264470968286052 5
    endloop
  endfacet
  facet normal 0.9637760657954393 0.26671275747490014 0
    outer loop
      vertex 26.67585946284996 6.681954947339756 -5
      vertex 26.31585923263574 7.9828286244977145 -5
      vertex 26.67585946284996 6.681954947339756 5
    endloop
  endfacet
  facet normal 0.9495281805930376 0.31368174039888874 0
    outer loop
      vertex 26.31585923263574 7.9828286244977145 -5
      vertex 25.892461792533073 9.264470968286052 -5
      vertex 26.31585923263574 7.9828286244977145 5
    endloop
  endfacet
  facet normal 0.9142097557035311 0.40524131400498886 -2.2370322550271693e-19
    outer loop
      vertex 24.859705560894692 11.757765069332757 -5
      vertex 25.406687144060385 10.523794390039969 5
      vertex 25.406687144060385 10.523794390039969 -5
    endloop
  endfacet
  facet normal 0.8932243011955152 0.4496113296546068 0
    outer loop
      vertex 24.859705560894692 11.757765069332757 -5
      vertex 24.252834769579763 12.963410262714936 -5
      vertex 24.859705560894692 11.757765069332757 5
    endloop
  endfacet
  facet normal 0 0 -1
    outer loop
      vertex 17.44581531450025 21.257787467475268 -5
      vertex 17.392735200661583 14.273848893682024 -5
      vertex 16.67140032048658 15.110076484057915 -5
    endloop
  endfacet
  facet normal 0 0 -1
    outer loop
      vertex 15.27818140803906 22.865414338319994 -5
      vertex 14.273848893682024 17.392735200661583 -5
      vertex 13.403234351079751 18.072169458314512 -5
    endloop
  endfacet
  facet normal 0 0 -1
    outer loop
      vertex 15.27818140803906 22.865414338319994 -5
      vertex 15.110076484057915 16.67140032048658 -5
      vertex 14.273848893682024 17.392735200661583 -5
    endloop
  endfacet
  facet normal 0 0 -1
    outer loop
      vertex 16.38173087354192 22.088207115717736 -5
      vertex 15.90990257669732 15.90990257669732 -5
      vertex 15.110076484057915 16.67140032048658 -5
    endloop
  endfacet
  facet normal 0 0 -1
    outer loop
      vertex 17.44581531450025 21.257787467475268 -5
      vertex 16.67140032048658 15.110076484057915 -5
      vertex 15.90990257669732 15.90990257669732 -5
    endloop
  endfacet
  facet normal 0 0 -1
    outer loop
      vertex 15.27818140803906 22.865414338319994 -5
      vertex 16.38173087354192 22.088207115717736 -5
      vertex 15.110076484057915 16.67140032048658 -5
    endloop
  endfacet
  facet normal 0 0 -1
    outer loop
      vertex 16.38173087354192 22.088207115717736 -5
      vertex 17.44581531450025 21.257787467475268 -5
      vertex 15.90990257669732 15.90990257669732 -5
    endloop
  endfacet
  facet normal 0 0 -1
    outer loop
      vertex 19.445436482630058 19.445436482630058 -5
      vertex 18.70806627680727 12.500330242941049 -5
      vertex 18.072169458314512 13.403234351079751 -5
    endloop
  endfacet
  facet normal 0 0 -1
    outer loop
      vertex 18.46787125829301 20.376155947261374 -5
      vertex 18.072169458314512 13.403234351079751 -5
      vertex 17.392735200661583 14.273848893682024 -5
    endloop
  endfacet
  facet normal 0 0 -1
    outer loop
      vertex 19.445436482630058 19.445436482630058 -5
      vertex 19.29889372500612 11.56731174434749 -5
      vertex 18.70806627680727 12.500330242941049 -5
    endloop
  endfacet
  facet normal 0 0 -1
    outer loop
      vertex 20.376155947261374 18.46787125829301 -5
      vertex 19.29889372500612 11.56731174434749 -5
      vertex 19.445436482630058 19.445436482630058 -5
    endloop
  endfacet
  facet normal 0 0 -1
    outer loop
      vertex 18.46787125829301 20.376155947261374 -5
      vertex 17.392735200661583 14.273848893682024 -5
      vertex 17.44581531450025 21.257787467475268 -5
    endloop
  endfacet
  facet normal 0 0 -1
    outer loop
      vertex 18.46787125829301 20.376155947261374 -5
      vertex 19.445436482630058 19.445436482630058 -5
      vertex 18.072169458314512 13.403234351079751 -5
    endloop
  endfacet
  facet normal 0 0 -1
    outer loop
      vertex 14.137825465313599 23.58753677500748 -5
      vertex 15.27818140803906 22.865414338319994 -5
      vertex 13.403234351079751 18.072169458314512 -5
    endloop
  endfacet
  facet normal 0 0 -1
    outer loop
      vertex 20.376155947261374 18.46787125829301 -5
      vertex 21.257787467475268 17.44581531450025 -5
      vertex 20.339759095277476 9.619989602181347 -5
    endloop
  endfacet
  facet normal 0 0 -1
    outer loop
      vertex 22.088207115717736 16.38173087354192 -5
      vertex 21.184741466617968 7.580021701324951 -5
      vertex 21.257787467475268 17.44581531450025 -5
    endloop
  endfacet
  facet normal 0.689540544737067 0.7242470829514668 0
    outer loop
      vertex 18.46787125829301 20.376155947261374 -5
      vertex 18.46787125829301 20.376155947261374 5
      vertex 19.445436482630058 19.445436482630058 -5
    endloop
  endfacet
  facet normal 0.7242470829514668 0.689540544737067 0
    outer loop
      vertex 20.376155947261374 18.46787125829301 -5
      vertex 19.445436482630058 19.445436482630058 -5
      vertex 20.376155947261374 18.46787125829301 5
    endloop
  endfacet
  facet normal 0.5349976198870963 0.8448535652497076 0
    outer loop
      vertex 14.137825465313599 23.58753677500748 -5
      vertex 14.137825465313599 23.58753677500748 5
      vertex 15.27818140803906 22.865414338319994 -5
    endloop
  endfacet
  facet normal 0.6152315905806275 0.7883464276266057 0
    outer loop
      vertex 16.38173087354192 22.088207115717736 -5
      vertex 16.38173087354192 22.088207115717736 5
      vertex 17.44581531450025 21.257787467475268 -5
    endloop
  endfacet
  facet normal 0.5758081914178436 0.817584813151585 0
    outer loop
      vertex 15.27818140803906 22.865414338319994 -5
      vertex 15.27818140803906 22.865414338319994 5
      vertex 16.38173087354192 22.088207115717736 -5
    endloop
  endfacet
  facet normal 0.6531728429537766 0.7572088465064845 1.5017423517985432e-18
    outer loop
      vertex 18.46787125829301 20.376155947261374 -5
      vertex 17.44581531450025 21.257787467475268 -5
      vertex 17.44581531450025 21.257787467475268 5
    endloop
  endfacet
  facet normal 0.7883464276266057 0.6152315905806275 0
    outer loop
      vertex 22.088207115717736 16.38173087354192 -5
      vertex 21.257787467475268 17.44581531450025 -5
      vertex 22.088207115717736 16.38173087354192 5
    endloop
  endfacet
  facet normal 0.8448535652497076 0.5349976198870963 -3.721469206593378e-18
    outer loop
      vertex 22.865414338319994 15.27818140803906 -5
      vertex 23.58753677500748 14.137825465313599 5
      vertex 23.58753677500748 14.137825465313599 -5
    endloop
  endfacet
  facet normal 0.817584813151585 0.5758081914178436 2.638710168244615e-18
    outer loop
      vertex 22.088207115717736 16.38173087354192 -5
      vertex 22.865414338319994 15.27818140803906 5
      vertex 22.865414338319994 15.27818140803906 -5
    endloop
  endfacet
  facet normal 0.7572088465064845 0.6531728429537766 1.5017423517985432e-18
    outer loop
      vertex 20.376155947261374 18.46787125829301 -5
      vertex 21.257787467475268 17.44581531450025 5
      vertex 21.257787467475268 17.44581531450025 -5
    endloop
  endfacet
  facet normal 0.024541228522912777 0.9996988186962042 0
    outer loop
      vertex 1.3493610440039954 27.46687504564224 -5
      vertex 0 27.5 5
      vertex 1.3493610440039954 27.46687504564224 5
    endloop
  endfacet
  facet normal 0.07356456359966516 0.9972904566786904 0
    outer loop
      vertex 2.6954713590629167 27.367579983485417 -5
      vertex 1.3493610440039954 27.46687504564224 5
      vertex 2.6954713590629167 27.367579983485417 5
    endloop
  endfacet
  facet normal 0.12241067519921653 0.99247953459871 0
    outer loop
      vertex 4.035088047522448 27.20235402403148 -5
      vertex 2.6954713590629167 27.367579983485417 5
      vertex 4.035088047522448 27.20235402403148 5
    endloop
  endfacet
  facet normal 0.1709618887603037 0.9852776423889409 0
    outer loop
      vertex 5.364983855443527 26.971595211088836 -5
      vertex 4.035088047522448 27.20235402403148 5
      vertex 5.364983855443527 26.971595211088836 5
    endloop
  endfacet
  facet normal 0.2191012401568687 0.9757021300385289 0
    outer loop
      vertex 6.681954947339756 26.67585946284996 -5
      vertex 5.364983855443527 26.971595211088836 5
      vertex 6.681954947339756 26.67585946284996 5
    endloop
  endfacet
  facet normal 0.26671275747490014 0.9637760657954393 0
    outer loop
      vertex 7.9828286244977145 26.31585923263574 -5
      vertex 6.681954947339756 26.67585946284996 5
      vertex 7.9828286244977145 26.31585923263574 5
    endloop
  endfacet
  facet normal 0.3598950365349898 0.9329927988347382 0
    outer loop
      vertex 10.523794390039969 25.406687144060385 -5
      vertex 9.264470968286052 25.892461792533073 5
      vertex 10.523794390039969 25.406687144060385 5
    endloop
  endfacet
  facet normal 0.31368174039888874 0.9495281805930376 0
    outer loop
      vertex 9.264470968286052 25.892461792533073 -5
      vertex 7.9828286244977145 26.31585923263574 5
      vertex 9.264470968286052 25.892461792533073 5
    endloop
  endfacet
  facet normal 0.4928981922297857 0.8700869911087106 0
    outer loop
      vertex 14.137825465313599 23.58753677500748 -5
      vertex 12.963410262714936 24.252834769579763 5
      vertex 14.137825465313599 23.58753677500748 5
    endloop
  endfacet
  facet normal 0.40524131400498886 0.9142097557035311 0
    outer loop
      vertex 11.757765069332757 24.859705560894692 -5
      vertex 10.523794390039969 25.406687144060385 5
      vertex 11.757765069332757 24.859705560894692 5
    endloop
  endfacet
  facet normal 0.4496113296546068 0.8932243011955152 0
    outer loop
      vertex 12.963410262714936 24.252834769579763 -5
      vertex 11.757765069332757 24.859705560894692 5
      vertex 12.963410262714936 24.252834769579763 5
    endloop
  endfacet
  facet normal 0 0 1
    outer loop
      vertex 2.6954713590629167 27.367579983485417 5
      vertex 2.2053856574151136 22.391656350124432 5
      vertex 3.3014356752456395 22.256471474207572 5
    endloop
  endfacet
  facet normal 0 0 1
    outer loop
      vertex 0 27.5 5
      vertex 0 22.5 5
      vertex 1.1040226723669053 22.47289776461638 5
    endloop
  endfacet
  facet normal 0 0 1
    outer loop
      vertex 1.3493610440039954 27.46687504564224 5
      vertex 1.1040226723669053 22.47289776461638 5
      vertex 2.2053856574151136 22.391656350124432 5
    endloop
  endfacet
  facet normal 0 0 1
    outer loop
      vertex 0 27.5 5
      vertex 1.1040226723669053 22.47289776461638 5
      vertex 1.3493610440039954 27.46687504564224 5
    endloop
  endfacet
  facet normal 0 0 1
    outer loop
      vertex 1.3493610440039954 27.46687504564224 5
      vertex 2.2053856574151136 22.391656350124432 5
      vertex 2.6954713590629167 27.367579983485417 5
    endloop
  endfacet
  facet normal 0 0 1
    outer loop
      vertex 2.6954713590629167 27.367579983485417 5
      vertex 3.3014356752456395 22.256471474207572 5
      vertex 4.035088047522448 27.20235402403148 5
    endloop
  endfacet
  facet normal 0 0 1
    outer loop
      vertex 4.035088047522448 27.20235402403148 5
      vertex 3.3014356752456395 22.256471474207572 5
      vertex 4.3895322453628856 22.067668809072686 5
    endloop
  endfacet
  facet normal 0 0 1
    outer loop
      vertex 5.364983855443527 26.971595211088836 5
      vertex 4.3895322453628856 22.067668809072686 5
      vertex 5.467054047823437 21.82570319687724 5
    endloop
  endfacet
  facet normal 0 0 1
    outer loop
      vertex 5.364983855443527 26.971595211088836 5
      vertex 5.467054047823437 21.82570319687724 5
      vertex 6.531405238225402 21.531157553974698 5
    endloop
  endfacet
  facet normal 0 0 1
    outer loop
      vertex 4.035088047522448 27.20235402403148 5
      vertex 4.3895322453628856 22.067668809072686 5
      vertex 5.364983855443527 26.971595211088836 5
    endloop
  endfacet
  facet normal 0 0 1
    outer loop
      vertex 5.364983855443527 26.971595211088836 5
      vertex 6.531405238225402 21.531157553974698 5
      vertex 6.681954947339756 26.67585946284996 5
    endloop
  endfacet
  facet normal 0 0 1
    outer loop
      vertex 12.963410262714936 24.252834769579763 5
      vertex 12.500330242941049 18.70806627680727 5
      vertex 13.403234351079751 18.072169458314512 5
    endloop
  endfacet
  facet normal 0 0 1
    outer loop
      vertex 6.681954947339756 26.67585946284996 5
      vertex 6.531405238225402 21.531157553974698 5
      vertex 7.580021701324951 21.184741466617968 5
    endloop
  endfacet
  facet normal 0 0 1
    outer loop
      vertex 7.9828286244977145 26.31585923263574 5
      vertex 7.580021701324951 21.184741466617968 5
      vertex 8.61037722821452 20.78728948150395 5
    endloop
  endfacet
  facet normal 0 0 1
    outer loop
      vertex 9.264470968286052 25.892461792533073 5
      vertex 8.61037722821452 20.78728948150395 5
      vertex 9.619989602181347 20.339759095277476 5
    endloop
  endfacet
  facet normal 0 0 1
    outer loop
      vertex 10.523794390039969 25.406687144060385 5
      vertex 9.619989602181347 20.339759095277476 5
      vertex 10.606426578584946 19.843228447837987 5
    endloop
  endfacet
  facet normal 0 0 1
    outer loop
      vertex 9.264470968286052 25.892461792533073 5
      vertex 9.619989602181347 20.339759095277476 5
      vertex 10.523794390039969 25.406687144060385 5
    endloop
  endfacet
  facet normal 0 0 1
    outer loop
      vertex 6.681954947339756 26.67585946284996 5
      vertex 7.580021701324951 21.184741466617968 5
      vertex 7.9828286244977145 26.31585923263574 5
    endloop
  endfacet
  facet normal 0 0 1
    outer loop
      vertex 7.9828286244977145 26.31585923263574 5
      vertex 8.61037722821452 20.78728948150395 5
      vertex 9.264470968286052 25.892461792533073 5
    endloop
  endfacet
  facet normal 0 0 1
    outer loop
      vertex 10.523794390039969 25.406687144060385 5
      vertex 10.606426578584946 19.843228447837987 5
      vertex 11.56731174434749 19.29889372500612 5
    endloop
  endfacet
  facet normal 0 0 1
    outer loop
      vertex 11.757765069332757 24.859705560894692 5
      vertex 11.56731174434749 19.29889372500612 5
      vertex 12.500330242941049 18.70806627680727 5
    endloop
  endfacet
  facet normal 0 0 1
    outer loop
      vertex 10.523794390039969 25.406687144060385 5
      vertex 11.56731174434749 19.29889372500612 5
      vertex 11.757765069332757 24.859705560894692 5
    endloop
  endfacet
  facet normal 0 0 1
    outer loop
      vertex 12.963410262714936 24.252834769579763 5
      vertex 13.403234351079751 18.072169458314512 5
      vertex 14.137825465313599 23.58753677500748 5
    endloop
  endfacet
  facet normal 0 0 1
    outer loop
      vertex 11.757765069332757 24.859705560894692 5
      vertex 12.500330242941049 18.70806627680727 5
      vertex 12.963410262714936 24.252834769579763 5
    endloop
  endfacet
  facet normal 0.9996988186962042 0.024541228522912777 0
    outer loop
      vertex 27.46687504564224 1.3493610440039954 -5
      vertex 27.46687504564224 1.3493610440039954 5
      vertex 27.5 0 5
    endloop
  endfacet
  facet normal 0.9972904566786904 0.07356456359966516 0
    outer loop
      vertex 27.367579983485417 2.6954713590629167 -5
      vertex 27.367579983485417 2.6954713590629167 5
      vertex 27.46687504564224 1.3493610440039954 5
    endloop
  endfacet
  facet normal 0.99247953459871 0.12241067519921653 0
    outer loop
      vertex 27.20235402403148 4.035088047522448 -5
      vertex 27.20235402403148 4.035088047522448 5
      vertex 27.367579983485417 2.6954713590629167 5
    endloop
  endfacet
  facet normal 0.9852776423889409 0.1709618887603037 0
    outer loop
      vertex 26.971595211088836 5.364983855443527 -5
      vertex 26.971595211088836 5.364983855443527 5
      vertex 27.20235402403148 4.035088047522448 5
    endloop
  endfacet
  facet normal 0.9757021300385289 0.2191012401568687 0
    outer loop
      vertex 26.67585946284996 6.681954947339756 -5
      vertex 26.67585946284996 6.681954947339756 5
      vertex 26.971595211088836 5.364983855443527 5
    endloop
  endfacet
  facet normal 0.8700869911087106 0.4928981922297857 0
    outer loop
      vertex 23.58753677500748 14.137825465313599 -5
      vertex 23.58753677500748 14.137825465313599 5
      vertex 24.252834769579763 12.963410262714936 5
    endloop
  endfacet
  facet normal 0.9329927988347382 0.3598950365349898 0
    outer loop
      vertex 25.406687144060385 10.523794390039969 -5
      vertex 25.406687144060385 10.523794390039969 5
      vertex 25.892461792533073 9.264470968286052 5
    endloop
  endfacet
  facet normal 0.9637760657954393 0.26671275747490014 0
    outer loop
      vertex 26.31585923263574 7.9828286244977145 -5
      vertex 26.31585923263574 7.9828286244977145 5
      vertex 26.67585946284996 6.681954947339756 5
    endloop
  endfacet
  facet normal 0.9495281805930376 0.31368174039888874 0
    outer loop
      vertex 25.892461792533073 9.264470968286052 -5
      vertex 25.892461792533073 9.264470968286052 5
      vertex 26.31585923263574 7.9828286244977145 5
    endloop
  endfacet
  facet normal 0.9142097557035311 0.40524131400498886 0
    outer loop
      vertex 24.859705560894692 11.757765069332757 -5
      vertex 24.859705560894692 11.757765069332757 5
      vertex 25.406687144060385 10.523794390039969 5
    endloop
  endfacet
  facet normal 0.8932243011955152 0.4496113296546068 0
    outer loop
      vertex 24.252834769579763 12.963410262714936 -5
      vertex 24.252834769579763 12.963410262714936 5
      vertex 24.859705560894692 11.757765069332757 5
    endloop
  endfacet
  facet normal 0 0 1
    outer loop
      vertex 20.376155947261374 18.46787125829301 5
      vertex 20.339759095277476 9.619989602181347 5
      vertex 20.78728948150395 8.61037722821452 5
    endloop
  endfacet
  facet normal 0 0 1
    outer loop
      vertex 20.376155947261374 18.46787125829301 5
      vertex 19.843228447837987 10.606426578584946 5
      vertex 20.339759095277476 9.619989602181347 5
    endloop
  endfacet
  facet normal 0 0 1
    outer loop
      vertex 22.865414338319994 -15.27818140803906 5
      vertex 22.865414338319994 15.27818140803906 5
      vertex 22.5 0 5
    endloop
  endfacet
  facet normal 0 0 1
    outer loop
      vertex 22.088207115717736 16.38173087354192 5
      vertex 22.391656350124432 2.2053856574151136 5
      vertex 22.47289776461638 1.1040226723669053 5
    endloop
  endfacet
  facet normal 0 0 1
    outer loop
      vertex 23.58753677500748 -14.137825465313599 5
      vertex 23.58753677500748 14.137825465313599 5
      vertex 22.865414338319994 15.27818140803906 5
    endloop
  endfacet
  facet normal 0 0 1
    outer loop
      vertex 24.252834769579763 -12.963410262714936 5
      vertex 24.252834769579763 12.963410262714936 5
      vertex 23.58753677500748 14.137825465313599 5
    endloop
  endfacet
  facet normal 0 0 1
    outer loop
      vertex 22.865414338319994 15.27818140803906 5
      vertex 22.47289776461638 1.1040226723669053 5
      vertex 22.5 0 5
    endloop
  endfacet
  facet normal 0 0 1
    outer loop
      vertex 27.46687504564224 -1.3493610440039954 5
      vertex 27.5 0 5
      vertex 27.46687504564224 1.3493610440039954 5
    endloop
  endfacet
  facet normal 0 0 1
    outer loop
      vertex 27.46687504564224 -1.3493610440039954 5
      vertex 27.46687504564224 1.3493610440039954 5
      vertex 27.367579983485417 2.6954713590629167 5
    endloop
  endfacet
  facet normal 0 0 1
    outer loop
      vertex 27.367579983485417 -2.6954713590629167 5
      vertex 27.367579983485417 2.6954713590629167 5
      vertex 27.20235402403148 4.035088047522448 5
    endloop
  endfacet
  facet normal 0 0 1
    outer loop
      vertex 26.31585923263574 -7.9828286244977145 5
      vertex 26.31585923263574 7.9828286244977145 5
      vertex 25.892461792533073 9.264470968286052 5
    endloop
  endfacet
  facet normal 0 0 1
    outer loop
      vertex 26.67585946284996 -6.681954947339756 5
      vertex 26.67585946284996 6.681954947339756 5
      vertex 26.31585923263574 7.9828286244977145 5
    endloop
  endfacet
  facet normal 0 0 1
    outer loop
      vertex 26.971595211088836 -5.364983855443527 5
      vertex 26.971595211088836 5.364983855443527 5
      vertex 26.67585946284996 6.681954947339756 5
    endloop
  endfacet
  facet normal 0 0 1
    outer loop
      vertex 27.20235402403148 -4.035088047522448 5
      vertex 27.20235402403148 4.035088047522448 5
      vertex 26.971595211088836 5.364983855443527 5
    endloop
  endfacet
  facet normal 0 0 1
    outer loop
      vertex 24.859705560894692 -11.757765069332757 5
      vertex 24.859705560894692 11.757765069332757 5
      vertex 24.252834769579763 12.963410262714936 5
    endloop
  endfacet
  facet normal 0 0 1
    outer loop
      vertex 25.406687144060385 -10.523794390039969 5
      vertex 25.406687144060385 10.523794390039969 5
      vertex 24.859705560894692 11.757765069332757 5
    endloop
  endfacet
  facet normal 0 0 1
    outer loop
      vertex 25.892461792533073 -9.264470968286052 5
      vertex 25.892461792533073 9.264470968286052 5
      vertex 25.406687144060385 10.523794390039969 5
    endloop
  endfacet
  facet normal 0 0 1
    outer loop
      vertex 22.088207115717736 16.38173087354192 5
      vertex 22.256471474207572 3.3014356752456395 5
      vertex 22.391656350124432 2.2053856574151136 5
    endloop
  endfacet
  facet normal 0 0 1
    outer loop
      vertex 22.088207115717736 16.38173087354192 5
      vertex 22.067668809072686 4.3895322453628856 5
      vertex 22.256471474207572 3.3014356752456395 5
    endloop
  endfacet
  facet normal 0 0 1
    outer loop
      vertex 22.088207115717736 16.38173087354192 5
      vertex 21.82570319687724 5.467054047823437 5
      vertex 22.067668809072686 4.3895322453628856 5
    endloop
  endfacet
  facet normal 0 0 1
    outer loop
      vertex 22.088207115717736 16.38173087354192 5
      vertex 21.531157553974698 6.531405238225402 5
      vertex 21.82570319687724 5.467054047823437 5
    endloop
  endfacet
  facet normal 0 0 1
    outer loop
      vertex 21.257787467475268 17.44581531450025 5
      vertex 21.184741466617968 7.580021701324951 5
      vertex 21.531157553974698 6.531405238225402 5
    endloop
  endfacet
  facet normal 0 0 1
    outer loop
      vertex 21.257787467475268 17.44581531450025 5
      vertex 20.78728948150395 8.61037722821452 5
      vertex 21.184741466617968 7.580021701324951 5
    endloop
  endfacet
  facet normal 0 0 1
    outer loop
      vertex 22.088207115717736 16.38173087354192 5
      vertex 21.257787467475268 17.44581531450025 5
      vertex 21.531157553974698 6.531405238225402 5
    endloop
  endfacet
  facet normal 0 0 1
    outer loop
      vertex 22.088207115717736 16.38173087354192 5
      vertex 22.47289776461638 1.1040226723669053 5
      vertex 22.865414338319994 15.27818140803906 5
    endloop
  endfacet
  facet normal 0.689540544737067 0.7242470829514668 0
    outer loop
      vertex 19.445436482630058 19.445436482630058 -5
      vertex 18.46787125829301 20.376155947261374 5
      vertex 19.445436482630058 19.445436482630058 5
    endloop
  endfacet
  facet normal 0.7242470829514668 0.689540544737067 0
    outer loop
      vertex 19.445436482630058 19.445436482630058 -5
      vertex 19.445436482630058 19.445436482630058 5
      vertex 20.376155947261374 18.46787125829301 5
    endloop
  endfacet
  facet normal 0.5349976198870963 0.8448535652497076 0
    outer loop
      vertex 15.27818140803906 22.865414338319994 -5
      vertex 14.137825465313599 23.58753677500748 5
      vertex 15.27818140803906 22.865414338319994 5
    endloop
  endfacet
  facet normal 0.6152315905806275 0.7883464276266057 0
    outer loop
      vertex 17.44581531450025 21.257787467475268 -5
      vertex 16.38173087354192 22.088207115717736 5
      vertex 17.44581531450025 21.257787467475268 5
    endloop
  endfacet
  facet normal 0.5758081914178436 0.817584813151585 0
    outer loop
      vertex 16.38173087354192 22.088207115717736 -5
      vertex 15.27818140803906 22.865414338319994 5
      vertex 16.38173087354192 22.088207115717736 5
    endloop
  endfacet
  facet normal 0.6531728429537766 0.7572088465064845 0
    outer loop
      vertex 18.46787125829301 20.376155947261374 -5
      vertex 17.44581531450025 21.257787467475268 5
      vertex 18.46787125829301 20.376155947261374 5
    endloop
  endfacet
  facet normal 0.7883464276266057 0.6152315905806275 0
    outer loop
      vertex 21.257787467475268 17.44581531450025 -5
      vertex 21.257787467475268 17.44581531450025 5
      vertex 22.088207115717736 16.38173087354192 5
    endloop
  endfacet
  facet normal 0.8448535652497076 0.5349976198870963 0
    outer loop
      vertex 22.865414338319994 15.27818140803906 -5
      vertex 22.865414338319994 15.27818140803906 5
      vertex 23.58753677500748 14.137825465313599 5
    endloop
  endfacet
  facet normal 0.817584813151585 0.5758081914178436 0
    outer loop
      vertex 22.088207115717736 16.38173087354192 -5
      vertex 22.088207115717736 16.38173087354192 5
      vertex 22.865414338319994 15.27818140803906 5
    endloop
  endfacet
  facet normal 0.7572088465064845 0.6531728429537766 0
    outer loop
      vertex 20.376155947261374 18.46787125829301 -5
      vertex 20.376155947261374 18.46787125829301 5
      vertex 21.257787467475268 17.44581531450025 5
    endloop
  endfacet
  facet normal 0 0 1
    outer loop
      vertex 17.44581531450025 21.257787467475268 5
      vertex 16.67140032048658 15.110076484057915 5
      vertex 17.392735200661583 14.273848893682024 5
    endloop
  endfacet
  facet normal 0 0 1
    outer loop
      vertex 15.27818140803906 22.865414338319994 5
      vertex 15.110076484057915 16.67140032048658 5
      vertex 15.90990257669732 15.90990257669732 5
    endloop
  endfacet
  facet normal 0 0 1
    outer loop
      vertex 14.137825465313599 23.58753677500748 5
      vertex 13.403234351079751 18.072169458314512 5
      vertex 14.273848893682024 17.392735200661583 5
    endloop
  endfacet
  facet normal 0 0 1
    outer loop
      vertex 14.137825465313599 23.58753677500748 5
      vertex 14.273848893682024 17.392735200661583 5
      vertex 15.110076484057915 16.67140032048658 5
    endloop
  endfacet
  facet normal 0 0 1
    outer loop
      vertex 16.38173087354192 22.088207115717736 5
      vertex 15.90990257669732 15.90990257669732 5
      vertex 16.67140032048658 15.110076484057915 5
    endloop
  endfacet
  facet normal 0 0 1
    outer loop
      vertex 15.27818140803906 22.865414338319994 5
      vertex 15.90990257669732 15.90990257669732 5
      vertex 16.38173087354192 22.088207115717736 5
    endloop
  endfacet
  facet normal 0 0 1
    outer loop
      vertex 16.38173087354192 22.088207115717736 5
      vertex 16.67140032048658 15.110076484057915 5
      vertex 17.44581531450025 21.257787467475268 5
    endloop
  endfacet
  facet normal 0 0 1
    outer loop
      vertex 18.46787125829301 20.376155947261374 5
      vertex 18.072169458314512 13.403234351079751 5
      vertex 18.70806627680727 12.500330242941049 5
    endloop
  endfacet
  facet normal 0 0 1
    outer loop
      vertex 17.44581531450025 21.257787467475268 5
      vertex 17.392735200661583 14.273848893682024 5
      vertex 18.072169458314512 13.403234351079751 5
    endloop
  endfacet
  facet normal 0 0 1
    outer loop
      vertex 19.445436482630058 19.445436482630058 5
      vertex 18.70806627680727 12.500330242941049 5
      vertex 19.29889372500612 11.56731174434749 5
    endloop
  endfacet
  facet normal 0 0 1
    outer loop
      vertex 19.445436482630058 19.445436482630058 5
      vertex 19.29889372500612 11.56731174434749 5
      vertex 19.843228447837987 10.606426578584946 5
    endloop
  endfacet
  facet normal 0 0 1
    outer loop
      vertex 20.376155947261374 18.46787125829301 5
      vertex 19.445436482630058 19.445436482630058 5
      vertex 19.843228447837987 10.606426578584946 5
    endloop
  endfacet
  facet normal 0 0 1
    outer loop
      vertex 18.46787125829301 20.376155947261374 5
      vertex 17.44581531450025 21.257787467475268 5
      vertex 18.072169458314512 13.403234351079751 5
    endloop
  endfacet
  facet normal 0 0 1
    outer loop
      vertex 18.46787125829301 20.376155947261374 5
      vertex 18.70806627680727 12.500330242941049 5
      vertex 19.445436482630058 19.445436482630058 5
    endloop
  endfacet
  facet normal 0 0 1
    outer loop
      vertex 14.137825465313599 23.58753677500748 5
      vertex 15.110076484057915 16.67140032048658 5
      vertex 15.27818140803906 22.865414338319994 5
    endloop
  endfacet
  facet normal 0 0 1
    outer loop
      vertex 20.376155947261374 18.46787125829301 5
      vertex 20.78728948150395 8.61037722821452 5
      vertex 21.257787467475268 17.44581531450025 5
    endloop
  endfacet
  facet normal 0.6152315905806274 0.7883464276266059 0
    outer loop
      vertex -14.273848893682024 -17.392735200661583 -5
      vertex -14.273848893682024 -17.392735200661583 5
      vertex -13.403234351079751 -18.072169458314512 -5
    endloop
  endfacet
  facet normal 0.6895405447370668 0.7242470829514669 0
    outer loop
      vertex -15.90990257669732 -15.90990257669732 -5
      vertex -15.90990257669732 -15.90990257669732 5
      vertex -15.110076484057915 -16.67140032048658 -5
    endloop
  endfacet
  facet normal 0.7242470829514669 0.6895405447370668 -3.0362458523820172e-18
    outer loop
      vertex -15.90990257669732 -15.90990257669732 -5
      vertex -16.67140032048658 -15.110076484057915 -5
      vertex -16.67140032048658 -15.110076484057915 5
    endloop
  endfacet
  facet normal 0.7572088465064842 0.6531728429537772 3.72051455060489e-18
    outer loop
      vertex -16.67140032048658 -15.110076484057915 -5
      vertex -17.392735200661583 -14.273848893682024 -5
      vertex -17.392735200661583 -14.273848893682024 5
    endloop
  endfacet
  facet normal 0.6531728429537772 0.7572088465064842 0
    outer loop
      vertex -15.110076484057915 -16.67140032048658 -5
      vertex -15.110076484057915 -16.67140032048658 5
      vertex -14.273848893682024 -17.392735200661583 -5
    endloop
  endfacet
  facet normal 0.914209755703531 0.40524131400498886 -2.4919025374347592e-18
    outer loop
      vertex -20.339759095277476 -9.619989602181347 -5
      vertex -20.78728948150395 -8.61037722821452 -5
      vertex -20.78728948150395 -8.61037722821452 5
    endloop
  endfacet
  facet normal 0.9329927988347384 0.35989503653498933 -2.171620475096074e-18
    outer loop
      vertex -20.78728948150395 -8.61037722821452 -5
      vertex -21.184741466617968 -7.580021701324951 -5
      vertex -21.184741466617968 -7.580021701324951 5
    endloop
  endfacet
  facet normal 0.9495281805930375 0.3136817403988892 7.967697751662264e-19
    outer loop
      vertex -21.184741466617968 -7.580021701324951 -5
      vertex -21.531157553974698 -6.531405238225402 -5
      vertex -21.531157553974698 -6.531405238225402 5
    endloop
  endfacet
  facet normal 0.9637760657954396 0.2667127574748992 -1.8972713798733475e-18
    outer loop
      vertex -21.531157553974698 -6.531405238225402 -5
      vertex -21.82570319687724 -5.467054047823437 -5
      vertex -21.82570319687724 -5.467054047823437 5
    endloop
  endfacet
  facet normal 0.9757021300385283 0.21910124015687113 0
    outer loop
      vertex -22.067668809072686 -4.3895322453628856 5
      vertex -21.82570319687724 -5.467054047823437 -5
      vertex -22.067668809072686 -4.3895322453628856 -5
    endloop
  endfacet
  facet normal 0.9852776423889413 0.1709618887603012 8.543626907436526e-19
    outer loop
      vertex -22.067668809072686 -4.3895322453628856 -5
      vertex -22.256471474207572 -3.3014356752456395 -5
      vertex -22.256471474207572 -3.3014356752456395 5
    endloop
  endfacet
  facet normal 0.9924795345987097 0.12241067519921764 3.127032360152927e-19
    outer loop
      vertex -22.256471474207572 -3.3014356752456395 -5
      vertex -22.391656350124432 -2.2053856574151136 -5
      vertex -22.391656350124432 -2.2053856574151136 5
    endloop
  endfacet
  facet normal 0.9972904566786902 0.0735645635996672 3.848781262935716e-20
    outer loop
      vertex -22.391656350124432 -2.2053856574151136 -5
      vertex -22.47289776461638 -1.1040226723669053 -5
      vertex -22.47289776461638 -1.1040226723669053 5
    endloop
  endfacet
  facet normal 0.9996988186962042 0.02454122852291073 5.604897060057545e-20
    outer loop
      vertex -22.47289776461638 -1.1040226723669053 -5
      vertex -22.5 0 -5
      vertex -22.5 0 5
    endloop
  endfacet
  facet normal 0.8448535652497072 0.5349976198870969 -3.0555830017904665e-18
    outer loop
      vertex -18.70806627680727 -12.500330242941049 -5
      vertex -19.29889372500612 -11.56731174434749 -5
      vertex -19.29889372500612 -11.56731174434749 5
    endloop
  endfacet
  facet normal 0.870086991108712 0.4928981922297829 1.7240094894169701e-18
    outer loop
      vertex -19.29889372500612 -11.56731174434749 -5
      vertex -19.843228447837987 -10.606426578584946 -5
      vertex -19.843228447837987 -10.606426578584946 5
    endloop
  endfacet
  facet normal 0.8175848131515847 0.5758081914178439 1.3029812232102858e-18
    outer loop
      vertex -18.072169458314512 -13.403234351079751 -5
      vertex -18.70806627680727 -12.500330242941049 -5
      vertex -18.70806627680727 -12.500330242941049 5
    endloop
  endfacet
  facet normal 0.7883464276266059 0.6152315905806274 1.1791018089976382e-18
    outer loop
      vertex -17.392735200661583 -14.273848893682024 -5
      vertex -18.072169458314512 -13.403234351079751 -5
      vertex -18.072169458314512 -13.403234351079751 5
    endloop
  endfacet
  facet normal 0.8932243011955145 0.4496113296546082 -7.720564360603922e-19
    outer loop
      vertex -19.843228447837987 -10.606426578584946 -5
      vertex -20.339759095277476 -9.619989602181347 -5
      vertex -20.339759095277476 -9.619989602181347 5
    endloop
  endfacet
  facet normal 0.35989503653498933 0.9329927988347384 0
    outer loop
      vertex -8.61037722821452 -20.78728948150395 -5
      vertex -8.61037722821452 -20.78728948150395 5
      vertex -7.580021701324951 -21.184741466617968 -5
    endloop
  endfacet
  facet normal 0.3136817403988892 0.9495281805930375 0
    outer loop
      vertex -7.580021701324951 -21.184741466617968 -5
      vertex -7.580021701324951 -21.184741466617968 5
      vertex -6.531405238225402 -21.531157553974698 -5
    endloop
  endfacet
  facet normal 0.5758081914178439 0.8175848131515847 0
    outer loop
      vertex -13.403234351079751 -18.072169458314512 -5
      vertex -13.403234351079751 -18.072169458314512 5
      vertex -12.500330242941049 -18.70806627680727 -5
    endloop
  endfacet
  facet normal 0.5349976198870969 0.8448535652497072 0
    outer loop
      vertex -12.500330242941049 -18.70806627680727 -5
      vertex -12.500330242941049 -18.70806627680727 5
      vertex -11.56731174434749 -19.29889372500612 -5
    endloop
  endfacet
  facet normal 0.4928981922297829 0.870086991108712 0
    outer loop
      vertex -11.56731174434749 -19.29889372500612 -5
      vertex -11.56731174434749 -19.29889372500612 5
      vertex -10.606426578584946 -19.843228447837987 -5
    endloop
  endfacet
  facet normal 0.4496113296546082 0.8932243011955145 0
    outer loop
      vertex -10.606426578584946 -19.843228447837987 -5
      vertex -10.606426578584946 -19.843228447837987 5
      vertex -9.619989602181347 -20.339759095277476 -5
    endloop
  endfacet
  facet normal 0.40524131400498886 0.914209755703531 0
    outer loop
      vertex -9.619989602181347 -20.339759095277476 -5
      vertex -9.619989602181347 -20.339759095277476 5
      vertex -8.61037722821452 -20.78728948150395 -5
    endloop
  endfacet
  facet normal 0.2667127574748992 0.9637760657954396 0
    outer loop
      vertex -6.531405238225402 -21.531157553974698 -5
      vertex -6.531405238225402 -21.531157553974698 5
      vertex -5.467054047823437 -21.82570319687724 -5
    endloop
  endfacet
  facet normal 0.21910124015687113 0.9757021300385283 0
    outer loop
      vertex -5.467054047823437 -21.82570319687724 -5
      vertex -5.467054047823437 -21.82570319687724 5
      vertex -4.3895322453628856 -22.067668809072686 -5
    endloop
  endfacet
  facet normal 0.1709618887603012 0.9852776423889413 0
    outer loop
      vertex -4.3895322453628856 -22.067668809072686 -5
      vertex -4.3895322453628856 -22.067668809072686 5
      vertex -3.3014356752456395 -22.256471474207572 -5
    endloop
  endfacet
  facet normal 0.0735645635996672 0.9972904566786902 0
    outer loop
      vertex -2.2053856574151136 -22.391656350124432 -5
      vertex -2.2053856574151136 -22.391656350124432 5
      vertex -1.1040226723669053 -22.47289776461638 -5
    endloop
  endfacet
  facet normal 0.12241067519921764 0.9924795345987097 0
    outer loop
      vertex -3.3014356752456395 -22.256471474207572 -5
      vertex -3.3014356752456395 -22.256471474207572 5
      vertex -2.2053856574151136 -22.391656350124432 -5
    endloop
  endfacet
  facet normal 0.02454122852291073 0.9996988186962042 0
    outer loop
      vertex -1.1040226723669053 -22.47289776461638 -5
      vertex -1.1040226723669053 -22.47289776461638 5
      vertex 0 -22.5 -5
    endloop
  endfacet
  facet normal 0.7883464276266059 0.6152315905806274 1.1791018089976382e-18
    outer loop
      vertex -18.072169458314512 -13.403234351079751 5
      vertex -17.392735200661583 -14.273848893682024 5
      vertex -17.392735200661583 -14.273848893682024 -5
    endloop
  endfacet
  facet normal 0.7242470829514669 0.6895405447370668 -3.0362458523820172e-18
    outer loop
      vertex -16.67140032048658 -15.110076484057915 5
      vertex -15.90990257669732 -15.90990257669732 5
      vertex -15.90990257669732 -15.90990257669732 -5
    endloop
  endfacet
  facet normal 0.7572088465064842 0.6531728429537772 0
    outer loop
      vertex -16.67140032048658 -15.110076484057915 -5
      vertex -17.392735200661583 -14.273848893682024 5
      vertex -16.67140032048658 -15.110076484057915 5
    endloop
  endfacet
  facet normal 0.6895405447370668 0.7242470829514669 0
    outer loop
      vertex -15.110076484057915 -16.67140032048658 -5
      vertex -15.90990257669732 -15.90990257669732 5
      vertex -15.110076484057915 -16.67140032048658 5
    endloop
  endfacet
  facet normal 0.6531728429537772 0.7572088465064842 3.72051455060489e-18
    outer loop
      vertex -15.110076484057915 -16.67140032048658 5
      vertex -14.273848893682024 -17.392735200661583 5
      vertex -14.273848893682024 -17.392735200661583 -5
    endloop
  endfacet
  facet normal 0.9329927988347384 0.35989503653498933 0
    outer loop
      vertex -20.78728948150395 -8.61037722821452 -5
      vertex -21.184741466617968 -7.580021701324951 5
      vertex -20.78728948150395 -8.61037722821452 5
    endloop
  endfacet
  facet normal 0.9495281805930375 0.3136817403988892 7.967697751662264e-19
    outer loop
      vertex -21.531157553974698 -6.531405238225402 5
      vertex -21.184741466617968 -7.580021701324951 5
      vertex -21.184741466617968 -7.580021701324951 -5
    endloop
  endfacet
  facet normal 0.9637760657954396 0.2667127574748992 0
    outer loop
      vertex -21.531157553974698 -6.531405238225402 -5
      vertex -21.82570319687724 -5.467054047823437 5
      vertex -21.531157553974698 -6.531405238225402 5
    endloop
  endfacet
  facet normal 0.9757021300385283 0.21910124015687113 -1.5764998436095039e-18
    outer loop
      vertex -22.067668809072686 -4.3895322453628856 5
      vertex -21.82570319687724 -5.467054047823437 5
      vertex -21.82570319687724 -5.467054047823437 -5
    endloop
  endfacet
  facet normal 0.9852776423889413 0.1709618887603012 8.543626907436526e-19
    outer loop
      vertex -22.256471474207572 -3.3014356752456395 5
      vertex -22.067668809072686 -4.3895322453628856 5
      vertex -22.067668809072686 -4.3895322453628856 -5
    endloop
  endfacet
  facet normal 0.9972904566786902 0.0735645635996672 3.848781262935716e-20
    outer loop
      vertex -22.47289776461638 -1.1040226723669053 5
      vertex -22.391656350124432 -2.2053856574151136 5
      vertex -22.391656350124432 -2.2053856574151136 -5
    endloop
  endfacet
  facet normal 0.9996988186962042 0.02454122852291073 0
    outer loop
      vertex -22.47289776461638 -1.1040226723669053 -5
      vertex -22.5 0 5
      vertex -22.47289776461638 -1.1040226723669053 5
    endloop
  endfacet
  facet normal 0.9924795345987097 0.12241067519921764 0
    outer loop
      vertex -22.256471474207572 -3.3014356752456395 -5
      vertex -22.391656350124432 -2.2053856574151136 5
      vertex -22.256471474207572 -3.3014356752456395 5
    endloop
  endfacet
  facet normal 0.870086991108712 0.4928981922297829 1.7240094894169701e-18
    outer loop
      vertex -19.843228447837987 -10.606426578584946 5
      vertex -19.29889372500612 -11.56731174434749 5
      vertex -19.29889372500612 -11.56731174434749 -5
    endloop
  endfacet
  facet normal 0.8175848131515847 0.5758081914178439 1.3029812232102858e-18
    outer loop
      vertex -18.70806627680727 -12.500330242941049 5
      vertex -18.072169458314512 -13.403234351079751 5
      vertex -18.072169458314512 -13.403234351079751 -5
    endloop
  endfacet
  facet normal 0.8448535652497072 0.5349976198870969 0
    outer loop
      vertex -18.70806627680727 -12.500330242941049 -5
      vertex -19.29889372500612 -11.56731174434749 5
      vertex -18.70806627680727 -12.500330242941049 5
    endloop
  endfacet
  facet normal 0.8932243011955145 0.4496113296546082 0
    outer loop
      vertex -19.843228447837987 -10.606426578584946 -5
      vertex -20.339759095277476 -9.619989602181347 5
      vertex -19.843228447837987 -10.606426578584946 5
    endloop
  endfacet
  facet normal 0.914209755703531 0.40524131400498886 -2.4919025374347592e-18
    outer loop
      vertex -20.78728948150395 -8.61037722821452 5
      vertex -20.339759095277476 -9.619989602181347 5
      vertex -20.339759095277476 -9.619989602181347 -5
    endloop
  endfacet
  facet normal 0.40524131400498886 0.914209755703531 0
    outer loop
      vertex -8.61037722821452 -20.78728948150395 -5
      vertex -9.619989602181347 -20.339759095277476 5
      vertex -8.61037722821452 -20.78728948150395 5
    endloop
  endfacet
  facet normal 0.35989503653498933 0.9329927988347384 0
    outer loop
      vertex -7.580021701324951 -21.184741466617968 -5
      vertex -8.61037722821452 -20.78728948150395 5
      vertex -7.580021701324951 -21.184741466617968 5
    endloop
  endfacet
  facet normal 0.3136817403988892 0.9495281805930375 0
    outer loop
      vertex -6.531405238225402 -21.531157553974698 -5
      vertex -7.580021701324951 -21.184741466617968 5
      vertex -6.531405238225402 -21.531157553974698 5
    endloop
  endfacet
  facet normal 0.6152315905806274 0.7883464276266059 0
    outer loop
      vertex -13.403234351079751 -18.072169458314512 -5
      vertex -14.273848893682024 -17.392735200661583 5
      vertex -13.403234351079751 -18.072169458314512 5
    endloop
  endfacet
  facet normal 0.5758081914178439 0.8175848131515847 0
    outer loop
      vertex -12.500330242941049 -18.70806627680727 -5
      vertex -13.403234351079751 -18.072169458314512 5
      vertex -12.500330242941049 -18.70806627680727 5
    endloop
  endfacet
  facet normal 0.5349976198870969 0.8448535652497072 0
    outer loop
      vertex -11.56731174434749 -19.29889372500612 -5
      vertex -12.500330242941049 -18.70806627680727 5
      vertex -11.56731174434749 -19.29889372500612 5
    endloop
  endfacet
  facet normal 0.4928981922297829 0.870086991108712 0
    outer loop
      vertex -10.606426578584946 -19.843228447837987 -5
      vertex -11.56731174434749 -19.29889372500612 5
      vertex -10.606426578584946 -19.843228447837987 5
    endloop
  endfacet
  facet normal 0.4496113296546082 0.8932243011955145 0
    outer loop
      vertex -9.619989602181347 -20.339759095277476 -5
      vertex -10.606426578584946 -19.843228447837987 5
      vertex -9.619989602181347 -20.339759095277476 5
    endloop
  endfacet
  facet normal 0.2667127574748992 0.9637760657954396 -1.8972713798733475e-18
    outer loop
      vertex -6.531405238225402 -21.531157553974698 5
      vertex -5.467054047823437 -21.82570319687724 5
      vertex -5.467054047823437 -21.82570319687724 -5
    endloop
  endfacet
  facet normal 0.21910124015687113 0.9757021300385283 0
    outer loop
      vertex -4.3895322453628856 -22.067668809072686 -5
      vertex -5.467054047823437 -21.82570319687724 5
      vertex -4.3895322453628856 -22.067668809072686 5
    endloop
  endfacet
  facet normal 0.1709618887603012 0.9852776423889413 0
    outer loop
      vertex -3.3014356752456395 -22.256471474207572 -5
      vertex -4.3895322453628856 -22.067668809072686 5
      vertex -3.3014356752456395 -22.256471474207572 5
    endloop
  endfacet
  facet normal 0.12241067519921764 0.9924795345987097 0
    outer loop
      vertex -2.2053856574151136 -22.391656350124432 -5
      vertex -3.3014356752456395 -22.256471474207572 5
      vertex -2.2053856574151136 -22.391656350124432 5
    endloop
  endfacet
  facet normal 0.0735645635996672 0.9972904566786902 0
    outer loop
      vertex -1.1040226723669053 -22.47289776461638 -5
      vertex -2.2053856574151136 -22.391656350124432 5
      vertex -1.1040226723669053 -22.47289776461638 5
    endloop
  endfacet
  facet normal 0.02454122852291073 0.9996988186962042 0
    outer loop
      vertex 0 -22.5 -5
      vertex -1.1040226723669053 -22.47289776461638 5
      vertex 0 -22.5 5
    endloop
  endfacet
  facet normal 0.9996988186962042 -0.02454122852291073 -5.604897060057545e-20
    outer loop
      vertex -22.5 0 -5
      vertex -22.47289776461638 1.1040226723669053 -5
      vertex -22.47289776461638 1.1040226723669053 5
    endloop
  endfacet
  facet normal 0.9972904566786902 -0.0735645635996672 -3.848781262935716e-20
    outer loop
      vertex -22.47289776461638 1.1040226723669053 -5
      vertex -22.391656350124432 2.2053856574151136 -5
      vertex -22.391656350124432 2.2053856574151136 5
    endloop
  endfacet
  facet normal 0.9924795345987097 -0.12241067519921764 -3.127032360152927e-19
    outer loop
      vertex -22.391656350124432 2.2053856574151136 -5
      vertex -22.256471474207572 3.3014356752456395 -5
      vertex -22.256471474207572 3.3014356752456395 5
    endloop
  endfacet
  facet normal 0.9852776423889413 -0.1709618887603012 -8.543626907436526e-19
    outer loop
      vertex -22.256471474207572 3.3014356752456395 -5
      vertex -22.067668809072686 4.3895322453628856 -5
      vertex -22.067668809072686 4.3895322453628856 5
    endloop
  endfacet
  facet normal 0.9757021300385283 -0.21910124015687113 0
    outer loop
      vertex -21.82570319687724 5.467054047823437 5
      vertex -22.067668809072686 4.3895322453628856 -5
      vertex -21.82570319687724 5.467054047823437 -5
    endloop
  endfacet
  facet normal 0.9637760657954396 -0.2667127574748992 1.8972713798733475e-18
    outer loop
      vertex -21.82570319687724 5.467054047823437 -5
      vertex -21.531157553974698 6.531405238225402 -5
      vertex -21.531157553974698 6.531405238225402 5
    endloop
  endfacet
  facet normal 0.9495281805930375 -0.3136817403988892 -7.967697751662264e-19
    outer loop
      vertex -21.531157553974698 6.531405238225402 -5
      vertex -21.184741466617968 7.580021701324951 -5
      vertex -21.184741466617968 7.580021701324951 5
    endloop
  endfacet
  facet normal 0.9329927988347384 -0.35989503653498933 2.171620475096074e-18
    outer loop
      vertex -21.184741466617968 7.580021701324951 -5
      vertex -20.78728948150395 8.61037722821452 -5
      vertex -20.78728948150395 8.61037722821452 5
    endloop
  endfacet
  facet normal 0.914209755703531 -0.40524131400498886 2.4919025374347592e-18
    outer loop
      vertex -20.78728948150395 8.61037722821452 -5
      vertex -20.339759095277476 9.619989602181347 -5
      vertex -20.339759095277476 9.619989602181347 5
    endloop
  endfacet
  facet normal 0.8932243011955145 -0.4496113296546082 7.720564360603922e-19
    outer loop
      vertex -20.339759095277476 9.619989602181347 -5
      vertex -19.843228447837987 10.606426578584946 -5
      vertex -19.843228447837987 10.606426578584946 5
    endloop
  endfacet
  facet normal 0.870086991108712 -0.4928981922297829 -1.7240094894169701e-18
    outer loop
      vertex -19.843228447837987 10.606426578584946 -5
      vertex -19.29889372500612 11.56731174434749 -5
      vertex -19.29889372500612 11.56731174434749 5
    endloop
  endfacet
  facet normal 0.8448535652497072 -0.5349976198870969 3.0555830017904665e-18
    outer loop
      vertex -19.29889372500612 11.56731174434749 -5
      vertex -18.70806627680727 12.500330242941049 -5
      vertex -18.70806627680727 12.500330242941049 5
    endloop
  endfacet
  facet normal 0.8175848131515847 -0.5758081914178439 -1.3029812232102858e-18
    outer loop
      vertex -18.70806627680727 12.500330242941049 -5
      vertex -18.072169458314512 13.403234351079751 -5
      vertex -18.072169458314512 13.403234351079751 5
    endloop
  endfacet
  facet normal 0.7883464276266059 -0.6152315905806274 -1.1791018089976382e-18
    outer loop
      vertex -18.072169458314512 13.403234351079751 -5
      vertex -17.392735200661583 14.273848893682024 -5
      vertex -17.392735200661583 14.273848893682024 5
    endloop
  endfacet
  facet normal 0.7572088465064842 -0.6531728429537772 -3.72051455060489e-18
    outer loop
      vertex -17.392735200661583 14.273848893682024 -5
      vertex -16.67140032048658 15.110076484057915 -5
      vertex -16.67140032048658 15.110076484057915 5
    endloop
  endfacet
  facet normal 0.7242470829514669 -0.6895405447370668 3.0362458523820172e-18
    outer loop
      vertex -16.67140032048658 15.110076484057915 -5
      vertex -15.90990257669732 15.90990257669732 -5
      vertex -15.90990257669732 15.90990257669732 5
    endloop
  endfacet
  facet normal 0.6895405447370668 -0.7242470829514669 0
    outer loop
      vertex -15.110076484057915 16.67140032048658 5
      vertex -15.90990257669732 15.90990257669732 -5
      vertex -15.110076484057915 16.67140032048658 -5
    endloop
  endfacet
  facet normal 0.6531728429537772 -0.7572088465064842 -3.72051455060489e-18
    outer loop
      vertex -15.110076484057915 16.67140032048658 -5
      vertex -14.273848893682024 17.392735200661583 -5
      vertex -14.273848893682024 17.392735200661583 5
    endloop
  endfacet
  facet normal 0.6152315905806274 -0.7883464276266059 0
    outer loop
      vertex -13.403234351079751 18.072169458314512 -5
      vertex -13.403234351079751 18.072169458314512 5
      vertex -14.273848893682024 17.392735200661583 -5
    endloop
  endfacet
  facet normal 0.5758081914178439 -0.8175848131515847 0
    outer loop
      vertex -12.500330242941049 18.70806627680727 -5
      vertex -12.500330242941049 18.70806627680727 5
      vertex -13.403234351079751 18.072169458314512 -5
    endloop
  endfacet
  facet normal 0.5349976198870969 -0.8448535652497072 0
    outer loop
      vertex -11.56731174434749 19.29889372500612 -5
      vertex -11.56731174434749 19.29889372500612 5
      vertex -12.500330242941049 18.70806627680727 -5
    endloop
  endfacet
  facet normal 0.4928981922297829 -0.870086991108712 0
    outer loop
      vertex -10.606426578584946 19.843228447837987 -5
      vertex -10.606426578584946 19.843228447837987 5
      vertex -11.56731174434749 19.29889372500612 -5
    endloop
  endfacet
  facet normal 0.4496113296546082 -0.8932243011955145 0
    outer loop
      vertex -9.619989602181347 20.339759095277476 -5
      vertex -9.619989602181347 20.339759095277476 5
      vertex -10.606426578584946 19.843228447837987 -5
    endloop
  endfacet
  facet normal 0.40524131400498886 -0.914209755703531 0
    outer loop
      vertex -8.61037722821452 20.78728948150395 -5
      vertex -8.61037722821452 20.78728948150395 5
      vertex -9.619989602181347 20.339759095277476 -5
    endloop
  endfacet
  facet normal 0.35989503653498933 -0.9329927988347384 0
    outer loop
      vertex -7.580021701324951 21.184741466617968 -5
      vertex -7.580021701324951 21.184741466617968 5
      vertex -8.61037722821452 20.78728948150395 -5
    endloop
  endfacet
  facet normal 0.3136817403988892 -0.9495281805930375 0
    outer loop
      vertex -6.531405238225402 21.531157553974698 5
      vertex -7.580021701324951 21.184741466617968 -5
      vertex -6.531405238225402 21.531157553974698 -5
    endloop
  endfacet
  facet normal 0.2667127574748992 -0.9637760657954396 1.8972713798733475e-18
    outer loop
      vertex -6.531405238225402 21.531157553974698 -5
      vertex -5.467054047823437 21.82570319687724 -5
      vertex -5.467054047823437 21.82570319687724 5
    endloop
  endfacet
  facet normal 0.21910124015687113 -0.9757021300385283 0
    outer loop
      vertex -4.3895322453628856 22.067668809072686 -5
      vertex -4.3895322453628856 22.067668809072686 5
      vertex -5.467054047823437 21.82570319687724 -5
    endloop
  endfacet
  facet normal 0.1709618887603012 -0.9852776423889413 0
    outer loop
      vertex -3.3014356752456395 22.256471474207572 -5
      vertex -3.3014356752456395 22.256471474207572 5
      vertex -4.3895322453628856 22.067668809072686 -5
    endloop
  endfacet
  facet normal 0.12241067519921764 -0.9924795345987097 0
    outer loop
      vertex -2.2053856574151136 22.391656350124432 -5
      vertex -2.2053856574151136 22.391656350124432 5
      vertex -3.3014356752456395 22.256471474207572 -5
    endloop
  endfacet
  facet normal 0.0735645635996672 -0.9972904566786902 0
    outer loop
      vertex -1.1040226723669053 22.47289776461638 -5
      vertex -1.1040226723669053 22.47289776461638 5
      vertex -2.2053856574151136 22.391656350124432 -5
    endloop
  endfacet
  facet normal 0.02454122852291073 -0.9996988186962042 -5.604897060057545e-20
    outer loop
      vertex -1.1040226723669053 22.47289776461638 -5
      vertex 0 22.5 -5
      vertex 0 22.5 5
    endloop
  endfacet
  facet normal 0.9996988186962042 -0.02454122852291073 -5.604897060057545e-20
    outer loop
      vertex -22.47289776461638 1.1040226723669053 5
      vertex -22.5 0 5
      vertex -22.5 0 -5
    endloop
  endfacet
  facet normal 0.9972904566786902 -0.0735645635996672 0
    outer loop
      vertex -22.47289776461638 1.1040226723669053 -5
      vertex -22.391656350124432 2.2053856574151136 5
      vertex -22.47289776461638 1.1040226723669053 5
    endloop
  endfacet
  facet normal 0.9924795345987097 -0.12241067519921764 0
    outer loop
      vertex -22.391656350124432 2.2053856574151136 -5
      vertex -22.256471474207572 3.3014356752456395 5
      vertex -22.391656350124432 2.2053856574151136 5
    endloop
  endfacet
  facet normal 0.9852776423889413 -0.1709618887603012 -8.543626907436526e-19
    outer loop
      vertex -22.067668809072686 4.3895322453628856 5
      vertex -22.256471474207572 3.3014356752456395 5
      vertex -22.256471474207572 3.3014356752456395 -5
    endloop
  endfacet
  facet normal 0.9757021300385283 -0.21910124015687113 1.5764998436095039e-18
    outer loop
      vertex -21.82570319687724 5.467054047823437 5
      vertex -22.067668809072686 4.3895322453628856 5
      vertex -22.067668809072686 4.3895322453628856 -5
    endloop
  endfacet
  facet normal 0.9637760657954396 -0.2667127574748992 1.8972713798733475e-18
    outer loop
      vertex -21.531157553974698 6.531405238225402 5
      vertex -21.82570319687724 5.467054047823437 5
      vertex -21.82570319687724 5.467054047823437 -5
    endloop
  endfacet
  facet normal 0.9495281805930375 -0.3136817403988892 -7.967697751662264e-19
    outer loop
      vertex -21.184741466617968 7.580021701324951 5
      vertex -21.531157553974698 6.531405238225402 5
      vertex -21.531157553974698 6.531405238225402 -5
    endloop
  endfacet
  facet normal 0.9329927988347384 -0.35989503653498933 2.171620475096074e-18
    outer loop
      vertex -20.78728948150395 8.61037722821452 5
      vertex -21.184741466617968 7.580021701324951 5
      vertex -21.184741466617968 7.580021701324951 -5
    endloop
  endfacet
  facet normal 0.914209755703531 -0.40524131400498886 2.4919025374347592e-18
    outer loop
      vertex -20.339759095277476 9.619989602181347 5
      vertex -20.78728948150395 8.61037722821452 5
      vertex -20.78728948150395 8.61037722821452 -5
    endloop
  endfacet
  facet normal 0.8932243011955145 -0.4496113296546082 7.720564360603922e-19
    outer loop
      vertex -19.843228447837987 10.606426578584946 5
      vertex -20.339759095277476 9.619989602181347 5
      vertex -20.339759095277476 9.619989602181347 -5
    endloop
  endfacet
  facet normal 0.870086991108712 -0.4928981922297829 -1.7240094894169701e-18
    outer loop
      vertex -19.29889372500612 11.56731174434749 5
      vertex -19.843228447837987 10.606426578584946 5
      vertex -19.843228447837987 10.606426578584946 -5
    endloop
  endfacet
  facet normal 0.8448535652497072 -0.5349976198870969 3.0555830017904665e-18
    outer loop
      vertex -18.70806627680727 12.500330242941049 5
      vertex -19.29889372500612 11.56731174434749 5
      vertex -19.29889372500612 11.56731174434749 -5
    endloop
  endfacet
  facet normal 0.8175848131515847 -0.5758081914178439 -1.3029812232102858e-18
    outer loop
      vertex -18.072169458314512 13.403234351079751 5
      vertex -18.70806627680727 12.500330242941049 5
      vertex -18.70806627680727 12.500330242941049 -5
    endloop
  endfacet
  facet normal 0.7883464276266059 -0.6152315905806274 -1.1791018089976382e-18
    outer loop
      vertex -17.392735200661583 14.273848893682024 5
      vertex -18.072169458314512 13.403234351079751 5
      vertex -18.072169458314512 13.403234351079751 -5
    endloop
  endfacet
  facet normal 0.7572088465064842 -0.6531728429537772 -3.72051455060489e-18
    outer loop
      vertex -16.67140032048658 15.110076484057915 5
      vertex -17.392735200661583 14.273848893682024 5
      vertex -17.392735200661583 14.273848893682024 -5
    endloop
  endfacet
  facet normal 0.7242470829514669 -0.6895405447370668 3.0362458523820172e-18
    outer loop
      vertex -15.90990257669732 15.90990257669732 5
      vertex -16.67140032048658 15.110076484057915 5
      vertex -16.67140032048658 15.110076484057915 -5
    endloop
  endfacet
  facet normal 0.6895405447370668 -0.7242470829514669 0
    outer loop
      vertex -15.90990257669732 15.90990257669732 -5
      vertex -15.110076484057915 16.67140032048658 5
      vertex -15.90990257669732 15.90990257669732 5
    endloop
  endfacet
  facet normal 0.6531728429537772 -0.7572088465064842 0
    outer loop
      vertex -15.110076484057915 16.67140032048658 -5
      vertex -14.273848893682024 17.392735200661583 5
      vertex -15.110076484057915 16.67140032048658 5
    endloop
  endfacet
  facet normal 0.6152315905806274 -0.7883464276266059 0
    outer loop
      vertex -14.273848893682024 17.392735200661583 -5
      vertex -13.403234351079751 18.072169458314512 5
      vertex -14.273848893682024 17.392735200661583 5
    endloop
  endfacet
  facet normal 0.5758081914178439 -0.8175848131515847 0
    outer loop
      vertex -13.403234351079751 18.072169458314512 -5
      vertex -12.500330242941049 18.70806627680727 5
      vertex -13.403234351079751 18.072169458314512 5
    endloop
  endfacet
  facet normal 0.5349976198870969 -0.8448535652497072 0
    outer loop
      vertex -12.500330242941049 18.70806627680727 -5
      vertex -11.56731174434749 19.29889372500612 5
      vertex -12.500330242941049 18.70806627680727 5
    endloop
  endfacet
  facet normal 0.4928981922297829 -0.870086991108712 0
    outer loop
      vertex -11.56731174434749 19.29889372500612 -5
      vertex -10.606426578584946 19.843228447837987 5
      vertex -11.56731174434749 19.29889372500612 5
    endloop
  endfacet
  facet normal 0.4496113296546082 -0.8932243011955145 0
    outer loop
      vertex -10.606426578584946 19.843228447837987 -5
      vertex -9.619989602181347 20.339759095277476 5
      vertex -10.606426578584946 19.843228447837987 5
    endloop
  endfacet
  facet normal 0.40524131400498886 -0.914209755703531 0
    outer loop
      vertex -9.619989602181347 20.339759095277476 -5
      vertex -8.61037722821452 20.78728948150395 5
      vertex -9.619989602181347 20.339759095277476 5
    endloop
  endfacet
  facet normal 0.35989503653498933 -0.9329927988347384 0
    outer loop
      vertex -8.61037722821452 20.78728948150395 -5
      vertex -7.580021701324951 21.184741466617968 5
      vertex -8.61037722821452 20.78728948150395 5
    endloop
  endfacet
  facet normal 0.3136817403988892 -0.9495281805930375 0
    outer loop
      vertex -7.580021701324951 21.184741466617968 -5
      vertex -6.531405238225402 21.531157553974698 5
      vertex -7.580021701324951 21.184741466617968 5
    endloop
  endfacet
  facet normal 0.2667127574748992 -0.9637760657954396 0
    outer loop
      vertex -6.531405238225402 21.531157553974698 -5
      vertex -5.467054047823437 21.82570319687724 5
      vertex -6.531405238225402 21.531157553974698 5
    endloop
  endfacet
  facet normal 0.21910124015687113 -0.9757021300385283 0
    outer loop
      vertex -5.467054047823437 21.82570319687724 -5
      vertex -4.3895322453628856 22.067668809072686 5
      vertex -5.467054047823437 21.82570319687724 5
    endloop
  endfacet
  facet normal 0.1709618887603012 -0.9852776423889413 0
    outer loop
      vertex -4.3895322453628856 22.067668809072686 -5
      vertex -3.3014356752456395 22.256471474207572 5
      vertex -4.3895322453628856 22.067668809072686 5
    endloop
  endfacet
  facet normal 0.12241067519921764 -0.9924795345987097 0
    outer loop
      vertex -3.3014356752456395 22.256471474207572 -5
      vertex -2.2053856574151136 22.391656350124432 5
      vertex -3.3014356752456395 22.256471474207572 5
    endloop
  endfacet
  facet normal 0.0735645635996672 -0.9972904566786902 0
    outer loop
      vertex -2.2053856574151136 22.391656350124432 -5
      vertex -1.1040226723669053 22.47289776461638 5
      vertex -2.2053856574151136 22.391656350124432 5
    endloop
  endfacet
  facet normal 0.02454122852291073 -0.9996988186962042 -5.604897060057545e-20
    outer loop
      vertex 0 22.5 5
      vertex -1.1040226723669053 22.47289776461638 5
      vertex -1.1040226723669053 22.47289776461638 -5
    endloop
  endfacet
  facet normal -0.02454122852291073 0.9996988186962042 0
    outer loop
      vertex 0 -22.5 5
      vertex 1.1040226723669053 -22.47289776461638 -5
      vertex 0 -22.5 -5
    endloop
  endfacet
  facet normal -0.0735645635996672 0.9972904566786902 0
    outer loop
      vertex 1.1040226723669053 -22.47289776461638 -5
      vertex 1.1040226723669053 -22.47289776461638 5
      vertex 2.2053856574151136 -22.391656350124432 -5
    endloop
  endfacet
  facet normal -0.12241067519921764 0.9924795345987097 0
    outer loop
      vertex 2.2053856574151136 -22.391656350124432 -5
      vertex 2.2053856574151136 -22.391656350124432 5
      vertex 3.3014356752456395 -22.256471474207572 -5
    endloop
  endfacet
  facet normal -0.1709618887603012 0.9852776423889413 0
    outer loop
      vertex 3.3014356752456395 -22.256471474207572 -5
      vertex 3.3014356752456395 -22.256471474207572 5
      vertex 4.3895322453628856 -22.067668809072686 -5
    endloop
  endfacet
  facet normal -0.21910124015687113 0.9757021300385283 0
    outer loop
      vertex 4.3895322453628856 -22.067668809072686 -5
      vertex 4.3895322453628856 -22.067668809072686 5
      vertex 5.467054047823437 -21.82570319687724 -5
    endloop
  endfacet
  facet normal -0.2667127574748992 0.9637760657954396 1.8972713798733475e-18
    outer loop
      vertex 6.531405238225402 -21.531157553974698 -5
      vertex 5.467054047823437 -21.82570319687724 -5
      vertex 5.467054047823437 -21.82570319687724 5
    endloop
  endfacet
  facet normal -0.3136817403988892 0.9495281805930375 0
    outer loop
      vertex 6.531405238225402 -21.531157553974698 5
      vertex 7.580021701324951 -21.184741466617968 -5
      vertex 6.531405238225402 -21.531157553974698 -5
    endloop
  endfacet
  facet normal -0.35989503653498933 0.9329927988347384 0
    outer loop
      vertex 7.580021701324951 -21.184741466617968 -5
      vertex 7.580021701324951 -21.184741466617968 5
      vertex 8.61037722821452 -20.78728948150395 -5
    endloop
  endfacet
  facet normal -0.40524131400498886 0.914209755703531 0
    outer loop
      vertex 8.61037722821452 -20.78728948150395 -5
      vertex 8.61037722821452 -20.78728948150395 5
      vertex 9.619989602181347 -20.339759095277476 -5
    endloop
  endfacet
  facet normal -0.4496113296546082 0.8932243011955145 0
    outer loop
      vertex 9.619989602181347 -20.339759095277476 -5
      vertex 9.619989602181347 -20.339759095277476 5
      vertex 10.606426578584946 -19.843228447837987 -5
    endloop
  endfacet
  facet normal -0.4928981922297829 0.870086991108712 0
    outer loop
      vertex 10.606426578584946 -19.843228447837987 5
      vertex 11.56731174434749 -19.29889372500612 -5
      vertex 10.606426578584946 -19.843228447837987 -5
    endloop
  endfacet
  facet normal -0.5349976198870969 0.8448535652497072 0
    outer loop
      vertex 11.56731174434749 -19.29889372500612 -5
      vertex 11.56731174434749 -19.29889372500612 5
      vertex 12.500330242941049 -18.70806627680727 -5
    endloop
  endfacet
  facet normal -0.5758081914178439 0.8175848131515847 0
    outer loop
      vertex 12.500330242941049 -18.70806627680727 -5
      vertex 12.500330242941049 -18.70806627680727 5
      vertex 13.403234351079751 -18.072169458314512 -5
    endloop
  endfacet
  facet normal -0.6152315905806274 0.7883464276266059 0
    outer loop
      vertex 13.403234351079751 -18.072169458314512 -5
      vertex 13.403234351079751 -18.072169458314512 5
      vertex 14.273848893682024 -17.392735200661583 -5
    endloop
  endfacet
  facet normal -0.6531728429537772 0.7572088465064842 -3.72051455060489e-18
    outer loop
      vertex 15.110076484057915 -16.67140032048658 -5
      vertex 14.273848893682024 -17.392735200661583 -5
      vertex 14.273848893682024 -17.392735200661583 5
    endloop
  endfacet
  facet normal -0.6895405447370668 0.7242470829514669 0
    outer loop
      vertex 15.110076484057915 -16.67140032048658 5
      vertex 15.90990257669732 -15.90990257669732 -5
      vertex 15.110076484057915 -16.67140032048658 -5
    endloop
  endfacet
  facet normal -0.7242470829514669 0.6895405447370668 3.0362458523820172e-18
    outer loop
      vertex 16.67140032048658 -15.110076484057915 -5
      vertex 15.90990257669732 -15.90990257669732 -5
      vertex 15.90990257669732 -15.90990257669732 5
    endloop
  endfacet
  facet normal -0.7572088465064842 0.6531728429537772 -3.72051455060489e-18
    outer loop
      vertex 17.392735200661583 -14.273848893682024 -5
      vertex 16.67140032048658 -15.110076484057915 -5
      vertex 16.67140032048658 -15.110076484057915 5
    endloop
  endfacet
  facet normal -0.7883464276266059 0.6152315905806274 -1.1791018089976382e-18
    outer loop
      vertex 18.072169458314512 -13.403234351079751 -5
      vertex 17.392735200661583 -14.273848893682024 -5
      vertex 17.392735200661583 -14.273848893682024 5
    endloop
  endfacet
  facet normal -0.8175848131515847 0.5758081914178439 -1.3029812232102858e-18
    outer loop
      vertex 18.70806627680727 -12.500330242941049 -5
      vertex 18.072169458314512 -13.403234351079751 -5
      vertex 18.072169458314512 -13.403234351079751 5
    endloop
  endfacet
  facet normal -0.8448535652497072 0.5349976198870969 3.0555830017904665e-18
    outer loop
      vertex 19.29889372500612 -11.56731174434749 -5
      vertex 18.70806627680727 -12.500330242941049 -5
      vertex 18.70806627680727 -12.500330242941049 5
    endloop
  endfacet
  facet normal -0.870086991108712 0.4928981922297829 -1.7240094894169701e-18
    outer loop
      vertex 19.843228447837987 -10.606426578584946 -5
      vertex 19.29889372500612 -11.56731174434749 -5
      vertex 19.29889372500612 -11.56731174434749 5
    endloop
  endfacet
  facet normal -0.8932243011955145 0.4496113296546082 7.720564360603922e-19
    outer loop
      vertex 20.339759095277476 -9.619989602181347 -5
      vertex 19.843228447837987 -10.606426578584946 -5
      vertex 19.843228447837987 -10.606426578584946 5
    endloop
  endfacet
  facet normal -0.914209755703531 0.40524131400498886 2.4919025374347592e-18
    outer loop
      vertex 20.78728948150395 -8.61037722821452 -5
      vertex 20.339759095277476 -9.619989602181347 -5
      vertex 20.339759095277476 -9.619989602181347 5
    endloop
  endfacet
  facet normal -0.9329927988347384 0.35989503653498933 2.171620475096074e-18
    outer loop
      vertex 21.184741466617968 -7.580021701324951 -5
      vertex 20.78728948150395 -8.61037722821452 -5
      vertex 20.78728948150395 -8.61037722821452 5
    endloop
  endfacet
  facet normal -0.9495281805930375 0.3136817403988892 -7.967697751662264e-19
    outer loop
      vertex 21.531157553974698 -6.531405238225402 -5
      vertex 21.184741466617968 -7.580021701324951 -5
      vertex 21.184741466617968 -7.580021701324951 5
    endloop
  endfacet
  facet normal -0.9637760657954396 0.2667127574748992 1.8972713798733475e-18
    outer loop
      vertex 21.82570319687724 -5.467054047823437 -5
      vertex 21.531157553974698 -6.531405238225402 -5
      vertex 21.531157553974698 -6.531405238225402 5
    endloop
  endfacet
  facet normal -0.9757021300385283 0.21910124015687113 1.5764998436095039e-18
    outer loop
      vertex 22.067668809072686 -4.3895322453628856 -5
      vertex 21.82570319687724 -5.467054047823437 -5
      vertex 21.82570319687724 -5.467054047823437 5
    endloop
  endfacet
  facet normal -0.9852776423889413 0.1709618887603012 -8.543626907436526e-19
    outer loop
      vertex 22.256471474207572 -3.3014356752456395 -5
      vertex 22.067668809072686 -4.3895322453628856 -5
      vertex 22.067668809072686 -4.3895322453628856 5
    endloop
  endfacet
  facet normal -0.9924795345987097 0.12241067519921764 0
    outer loop
      vertex 22.256471474207572 -3.3014356752456395 5
      vertex 22.391656350124432 -2.2053856574151136 -5
      vertex 22.256471474207572 -3.3014356752456395 -5
    endloop
  endfacet
  facet normal -0.9972904566786902 0.0735645635996672 -3.848781262935716e-20
    outer loop
      vertex 22.47289776461638 -1.1040226723669053 -5
      vertex 22.391656350124432 -2.2053856574151136 -5
      vertex 22.391656350124432 -2.2053856574151136 5
    endloop
  endfacet
  facet normal -0.9996988186962042 0.02454122852291073 0
    outer loop
      vertex 22.47289776461638 -1.1040226723669053 -5
      vertex 22.47289776461638 -1.1040226723669053 5
      vertex 22.5 0 -5
    endloop
  endfacet
  facet normal -0.02454122852291073 0.9996988186962042 0
    outer loop
      vertex 1.1040226723669053 -22.47289776461638 -5
      vertex 0 -22.5 5
      vertex 1.1040226723669053 -22.47289776461638 5
    endloop
  endfacet
  facet normal -0.0735645635996672 0.9972904566786902 0
    outer loop
      vertex 2.2053856574151136 -22.391656350124432 -5
      vertex 1.1040226723669053 -22.47289776461638 5
      vertex 2.2053856574151136 -22.391656350124432 5
    endloop
  endfacet
  facet normal -0.12241067519921764 0.9924795345987097 0
    outer loop
      vertex 3.3014356752456395 -22.256471474207572 -5
      vertex 2.2053856574151136 -22.391656350124432 5
      vertex 3.3014356752456395 -22.256471474207572 5
    endloop
  endfacet
  facet normal -0.1709618887603012 0.9852776423889413 0
    outer loop
      vertex 4.3895322453628856 -22.067668809072686 -5
      vertex 3.3014356752456395 -22.256471474207572 5
      vertex 4.3895322453628856 -22.067668809072686 5
    endloop
  endfacet
  facet normal -0.21910124015687113 0.9757021300385283 0
    outer loop
      vertex 5.467054047823437 -21.82570319687724 5
      vertex 5.467054047823437 -21.82570319687724 -5
      vertex 4.3895322453628856 -22.067668809072686 5
    endloop
  endfacet
  facet normal -0.2667127574748992 0.9637760657954396 0
    outer loop
      vertex 6.531405238225402 -21.531157553974698 -5
      vertex 5.467054047823437 -21.82570319687724 5
      vertex 6.531405238225402 -21.531157553974698 5
    endloop
  endfacet
  facet normal -0.3136817403988892 0.9495281805930375 0
    outer loop
      vertex 7.580021701324951 -21.184741466617968 -5
      vertex 6.531405238225402 -21.531157553974698 5
      vertex 7.580021701324951 -21.184741466617968 5
    endloop
  endfacet
  facet normal -0.35989503653498933 0.9329927988347384 0
    outer loop
      vertex 8.61037722821452 -20.78728948150395 -5
      vertex 7.580021701324951 -21.184741466617968 5
      vertex 8.61037722821452 -20.78728948150395 5
    endloop
  endfacet
  facet normal -0.40524131400498886 0.914209755703531 0
    outer loop
      vertex 9.619989602181347 -20.339759095277476 -5
      vertex 8.61037722821452 -20.78728948150395 5
      vertex 9.619989602181347 -20.339759095277476 5
    endloop
  endfacet
  facet normal -0.4496113296546082 0.8932243011955145 0
    outer loop
      vertex 10.606426578584946 -19.843228447837987 5
      vertex 10.606426578584946 -19.843228447837987 -5
      vertex 9.619989602181347 -20.339759095277476 5
    endloop
  endfacet
  facet normal -0.4928981922297829 0.870086991108712 0
    outer loop
      vertex 11.56731174434749 -19.29889372500612 -5
      vertex 10.606426578584946 -19.843228447837987 5
      vertex 11.56731174434749 -19.29889372500612 5
    endloop
  endfacet
  facet normal -0.5349976198870969 0.8448535652497072 0
    outer loop
      vertex 12.500330242941049 -18.70806627680727 -5
      vertex 11.56731174434749 -19.29889372500612 5
      vertex 12.500330242941049 -18.70806627680727 5
    endloop
  endfacet
  facet normal -0.5758081914178439 0.8175848131515847 0
    outer loop
      vertex 13.403234351079751 -18.072169458314512 -5
      vertex 12.500330242941049 -18.70806627680727 5
      vertex 13.403234351079751 -18.072169458314512 5
    endloop
  endfacet
  facet normal -0.6152315905806274 0.7883464276266059 0
    outer loop
      vertex 14.273848893682024 -17.392735200661583 5
      vertex 14.273848893682024 -17.392735200661583 -5
      vertex 13.403234351079751 -18.072169458314512 5
    endloop
  endfacet
  facet normal -0.6531728429537772 0.7572088465064842 0
    outer loop
      vertex 15.110076484057915 -16.67140032048658 -5
      vertex 14.273848893682024 -17.392735200661583 5
      vertex 15.110076484057915 -16.67140032048658 5
    endloop
  endfacet
  facet normal -0.6895405447370668 0.7242470829514669 0
    outer loop
      vertex 15.90990257669732 -15.90990257669732 -5
      vertex 15.110076484057915 -16.67140032048658 5
      vertex 15.90990257669732 -15.90990257669732 5
    endloop
  endfacet
  facet normal -0.7242470829514669 0.6895405447370668 3.0362458523820172e-18
    outer loop
      vertex 15.90990257669732 -15.90990257669732 5
      vertex 16.67140032048658 -15.110076484057915 5
      vertex 16.67140032048658 -15.110076484057915 -5
    endloop
  endfacet
  facet normal -0.7572088465064842 0.6531728429537772 -3.72051455060489e-18
    outer loop
      vertex 16.67140032048658 -15.110076484057915 5
      vertex 17.392735200661583 -14.273848893682024 5
      vertex 17.392735200661583 -14.273848893682024 -5
    endloop
  endfacet
  facet normal -0.7883464276266059 0.6152315905806274 -1.1791018089976382e-18
    outer loop
      vertex 17.392735200661583 -14.273848893682024 5
      vertex 18.072169458314512 -13.403234351079751 5
      vertex 18.072169458314512 -13.403234351079751 -5
    endloop
  endfacet
  facet normal -0.8175848131515847 0.5758081914178439 -1.3029812232102858e-18
    outer loop
      vertex 18.072169458314512 -13.403234351079751 5
      vertex 18.70806627680727 -12.500330242941049 5
      vertex 18.70806627680727 -12.500330242941049 -5
    endloop
  endfacet
  facet normal -0.8448535652497072 0.5349976198870969 3.0555830017904665e-18
    outer loop
      vertex 18.70806627680727 -12.500330242941049 5
      vertex 19.29889372500612 -11.56731174434749 5
      vertex 19.29889372500612 -11.56731174434749 -5
    endloop
  endfacet
  facet normal -0.870086991108712 0.4928981922297829 -1.7240094894169701e-18
    outer loop
      vertex 19.29889372500612 -11.56731174434749 5
      vertex 19.843228447837987 -10.606426578584946 5
      vertex 19.843228447837987 -10.606426578584946 -5
    endloop
  endfacet
  facet normal -0.8932243011955145 0.4496113296546082 7.720564360603922e-19
    outer loop
      vertex 19.843228447837987 -10.606426578584946 5
      vertex 20.339759095277476 -9.619989602181347 5
      vertex 20.339759095277476 -9.619989602181347 -5
    endloop
  endfacet
  facet normal -0.914209755703531 0.40524131400498886 2.4919025374347592e-18
    outer loop
      vertex 20.339759095277476 -9.619989602181347 5
      vertex 20.78728948150395 -8.61037722821452 5
      vertex 20.78728948150395 -8.61037722821452 -5
    endloop
  endfacet
  facet normal -0.9329927988347384 0.35989503653498933 2.171620475096074e-18
    outer loop
      vertex 20.78728948150395 -8.61037722821452 5
      vertex 21.184741466617968 -7.580021701324951 5
      vertex 21.184741466617968 -7.580021701324951 -5
    endloop
  endfacet
  facet normal -0.9495281805930375 0.3136817403988892 -7.967697751662264e-19
    outer loop
      vertex 21.184741466617968 -7.580021701324951 5
      vertex 21.531157553974698 -6.531405238225402 5
      vertex 21.531157553974698 -6.531405238225402 -5
    endloop
  endfacet
  facet normal -0.9637760657954396 0.2667127574748992 1.8972713798733475e-18
    outer loop
      vertex 21.531157553974698 -6.531405238225402 5
      vertex 21.82570319687724 -5.467054047823437 5
      vertex 21.82570319687724 -5.467054047823437 -5
    endloop
  endfacet
  facet normal -0.9757021300385283 0.21910124015687113 0
    outer loop
      vertex 22.067668809072686 -4.3895322453628856 -5
      vertex 21.82570319687724 -5.467054047823437 5
      vertex 22.067668809072686 -4.3895322453628856 5
    endloop
  endfacet
  facet normal -0.9852776423889413 0.1709618887603012 -8.543626907436526e-19
    outer loop
      vertex 22.067668809072686 -4.3895322453628856 5
      vertex 22.256471474207572 -3.3014356752456395 5
      vertex 22.256471474207572 -3.3014356752456395 -5
    endloop
  endfacet
  facet normal -0.9924795345987097 0.12241067519921764 -3.127032360152927e-19
    outer loop
      vertex 22.256471474207572 -3.3014356752456395 5
      vertex 22.391656350124432 -2.2053856574151136 5
      vertex 22.391656350124432 -2.2053856574151136 -5
    endloop
  endfacet
  facet normal -0.9972904566786902 0.0735645635996672 0
    outer loop
      vertex 22.47289776461638 -1.1040226723669053 -5
      vertex 22.391656350124432 -2.2053856574151136 5
      vertex 22.47289776461638 -1.1040226723669053 5
    endloop
  endfacet
  facet normal -0.9996988186962042 0.02454122852291073 -5.604897060057545e-20
    outer loop
      vertex 22.47289776461638 -1.1040226723669053 5
      vertex 22.5 0 5
      vertex 22.5 0 -5
    endloop
  endfacet
  facet normal -0.02454122852291073 -0.9996988186962042 0
    outer loop
      vertex 1.1040226723669053 22.47289776461638 -5
      vertex 1.1040226723669053 22.47289776461638 5
      vertex 0 22.5 -5
    endloop
  endfacet
  facet normal -0.12241067519921764 -0.9924795345987097 0
    outer loop
      vertex 3.3014356752456395 22.256471474207572 -5
      vertex 3.3014356752456395 22.256471474207572 5
      vertex 2.2053856574151136 22.391656350124432 -5
    endloop
  endfacet
  facet normal -0.0735645635996672 -0.9972904566786902 0
    outer loop
      vertex 2.2053856574151136 22.391656350124432 -5
      vertex 2.2053856574151136 22.391656350124432 5
      vertex 1.1040226723669053 22.47289776461638 -5
    endloop
  endfacet
  facet normal -0.1709618887603012 -0.9852776423889413 0
    outer loop
      vertex 4.3895322453628856 22.067668809072686 -5
      vertex 4.3895322453628856 22.067668809072686 5
      vertex 3.3014356752456395 22.256471474207572 -5
    endloop
  endfacet
  facet normal -0.21910124015687113 -0.9757021300385283 0
    outer loop
      vertex 5.467054047823437 21.82570319687724 5
      vertex 4.3895322453628856 22.067668809072686 -5
      vertex 5.467054047823437 21.82570319687724 -5
    endloop
  endfacet
  facet normal -0.2667127574748992 -0.9637760657954396 0
    outer loop
      vertex 6.531405238225402 21.531157553974698 -5
      vertex 6.531405238225402 21.531157553974698 5
      vertex 5.467054047823437 21.82570319687724 -5
    endloop
  endfacet
  facet normal -0.40524131400498886 -0.914209755703531 0
    outer loop
      vertex 9.619989602181347 20.339759095277476 -5
      vertex 9.619989602181347 20.339759095277476 5
      vertex 8.61037722821452 20.78728948150395 -5
    endloop
  endfacet
  facet normal -0.4496113296546082 -0.8932243011955145 0
    outer loop
      vertex 10.606426578584946 19.843228447837987 5
      vertex 9.619989602181347 20.339759095277476 -5
      vertex 10.606426578584946 19.843228447837987 -5
    endloop
  endfacet
  facet normal -0.4928981922297829 -0.870086991108712 0
    outer loop
      vertex 11.56731174434749 19.29889372500612 -5
      vertex 11.56731174434749 19.29889372500612 5
      vertex 10.606426578584946 19.843228447837987 -5
    endloop
  endfacet
  facet normal -0.5349976198870969 -0.8448535652497072 0
    outer loop
      vertex 12.500330242941049 18.70806627680727 -5
      vertex 12.500330242941049 18.70806627680727 5
      vertex 11.56731174434749 19.29889372500612 -5
    endloop
  endfacet
  facet normal -0.5758081914178439 -0.8175848131515847 0
    outer loop
      vertex 13.403234351079751 18.072169458314512 -5
      vertex 13.403234351079751 18.072169458314512 5
      vertex 12.500330242941049 18.70806627680727 -5
    endloop
  endfacet
  facet normal -0.3136817403988892 -0.9495281805930375 0
    outer loop
      vertex 7.580021701324951 21.184741466617968 -5
      vertex 7.580021701324951 21.184741466617968 5
      vertex 6.531405238225402 21.531157553974698 -5
    endloop
  endfacet
  facet normal -0.35989503653498933 -0.9329927988347384 0
    outer loop
      vertex 8.61037722821452 20.78728948150395 -5
      vertex 8.61037722821452 20.78728948150395 5
      vertex 7.580021701324951 21.184741466617968 -5
    endloop
  endfacet
  facet normal -0.8932243011955145 -0.4496113296546082 -7.720564360603922e-19
    outer loop
      vertex 19.843228447837987 10.606426578584946 -5
      vertex 20.339759095277476 9.619989602181347 -5
      vertex 20.339759095277476 9.619989602181347 5
    endloop
  endfacet
  facet normal -0.7883464276266059 -0.6152315905806274 1.1791018089976382e-18
    outer loop
      vertex 17.392735200661583 14.273848893682024 -5
      vertex 18.072169458314512 13.403234351079751 -5
      vertex 18.072169458314512 13.403234351079751 5
    endloop
  endfacet
  facet normal -0.8175848131515847 -0.5758081914178439 1.3029812232102858e-18
    outer loop
      vertex 18.072169458314512 13.403234351079751 -5
      vertex 18.70806627680727 12.500330242941049 -5
      vertex 18.70806627680727 12.500330242941049 5
    endloop
  endfacet
  facet normal -0.870086991108712 -0.4928981922297829 1.7240094894169701e-18
    outer loop
      vertex 19.29889372500612 11.56731174434749 -5
      vertex 19.843228447837987 10.606426578584946 -5
      vertex 19.843228447837987 10.606426578584946 5
    endloop
  endfacet
  facet normal -0.8448535652497072 -0.5349976198870969 -3.0555830017904665e-18
    outer loop
      vertex 18.70806627680727 12.500330242941049 -5
      vertex 19.29889372500612 11.56731174434749 -5
      vertex 19.29889372500612 11.56731174434749 5
    endloop
  endfacet
  facet normal -0.9996988186962042 -0.02454122852291073 5.604897060057545e-20
    outer loop
      vertex 22.47289776461638 1.1040226723669053 -5
      vertex 22.5 0 -5
      vertex 22.5 0 5
    endloop
  endfacet
  facet normal -0.9972904566786902 -0.0735645635996672 3.848781262935716e-20
    outer loop
      vertex 22.391656350124432 2.2053856574151136 -5
      vertex 22.47289776461638 1.1040226723669053 -5
      vertex 22.47289776461638 1.1040226723669053 5
    endloop
  endfacet
  facet normal -0.9924795345987097 -0.12241067519921764 0
    outer loop
      vertex 22.391656350124432 2.2053856574151136 5
      vertex 22.256471474207572 3.3014356752456395 -5
      vertex 22.391656350124432 2.2053856574151136 -5
    endloop
  endfacet
  facet normal -0.9852776423889413 -0.1709618887603012 8.543626907436526e-19
    outer loop
      vertex 22.067668809072686 4.3895322453628856 -5
      vertex 22.256471474207572 3.3014356752456395 -5
      vertex 22.256471474207572 3.3014356752456395 5
    endloop
  endfacet
  facet normal -0.9757021300385283 -0.21910124015687113 -1.5764998436095039e-18
    outer loop
      vertex 21.82570319687724 5.467054047823437 -5
      vertex 22.067668809072686 4.3895322453628856 -5
      vertex 22.067668809072686 4.3895322453628856 5
    endloop
  endfacet
  facet normal -0.9637760657954396 -0.2667127574748992 -1.8972713798733475e-18
    outer loop
      vertex 21.531157553974698 6.531405238225402 -5
      vertex 21.82570319687724 5.467054047823437 -5
      vertex 21.82570319687724 5.467054047823437 5
    endloop
  endfacet
  facet normal -0.9495281805930375 -0.3136817403988892 7.967697751662264e-19
    outer loop
      vertex 21.184741466617968 7.580021701324951 -5
      vertex 21.531157553974698 6.531405238225402 -5
      vertex 21.531157553974698 6.531405238225402 5
    endloop
  endfacet
  facet normal -0.9329927988347384 -0.35989503653498933 -2.171620475096074e-18
    outer loop
      vertex 20.78728948150395 8.61037722821452 -5
      vertex 21.184741466617968 7.580021701324951 -5
      vertex 21.184741466617968 7.580021701324951 5
    endloop
  endfacet
  facet normal -0.914209755703531 -0.40524131400498886 -2.4919025374347592e-18
    outer loop
      vertex 20.339759095277476 9.619989602181347 -5
      vertex 20.78728948150395 8.61037722821452 -5
      vertex 20.78728948150395 8.61037722821452 5
    endloop
  endfacet
  facet normal -0.6531728429537772 -0.7572088465064842 0
    outer loop
      vertex 15.110076484057915 16.67140032048658 -5
      vertex 15.110076484057915 16.67140032048658 5
      vertex 14.273848893682024 17.392735200661583 -5
    endloop
  endfacet
  facet normal -0.7572088465064842 -0.6531728429537772 3.72051455060489e-18
    outer loop
      vertex 16.67140032048658 15.110076484057915 -5
      vertex 17.392735200661583 14.273848893682024 -5
      vertex 17.392735200661583 14.273848893682024 5
    endloop
  endfacet
  facet normal -0.7242470829514669 -0.6895405447370668 -3.0362458523820172e-18
    outer loop
      vertex 15.90990257669732 15.90990257669732 -5
      vertex 16.67140032048658 15.110076484057915 -5
      vertex 16.67140032048658 15.110076484057915 5
    endloop
  endfacet
  facet normal -0.6895405447370668 -0.7242470829514669 -3.0362458523820172e-18
    outer loop
      vertex 15.110076484057915 16.67140032048658 -5
      vertex 15.90990257669732 15.90990257669732 -5
      vertex 15.90990257669732 15.90990257669732 5
    endloop
  endfacet
  facet normal -0.6152315905806274 -0.7883464276266059 0
    outer loop
      vertex 14.273848893682024 17.392735200661583 5
      vertex 13.403234351079751 18.072169458314512 -5
      vertex 14.273848893682024 17.392735200661583 -5
    endloop
  endfacet
  facet normal -0.02454122852291073 -0.9996988186962042 0
    outer loop
      vertex 0 22.5 5
      vertex 0 22.5 -5
      vertex 1.1040226723669053 22.47289776461638 5
    endloop
  endfacet
  facet normal -0.0735645635996672 -0.9972904566786902 0
    outer loop
      vertex 1.1040226723669053 22.47289776461638 -5
      vertex 2.2053856574151136 22.391656350124432 5
      vertex 1.1040226723669053 22.47289776461638 5
    endloop
  endfacet
  facet normal -0.12241067519921764 -0.9924795345987097 0
    outer loop
      vertex 2.2053856574151136 22.391656350124432 -5
      vertex 3.3014356752456395 22.256471474207572 5
      vertex 2.2053856574151136 22.391656350124432 5
    endloop
  endfacet
  facet normal -0.1709618887603012 -0.9852776423889413 0
    outer loop
      vertex 3.3014356752456395 22.256471474207572 -5
      vertex 4.3895322453628856 22.067668809072686 5
      vertex 3.3014356752456395 22.256471474207572 5
    endloop
  endfacet
  facet normal -0.21910124015687113 -0.9757021300385283 0
    outer loop
      vertex 4.3895322453628856 22.067668809072686 -5
      vertex 5.467054047823437 21.82570319687724 5
      vertex 4.3895322453628856 22.067668809072686 5
    endloop
  endfacet
  facet normal -0.2667127574748992 -0.9637760657954396 -1.8972713798733475e-18
    outer loop
      vertex 6.531405238225402 21.531157553974698 5
      vertex 5.467054047823437 21.82570319687724 5
      vertex 5.467054047823437 21.82570319687724 -5
    endloop
  endfacet
  facet normal -0.4496113296546082 -0.8932243011955145 0
    outer loop
      vertex 9.619989602181347 20.339759095277476 -5
      vertex 10.606426578584946 19.843228447837987 5
      vertex 9.619989602181347 20.339759095277476 5
    endloop
  endfacet
  facet normal -0.4928981922297829 -0.870086991108712 0
    outer loop
      vertex 10.606426578584946 19.843228447837987 5
      vertex 10.606426578584946 19.843228447837987 -5
      vertex 11.56731174434749 19.29889372500612 5
    endloop
  endfacet
  facet normal -0.5349976198870969 -0.8448535652497072 0
    outer loop
      vertex 11.56731174434749 19.29889372500612 -5
      vertex 12.500330242941049 18.70806627680727 5
      vertex 11.56731174434749 19.29889372500612 5
    endloop
  endfacet
  facet normal -0.5758081914178439 -0.8175848131515847 0
    outer loop
      vertex 12.500330242941049 18.70806627680727 -5
      vertex 13.403234351079751 18.072169458314512 5
      vertex 12.500330242941049 18.70806627680727 5
    endloop
  endfacet
  facet normal -0.6152315905806274 -0.7883464276266059 0
    outer loop
      vertex 13.403234351079751 18.072169458314512 -5
      vertex 14.273848893682024 17.392735200661583 5
      vertex 13.403234351079751 18.072169458314512 5
    endloop
  endfacet
  facet normal -0.3136817403988892 -0.9495281805930375 0
    outer loop
      vertex 6.531405238225402 21.531157553974698 -5
      vertex 7.580021701324951 21.184741466617968 5
      vertex 6.531405238225402 21.531157553974698 5
    endloop
  endfacet
  facet normal -0.35989503653498933 -0.9329927988347384 0
    outer loop
      vertex 7.580021701324951 21.184741466617968 -5
      vertex 8.61037722821452 20.78728948150395 5
      vertex 7.580021701324951 21.184741466617968 5
    endloop
  endfacet
  facet normal -0.40524131400498886 -0.914209755703531 0
    outer loop
      vertex 8.61037722821452 20.78728948150395 -5
      vertex 9.619989602181347 20.339759095277476 5
      vertex 8.61037722821452 20.78728948150395 5
    endloop
  endfacet
  facet normal -0.914209755703531 -0.40524131400498886 -2.4919025374347592e-18
    outer loop
      vertex 20.78728948150395 8.61037722821452 5
      vertex 20.339759095277476 9.619989602181347 5
      vertex 20.339759095277476 9.619989602181347 -5
    endloop
  endfacet
  facet normal -0.8932243011955145 -0.4496113296546082 0
    outer loop
      vertex 19.843228447837987 10.606426578584946 -5
      vertex 20.339759095277476 9.619989602181347 5
      vertex 19.843228447837987 10.606426578584946 5
    endloop
  endfacet
  facet normal -0.8448535652497072 -0.5349976198870969 0
    outer loop
      vertex 18.70806627680727 12.500330242941049 -5
      vertex 19.29889372500612 11.56731174434749 5
      vertex 18.70806627680727 12.500330242941049 5
    endloop
  endfacet
  facet normal -0.8175848131515847 -0.5758081914178439 1.3029812232102858e-18
    outer loop
      vertex 18.70806627680727 12.500330242941049 5
      vertex 18.072169458314512 13.403234351079751 5
      vertex 18.072169458314512 13.403234351079751 -5
    endloop
  endfacet
  facet normal -0.870086991108712 -0.4928981922297829 1.7240094894169701e-18
    outer loop
      vertex 19.843228447837987 10.606426578584946 5
      vertex 19.29889372500612 11.56731174434749 5
      vertex 19.29889372500612 11.56731174434749 -5
    endloop
  endfacet
  facet normal -0.9924795345987097 -0.12241067519921764 3.127032360152927e-19
    outer loop
      vertex 22.391656350124432 2.2053856574151136 5
      vertex 22.256471474207572 3.3014356752456395 5
      vertex 22.256471474207572 3.3014356752456395 -5
    endloop
  endfacet
  facet normal -0.9996988186962042 -0.02454122852291073 0
    outer loop
      vertex 22.47289776461638 1.1040226723669053 -5
      vertex 22.5 0 5
      vertex 22.47289776461638 1.1040226723669053 5
    endloop
  endfacet
  facet normal -0.9972904566786902 -0.0735645635996672 3.848781262935716e-20
    outer loop
      vertex 22.47289776461638 1.1040226723669053 5
      vertex 22.391656350124432 2.2053856574151136 5
      vertex 22.391656350124432 2.2053856574151136 -5
    endloop
  endfacet
  facet normal -0.9852776423889413 -0.1709618887603012 8.543626907436526e-19
    outer loop
      vertex 22.256471474207572 3.3014356752456395 5
      vertex 22.067668809072686 4.3895322453628856 5
      vertex 22.067668809072686 4.3895322453628856 -5
    endloop
  endfacet
  facet normal -0.9757021300385283 -0.21910124015687113 0
    outer loop
      vertex 21.82570319687724 5.467054047823437 -5
      vertex 22.067668809072686 4.3895322453628856 5
      vertex 21.82570319687724 5.467054047823437 5
    endloop
  endfacet
  facet normal -0.9637760657954396 -0.2667127574748992 0
    outer loop
      vertex 21.531157553974698 6.531405238225402 -5
      vertex 21.82570319687724 5.467054047823437 5
      vertex 21.531157553974698 6.531405238225402 5
    endloop
  endfacet
  facet normal -0.9495281805930375 -0.3136817403988892 7.967697751662264e-19
    outer loop
      vertex 21.531157553974698 6.531405238225402 5
      vertex 21.184741466617968 7.580021701324951 5
      vertex 21.184741466617968 7.580021701324951 -5
    endloop
  endfacet
  facet normal -0.9329927988347384 -0.35989503653498933 0
    outer loop
      vertex 20.78728948150395 8.61037722821452 -5
      vertex 21.184741466617968 7.580021701324951 5
      vertex 20.78728948150395 8.61037722821452 5
    endloop
  endfacet
  facet normal -0.6531728429537772 -0.7572088465064842 3.72051455060489e-18
    outer loop
      vertex 15.110076484057915 16.67140032048658 5
      vertex 14.273848893682024 17.392735200661583 5
      vertex 14.273848893682024 17.392735200661583 -5
    endloop
  endfacet
  facet normal -0.6895405447370668 -0.7242470829514669 0
    outer loop
      vertex 15.110076484057915 16.67140032048658 -5
      vertex 15.90990257669732 15.90990257669732 5
      vertex 15.110076484057915 16.67140032048658 5
    endloop
  endfacet
  facet normal -0.7572088465064842 -0.6531728429537772 0
    outer loop
      vertex 16.67140032048658 15.110076484057915 -5
      vertex 17.392735200661583 14.273848893682024 5
      vertex 16.67140032048658 15.110076484057915 5
    endloop
  endfacet
  facet normal -0.7242470829514669 -0.6895405447370668 -3.0362458523820172e-18
    outer loop
      vertex 16.67140032048658 15.110076484057915 5
      vertex 15.90990257669732 15.90990257669732 5
      vertex 15.90990257669732 15.90990257669732 -5
    endloop
  endfacet
  facet normal -0.7883464276266059 -0.6152315905806274 1.1791018089976382e-18
    outer loop
      vertex 18.072169458314512 13.403234351079751 5
      vertex 17.392735200661583 14.273848893682024 5
      vertex 17.392735200661583 14.273848893682024 -5
    endloop
  endfacet
endsolid OpenSCAD_Model
